[
    {
        "file_ID": "1023_0108890",
        "sent_NP_ID": "1_1",
        "sentence": "Friedrich Meier Bahnhofsstraße 12 12345 Stadt X Au-pair-Agentur Schultz & Partner Regenstr .",
        "metadata": {
            "corpus": "MERLIN_DE"
        },
        "NP_info": {
            "len_np": 1,
            "coordination": null
        },
        "HEAD_info": {
            "head": {},
            "super_head": {}
        },
        "POST_info": {
            "P_TOK1": {
                "word_type": "N",
                "word_form": "Meier",
                "lemma": "Meier",
                "POS_STTS": "NE",
                "index": "2",
                "dep_rel": "app",
                "head_index": "1",
                "parser_morph_features": "Fem|_|Sg"
            }
        },
        "TOK_info": {
            "TOK1": {
                "word_type": "N",
                "word_form": "Friedrich",
                "lemma": "Friedrich",
                "POS_STTS": "NE",
                "index": "1",
                "dep_rel": "root",
                "head_index": "0",
                "parser_morph_features": "Fem|_|Sg",
                "possible_morph_features": []
            }
        },
        "relations": {}
    },
    {
        "file_ID": "1023_0108890",
        "sent_NP_ID": "1_2",
        "sentence": "Friedrich Meier Bahnhofsstraße 12 12345 Stadt X Au-pair-Agentur Schultz & Partner Regenstr .",
        "metadata": {
            "corpus": "MERLIN_DE"
        },
        "NP_info": {
            "len_np": 1,
            "coordination": null
        },
        "HEAD_info": {
            "head": {
                "H_TOK1": {
                    "word_type": "N",
                    "word_form": "Friedrich",
                    "lemma": "Friedrich",
                    "POS_STTS": "NE",
                    "index": "1",
                    "dep_rel": "root",
                    "head_index": "0",
                    "parser_morph_features": "Fem|_|Sg"
                }
            },
            "super_head": {}
        },
        "POST_info": {
            "P_TOK1": {
                "word_type": "N",
                "word_form": "Bahnhofsstraße",
                "lemma": "Bahnhofsstraße",
                "POS_STTS": "NE",
                "index": "3",
                "dep_rel": "app",
                "head_index": "2",
                "parser_morph_features": "Fem|_|Sg"
            }
        },
        "TOK_info": {
            "TOK1": {
                "word_type": "N",
                "word_form": "Meier",
                "lemma": "Meier",
                "POS_STTS": "NE",
                "index": "2",
                "dep_rel": "app",
                "head_index": "1",
                "parser_morph_features": "Fem|_|Sg",
                "possible_morph_features": []
            }
        },
        "relations": {}
    },
    {
        "file_ID": "1023_0108890",
        "sent_NP_ID": "1_3",
        "sentence": "Friedrich Meier Bahnhofsstraße 12 12345 Stadt X Au-pair-Agentur Schultz & Partner Regenstr .",
        "metadata": {
            "corpus": "MERLIN_DE"
        },
        "NP_info": {
            "len_np": 1,
            "coordination": null
        },
        "HEAD_info": {
            "head": {
                "H_TOK1": {
                    "word_type": "N",
                    "word_form": "Meier",
                    "lemma": "Meier",
                    "POS_STTS": "NE",
                    "index": "2",
                    "dep_rel": "app",
                    "head_index": "1",
                    "parser_morph_features": "Fem|_|Sg"
                }
            },
            "super_head": {
                "SH_TOK1": {
                    "word_type": "N",
                    "word_form": "Friedrich",
                    "lemma": "Friedrich",
                    "POS_STTS": "NE",
                    "index": "1",
                    "dep_rel": "root",
                    "head_index": "0",
                    "parser_morph_features": "Fem|_|Sg"
                }
            }
        },
        "POST_info": {
            "P_TOK1": {
                "word_type": "CARD",
                "word_form": "12",
                "lemma": "12",
                "POS_STTS": "CARD",
                "index": "4",
                "dep_rel": "app",
                "head_index": "3",
                "parser_morph_features": "_"
            }
        },
        "TOK_info": {
            "TOK1": {
                "word_type": "N",
                "word_form": "Bahnhofsstraße",
                "lemma": "Bahnhofsstraße",
                "POS_STTS": "NE",
                "index": "3",
                "dep_rel": "app",
                "head_index": "2",
                "parser_morph_features": "Fem|_|Sg",
                "possible_morph_features": []
            }
        },
        "relations": {}
    },
    {
        "file_ID": "1023_0108890",
        "sent_NP_ID": "1_4",
        "sentence": "Friedrich Meier Bahnhofsstraße 12 12345 Stadt X Au-pair-Agentur Schultz & Partner Regenstr .",
        "metadata": {
            "corpus": "MERLIN_DE"
        },
        "NP_info": {
            "len_np": 1,
            "coordination": null
        },
        "HEAD_info": {
            "head": {},
            "super_head": {}
        },
        "POST_info": {
            "P_TOK1": {
                "word_type": "CARD",
                "word_form": "X",
                "lemma": "X",
                "POS_STTS": "CARD",
                "index": "7",
                "dep_rel": "app",
                "head_index": "6",
                "parser_morph_features": "_"
            }
        },
        "TOK_info": {
            "TOK1": {
                "word_type": "N",
                "word_form": "Stadt",
                "lemma": "Stadt",
                "POS_STTS": "NN",
                "index": "6",
                "dep_rel": "root",
                "head_index": "0",
                "parser_morph_features": "Fem|_|Sg",
                "possible_morph_features": []
            }
        },
        "relations": {}
    },
    {
        "file_ID": "1023_0108890",
        "sent_NP_ID": "1_5",
        "sentence": "Friedrich Meier Bahnhofsstraße 12 12345 Stadt X Au-pair-Agentur Schultz & Partner Regenstr .",
        "metadata": {
            "corpus": "MERLIN_DE"
        },
        "NP_info": {
            "len_np": 1,
            "coordination": [
                "1_5",
                "1_6",
                "1_7"
            ]
        },
        "HEAD_info": {
            "head": {},
            "super_head": {}
        },
        "POST_info": {
            "P_TOK1": {
                "word_type": "N",
                "word_form": "Schultz",
                "lemma": "Schultz",
                "POS_STTS": "NE",
                "index": "9",
                "dep_rel": "app",
                "head_index": "8",
                "parser_morph_features": "Masc|_|_"
            }
        },
        "TOK_info": {
            "TOK1": {
                "word_type": "N",
                "word_form": "Au-pair-Agentur",
                "lemma": "Au-pair-Agentur",
                "POS_STTS": "NN",
                "index": "8",
                "dep_rel": "root",
                "head_index": "0",
                "parser_morph_features": "Fem|_|Sg",
                "possible_morph_features": []
            }
        },
        "relations": {}
    },
    {
        "file_ID": "1023_0108890",
        "sent_NP_ID": "1_6",
        "sentence": "Friedrich Meier Bahnhofsstraße 12 12345 Stadt X Au-pair-Agentur Schultz & Partner Regenstr .",
        "metadata": {
            "corpus": "MERLIN_DE"
        },
        "NP_info": {
            "len_np": 1,
            "coordination": [
                "1_5",
                "1_6",
                "1_7"
            ]
        },
        "HEAD_info": {
            "head": {
                "H_TOK1": {
                    "word_type": "N",
                    "word_form": "Au-pair-Agentur",
                    "lemma": "Au-pair-Agentur",
                    "POS_STTS": "NN",
                    "index": "8",
                    "dep_rel": "root",
                    "head_index": "0",
                    "parser_morph_features": "Fem|_|Sg"
                }
            },
            "super_head": {}
        },
        "POST_info": {},
        "TOK_info": {
            "TOK1": {
                "word_type": "N",
                "word_form": "Schultz",
                "lemma": "Schultz",
                "POS_STTS": "NE",
                "index": "9",
                "dep_rel": "app",
                "head_index": "8",
                "parser_morph_features": "Masc|_|_",
                "possible_morph_features": []
            }
        },
        "relations": {}
    },
    {
        "file_ID": "1023_0108890",
        "sent_NP_ID": "1_7",
        "sentence": "Friedrich Meier Bahnhofsstraße 12 12345 Stadt X Au-pair-Agentur Schultz & Partner Regenstr .",
        "metadata": {
            "corpus": "MERLIN_DE"
        },
        "NP_info": {
            "len_np": 1,
            "coordination": [
                "1_5",
                "1_6",
                "1_7"
            ]
        },
        "HEAD_info": {
            "head": {
                "H_TOK1": {
                    "word_type": "KON",
                    "word_form": "&",
                    "lemma": "&",
                    "POS_STTS": "KON",
                    "index": "10",
                    "dep_rel": "kon",
                    "head_index": "9",
                    "parser_morph_features": "_"
                }
            },
            "super_head": {
                "SH_TOK1": {
                    "word_type": "N",
                    "word_form": "Schultz",
                    "lemma": "Schultz",
                    "POS_STTS": "NE",
                    "index": "9",
                    "dep_rel": "app",
                    "head_index": "8",
                    "parser_morph_features": "Masc|_|_"
                }
            }
        },
        "POST_info": {
            "P_TOK1": {
                "word_type": "N",
                "word_form": "Regenstr",
                "lemma": "Regenstr",
                "POS_STTS": "NE",
                "index": "12",
                "dep_rel": "app",
                "head_index": "11",
                "parser_morph_features": "Masc|_|_"
            }
        },
        "TOK_info": {
            "TOK1": {
                "word_type": "N",
                "word_form": "Partner",
                "lemma": "Partner",
                "POS_STTS": "NN",
                "index": "11",
                "dep_rel": "cj",
                "head_index": "10",
                "parser_morph_features": "Masc|_|_",
                "possible_morph_features": []
            }
        },
        "relations": {}
    },
    {
        "file_ID": "1023_0108890",
        "sent_NP_ID": "1_8",
        "sentence": "Friedrich Meier Bahnhofsstraße 12 12345 Stadt X Au-pair-Agentur Schultz & Partner Regenstr .",
        "metadata": {
            "corpus": "MERLIN_DE"
        },
        "NP_info": {
            "len_np": 1,
            "coordination": null
        },
        "HEAD_info": {
            "head": {
                "H_TOK1": {
                    "word_type": "N",
                    "word_form": "Partner",
                    "lemma": "Partner",
                    "POS_STTS": "NN",
                    "index": "11",
                    "dep_rel": "cj",
                    "head_index": "10",
                    "parser_morph_features": "Masc|_|_"
                }
            },
            "super_head": {
                "SH_TOK1": {
                    "word_type": "KON",
                    "word_form": "&",
                    "lemma": "&",
                    "POS_STTS": "KON",
                    "index": "10",
                    "dep_rel": "kon",
                    "head_index": "9",
                    "parser_morph_features": "_"
                }
            }
        },
        "POST_info": {},
        "TOK_info": {
            "TOK1": {
                "word_type": "N",
                "word_form": "Regenstr",
                "lemma": "Regenstr",
                "POS_STTS": "NE",
                "index": "12",
                "dep_rel": "app",
                "head_index": "11",
                "parser_morph_features": "Masc|_|_",
                "possible_morph_features": []
            }
        },
        "relations": {}
    },
    {
        "file_ID": "1023_0108890",
        "sent_NP_ID": "2_9",
        "sentence": "101 90451 Nürnberg Stadt X , 02 . August 2011 Betreff : Beschwerde über ihre Werbeanzeige .",
        "metadata": {
            "corpus": "MERLIN_DE"
        },
        "NP_info": {
            "len_np": 1,
            "coordination": null
        },
        "HEAD_info": {
            "head": {},
            "super_head": {}
        },
        "POST_info": {
            "P_TOK1": {
                "word_type": "N",
                "word_form": "Stadt",
                "lemma": "Stadt",
                "POS_STTS": "NN",
                "index": "4",
                "dep_rel": "app",
                "head_index": "3",
                "parser_morph_features": "Fem|_|Sg"
            }
        },
        "TOK_info": {
            "TOK1": {
                "word_type": "N",
                "word_form": "Nürnberg",
                "lemma": "Nürnberg",
                "POS_STTS": "NE",
                "index": "3",
                "dep_rel": "root",
                "head_index": "0",
                "parser_morph_features": "Fem|_|Sg",
                "possible_morph_features": []
            }
        },
        "relations": {}
    },
    {
        "file_ID": "1023_0108890",
        "sent_NP_ID": "2_10",
        "sentence": "101 90451 Nürnberg Stadt X , 02 . August 2011 Betreff : Beschwerde über ihre Werbeanzeige .",
        "metadata": {
            "corpus": "MERLIN_DE"
        },
        "NP_info": {
            "len_np": 1,
            "coordination": null
        },
        "HEAD_info": {
            "head": {
                "H_TOK1": {
                    "word_type": "N",
                    "word_form": "Nürnberg",
                    "lemma": "Nürnberg",
                    "POS_STTS": "NE",
                    "index": "3",
                    "dep_rel": "root",
                    "head_index": "0",
                    "parser_morph_features": "Fem|_|Sg"
                }
            },
            "super_head": {}
        },
        "POST_info": {
            "P_TOK1": {
                "word_type": "N",
                "word_form": "X",
                "lemma": "X",
                "POS_STTS": "NE",
                "index": "5",
                "dep_rel": "app",
                "head_index": "4",
                "parser_morph_features": "Fem|_|Sg"
            }
        },
        "TOK_info": {
            "TOK1": {
                "word_type": "N",
                "word_form": "Stadt",
                "lemma": "Stadt",
                "POS_STTS": "NN",
                "index": "4",
                "dep_rel": "app",
                "head_index": "3",
                "parser_morph_features": "Fem|_|Sg",
                "possible_morph_features": []
            }
        },
        "relations": {}
    },
    {
        "file_ID": "1023_0108890",
        "sent_NP_ID": "2_11",
        "sentence": "101 90451 Nürnberg Stadt X , 02 . August 2011 Betreff : Beschwerde über ihre Werbeanzeige .",
        "metadata": {
            "corpus": "MERLIN_DE"
        },
        "NP_info": {
            "len_np": 1,
            "coordination": null
        },
        "HEAD_info": {
            "head": {
                "H_TOK1": {
                    "word_type": "N",
                    "word_form": "Stadt",
                    "lemma": "Stadt",
                    "POS_STTS": "NN",
                    "index": "4",
                    "dep_rel": "app",
                    "head_index": "3",
                    "parser_morph_features": "Fem|_|Sg"
                }
            },
            "super_head": {
                "SH_TOK1": {
                    "word_type": "N",
                    "word_form": "Nürnberg",
                    "lemma": "Nürnberg",
                    "POS_STTS": "NE",
                    "index": "3",
                    "dep_rel": "root",
                    "head_index": "0",
                    "parser_morph_features": "Fem|_|Sg"
                }
            }
        },
        "POST_info": {
            "P_TOK1": {
                "word_type": "CARD",
                "word_form": "02",
                "lemma": "02",
                "POS_STTS": "CARD",
                "index": "7",
                "dep_rel": "app",
                "head_index": "5",
                "parser_morph_features": "_"
            }
        },
        "TOK_info": {
            "TOK1": {
                "word_type": "N",
                "word_form": "X",
                "lemma": "X",
                "POS_STTS": "NE",
                "index": "5",
                "dep_rel": "app",
                "head_index": "4",
                "parser_morph_features": "Fem|_|Sg",
                "possible_morph_features": []
            }
        },
        "relations": {}
    },
    {
        "file_ID": "1023_0108890",
        "sent_NP_ID": "2_12",
        "sentence": "101 90451 Nürnberg Stadt X , 02 . August 2011 Betreff : Beschwerde über ihre Werbeanzeige .",
        "metadata": {
            "corpus": "MERLIN_DE"
        },
        "NP_info": {
            "len_np": 1,
            "coordination": null
        },
        "HEAD_info": {
            "head": {},
            "super_head": {}
        },
        "POST_info": {
            "P_TOK1": {
                "word_type": "CARD",
                "word_form": "2011",
                "lemma": "2011",
                "POS_STTS": "CARD",
                "index": "10",
                "dep_rel": "app",
                "head_index": "9",
                "parser_morph_features": "_"
            }
        },
        "TOK_info": {
            "TOK1": {
                "word_type": "N",
                "word_form": "August",
                "lemma": "August",
                "POS_STTS": "NN",
                "index": "9",
                "dep_rel": "root",
                "head_index": "0",
                "parser_morph_features": "Masc|_|Sg",
                "possible_morph_features": []
            }
        },
        "relations": {}
    },
    {
        "file_ID": "1023_0108890",
        "sent_NP_ID": "2_13",
        "sentence": "101 90451 Nürnberg Stadt X , 02 . August 2011 Betreff : Beschwerde über ihre Werbeanzeige .",
        "metadata": {
            "corpus": "MERLIN_DE"
        },
        "NP_info": {
            "len_np": 1,
            "coordination": null
        },
        "HEAD_info": {
            "head": {},
            "super_head": {}
        },
        "POST_info": {},
        "TOK_info": {
            "TOK1": {
                "word_type": "N",
                "word_form": "Betreff",
                "lemma": "Betreff",
                "POS_STTS": "NN",
                "index": "11",
                "dep_rel": "root",
                "head_index": "0",
                "parser_morph_features": "_|_|Sg",
                "possible_morph_features": []
            }
        },
        "relations": {}
    },
    {
        "file_ID": "1023_0108890",
        "sent_NP_ID": "2_14",
        "sentence": "101 90451 Nürnberg Stadt X , 02 . August 2011 Betreff : Beschwerde über ihre Werbeanzeige .",
        "metadata": {
            "corpus": "MERLIN_DE"
        },
        "NP_info": {
            "len_np": 1,
            "coordination": null
        },
        "HEAD_info": {
            "head": {},
            "super_head": {}
        },
        "POST_info": {
            "P_TOK1": {
                "word_type": "PREP",
                "word_form": "über",
                "lemma": "über",
                "POS_STTS": "APPR",
                "index": "14",
                "dep_rel": "pp",
                "head_index": "13",
                "parser_morph_features": "Acc"
            }
        },
        "TOK_info": {
            "TOK1": {
                "word_type": "N",
                "word_form": "Beschwerde",
                "lemma": "Beschwerde",
                "POS_STTS": "NN",
                "index": "13",
                "dep_rel": "root",
                "head_index": "0",
                "parser_morph_features": "Fem|_|Sg",
                "possible_morph_features": []
            }
        },
        "relations": {}
    },
    {
        "file_ID": "1023_0108890",
        "sent_NP_ID": "2_15",
        "sentence": "101 90451 Nürnberg Stadt X , 02 . August 2011 Betreff : Beschwerde über ihre Werbeanzeige .",
        "metadata": {
            "corpus": "MERLIN_DE"
        },
        "NP_info": {
            "len_np": 2,
            "coordination": null
        },
        "HEAD_info": {
            "head": {
                "H_TOK1": {
                    "word_type": "PREP",
                    "word_form": "über",
                    "lemma": "über",
                    "POS_STTS": "APPR",
                    "index": "14",
                    "dep_rel": "pp",
                    "head_index": "13",
                    "parser_morph_features": "Acc"
                }
            },
            "super_head": {
                "SH_TOK1": {
                    "word_type": "N",
                    "word_form": "Beschwerde",
                    "lemma": "Beschwerde",
                    "POS_STTS": "NN",
                    "index": "13",
                    "dep_rel": "root",
                    "head_index": "0",
                    "parser_morph_features": "Fem|_|Sg"
                }
            }
        },
        "POST_info": {},
        "TOK_info": {
            "TOK1": {
                "word_type": "ART",
                "word_form": "ihre",
                "lemma": "ihre",
                "POS_STTS": "PPOSAT",
                "index": "15",
                "dep_rel": "det",
                "head_index": "16",
                "parser_morph_features": "_|Acc|_",
                "possible_morph_features": []
            },
            "TOK2": {
                "word_type": "N",
                "word_form": "Werbeanzeige",
                "lemma": "Werbeanzeige",
                "POS_STTS": "NN",
                "index": "16",
                "dep_rel": "pn",
                "head_index": "14",
                "parser_morph_features": "_|Acc|_",
                "possible_morph_features": []
            }
        },
        "relations": {
            "rel_1": {
                "rel_type": "must_agree",
                "involved": [
                    "TOK2",
                    "TOK1"
                ],
                "ruler": "TOK2",
                "possible_agreement": null
            }
        }
    },
    {
        "file_ID": "1023_0108890",
        "sent_NP_ID": "3_16",
        "sentence": "Sehr geehrte Damen und Herren , mit großem Interesse habe ich die Erfahrung in einer Gastfamilie gesucht aber , von ihrem Angebot bin ich sehr enttäuscht .",
        "metadata": {
            "corpus": "MERLIN_DE"
        },
        "NP_info": {
            "len_np": 3,
            "coordination": [
                "3_16",
                "3_17"
            ]
        },
        "HEAD_info": {
            "head": {
                "H_TOK1": {
                    "word_type": "V",
                    "word_form": "habe",
                    "lemma": "haben",
                    "POS_STTS": "VAFIN",
                    "index": "10",
                    "dep_rel": "root",
                    "head_index": "0",
                    "parser_morph_features": "1|Sg|Pres|_"
                }
            },
            "super_head": {}
        },
        "POST_info": {},
        "TOK_info": {
            "TOK1": {
                "word_type": "ADV",
                "word_form": "Sehr",
                "lemma": "sehr",
                "POS_STTS": "ADV",
                "index": "1",
                "dep_rel": "adv",
                "head_index": "2",
                "parser_morph_features": "_",
                "possible_morph_features": []
            },
            "TOK2": {
                "word_type": "ADJA",
                "word_form": "geehrte",
                "lemma": "geehrt",
                "POS_STTS": "ADJA",
                "index": "2",
                "dep_rel": "attr",
                "head_index": "3",
                "parser_morph_features": "Pos|Fem|_|Pl|St|",
                "possible_morph_features": []
            },
            "TOK3": {
                "word_type": "N",
                "word_form": "Damen",
                "lemma": "Dame",
                "POS_STTS": "NN",
                "index": "3",
                "dep_rel": "vok",
                "head_index": "10",
                "parser_morph_features": "Fem|_|Pl",
                "possible_morph_features": []
            }
        },
        "relations": {
            "rel_1": {
                "rel_type": "must_agree",
                "involved": [
                    "TOK3",
                    "TOK2"
                ],
                "ruler": "TOK3",
                "possible_agreement": null
            }
        }
    },
    {
        "file_ID": "1023_0108890",
        "sent_NP_ID": "3_17",
        "sentence": "Sehr geehrte Damen und Herren , mit großem Interesse habe ich die Erfahrung in einer Gastfamilie gesucht aber , von ihrem Angebot bin ich sehr enttäuscht .",
        "metadata": {
            "corpus": "MERLIN_DE"
        },
        "NP_info": {
            "len_np": 1,
            "coordination": [
                "3_16",
                "3_17"
            ]
        },
        "HEAD_info": {
            "head": {
                "H_TOK1": {
                    "word_type": "KON",
                    "word_form": "und",
                    "lemma": "und",
                    "POS_STTS": "KON",
                    "index": "4",
                    "dep_rel": "kon",
                    "head_index": "3",
                    "parser_morph_features": "_"
                }
            },
            "super_head": {
                "SH_TOK1": {
                    "word_type": "N",
                    "word_form": "Damen",
                    "lemma": "Dame",
                    "POS_STTS": "NN",
                    "index": "3",
                    "dep_rel": "vok",
                    "head_index": "10",
                    "parser_morph_features": "Fem|_|Pl"
                }
            }
        },
        "POST_info": {},
        "TOK_info": {
            "TOK1": {
                "word_type": "N",
                "word_form": "Herren",
                "lemma": "Herr",
                "POS_STTS": "NN",
                "index": "5",
                "dep_rel": "cj",
                "head_index": "4",
                "parser_morph_features": "Masc|_|_",
                "possible_morph_features": []
            }
        },
        "relations": {}
    },
    {
        "file_ID": "1023_0108890",
        "sent_NP_ID": "3_18",
        "sentence": "Sehr geehrte Damen und Herren , mit großem Interesse habe ich die Erfahrung in einer Gastfamilie gesucht aber , von ihrem Angebot bin ich sehr enttäuscht .",
        "metadata": {
            "corpus": "MERLIN_DE"
        },
        "NP_info": {
            "len_np": 2,
            "coordination": null
        },
        "HEAD_info": {
            "head": {
                "H_TOK1": {
                    "word_type": "PREP",
                    "word_form": "mit",
                    "lemma": "mit",
                    "POS_STTS": "APPR",
                    "index": "7",
                    "dep_rel": "pp",
                    "head_index": "10",
                    "parser_morph_features": "Dat"
                }
            },
            "super_head": {
                "SH_TOK1": {
                    "word_type": "V",
                    "word_form": "habe",
                    "lemma": "haben",
                    "POS_STTS": "VAFIN",
                    "index": "10",
                    "dep_rel": "root",
                    "head_index": "0",
                    "parser_morph_features": "1|Sg|Pres|_"
                }
            }
        },
        "POST_info": {},
        "TOK_info": {
            "TOK1": {
                "word_type": "ADJA",
                "word_form": "großem",
                "lemma": "groß",
                "POS_STTS": "ADJA",
                "index": "8",
                "dep_rel": "attr",
                "head_index": "9",
                "parser_morph_features": "Pos|Neut|Dat|Sg|St|",
                "possible_morph_features": []
            },
            "TOK2": {
                "word_type": "N",
                "word_form": "Interesse",
                "lemma": "Interesse",
                "POS_STTS": "NN",
                "index": "9",
                "dep_rel": "pn",
                "head_index": "7",
                "parser_morph_features": "Neut|Dat|Sg",
                "possible_morph_features": []
            }
        },
        "relations": {
            "rel_1": {
                "rel_type": "must_agree",
                "involved": [
                    "TOK2",
                    "TOK1"
                ],
                "ruler": "TOK2",
                "possible_agreement": null
            }
        }
    },
    {
        "file_ID": "1023_0108890",
        "sent_NP_ID": "3_19",
        "sentence": "Sehr geehrte Damen und Herren , mit großem Interesse habe ich die Erfahrung in einer Gastfamilie gesucht aber , von ihrem Angebot bin ich sehr enttäuscht .",
        "metadata": {
            "corpus": "MERLIN_DE"
        },
        "NP_info": {
            "len_np": 2,
            "coordination": null
        },
        "HEAD_info": {
            "head": {
                "H_TOK1": {
                    "word_type": "V",
                    "word_form": "gesucht",
                    "lemma": "suchen",
                    "POS_STTS": "VVPP",
                    "index": "17",
                    "dep_rel": "aux",
                    "head_index": "10",
                    "parser_morph_features": "_"
                }
            },
            "super_head": {
                "SH_TOK1": {
                    "word_type": "V",
                    "word_form": "habe",
                    "lemma": "haben",
                    "POS_STTS": "VAFIN",
                    "index": "10",
                    "dep_rel": "root",
                    "head_index": "0",
                    "parser_morph_features": "1|Sg|Pres|_"
                }
            }
        },
        "POST_info": {},
        "TOK_info": {
            "TOK1": {
                "word_type": "ART",
                "word_form": "die",
                "lemma": "die",
                "POS_STTS": "ART",
                "index": "12",
                "dep_rel": "det",
                "head_index": "13",
                "parser_morph_features": "Def|Fem|Acc|Sg",
                "possible_morph_features": []
            },
            "TOK2": {
                "word_type": "N",
                "word_form": "Erfahrung",
                "lemma": "Erfahrung",
                "POS_STTS": "NN",
                "index": "13",
                "dep_rel": "obja",
                "head_index": "17",
                "parser_morph_features": "Fem|Acc|Sg",
                "possible_morph_features": []
            }
        },
        "relations": {
            "rel_1": {
                "rel_type": "must_agree",
                "involved": [
                    "TOK2",
                    "TOK1"
                ],
                "ruler": "TOK2",
                "possible_agreement": null
            }
        }
    },
    {
        "file_ID": "1023_0108890",
        "sent_NP_ID": "3_20",
        "sentence": "Sehr geehrte Damen und Herren , mit großem Interesse habe ich die Erfahrung in einer Gastfamilie gesucht aber , von ihrem Angebot bin ich sehr enttäuscht .",
        "metadata": {
            "corpus": "MERLIN_DE"
        },
        "NP_info": {
            "len_np": 2,
            "coordination": null
        },
        "HEAD_info": {
            "head": {
                "H_TOK1": {
                    "word_type": "PREP",
                    "word_form": "in",
                    "lemma": "in",
                    "POS_STTS": "APPR",
                    "index": "14",
                    "dep_rel": "pp",
                    "head_index": "17",
                    "parser_morph_features": "Dat"
                }
            },
            "super_head": {
                "SH_TOK1": {
                    "word_type": "V",
                    "word_form": "gesucht",
                    "lemma": "suchen",
                    "POS_STTS": "VVPP",
                    "index": "17",
                    "dep_rel": "aux",
                    "head_index": "10",
                    "parser_morph_features": "_"
                }
            }
        },
        "POST_info": {},
        "TOK_info": {
            "TOK1": {
                "word_type": "ART",
                "word_form": "einer",
                "lemma": "eine",
                "POS_STTS": "ART",
                "index": "15",
                "dep_rel": "det",
                "head_index": "16",
                "parser_morph_features": "Indef|Fem|Dat|Sg",
                "possible_morph_features": []
            },
            "TOK2": {
                "word_type": "N",
                "word_form": "Gastfamilie",
                "lemma": "Gastfamilie",
                "POS_STTS": "NN",
                "index": "16",
                "dep_rel": "pn",
                "head_index": "14",
                "parser_morph_features": "Fem|Dat|Sg",
                "possible_morph_features": []
            }
        },
        "relations": {
            "rel_1": {
                "rel_type": "must_agree",
                "involved": [
                    "TOK2",
                    "TOK1"
                ],
                "ruler": "TOK2",
                "possible_agreement": null
            }
        }
    },
    {
        "file_ID": "1023_0108890",
        "sent_NP_ID": "3_21",
        "sentence": "Sehr geehrte Damen und Herren , mit großem Interesse habe ich die Erfahrung in einer Gastfamilie gesucht aber , von ihrem Angebot bin ich sehr enttäuscht .",
        "metadata": {
            "corpus": "MERLIN_DE"
        },
        "NP_info": {
            "len_np": 2,
            "coordination": null
        },
        "HEAD_info": {
            "head": {
                "H_TOK1": {
                    "word_type": "PREP",
                    "word_form": "von",
                    "lemma": "von",
                    "POS_STTS": "APPR",
                    "index": "20",
                    "dep_rel": "pp",
                    "head_index": "23",
                    "parser_morph_features": "Dat"
                }
            },
            "super_head": {
                "SH_TOK1": {
                    "word_type": "V",
                    "word_form": "bin",
                    "lemma": "sein",
                    "POS_STTS": "VAFIN",
                    "index": "23",
                    "dep_rel": "kon",
                    "head_index": "10",
                    "parser_morph_features": "1|Sg|Pres|Ind"
                }
            }
        },
        "POST_info": {},
        "TOK_info": {
            "TOK1": {
                "word_type": "ART",
                "word_form": "ihrem",
                "lemma": "ihre",
                "POS_STTS": "PPOSAT",
                "index": "21",
                "dep_rel": "det",
                "head_index": "22",
                "parser_morph_features": "Neut|Dat|Sg",
                "possible_morph_features": []
            },
            "TOK2": {
                "word_type": "N",
                "word_form": "Angebot",
                "lemma": "Angebot",
                "POS_STTS": "NN",
                "index": "22",
                "dep_rel": "pn",
                "head_index": "20",
                "parser_morph_features": "Neut|Dat|Sg",
                "possible_morph_features": []
            }
        },
        "relations": {
            "rel_1": {
                "rel_type": "must_agree",
                "involved": [
                    "TOK2",
                    "TOK1"
                ],
                "ruler": "TOK2",
                "possible_agreement": null
            }
        }
    },
    {
        "file_ID": "1023_0108890",
        "sent_NP_ID": "4_22",
        "sentence": "Leider muss ich mich über mehrere Mängel beschweren .",
        "metadata": {
            "corpus": "MERLIN_DE"
        },
        "NP_info": {
            "len_np": 2,
            "coordination": null
        },
        "HEAD_info": {
            "head": {
                "H_TOK1": {
                    "word_type": "PREP",
                    "word_form": "über",
                    "lemma": "über",
                    "POS_STTS": "APPR",
                    "index": "5",
                    "dep_rel": "pp",
                    "head_index": "8",
                    "parser_morph_features": "Acc"
                }
            },
            "super_head": {
                "SH_TOK1": {
                    "word_type": "V",
                    "word_form": "beschweren",
                    "lemma": "beschweren",
                    "POS_STTS": "VVINF",
                    "index": "8",
                    "dep_rel": "aux",
                    "head_index": "2",
                    "parser_morph_features": "_"
                }
            }
        },
        "POST_info": {},
        "TOK_info": {
            "TOK1": {
                "word_type": "ART",
                "word_form": "mehrere",
                "lemma": "mehrere",
                "POS_STTS": "PIAT",
                "index": "6",
                "dep_rel": "det",
                "head_index": "7",
                "parser_morph_features": "Masc|Acc|Pl",
                "possible_morph_features": []
            },
            "TOK2": {
                "word_type": "N",
                "word_form": "Mängel",
                "lemma": "Mangel",
                "POS_STTS": "NN",
                "index": "7",
                "dep_rel": "pn",
                "head_index": "5",
                "parser_morph_features": "Masc|Acc|Pl",
                "possible_morph_features": []
            }
        },
        "relations": {
            "rel_1": {
                "rel_type": "must_agree",
                "involved": [
                    "TOK2",
                    "TOK1"
                ],
                "ruler": "TOK2",
                "possible_agreement": null
            }
        }
    },
    {
        "file_ID": "1023_0108890",
        "sent_NP_ID": "5_23",
        "sentence": "Meine Situation in der Gastfamilie ist eine Katastrophe .",
        "metadata": {
            "corpus": "MERLIN_DE"
        },
        "NP_info": {
            "len_np": 2,
            "coordination": null
        },
        "HEAD_info": {
            "head": {
                "H_TOK1": {
                    "word_type": "V",
                    "word_form": "ist",
                    "lemma": "sein",
                    "POS_STTS": "VAFIN",
                    "index": "6",
                    "dep_rel": "root",
                    "head_index": "0",
                    "parser_morph_features": "3|Sg|Pres|Ind"
                }
            },
            "super_head": {}
        },
        "POST_info": {
            "P_TOK1": {
                "word_type": "PREP",
                "word_form": "in",
                "lemma": "in",
                "POS_STTS": "APPR",
                "index": "3",
                "dep_rel": "pp",
                "head_index": "2",
                "parser_morph_features": "Dat"
            }
        },
        "TOK_info": {
            "TOK1": {
                "word_type": "ART",
                "word_form": "Meine",
                "lemma": "meine",
                "POS_STTS": "PPOSAT",
                "index": "1",
                "dep_rel": "det",
                "head_index": "2",
                "parser_morph_features": "Fem|Nom|Sg",
                "possible_morph_features": []
            },
            "TOK2": {
                "word_type": "N",
                "word_form": "Situation",
                "lemma": "Situation",
                "POS_STTS": "NN",
                "index": "2",
                "dep_rel": "subj",
                "head_index": "6",
                "parser_morph_features": "Fem|Nom|Sg",
                "possible_morph_features": []
            }
        },
        "relations": {
            "rel_1": {
                "rel_type": "must_agree",
                "involved": [
                    "TOK2",
                    "TOK1"
                ],
                "ruler": "TOK2",
                "possible_agreement": null
            }
        }
    },
    {
        "file_ID": "1023_0108890",
        "sent_NP_ID": "5_24",
        "sentence": "Meine Situation in der Gastfamilie ist eine Katastrophe .",
        "metadata": {
            "corpus": "MERLIN_DE"
        },
        "NP_info": {
            "len_np": 2,
            "coordination": null
        },
        "HEAD_info": {
            "head": {
                "H_TOK1": {
                    "word_type": "PREP",
                    "word_form": "in",
                    "lemma": "in",
                    "POS_STTS": "APPR",
                    "index": "3",
                    "dep_rel": "pp",
                    "head_index": "2",
                    "parser_morph_features": "Dat"
                }
            },
            "super_head": {
                "SH_TOK1": {
                    "word_type": "N",
                    "word_form": "Situation",
                    "lemma": "Situation",
                    "POS_STTS": "NN",
                    "index": "2",
                    "dep_rel": "subj",
                    "head_index": "6",
                    "parser_morph_features": "Fem|Nom|Sg"
                }
            }
        },
        "POST_info": {},
        "TOK_info": {
            "TOK1": {
                "word_type": "ART",
                "word_form": "der",
                "lemma": "die",
                "POS_STTS": "ART",
                "index": "4",
                "dep_rel": "det",
                "head_index": "5",
                "parser_morph_features": "Def|Fem|Dat|Sg",
                "possible_morph_features": []
            },
            "TOK2": {
                "word_type": "N",
                "word_form": "Gastfamilie",
                "lemma": "Gastfamilie",
                "POS_STTS": "NN",
                "index": "5",
                "dep_rel": "pn",
                "head_index": "3",
                "parser_morph_features": "Fem|Dat|Sg",
                "possible_morph_features": []
            }
        },
        "relations": {
            "rel_1": {
                "rel_type": "must_agree",
                "involved": [
                    "TOK2",
                    "TOK1"
                ],
                "ruler": "TOK2",
                "possible_agreement": null
            }
        }
    },
    {
        "file_ID": "1023_0108890",
        "sent_NP_ID": "5_25",
        "sentence": "Meine Situation in der Gastfamilie ist eine Katastrophe .",
        "metadata": {
            "corpus": "MERLIN_DE"
        },
        "NP_info": {
            "len_np": 2,
            "coordination": null
        },
        "HEAD_info": {
            "head": {
                "H_TOK1": {
                    "word_type": "V",
                    "word_form": "ist",
                    "lemma": "sein",
                    "POS_STTS": "VAFIN",
                    "index": "6",
                    "dep_rel": "root",
                    "head_index": "0",
                    "parser_morph_features": "3|Sg|Pres|Ind"
                }
            },
            "super_head": {}
        },
        "POST_info": {},
        "TOK_info": {
            "TOK1": {
                "word_type": "ART",
                "word_form": "eine",
                "lemma": "eine",
                "POS_STTS": "ART",
                "index": "7",
                "dep_rel": "det",
                "head_index": "8",
                "parser_morph_features": "Indef|Fem|Nom|Sg",
                "possible_morph_features": []
            },
            "TOK2": {
                "word_type": "N",
                "word_form": "Katastrophe",
                "lemma": "Katastrophe",
                "POS_STTS": "NN",
                "index": "8",
                "dep_rel": "pred",
                "head_index": "6",
                "parser_morph_features": "Fem|Nom|Sg",
                "possible_morph_features": []
            }
        },
        "relations": {
            "rel_1": {
                "rel_type": "must_agree",
                "involved": [
                    "TOK2",
                    "TOK1"
                ],
                "ruler": "TOK2",
                "possible_agreement": null
            }
        }
    },
    {
        "file_ID": "1023_0108890",
        "sent_NP_ID": "6_26",
        "sentence": "Am Anfang hatte ich kein Zimmer , in der Nacht musste ich auf der Sofa schlafen .",
        "metadata": {
            "corpus": "MERLIN_DE"
        },
        "NP_info": {
            "len_np": 1,
            "coordination": null
        },
        "HEAD_info": {
            "head": {
                "H_TOK1": {
                    "word_type": "PREP",
                    "word_form": "Am",
                    "lemma": "an",
                    "POS_STTS": "APPRART",
                    "index": "1",
                    "dep_rel": "pp",
                    "head_index": "3",
                    "parser_morph_features": "Dat"
                }
            },
            "super_head": {
                "SH_TOK1": {
                    "word_type": "V",
                    "word_form": "hatte",
                    "lemma": "haben",
                    "POS_STTS": "VAFIN",
                    "index": "3",
                    "dep_rel": "root",
                    "head_index": "0",
                    "parser_morph_features": "1|Sg|Past|Ind"
                }
            }
        },
        "POST_info": {},
        "TOK_info": {
            "TOK1": {
                "word_type": "N",
                "word_form": "Anfang",
                "lemma": "Anfang",
                "POS_STTS": "NN",
                "index": "2",
                "dep_rel": "pn",
                "head_index": "1",
                "parser_morph_features": "Masc|Dat|Sg",
                "possible_morph_features": []
            }
        },
        "relations": {
            "rel_1": {
                "rel_type": "must_agree",
                "involved": [
                    "TOK1",
                    "H_TOK1"
                ],
                "ruler": "TOK1",
                "possible_agreement": null
            }
        }
    },
    {
        "file_ID": "1023_0108890",
        "sent_NP_ID": "6_27",
        "sentence": "Am Anfang hatte ich kein Zimmer , in der Nacht musste ich auf der Sofa schlafen .",
        "metadata": {
            "corpus": "MERLIN_DE"
        },
        "NP_info": {
            "len_np": 2,
            "coordination": null
        },
        "HEAD_info": {
            "head": {
                "H_TOK1": {
                    "word_type": "V",
                    "word_form": "hatte",
                    "lemma": "haben",
                    "POS_STTS": "VAFIN",
                    "index": "3",
                    "dep_rel": "root",
                    "head_index": "0",
                    "parser_morph_features": "1|Sg|Past|Ind"
                }
            },
            "super_head": {}
        },
        "POST_info": {},
        "TOK_info": {
            "TOK1": {
                "word_type": "ART",
                "word_form": "kein",
                "lemma": "keine",
                "POS_STTS": "PIAT",
                "index": "5",
                "dep_rel": "det",
                "head_index": "6",
                "parser_morph_features": "Neut|Acc|Sg",
                "possible_morph_features": []
            },
            "TOK2": {
                "word_type": "N",
                "word_form": "Zimmer",
                "lemma": "Zimmer",
                "POS_STTS": "NN",
                "index": "6",
                "dep_rel": "obja",
                "head_index": "3",
                "parser_morph_features": "Neut|Acc|Sg",
                "possible_morph_features": []
            }
        },
        "relations": {
            "rel_1": {
                "rel_type": "must_agree",
                "involved": [
                    "TOK2",
                    "TOK1"
                ],
                "ruler": "TOK2",
                "possible_agreement": null
            }
        }
    },
    {
        "file_ID": "1023_0108890",
        "sent_NP_ID": "6_28",
        "sentence": "Am Anfang hatte ich kein Zimmer , in der Nacht musste ich auf der Sofa schlafen .",
        "metadata": {
            "corpus": "MERLIN_DE"
        },
        "NP_info": {
            "len_np": 2,
            "coordination": null
        },
        "HEAD_info": {
            "head": {
                "H_TOK1": {
                    "word_type": "PREP",
                    "word_form": "in",
                    "lemma": "in",
                    "POS_STTS": "APPR",
                    "index": "8",
                    "dep_rel": "pp",
                    "head_index": "11",
                    "parser_morph_features": "Dat"
                }
            },
            "super_head": {
                "SH_TOK1": {
                    "word_type": "V",
                    "word_form": "musste",
                    "lemma": "müssen",
                    "POS_STTS": "VMFIN",
                    "index": "11",
                    "dep_rel": "kon",
                    "head_index": "3",
                    "parser_morph_features": "1|Sg|Past|Ind"
                }
            }
        },
        "POST_info": {},
        "TOK_info": {
            "TOK1": {
                "word_type": "ART",
                "word_form": "der",
                "lemma": "die",
                "POS_STTS": "ART",
                "index": "9",
                "dep_rel": "det",
                "head_index": "10",
                "parser_morph_features": "Def|Fem|Dat|Sg",
                "possible_morph_features": []
            },
            "TOK2": {
                "word_type": "N",
                "word_form": "Nacht",
                "lemma": "Nacht",
                "POS_STTS": "NN",
                "index": "10",
                "dep_rel": "pn",
                "head_index": "8",
                "parser_morph_features": "Fem|Dat|Sg",
                "possible_morph_features": []
            }
        },
        "relations": {
            "rel_1": {
                "rel_type": "must_agree",
                "involved": [
                    "TOK2",
                    "TOK1"
                ],
                "ruler": "TOK2",
                "possible_agreement": null
            }
        }
    },
    {
        "file_ID": "1023_0108890",
        "sent_NP_ID": "6_29",
        "sentence": "Am Anfang hatte ich kein Zimmer , in der Nacht musste ich auf der Sofa schlafen .",
        "metadata": {
            "corpus": "MERLIN_DE"
        },
        "NP_info": {
            "len_np": 2,
            "coordination": null
        },
        "HEAD_info": {
            "head": {
                "H_TOK1": {
                    "word_type": "PREP",
                    "word_form": "auf",
                    "lemma": "auf",
                    "POS_STTS": "APPR",
                    "index": "13",
                    "dep_rel": "pp",
                    "head_index": "16",
                    "parser_morph_features": "Dat"
                }
            },
            "super_head": {
                "SH_TOK1": {
                    "word_type": "V",
                    "word_form": "schlafen",
                    "lemma": "schlafen",
                    "POS_STTS": "VVINF",
                    "index": "16",
                    "dep_rel": "aux",
                    "head_index": "11",
                    "parser_morph_features": "_"
                }
            }
        },
        "POST_info": {},
        "TOK_info": {
            "TOK1": {
                "word_type": "ART",
                "word_form": "der",
                "lemma": "die",
                "POS_STTS": "ART",
                "index": "14",
                "dep_rel": "det",
                "head_index": "15",
                "parser_morph_features": "Def|_|_|_",
                "possible_morph_features": []
            },
            "TOK2": {
                "word_type": "N",
                "word_form": "Sofa",
                "lemma": "Sofa",
                "POS_STTS": "NN",
                "index": "15",
                "dep_rel": "pn",
                "head_index": "13",
                "parser_morph_features": "Fem|Dat|Sg",
                "possible_morph_features": []
            }
        },
        "relations": {
            "rel_1": {
                "rel_type": "must_agree",
                "involved": [
                    "TOK2",
                    "TOK1"
                ],
                "ruler": "TOK2",
                "possible_agreement": null
            }
        }
    },
    {
        "file_ID": "1023_0108890",
        "sent_NP_ID": "7_30",
        "sentence": "Wenn ich meine situation unterschriftlich habe , die junge Paar hat mir ein kleines Zimmer in dem Keller gegeben .",
        "metadata": {
            "corpus": "MERLIN_DE"
        },
        "NP_info": {
            "len_np": 2,
            "coordination": null
        },
        "HEAD_info": {
            "head": {
                "H_TOK1": {
                    "word_type": "V",
                    "word_form": "unterschriftlich",
                    "lemma": "unterschriftlich",
                    "POS_STTS": "VVPP",
                    "index": "5",
                    "dep_rel": "aux",
                    "head_index": "6",
                    "parser_morph_features": "_"
                }
            },
            "super_head": {
                "SH_TOK1": {
                    "word_type": "V",
                    "word_form": "habe",
                    "lemma": "haben",
                    "POS_STTS": "VAFIN",
                    "index": "6",
                    "dep_rel": "root",
                    "head_index": "0",
                    "parser_morph_features": "1|Sg|Pres|_"
                }
            }
        },
        "POST_info": {},
        "TOK_info": {
            "TOK1": {
                "word_type": "ART",
                "word_form": "meine",
                "lemma": "meine",
                "POS_STTS": "PPOSAT",
                "index": "3",
                "dep_rel": "det",
                "head_index": "4",
                "parser_morph_features": "_|Acc|_",
                "possible_morph_features": []
            },
            "TOK2": {
                "word_type": "N",
                "word_form": "situation",
                "lemma": "situation",
                "POS_STTS": "NN",
                "index": "4",
                "dep_rel": "obja",
                "head_index": "5",
                "parser_morph_features": "_|Acc|_",
                "possible_morph_features": []
            }
        },
        "relations": {
            "rel_1": {
                "rel_type": "must_agree",
                "involved": [
                    "TOK2",
                    "TOK1"
                ],
                "ruler": "TOK2",
                "possible_agreement": null
            }
        }
    },
    {
        "file_ID": "1023_0108890",
        "sent_NP_ID": "7_31",
        "sentence": "Wenn ich meine situation unterschriftlich habe , die junge Paar hat mir ein kleines Zimmer in dem Keller gegeben .",
        "metadata": {
            "corpus": "MERLIN_DE"
        },
        "NP_info": {
            "len_np": 3,
            "coordination": null
        },
        "HEAD_info": {
            "head": {
                "H_TOK1": {
                    "word_type": "V",
                    "word_form": "hat",
                    "lemma": "haben",
                    "POS_STTS": "VAFIN",
                    "index": "11",
                    "dep_rel": "root",
                    "head_index": "0",
                    "parser_morph_features": "3|Sg|Pres|Ind"
                }
            },
            "super_head": {}
        },
        "POST_info": {},
        "TOK_info": {
            "TOK1": {
                "word_type": "ART",
                "word_form": "die",
                "lemma": "die",
                "POS_STTS": "ART",
                "index": "8",
                "dep_rel": "det",
                "head_index": "10",
                "parser_morph_features": "Def|_|_|_",
                "possible_morph_features": []
            },
            "TOK2": {
                "word_type": "ADJA",
                "word_form": "junge",
                "lemma": "jung",
                "POS_STTS": "ADJA",
                "index": "9",
                "dep_rel": "attr",
                "head_index": "10",
                "parser_morph_features": "Pos|Fem|Nom|Sg|_|",
                "possible_morph_features": []
            },
            "TOK3": {
                "word_type": "N",
                "word_form": "Paar",
                "lemma": "Paar",
                "POS_STTS": "NN",
                "index": "10",
                "dep_rel": "subj",
                "head_index": "11",
                "parser_morph_features": "Fem|Nom|Sg",
                "possible_morph_features": []
            }
        },
        "relations": {
            "rel_1": {
                "rel_type": "must_agree",
                "involved": [
                    "TOK1",
                    "TOK2"
                ],
                "ruler": null,
                "possible_agreement": null
            },
            "rel_2": {
                "rel_type": "must_agree",
                "involved": [
                    "TOK3",
                    "TOK1"
                ],
                "ruler": "TOK3",
                "possible_agreement": null
            },
            "rel_3": {
                "rel_type": "must_agree",
                "involved": [
                    "TOK3",
                    "TOK2"
                ],
                "ruler": "TOK3",
                "possible_agreement": null
            }
        }
    },
    {
        "file_ID": "1023_0108890",
        "sent_NP_ID": "7_32",
        "sentence": "Wenn ich meine situation unterschriftlich habe , die junge Paar hat mir ein kleines Zimmer in dem Keller gegeben .",
        "metadata": {
            "corpus": "MERLIN_DE"
        },
        "NP_info": {
            "len_np": 3,
            "coordination": null
        },
        "HEAD_info": {
            "head": {
                "H_TOK1": {
                    "word_type": "V",
                    "word_form": "gegeben",
                    "lemma": "geben",
                    "POS_STTS": "VVPP",
                    "index": "19",
                    "dep_rel": "aux",
                    "head_index": "11",
                    "parser_morph_features": "_"
                }
            },
            "super_head": {
                "SH_TOK1": {
                    "word_type": "V",
                    "word_form": "hat",
                    "lemma": "haben",
                    "POS_STTS": "VAFIN",
                    "index": "11",
                    "dep_rel": "root",
                    "head_index": "0",
                    "parser_morph_features": "3|Sg|Pres|Ind"
                }
            }
        },
        "POST_info": {},
        "TOK_info": {
            "TOK1": {
                "word_type": "ART",
                "word_form": "ein",
                "lemma": "eine",
                "POS_STTS": "ART",
                "index": "13",
                "dep_rel": "det",
                "head_index": "15",
                "parser_morph_features": "Indef|Neut|Acc|Sg",
                "possible_morph_features": []
            },
            "TOK2": {
                "word_type": "ADJA",
                "word_form": "kleines",
                "lemma": "klein",
                "POS_STTS": "ADJA",
                "index": "14",
                "dep_rel": "attr",
                "head_index": "15",
                "parser_morph_features": "Pos|Neut|Acc|Sg|St|",
                "possible_morph_features": []
            },
            "TOK3": {
                "word_type": "N",
                "word_form": "Zimmer",
                "lemma": "Zimmer",
                "POS_STTS": "NN",
                "index": "15",
                "dep_rel": "obja",
                "head_index": "19",
                "parser_morph_features": "Neut|Acc|Sg",
                "possible_morph_features": []
            }
        },
        "relations": {
            "rel_1": {
                "rel_type": "must_agree",
                "involved": [
                    "TOK1",
                    "TOK2"
                ],
                "ruler": null,
                "possible_agreement": null
            },
            "rel_2": {
                "rel_type": "must_agree",
                "involved": [
                    "TOK3",
                    "TOK1"
                ],
                "ruler": "TOK3",
                "possible_agreement": null
            },
            "rel_3": {
                "rel_type": "must_agree",
                "involved": [
                    "TOK3",
                    "TOK2"
                ],
                "ruler": "TOK3",
                "possible_agreement": null
            }
        }
    },
    {
        "file_ID": "1023_0108890",
        "sent_NP_ID": "7_33",
        "sentence": "Wenn ich meine situation unterschriftlich habe , die junge Paar hat mir ein kleines Zimmer in dem Keller gegeben .",
        "metadata": {
            "corpus": "MERLIN_DE"
        },
        "NP_info": {
            "len_np": 2,
            "coordination": null
        },
        "HEAD_info": {
            "head": {
                "H_TOK1": {
                    "word_type": "PREP",
                    "word_form": "in",
                    "lemma": "in",
                    "POS_STTS": "APPR",
                    "index": "16",
                    "dep_rel": "pp",
                    "head_index": "19",
                    "parser_morph_features": "Dat"
                }
            },
            "super_head": {
                "SH_TOK1": {
                    "word_type": "V",
                    "word_form": "gegeben",
                    "lemma": "geben",
                    "POS_STTS": "VVPP",
                    "index": "19",
                    "dep_rel": "aux",
                    "head_index": "11",
                    "parser_morph_features": "_"
                }
            }
        },
        "POST_info": {},
        "TOK_info": {
            "TOK1": {
                "word_type": "ART",
                "word_form": "dem",
                "lemma": "die",
                "POS_STTS": "ART",
                "index": "17",
                "dep_rel": "det",
                "head_index": "18",
                "parser_morph_features": "Def|Masc|Dat|Sg",
                "possible_morph_features": []
            },
            "TOK2": {
                "word_type": "N",
                "word_form": "Keller",
                "lemma": "Keller",
                "POS_STTS": "NN",
                "index": "18",
                "dep_rel": "pn",
                "head_index": "16",
                "parser_morph_features": "Masc|Dat|Sg",
                "possible_morph_features": []
            }
        },
        "relations": {
            "rel_1": {
                "rel_type": "must_agree",
                "involved": [
                    "TOK2",
                    "TOK1"
                ],
                "ruler": "TOK2",
                "possible_agreement": null
            }
        }
    },
    {
        "file_ID": "1023_0108890",
        "sent_NP_ID": "8_34",
        "sentence": "Ich bin sehr traurig auf meiner Situation , ich arbeite viel und ich spiele immer mit den Kinder trotzdem sei mit mir immer unfreudlich .",
        "metadata": {
            "corpus": "MERLIN_DE"
        },
        "NP_info": {
            "len_np": 2,
            "coordination": null
        },
        "HEAD_info": {
            "head": {
                "H_TOK1": {
                    "word_type": "PREP",
                    "word_form": "auf",
                    "lemma": "auf",
                    "POS_STTS": "APPR",
                    "index": "5",
                    "dep_rel": "pp",
                    "head_index": "2",
                    "parser_morph_features": "Dat"
                }
            },
            "super_head": {
                "SH_TOK1": {
                    "word_type": "V",
                    "word_form": "bin",
                    "lemma": "sein",
                    "POS_STTS": "VAFIN",
                    "index": "2",
                    "dep_rel": "root",
                    "head_index": "0",
                    "parser_morph_features": "1|Sg|Pres|Ind"
                }
            }
        },
        "POST_info": {},
        "TOK_info": {
            "TOK1": {
                "word_type": "ART",
                "word_form": "meiner",
                "lemma": "meine",
                "POS_STTS": "PPOSAT",
                "index": "6",
                "dep_rel": "det",
                "head_index": "7",
                "parser_morph_features": "Fem|Dat|Sg",
                "possible_morph_features": []
            },
            "TOK2": {
                "word_type": "N",
                "word_form": "Situation",
                "lemma": "Situation",
                "POS_STTS": "NN",
                "index": "7",
                "dep_rel": "pn",
                "head_index": "5",
                "parser_morph_features": "Fem|Dat|Sg",
                "possible_morph_features": []
            }
        },
        "relations": {
            "rel_1": {
                "rel_type": "must_agree",
                "involved": [
                    "TOK2",
                    "TOK1"
                ],
                "ruler": "TOK2",
                "possible_agreement": null
            }
        }
    },
    {
        "file_ID": "1023_0108890",
        "sent_NP_ID": "8_35",
        "sentence": "Ich bin sehr traurig auf meiner Situation , ich arbeite viel und ich spiele immer mit den Kinder trotzdem sei mit mir immer unfreudlich .",
        "metadata": {
            "corpus": "MERLIN_DE"
        },
        "NP_info": {
            "len_np": 2,
            "coordination": null
        },
        "HEAD_info": {
            "head": {
                "H_TOK1": {
                    "word_type": "PREP",
                    "word_form": "mit",
                    "lemma": "mit",
                    "POS_STTS": "APPR",
                    "index": "16",
                    "dep_rel": "pp",
                    "head_index": "14",
                    "parser_morph_features": "Dat"
                }
            },
            "super_head": {
                "SH_TOK1": {
                    "word_type": "V",
                    "word_form": "spiele",
                    "lemma": "spielen",
                    "POS_STTS": "VVFIN",
                    "index": "14",
                    "dep_rel": "cj",
                    "head_index": "12",
                    "parser_morph_features": "1|Sg|Pres|_"
                }
            }
        },
        "POST_info": {},
        "TOK_info": {
            "TOK1": {
                "word_type": "ART",
                "word_form": "den",
                "lemma": "die",
                "POS_STTS": "ART",
                "index": "17",
                "dep_rel": "det",
                "head_index": "18",
                "parser_morph_features": "Def|_|_|_",
                "possible_morph_features": []
            },
            "TOK2": {
                "word_type": "N",
                "word_form": "Kinder",
                "lemma": "Kind",
                "POS_STTS": "NN",
                "index": "18",
                "dep_rel": "pn",
                "head_index": "16",
                "parser_morph_features": "_|Dat|Pl",
                "possible_morph_features": []
            }
        },
        "relations": {
            "rel_1": {
                "rel_type": "must_agree",
                "involved": [
                    "TOK2",
                    "TOK1"
                ],
                "ruler": "TOK2",
                "possible_agreement": null
            }
        }
    },
    {
        "file_ID": "1023_0108890",
        "sent_NP_ID": "10_36",
        "sentence": "Ich bin nicht froh über meine Erwartungen , deshalb habe ich diese Brief geschrieben .",
        "metadata": {
            "corpus": "MERLIN_DE"
        },
        "NP_info": {
            "len_np": 2,
            "coordination": null
        },
        "HEAD_info": {
            "head": {
                "H_TOK1": {
                    "word_type": "PREP",
                    "word_form": "über",
                    "lemma": "über",
                    "POS_STTS": "APPR",
                    "index": "5",
                    "dep_rel": "pp",
                    "head_index": "2",
                    "parser_morph_features": "Acc"
                }
            },
            "super_head": {
                "SH_TOK1": {
                    "word_type": "V",
                    "word_form": "bin",
                    "lemma": "sein",
                    "POS_STTS": "VAFIN",
                    "index": "2",
                    "dep_rel": "root",
                    "head_index": "0",
                    "parser_morph_features": "1|Sg|Pres|Ind"
                }
            }
        },
        "POST_info": {},
        "TOK_info": {
            "TOK1": {
                "word_type": "ART",
                "word_form": "meine",
                "lemma": "meine",
                "POS_STTS": "PPOSAT",
                "index": "6",
                "dep_rel": "det",
                "head_index": "7",
                "parser_morph_features": "_|Acc|_",
                "possible_morph_features": []
            },
            "TOK2": {
                "word_type": "N",
                "word_form": "Erwartungen",
                "lemma": "Erwartung",
                "POS_STTS": "NN",
                "index": "7",
                "dep_rel": "pn",
                "head_index": "5",
                "parser_morph_features": "_|Acc|_",
                "possible_morph_features": []
            }
        },
        "relations": {
            "rel_1": {
                "rel_type": "must_agree",
                "involved": [
                    "TOK2",
                    "TOK1"
                ],
                "ruler": "TOK2",
                "possible_agreement": null
            }
        }
    },
    {
        "file_ID": "1023_0108890",
        "sent_NP_ID": "10_37",
        "sentence": "Ich bin nicht froh über meine Erwartungen , deshalb habe ich diese Brief geschrieben .",
        "metadata": {
            "corpus": "MERLIN_DE"
        },
        "NP_info": {
            "len_np": 2,
            "coordination": null
        },
        "HEAD_info": {
            "head": {
                "H_TOK1": {
                    "word_type": "V",
                    "word_form": "geschrieben",
                    "lemma": "schreiben",
                    "POS_STTS": "VVPP",
                    "index": "14",
                    "dep_rel": "aux",
                    "head_index": "10",
                    "parser_morph_features": "_"
                }
            },
            "super_head": {
                "SH_TOK1": {
                    "word_type": "V",
                    "word_form": "habe",
                    "lemma": "haben",
                    "POS_STTS": "VAFIN",
                    "index": "10",
                    "dep_rel": "kon",
                    "head_index": "2",
                    "parser_morph_features": "1|Sg|Pres|_"
                }
            }
        },
        "POST_info": {},
        "TOK_info": {
            "TOK1": {
                "word_type": "ART",
                "word_form": "diese",
                "lemma": "diese",
                "POS_STTS": "PDAT",
                "index": "12",
                "dep_rel": "det",
                "head_index": "13",
                "parser_morph_features": "_|_|_",
                "possible_morph_features": []
            },
            "TOK2": {
                "word_type": "N",
                "word_form": "Brief",
                "lemma": "Brief",
                "POS_STTS": "NN",
                "index": "13",
                "dep_rel": "obja",
                "head_index": "14",
                "parser_morph_features": "_|Acc|_",
                "possible_morph_features": []
            }
        },
        "relations": {
            "rel_1": {
                "rel_type": "must_agree",
                "involved": [
                    "TOK2",
                    "TOK1"
                ],
                "ruler": "TOK2",
                "possible_agreement": null
            }
        }
    },
    {
        "file_ID": "1023_0108890",
        "sent_NP_ID": "11_38",
        "sentence": "Ich möchte gern , dass die Agentur eine Lösung finden kannt .",
        "metadata": {
            "corpus": "MERLIN_DE"
        },
        "NP_info": {
            "len_np": 2,
            "coordination": null
        },
        "HEAD_info": {
            "head": {
                "H_TOK1": {
                    "word_type": "V",
                    "word_form": "finden",
                    "lemma": "finden",
                    "POS_STTS": "VVFIN",
                    "index": "10",
                    "dep_rel": "objc",
                    "head_index": "2",
                    "parser_morph_features": "3|Pl|Pres|_"
                }
            },
            "super_head": {
                "SH_TOK1": {
                    "word_type": "V",
                    "word_form": "möchte",
                    "lemma": "mögen",
                    "POS_STTS": "VMFIN",
                    "index": "2",
                    "dep_rel": "root",
                    "head_index": "0",
                    "parser_morph_features": "1|Sg|Past|Subj"
                }
            }
        },
        "POST_info": {},
        "TOK_info": {
            "TOK1": {
                "word_type": "ART",
                "word_form": "die",
                "lemma": "die",
                "POS_STTS": "ART",
                "index": "6",
                "dep_rel": "det",
                "head_index": "7",
                "parser_morph_features": "Def|Fem|Nom|Sg",
                "possible_morph_features": []
            },
            "TOK2": {
                "word_type": "N",
                "word_form": "Agentur",
                "lemma": "Agentur",
                "POS_STTS": "NN",
                "index": "7",
                "dep_rel": "pred",
                "head_index": "10",
                "parser_morph_features": "Fem|Nom|Sg",
                "possible_morph_features": []
            }
        },
        "relations": {
            "rel_1": {
                "rel_type": "must_agree",
                "involved": [
                    "TOK2",
                    "TOK1"
                ],
                "ruler": "TOK2",
                "possible_agreement": null
            }
        }
    },
    {
        "file_ID": "1023_0108890",
        "sent_NP_ID": "11_39",
        "sentence": "Ich möchte gern , dass die Agentur eine Lösung finden kannt .",
        "metadata": {
            "corpus": "MERLIN_DE"
        },
        "NP_info": {
            "len_np": 2,
            "coordination": null
        },
        "HEAD_info": {
            "head": {
                "H_TOK1": {
                    "word_type": "V",
                    "word_form": "finden",
                    "lemma": "finden",
                    "POS_STTS": "VVFIN",
                    "index": "10",
                    "dep_rel": "objc",
                    "head_index": "2",
                    "parser_morph_features": "3|Pl|Pres|_"
                }
            },
            "super_head": {
                "SH_TOK1": {
                    "word_type": "V",
                    "word_form": "möchte",
                    "lemma": "mögen",
                    "POS_STTS": "VMFIN",
                    "index": "2",
                    "dep_rel": "root",
                    "head_index": "0",
                    "parser_morph_features": "1|Sg|Past|Subj"
                }
            }
        },
        "POST_info": {},
        "TOK_info": {
            "TOK1": {
                "word_type": "ART",
                "word_form": "eine",
                "lemma": "eine",
                "POS_STTS": "ART",
                "index": "8",
                "dep_rel": "det",
                "head_index": "9",
                "parser_morph_features": "Indef|Fem|Acc|Sg",
                "possible_morph_features": []
            },
            "TOK2": {
                "word_type": "N",
                "word_form": "Lösung",
                "lemma": "Lösung",
                "POS_STTS": "NN",
                "index": "9",
                "dep_rel": "obja",
                "head_index": "10",
                "parser_morph_features": "Fem|Acc|Sg",
                "possible_morph_features": []
            }
        },
        "relations": {
            "rel_1": {
                "rel_type": "must_agree",
                "involved": [
                    "TOK2",
                    "TOK1"
                ],
                "ruler": "TOK2",
                "possible_agreement": null
            }
        }
    },
    {
        "file_ID": "1023_0108890",
        "sent_NP_ID": "12_40",
        "sentence": "Bitte nehmen Sie , zu den geschilderten Probleme Stellung .",
        "metadata": {
            "corpus": "MERLIN_DE"
        },
        "NP_info": {
            "len_np": 3,
            "coordination": null
        },
        "HEAD_info": {
            "head": {
                "H_TOK1": {
                    "word_type": "PREP",
                    "word_form": "zu",
                    "lemma": "zu",
                    "POS_STTS": "APPR",
                    "index": "5",
                    "dep_rel": "objp",
                    "head_index": "2",
                    "parser_morph_features": "Dat"
                }
            },
            "super_head": {
                "SH_TOK1": {
                    "word_type": "V",
                    "word_form": "nehmen",
                    "lemma": "nehmen",
                    "POS_STTS": "VVFIN",
                    "index": "2",
                    "dep_rel": "root",
                    "head_index": "0",
                    "parser_morph_features": "3|Pl|Pres|_"
                }
            }
        },
        "POST_info": {
            "P_TOK1": {
                "word_type": "N",
                "word_form": "Stellung",
                "lemma": "Stellung",
                "POS_STTS": "NN",
                "index": "9",
                "dep_rel": "app",
                "head_index": "8",
                "parser_morph_features": "Fem|Dat|Sg"
            }
        },
        "TOK_info": {
            "TOK1": {
                "word_type": "ART",
                "word_form": "den",
                "lemma": "die",
                "POS_STTS": "ART",
                "index": "6",
                "dep_rel": "det",
                "head_index": "8",
                "parser_morph_features": "Def|_|_|_",
                "possible_morph_features": []
            },
            "TOK2": {
                "word_type": "ADJA",
                "word_form": "geschilderten",
                "lemma": "geschildert",
                "POS_STTS": "ADJA",
                "index": "7",
                "dep_rel": "attr",
                "head_index": "8",
                "parser_morph_features": "Pos|_|Dat|Pl|_|",
                "possible_morph_features": []
            },
            "TOK3": {
                "word_type": "N",
                "word_form": "Probleme",
                "lemma": "Problem",
                "POS_STTS": "NN",
                "index": "8",
                "dep_rel": "pn",
                "head_index": "5",
                "parser_morph_features": "_|Dat|Pl",
                "possible_morph_features": []
            }
        },
        "relations": {
            "rel_1": {
                "rel_type": "must_agree",
                "involved": [
                    "TOK1",
                    "TOK2"
                ],
                "ruler": null,
                "possible_agreement": null
            },
            "rel_2": {
                "rel_type": "must_agree",
                "involved": [
                    "TOK3",
                    "TOK1"
                ],
                "ruler": "TOK3",
                "possible_agreement": null
            },
            "rel_3": {
                "rel_type": "must_agree",
                "involved": [
                    "TOK3",
                    "TOK2"
                ],
                "ruler": "TOK3",
                "possible_agreement": null
            }
        }
    },
    {
        "file_ID": "1023_0108890",
        "sent_NP_ID": "12_41",
        "sentence": "Bitte nehmen Sie , zu den geschilderten Probleme Stellung .",
        "metadata": {
            "corpus": "MERLIN_DE"
        },
        "NP_info": {
            "len_np": 1,
            "coordination": null
        },
        "HEAD_info": {
            "head": {
                "H_TOK1": {
                    "word_type": "N",
                    "word_form": "Probleme",
                    "lemma": "Problem",
                    "POS_STTS": "NN",
                    "index": "8",
                    "dep_rel": "pn",
                    "head_index": "5",
                    "parser_morph_features": "_|Dat|Pl"
                }
            },
            "super_head": {
                "SH_TOK1": {
                    "word_type": "PREP",
                    "word_form": "zu",
                    "lemma": "zu",
                    "POS_STTS": "APPR",
                    "index": "5",
                    "dep_rel": "objp",
                    "head_index": "2",
                    "parser_morph_features": "Dat"
                }
            }
        },
        "POST_info": {},
        "TOK_info": {
            "TOK1": {
                "word_type": "N",
                "word_form": "Stellung",
                "lemma": "Stellung",
                "POS_STTS": "NN",
                "index": "9",
                "dep_rel": "app",
                "head_index": "8",
                "parser_morph_features": "Fem|Dat|Sg",
                "possible_morph_features": []
            }
        },
        "relations": {}
    },
    {
        "file_ID": "1023_0108890",
        "sent_NP_ID": "14_42",
        "sentence": "Mit freundlichen Grüßen Friedrich Meier",
        "metadata": {
            "corpus": "MERLIN_DE"
        },
        "NP_info": {
            "len_np": 2,
            "coordination": null
        },
        "HEAD_info": {
            "head": {
                "H_TOK1": {
                    "word_type": "PREP",
                    "word_form": "Mit",
                    "lemma": "mit",
                    "POS_STTS": "APPR",
                    "index": "1",
                    "dep_rel": "root",
                    "head_index": "0",
                    "parser_morph_features": "Dat"
                }
            },
            "super_head": {}
        },
        "POST_info": {
            "P_TOK1": {
                "word_type": "N",
                "word_form": "Friedrich",
                "lemma": "Friedrich",
                "POS_STTS": "NE",
                "index": "4",
                "dep_rel": "app",
                "head_index": "3",
                "parser_morph_features": "_|Dat|Sg"
            }
        },
        "TOK_info": {
            "TOK1": {
                "word_type": "ADJA",
                "word_form": "freundlichen",
                "lemma": "freundlich",
                "POS_STTS": "ADJA",
                "index": "2",
                "dep_rel": "attr",
                "head_index": "3",
                "parser_morph_features": "Pos|_|Dat|_|_|",
                "possible_morph_features": []
            },
            "TOK2": {
                "word_type": "N",
                "word_form": "Grüßen",
                "lemma": "Gruß",
                "POS_STTS": "NN",
                "index": "3",
                "dep_rel": "pn",
                "head_index": "1",
                "parser_morph_features": "_|Dat|_",
                "possible_morph_features": []
            }
        },
        "relations": {
            "rel_1": {
                "rel_type": "must_agree",
                "involved": [
                    "TOK2",
                    "TOK1"
                ],
                "ruler": "TOK2",
                "possible_agreement": null
            }
        }
    },
    {
        "file_ID": "1023_0108890",
        "sent_NP_ID": "14_43",
        "sentence": "Mit freundlichen Grüßen Friedrich Meier",
        "metadata": {
            "corpus": "MERLIN_DE"
        },
        "NP_info": {
            "len_np": 1,
            "coordination": null
        },
        "HEAD_info": {
            "head": {
                "H_TOK1": {
                    "word_type": "N",
                    "word_form": "Grüßen",
                    "lemma": "Gruß",
                    "POS_STTS": "NN",
                    "index": "3",
                    "dep_rel": "pn",
                    "head_index": "1",
                    "parser_morph_features": "_|Dat|_"
                }
            },
            "super_head": {
                "SH_TOK1": {
                    "word_type": "PREP",
                    "word_form": "Mit",
                    "lemma": "mit",
                    "POS_STTS": "APPR",
                    "index": "1",
                    "dep_rel": "root",
                    "head_index": "0",
                    "parser_morph_features": "Dat"
                }
            }
        },
        "POST_info": {
            "P_TOK1": {
                "word_type": "N",
                "word_form": "Meier",
                "lemma": "Meier",
                "POS_STTS": "NE",
                "index": "5",
                "dep_rel": "app",
                "head_index": "4",
                "parser_morph_features": "_|Dat|Sg"
            }
        },
        "TOK_info": {
            "TOK1": {
                "word_type": "N",
                "word_form": "Friedrich",
                "lemma": "Friedrich",
                "POS_STTS": "NE",
                "index": "4",
                "dep_rel": "app",
                "head_index": "3",
                "parser_morph_features": "_|Dat|Sg",
                "possible_morph_features": []
            }
        },
        "relations": {}
    },
    {
        "file_ID": "1023_0108890",
        "sent_NP_ID": "14_44",
        "sentence": "Mit freundlichen Grüßen Friedrich Meier",
        "metadata": {
            "corpus": "MERLIN_DE"
        },
        "NP_info": {
            "len_np": 1,
            "coordination": null
        },
        "HEAD_info": {
            "head": {
                "H_TOK1": {
                    "word_type": "N",
                    "word_form": "Friedrich",
                    "lemma": "Friedrich",
                    "POS_STTS": "NE",
                    "index": "4",
                    "dep_rel": "app",
                    "head_index": "3",
                    "parser_morph_features": "_|Dat|Sg"
                }
            },
            "super_head": {
                "SH_TOK1": {
                    "word_type": "N",
                    "word_form": "Grüßen",
                    "lemma": "Gruß",
                    "POS_STTS": "NN",
                    "index": "3",
                    "dep_rel": "pn",
                    "head_index": "1",
                    "parser_morph_features": "_|Dat|_"
                }
            }
        },
        "POST_info": {},
        "TOK_info": {
            "TOK1": {
                "word_type": "N",
                "word_form": "Meier",
                "lemma": "Meier",
                "POS_STTS": "NE",
                "index": "5",
                "dep_rel": "app",
                "head_index": "4",
                "parser_morph_features": "_|Dat|Sg",
                "possible_morph_features": []
            }
        },
        "relations": {}
    }
]