[
    {
        "file_ID": "1023_0108766",
        "sent_NP_ID": "1_1",
        "sentence": "Maria Julia Meier Müller Bahnhofsstraße 1 12345 Stadt X E-Mail : maria.meier @ internet.de Au-pair-Agentur Schultz & Partner Regenstr .",
        "metadata": {
            "corpus": "MERLIN_DE"
        },
        "NP_info": {
            "len_np": 1,
            "coordination": null
        },
        "HEAD_info": {
            "head": {},
            "super_head": {}
        },
        "POST_info": {
            "P_TOK1": {
                "word_type": "N",
                "word_form": "Julia",
                "lemma": "Julia",
                "POS_STTS": "NE",
                "index": "2",
                "dep_rel": "app",
                "head_index": "1",
                "parser_morph_features": "Fem|_|Sg"
            }
        },
        "TOK_info": {
            "TOK1": {
                "word_type": "N",
                "word_form": "Maria",
                "lemma": "Maria",
                "POS_STTS": "NE",
                "index": "1",
                "dep_rel": "root",
                "head_index": "0",
                "parser_morph_features": "Fem|_|Sg",
                "possible_morph_features": []
            }
        },
        "relations": {}
    },
    {
        "file_ID": "1023_0108766",
        "sent_NP_ID": "1_2",
        "sentence": "Maria Julia Meier Müller Bahnhofsstraße 1 12345 Stadt X E-Mail : maria.meier @ internet.de Au-pair-Agentur Schultz & Partner Regenstr .",
        "metadata": {
            "corpus": "MERLIN_DE"
        },
        "NP_info": {
            "len_np": 1,
            "coordination": null
        },
        "HEAD_info": {
            "head": {
                "H_TOK1": {
                    "word_type": "N",
                    "word_form": "Maria",
                    "lemma": "Maria",
                    "POS_STTS": "NE",
                    "index": "1",
                    "dep_rel": "root",
                    "head_index": "0",
                    "parser_morph_features": "Fem|_|Sg"
                }
            },
            "super_head": {}
        },
        "POST_info": {
            "P_TOK1": {
                "word_type": "N",
                "word_form": "Meier",
                "lemma": "Meier",
                "POS_STTS": "NE",
                "index": "3",
                "dep_rel": "app",
                "head_index": "2",
                "parser_morph_features": "Fem|_|Sg"
            }
        },
        "TOK_info": {
            "TOK1": {
                "word_type": "N",
                "word_form": "Julia",
                "lemma": "Julia",
                "POS_STTS": "NE",
                "index": "2",
                "dep_rel": "app",
                "head_index": "1",
                "parser_morph_features": "Fem|_|Sg",
                "possible_morph_features": []
            }
        },
        "relations": {}
    },
    {
        "file_ID": "1023_0108766",
        "sent_NP_ID": "1_3",
        "sentence": "Maria Julia Meier Müller Bahnhofsstraße 1 12345 Stadt X E-Mail : maria.meier @ internet.de Au-pair-Agentur Schultz & Partner Regenstr .",
        "metadata": {
            "corpus": "MERLIN_DE"
        },
        "NP_info": {
            "len_np": 1,
            "coordination": null
        },
        "HEAD_info": {
            "head": {
                "H_TOK1": {
                    "word_type": "N",
                    "word_form": "Julia",
                    "lemma": "Julia",
                    "POS_STTS": "NE",
                    "index": "2",
                    "dep_rel": "app",
                    "head_index": "1",
                    "parser_morph_features": "Fem|_|Sg"
                }
            },
            "super_head": {
                "SH_TOK1": {
                    "word_type": "N",
                    "word_form": "Maria",
                    "lemma": "Maria",
                    "POS_STTS": "NE",
                    "index": "1",
                    "dep_rel": "root",
                    "head_index": "0",
                    "parser_morph_features": "Fem|_|Sg"
                }
            }
        },
        "POST_info": {
            "P_TOK1": {
                "word_type": "N",
                "word_form": "Müller",
                "lemma": "Müller",
                "POS_STTS": "NE",
                "index": "4",
                "dep_rel": "app",
                "head_index": "3",
                "parser_morph_features": "Fem|_|Sg"
            }
        },
        "TOK_info": {
            "TOK1": {
                "word_type": "N",
                "word_form": "Meier",
                "lemma": "Meier",
                "POS_STTS": "NE",
                "index": "3",
                "dep_rel": "app",
                "head_index": "2",
                "parser_morph_features": "Fem|_|Sg",
                "possible_morph_features": []
            }
        },
        "relations": {}
    },
    {
        "file_ID": "1023_0108766",
        "sent_NP_ID": "1_4",
        "sentence": "Maria Julia Meier Müller Bahnhofsstraße 1 12345 Stadt X E-Mail : maria.meier @ internet.de Au-pair-Agentur Schultz & Partner Regenstr .",
        "metadata": {
            "corpus": "MERLIN_DE"
        },
        "NP_info": {
            "len_np": 1,
            "coordination": null
        },
        "HEAD_info": {
            "head": {
                "H_TOK1": {
                    "word_type": "N",
                    "word_form": "Meier",
                    "lemma": "Meier",
                    "POS_STTS": "NE",
                    "index": "3",
                    "dep_rel": "app",
                    "head_index": "2",
                    "parser_morph_features": "Fem|_|Sg"
                }
            },
            "super_head": {
                "SH_TOK1": {
                    "word_type": "N",
                    "word_form": "Julia",
                    "lemma": "Julia",
                    "POS_STTS": "NE",
                    "index": "2",
                    "dep_rel": "app",
                    "head_index": "1",
                    "parser_morph_features": "Fem|_|Sg"
                }
            }
        },
        "POST_info": {
            "P_TOK1": {
                "word_type": "N",
                "word_form": "Bahnhofsstraße",
                "lemma": "Bahnhofsstraße",
                "POS_STTS": "NE",
                "index": "5",
                "dep_rel": "app",
                "head_index": "4",
                "parser_morph_features": "Fem|_|Sg"
            }
        },
        "TOK_info": {
            "TOK1": {
                "word_type": "N",
                "word_form": "Müller",
                "lemma": "Müller",
                "POS_STTS": "NE",
                "index": "4",
                "dep_rel": "app",
                "head_index": "3",
                "parser_morph_features": "Fem|_|Sg",
                "possible_morph_features": []
            }
        },
        "relations": {}
    },
    {
        "file_ID": "1023_0108766",
        "sent_NP_ID": "1_5",
        "sentence": "Maria Julia Meier Müller Bahnhofsstraße 1 12345 Stadt X E-Mail : maria.meier @ internet.de Au-pair-Agentur Schultz & Partner Regenstr .",
        "metadata": {
            "corpus": "MERLIN_DE"
        },
        "NP_info": {
            "len_np": 1,
            "coordination": null
        },
        "HEAD_info": {
            "head": {
                "H_TOK1": {
                    "word_type": "N",
                    "word_form": "Müller",
                    "lemma": "Müller",
                    "POS_STTS": "NE",
                    "index": "4",
                    "dep_rel": "app",
                    "head_index": "3",
                    "parser_morph_features": "Fem|_|Sg"
                }
            },
            "super_head": {
                "SH_TOK1": {
                    "word_type": "N",
                    "word_form": "Meier",
                    "lemma": "Meier",
                    "POS_STTS": "NE",
                    "index": "3",
                    "dep_rel": "app",
                    "head_index": "2",
                    "parser_morph_features": "Fem|_|Sg"
                }
            }
        },
        "POST_info": {
            "P_TOK1": {
                "word_type": "CARD",
                "word_form": "1",
                "lemma": "1",
                "POS_STTS": "CARD",
                "index": "6",
                "dep_rel": "app",
                "head_index": "5",
                "parser_morph_features": "_"
            }
        },
        "TOK_info": {
            "TOK1": {
                "word_type": "N",
                "word_form": "Bahnhofsstraße",
                "lemma": "Bahnhofsstraße",
                "POS_STTS": "NE",
                "index": "5",
                "dep_rel": "app",
                "head_index": "4",
                "parser_morph_features": "Fem|_|Sg",
                "possible_morph_features": []
            }
        },
        "relations": {}
    },
    {
        "file_ID": "1023_0108766",
        "sent_NP_ID": "1_6",
        "sentence": "Maria Julia Meier Müller Bahnhofsstraße 1 12345 Stadt X E-Mail : maria.meier @ internet.de Au-pair-Agentur Schultz & Partner Regenstr .",
        "metadata": {
            "corpus": "MERLIN_DE"
        },
        "NP_info": {
            "len_np": 1,
            "coordination": null
        },
        "HEAD_info": {
            "head": {},
            "super_head": {}
        },
        "POST_info": {
            "P_TOK1": {
                "word_type": "N",
                "word_form": "X",
                "lemma": "X",
                "POS_STTS": "NE",
                "index": "9",
                "dep_rel": "app",
                "head_index": "8",
                "parser_morph_features": "Fem|_|Sg"
            }
        },
        "TOK_info": {
            "TOK1": {
                "word_type": "N",
                "word_form": "Stadt",
                "lemma": "Stadt",
                "POS_STTS": "NN",
                "index": "8",
                "dep_rel": "root",
                "head_index": "0",
                "parser_morph_features": "Fem|_|Sg",
                "possible_morph_features": []
            }
        },
        "relations": {}
    },
    {
        "file_ID": "1023_0108766",
        "sent_NP_ID": "1_7",
        "sentence": "Maria Julia Meier Müller Bahnhofsstraße 1 12345 Stadt X E-Mail : maria.meier @ internet.de Au-pair-Agentur Schultz & Partner Regenstr .",
        "metadata": {
            "corpus": "MERLIN_DE"
        },
        "NP_info": {
            "len_np": 1,
            "coordination": null
        },
        "HEAD_info": {
            "head": {
                "H_TOK1": {
                    "word_type": "N",
                    "word_form": "Stadt",
                    "lemma": "Stadt",
                    "POS_STTS": "NN",
                    "index": "8",
                    "dep_rel": "root",
                    "head_index": "0",
                    "parser_morph_features": "Fem|_|Sg"
                }
            },
            "super_head": {}
        },
        "POST_info": {
            "P_TOK1": {
                "word_type": "N",
                "word_form": "E-Mail",
                "lemma": "E-Mail",
                "POS_STTS": "NE",
                "index": "10",
                "dep_rel": "app",
                "head_index": "9",
                "parser_morph_features": "Fem|_|Sg"
            }
        },
        "TOK_info": {
            "TOK1": {
                "word_type": "N",
                "word_form": "X",
                "lemma": "X",
                "POS_STTS": "NE",
                "index": "9",
                "dep_rel": "app",
                "head_index": "8",
                "parser_morph_features": "Fem|_|Sg",
                "possible_morph_features": []
            }
        },
        "relations": {}
    },
    {
        "file_ID": "1023_0108766",
        "sent_NP_ID": "1_8",
        "sentence": "Maria Julia Meier Müller Bahnhofsstraße 1 12345 Stadt X E-Mail : maria.meier @ internet.de Au-pair-Agentur Schultz & Partner Regenstr .",
        "metadata": {
            "corpus": "MERLIN_DE"
        },
        "NP_info": {
            "len_np": 1,
            "coordination": null
        },
        "HEAD_info": {
            "head": {
                "H_TOK1": {
                    "word_type": "N",
                    "word_form": "X",
                    "lemma": "X",
                    "POS_STTS": "NE",
                    "index": "9",
                    "dep_rel": "app",
                    "head_index": "8",
                    "parser_morph_features": "Fem|_|Sg"
                }
            },
            "super_head": {
                "SH_TOK1": {
                    "word_type": "N",
                    "word_form": "Stadt",
                    "lemma": "Stadt",
                    "POS_STTS": "NN",
                    "index": "8",
                    "dep_rel": "root",
                    "head_index": "0",
                    "parser_morph_features": "Fem|_|Sg"
                }
            }
        },
        "POST_info": {},
        "TOK_info": {
            "TOK1": {
                "word_type": "N",
                "word_form": "E-Mail",
                "lemma": "E-Mail",
                "POS_STTS": "NE",
                "index": "10",
                "dep_rel": "app",
                "head_index": "9",
                "parser_morph_features": "Fem|_|Sg",
                "possible_morph_features": []
            }
        },
        "relations": {}
    },
    {
        "file_ID": "1023_0108766",
        "sent_NP_ID": "1_9",
        "sentence": "Maria Julia Meier Müller Bahnhofsstraße 1 12345 Stadt X E-Mail : maria.meier @ internet.de Au-pair-Agentur Schultz & Partner Regenstr .",
        "metadata": {
            "corpus": "MERLIN_DE"
        },
        "NP_info": {
            "len_np": 1,
            "coordination": [
                "1_9",
                "1_10",
                "1_11"
            ]
        },
        "HEAD_info": {
            "head": {
                "H_TOK1": {
                    "word_type": "FM",
                    "word_form": "internet.de",
                    "lemma": "internet.de",
                    "POS_STTS": "FM",
                    "index": "14",
                    "dep_rel": "app",
                    "head_index": "13",
                    "parser_morph_features": "Fem|_|Sg"
                }
            },
            "super_head": {
                "SH_TOK1": {
                    "word_type": "FM",
                    "word_form": "@",
                    "lemma": "@",
                    "POS_STTS": "FM",
                    "index": "13",
                    "dep_rel": "app",
                    "head_index": "12",
                    "parser_morph_features": "Fem|_|Sg"
                }
            }
        },
        "POST_info": {
            "P_TOK1": {
                "word_type": "N",
                "word_form": "Schultz",
                "lemma": "Schultz",
                "POS_STTS": "NE",
                "index": "16",
                "dep_rel": "app",
                "head_index": "15",
                "parser_morph_features": "Masc|_|_"
            }
        },
        "TOK_info": {
            "TOK1": {
                "word_type": "N",
                "word_form": "Au-pair-Agentur",
                "lemma": "Au-pair-Agentur",
                "POS_STTS": "NN",
                "index": "15",
                "dep_rel": "app",
                "head_index": "14",
                "parser_morph_features": "Fem|_|Sg",
                "possible_morph_features": []
            }
        },
        "relations": {}
    },
    {
        "file_ID": "1023_0108766",
        "sent_NP_ID": "1_10",
        "sentence": "Maria Julia Meier Müller Bahnhofsstraße 1 12345 Stadt X E-Mail : maria.meier @ internet.de Au-pair-Agentur Schultz & Partner Regenstr .",
        "metadata": {
            "corpus": "MERLIN_DE"
        },
        "NP_info": {
            "len_np": 1,
            "coordination": [
                "1_9",
                "1_10",
                "1_11"
            ]
        },
        "HEAD_info": {
            "head": {
                "H_TOK1": {
                    "word_type": "N",
                    "word_form": "Au-pair-Agentur",
                    "lemma": "Au-pair-Agentur",
                    "POS_STTS": "NN",
                    "index": "15",
                    "dep_rel": "app",
                    "head_index": "14",
                    "parser_morph_features": "Fem|_|Sg"
                }
            },
            "super_head": {
                "SH_TOK1": {
                    "word_type": "FM",
                    "word_form": "internet.de",
                    "lemma": "internet.de",
                    "POS_STTS": "FM",
                    "index": "14",
                    "dep_rel": "app",
                    "head_index": "13",
                    "parser_morph_features": "Fem|_|Sg"
                }
            }
        },
        "POST_info": {},
        "TOK_info": {
            "TOK1": {
                "word_type": "N",
                "word_form": "Schultz",
                "lemma": "Schultz",
                "POS_STTS": "NE",
                "index": "16",
                "dep_rel": "app",
                "head_index": "15",
                "parser_morph_features": "Masc|_|_",
                "possible_morph_features": []
            }
        },
        "relations": {}
    },
    {
        "file_ID": "1023_0108766",
        "sent_NP_ID": "1_11",
        "sentence": "Maria Julia Meier Müller Bahnhofsstraße 1 12345 Stadt X E-Mail : maria.meier @ internet.de Au-pair-Agentur Schultz & Partner Regenstr .",
        "metadata": {
            "corpus": "MERLIN_DE"
        },
        "NP_info": {
            "len_np": 1,
            "coordination": [
                "1_9",
                "1_10",
                "1_11"
            ]
        },
        "HEAD_info": {
            "head": {
                "H_TOK1": {
                    "word_type": "KON",
                    "word_form": "&",
                    "lemma": "&",
                    "POS_STTS": "KON",
                    "index": "17",
                    "dep_rel": "kon",
                    "head_index": "16",
                    "parser_morph_features": "_"
                }
            },
            "super_head": {
                "SH_TOK1": {
                    "word_type": "N",
                    "word_form": "Schultz",
                    "lemma": "Schultz",
                    "POS_STTS": "NE",
                    "index": "16",
                    "dep_rel": "app",
                    "head_index": "15",
                    "parser_morph_features": "Masc|_|_"
                }
            }
        },
        "POST_info": {
            "P_TOK1": {
                "word_type": "N",
                "word_form": "Regenstr",
                "lemma": "Regenstr",
                "POS_STTS": "NE",
                "index": "19",
                "dep_rel": "app",
                "head_index": "18",
                "parser_morph_features": "Masc|_|_"
            }
        },
        "TOK_info": {
            "TOK1": {
                "word_type": "N",
                "word_form": "Partner",
                "lemma": "Partner",
                "POS_STTS": "NN",
                "index": "18",
                "dep_rel": "cj",
                "head_index": "17",
                "parser_morph_features": "Masc|_|_",
                "possible_morph_features": []
            }
        },
        "relations": {}
    },
    {
        "file_ID": "1023_0108766",
        "sent_NP_ID": "1_12",
        "sentence": "Maria Julia Meier Müller Bahnhofsstraße 1 12345 Stadt X E-Mail : maria.meier @ internet.de Au-pair-Agentur Schultz & Partner Regenstr .",
        "metadata": {
            "corpus": "MERLIN_DE"
        },
        "NP_info": {
            "len_np": 1,
            "coordination": null
        },
        "HEAD_info": {
            "head": {
                "H_TOK1": {
                    "word_type": "N",
                    "word_form": "Partner",
                    "lemma": "Partner",
                    "POS_STTS": "NN",
                    "index": "18",
                    "dep_rel": "cj",
                    "head_index": "17",
                    "parser_morph_features": "Masc|_|_"
                }
            },
            "super_head": {
                "SH_TOK1": {
                    "word_type": "KON",
                    "word_form": "&",
                    "lemma": "&",
                    "POS_STTS": "KON",
                    "index": "17",
                    "dep_rel": "kon",
                    "head_index": "16",
                    "parser_morph_features": "_"
                }
            }
        },
        "POST_info": {},
        "TOK_info": {
            "TOK1": {
                "word_type": "N",
                "word_form": "Regenstr",
                "lemma": "Regenstr",
                "POS_STTS": "NE",
                "index": "19",
                "dep_rel": "app",
                "head_index": "18",
                "parser_morph_features": "Masc|_|_",
                "possible_morph_features": []
            }
        },
        "relations": {}
    },
    {
        "file_ID": "1023_0108766",
        "sent_NP_ID": "2_13",
        "sentence": "101 90451 Nürnberg Tel .",
        "metadata": {
            "corpus": "MERLIN_DE"
        },
        "NP_info": {
            "len_np": 3,
            "coordination": null
        },
        "HEAD_info": {
            "head": {},
            "super_head": {}
        },
        "POST_info": {
            "P_TOK1": {
                "word_type": "N",
                "word_form": "Tel",
                "lemma": "Tel",
                "POS_STTS": "NE",
                "index": "4",
                "dep_rel": "app",
                "head_index": "3",
                "parser_morph_features": "_|_|Pl"
            }
        },
        "TOK_info": {
            "TOK1": {
                "word_type": "CARD",
                "word_form": "101",
                "lemma": "101",
                "POS_STTS": "CARD",
                "index": "1",
                "dep_rel": "attr",
                "head_index": "3",
                "parser_morph_features": "_",
                "possible_morph_features": []
            },
            "TOK2": {
                "word_type": "CARD",
                "word_form": "90451",
                "lemma": "90451",
                "POS_STTS": "CARD",
                "index": "2",
                "dep_rel": "attr",
                "head_index": "3",
                "parser_morph_features": "_",
                "possible_morph_features": []
            },
            "TOK3": {
                "word_type": "N",
                "word_form": "Nürnberg",
                "lemma": "Nürnberg",
                "POS_STTS": "NE",
                "index": "3",
                "dep_rel": "root",
                "head_index": "0",
                "parser_morph_features": "_|_|Pl",
                "possible_morph_features": []
            }
        },
        "relations": {}
    },
    {
        "file_ID": "1023_0108766",
        "sent_NP_ID": "2_14",
        "sentence": "101 90451 Nürnberg Tel .",
        "metadata": {
            "corpus": "MERLIN_DE"
        },
        "NP_info": {
            "len_np": 1,
            "coordination": null
        },
        "HEAD_info": {
            "head": {
                "H_TOK1": {
                    "word_type": "N",
                    "word_form": "Nürnberg",
                    "lemma": "Nürnberg",
                    "POS_STTS": "NE",
                    "index": "3",
                    "dep_rel": "root",
                    "head_index": "0",
                    "parser_morph_features": "_|_|Pl"
                }
            },
            "super_head": {}
        },
        "POST_info": {},
        "TOK_info": {
            "TOK1": {
                "word_type": "N",
                "word_form": "Tel",
                "lemma": "Tel",
                "POS_STTS": "NE",
                "index": "4",
                "dep_rel": "app",
                "head_index": "3",
                "parser_morph_features": "_|_|Pl",
                "possible_morph_features": []
            }
        },
        "relations": {}
    },
    {
        "file_ID": "1023_0108766",
        "sent_NP_ID": "3_15",
        "sentence": ": 0911 / 5544223 Fax : 0911 / 5544229 E-Mail : au-pair-schultz @ web.de Stadt X , 29.07.2011 Beschweren an die Au-pair-Agentur Schultz Sehr geehrte Damen und Herren , Ich habe Vierteljahr bei der Gastfamilie Schumacher in Deutschland gearbeiten .",
        "metadata": {
            "corpus": "MERLIN_DE"
        },
        "NP_info": {
            "len_np": 1,
            "coordination": null
        },
        "HEAD_info": {
            "head": {},
            "super_head": {}
        },
        "POST_info": {},
        "TOK_info": {
            "TOK1": {
                "word_type": "N",
                "word_form": "Fax",
                "lemma": "Fax",
                "POS_STTS": "NN",
                "index": "5",
                "dep_rel": "root",
                "head_index": "0",
                "parser_morph_features": "Neut|_|Sg",
                "possible_morph_features": []
            }
        },
        "relations": {}
    },
    {
        "file_ID": "1023_0108766",
        "sent_NP_ID": "3_16",
        "sentence": ": 0911 / 5544223 Fax : 0911 / 5544229 E-Mail : au-pair-schultz @ web.de Stadt X , 29.07.2011 Beschweren an die Au-pair-Agentur Schultz Sehr geehrte Damen und Herren , Ich habe Vierteljahr bei der Gastfamilie Schumacher in Deutschland gearbeiten .",
        "metadata": {
            "corpus": "MERLIN_DE"
        },
        "NP_info": {
            "len_np": 1,
            "coordination": null
        },
        "HEAD_info": {
            "head": {},
            "super_head": {}
        },
        "POST_info": {},
        "TOK_info": {
            "TOK1": {
                "word_type": "N",
                "word_form": "E-Mail",
                "lemma": "E-Mail",
                "POS_STTS": "NN",
                "index": "10",
                "dep_rel": "root",
                "head_index": "0",
                "parser_morph_features": "_|_|Sg",
                "possible_morph_features": []
            }
        },
        "relations": {}
    },
    {
        "file_ID": "1023_0108766",
        "sent_NP_ID": "3_17",
        "sentence": ": 0911 / 5544223 Fax : 0911 / 5544229 E-Mail : au-pair-schultz @ web.de Stadt X , 29.07.2011 Beschweren an die Au-pair-Agentur Schultz Sehr geehrte Damen und Herren , Ich habe Vierteljahr bei der Gastfamilie Schumacher in Deutschland gearbeiten .",
        "metadata": {
            "corpus": "MERLIN_DE"
        },
        "NP_info": {
            "len_np": 1,
            "coordination": null
        },
        "HEAD_info": {
            "head": {
                "H_TOK1": {
                    "word_type": "FM",
                    "word_form": "web.de",
                    "lemma": "web.de",
                    "POS_STTS": "FM",
                    "index": "14",
                    "dep_rel": "app",
                    "head_index": "13",
                    "parser_morph_features": "Fem|_|Sg"
                }
            },
            "super_head": {
                "SH_TOK1": {
                    "word_type": "FM",
                    "word_form": "@",
                    "lemma": "@",
                    "POS_STTS": "FM",
                    "index": "13",
                    "dep_rel": "app",
                    "head_index": "12",
                    "parser_morph_features": "Fem|_|Sg"
                }
            }
        },
        "POST_info": {
            "P_TOK1": {
                "word_type": "N",
                "word_form": "X",
                "lemma": "X",
                "POS_STTS": "NE",
                "index": "16",
                "dep_rel": "app",
                "head_index": "15",
                "parser_morph_features": "Fem|_|Sg"
            }
        },
        "TOK_info": {
            "TOK1": {
                "word_type": "N",
                "word_form": "Stadt",
                "lemma": "Stadt",
                "POS_STTS": "NN",
                "index": "15",
                "dep_rel": "app",
                "head_index": "14",
                "parser_morph_features": "Fem|_|Sg",
                "possible_morph_features": []
            }
        },
        "relations": {}
    },
    {
        "file_ID": "1023_0108766",
        "sent_NP_ID": "3_18",
        "sentence": ": 0911 / 5544223 Fax : 0911 / 5544229 E-Mail : au-pair-schultz @ web.de Stadt X , 29.07.2011 Beschweren an die Au-pair-Agentur Schultz Sehr geehrte Damen und Herren , Ich habe Vierteljahr bei der Gastfamilie Schumacher in Deutschland gearbeiten .",
        "metadata": {
            "corpus": "MERLIN_DE"
        },
        "NP_info": {
            "len_np": 1,
            "coordination": null
        },
        "HEAD_info": {
            "head": {
                "H_TOK1": {
                    "word_type": "N",
                    "word_form": "Stadt",
                    "lemma": "Stadt",
                    "POS_STTS": "NN",
                    "index": "15",
                    "dep_rel": "app",
                    "head_index": "14",
                    "parser_morph_features": "Fem|_|Sg"
                }
            },
            "super_head": {
                "SH_TOK1": {
                    "word_type": "FM",
                    "word_form": "web.de",
                    "lemma": "web.de",
                    "POS_STTS": "FM",
                    "index": "14",
                    "dep_rel": "app",
                    "head_index": "13",
                    "parser_morph_features": "Fem|_|Sg"
                }
            }
        },
        "POST_info": {},
        "TOK_info": {
            "TOK1": {
                "word_type": "N",
                "word_form": "X",
                "lemma": "X",
                "POS_STTS": "NE",
                "index": "16",
                "dep_rel": "app",
                "head_index": "15",
                "parser_morph_features": "Fem|_|Sg",
                "possible_morph_features": []
            }
        },
        "relations": {}
    },
    {
        "file_ID": "1023_0108766",
        "sent_NP_ID": "3_19",
        "sentence": ": 0911 / 5544223 Fax : 0911 / 5544229 E-Mail : au-pair-schultz @ web.de Stadt X , 29.07.2011 Beschweren an die Au-pair-Agentur Schultz Sehr geehrte Damen und Herren , Ich habe Vierteljahr bei der Gastfamilie Schumacher in Deutschland gearbeiten .",
        "metadata": {
            "corpus": "MERLIN_DE"
        },
        "NP_info": {
            "len_np": 1,
            "coordination": null
        },
        "HEAD_info": {
            "head": {},
            "super_head": {}
        },
        "POST_info": {
            "P_TOK1": {
                "word_type": "PREP",
                "word_form": "an",
                "lemma": "an",
                "POS_STTS": "APPR",
                "index": "20",
                "dep_rel": "pp",
                "head_index": "19",
                "parser_morph_features": "Acc"
            }
        },
        "TOK_info": {
            "TOK1": {
                "word_type": "N",
                "word_form": "Beschweren",
                "lemma": "Beschweren",
                "POS_STTS": "NN",
                "index": "19",
                "dep_rel": "root",
                "head_index": "0",
                "parser_morph_features": "Neut|_|Sg",
                "possible_morph_features": []
            }
        },
        "relations": {}
    },
    {
        "file_ID": "1023_0108766",
        "sent_NP_ID": "3_20",
        "sentence": ": 0911 / 5544223 Fax : 0911 / 5544229 E-Mail : au-pair-schultz @ web.de Stadt X , 29.07.2011 Beschweren an die Au-pair-Agentur Schultz Sehr geehrte Damen und Herren , Ich habe Vierteljahr bei der Gastfamilie Schumacher in Deutschland gearbeiten .",
        "metadata": {
            "corpus": "MERLIN_DE"
        },
        "NP_info": {
            "len_np": 2,
            "coordination": null
        },
        "HEAD_info": {
            "head": {
                "H_TOK1": {
                    "word_type": "PREP",
                    "word_form": "an",
                    "lemma": "an",
                    "POS_STTS": "APPR",
                    "index": "20",
                    "dep_rel": "pp",
                    "head_index": "19",
                    "parser_morph_features": "Acc"
                }
            },
            "super_head": {
                "SH_TOK1": {
                    "word_type": "N",
                    "word_form": "Beschweren",
                    "lemma": "Beschweren",
                    "POS_STTS": "NN",
                    "index": "19",
                    "dep_rel": "root",
                    "head_index": "0",
                    "parser_morph_features": "Neut|_|Sg"
                }
            }
        },
        "POST_info": {
            "P_TOK1": {
                "word_type": "N",
                "word_form": "Schultz",
                "lemma": "Schultz",
                "POS_STTS": "NE",
                "index": "23",
                "dep_rel": "app",
                "head_index": "22",
                "parser_morph_features": "Fem|Acc|Pl"
            }
        },
        "TOK_info": {
            "TOK1": {
                "word_type": "ART",
                "word_form": "die",
                "lemma": "die",
                "POS_STTS": "ART",
                "index": "21",
                "dep_rel": "det",
                "head_index": "22",
                "parser_morph_features": "Def|Fem|Acc|Sg",
                "possible_morph_features": []
            },
            "TOK2": {
                "word_type": "N",
                "word_form": "Au-pair-Agentur",
                "lemma": "Au-pair-Agentur",
                "POS_STTS": "NN",
                "index": "22",
                "dep_rel": "pn",
                "head_index": "20",
                "parser_morph_features": "Fem|Acc|Sg",
                "possible_morph_features": []
            }
        },
        "relations": {
            "rel_1": {
                "rel_type": "must_agree",
                "involved": [
                    "TOK2",
                    "TOK1"
                ],
                "ruler": "TOK2",
                "possible_agreement": null
            }
        }
    },
    {
        "file_ID": "1023_0108766",
        "sent_NP_ID": "3_21",
        "sentence": ": 0911 / 5544223 Fax : 0911 / 5544229 E-Mail : au-pair-schultz @ web.de Stadt X , 29.07.2011 Beschweren an die Au-pair-Agentur Schultz Sehr geehrte Damen und Herren , Ich habe Vierteljahr bei der Gastfamilie Schumacher in Deutschland gearbeiten .",
        "metadata": {
            "corpus": "MERLIN_DE"
        },
        "NP_info": {
            "len_np": 1,
            "coordination": [
                "3_21",
                "3_22",
                "3_23"
            ]
        },
        "HEAD_info": {
            "head": {
                "H_TOK1": {
                    "word_type": "N",
                    "word_form": "Au-pair-Agentur",
                    "lemma": "Au-pair-Agentur",
                    "POS_STTS": "NN",
                    "index": "22",
                    "dep_rel": "pn",
                    "head_index": "20",
                    "parser_morph_features": "Fem|Acc|Sg"
                }
            },
            "super_head": {
                "SH_TOK1": {
                    "word_type": "PREP",
                    "word_form": "an",
                    "lemma": "an",
                    "POS_STTS": "APPR",
                    "index": "20",
                    "dep_rel": "pp",
                    "head_index": "19",
                    "parser_morph_features": "Acc"
                }
            }
        },
        "POST_info": {
            "P_TOK1": {
                "word_type": "N",
                "word_form": "Damen",
                "lemma": "Dame",
                "POS_STTS": "NN",
                "index": "26",
                "dep_rel": "app",
                "head_index": "23",
                "parser_morph_features": "Fem|Acc|Pl"
            }
        },
        "TOK_info": {
            "TOK1": {
                "word_type": "N",
                "word_form": "Schultz",
                "lemma": "Schultz",
                "POS_STTS": "NE",
                "index": "23",
                "dep_rel": "app",
                "head_index": "22",
                "parser_morph_features": "Fem|Acc|Pl",
                "possible_morph_features": []
            }
        },
        "relations": {}
    },
    {
        "file_ID": "1023_0108766",
        "sent_NP_ID": "3_22",
        "sentence": ": 0911 / 5544223 Fax : 0911 / 5544229 E-Mail : au-pair-schultz @ web.de Stadt X , 29.07.2011 Beschweren an die Au-pair-Agentur Schultz Sehr geehrte Damen und Herren , Ich habe Vierteljahr bei der Gastfamilie Schumacher in Deutschland gearbeiten .",
        "metadata": {
            "corpus": "MERLIN_DE"
        },
        "NP_info": {
            "len_np": 3,
            "coordination": [
                "3_21",
                "3_22",
                "3_23"
            ]
        },
        "HEAD_info": {
            "head": {
                "H_TOK1": {
                    "word_type": "N",
                    "word_form": "Schultz",
                    "lemma": "Schultz",
                    "POS_STTS": "NE",
                    "index": "23",
                    "dep_rel": "app",
                    "head_index": "22",
                    "parser_morph_features": "Fem|Acc|Pl"
                }
            },
            "super_head": {
                "SH_TOK1": {
                    "word_type": "N",
                    "word_form": "Au-pair-Agentur",
                    "lemma": "Au-pair-Agentur",
                    "POS_STTS": "NN",
                    "index": "22",
                    "dep_rel": "pn",
                    "head_index": "20",
                    "parser_morph_features": "Fem|Acc|Sg"
                }
            }
        },
        "POST_info": {},
        "TOK_info": {
            "TOK1": {
                "word_type": "ADV",
                "word_form": "Sehr",
                "lemma": "sehr",
                "POS_STTS": "ADV",
                "index": "24",
                "dep_rel": "adv",
                "head_index": "25",
                "parser_morph_features": "_",
                "possible_morph_features": []
            },
            "TOK2": {
                "word_type": "ADJA",
                "word_form": "geehrte",
                "lemma": "geehrt",
                "POS_STTS": "ADJA",
                "index": "25",
                "dep_rel": "attr",
                "head_index": "26",
                "parser_morph_features": "Pos|Fem|Acc|Pl|St|",
                "possible_morph_features": []
            },
            "TOK3": {
                "word_type": "N",
                "word_form": "Damen",
                "lemma": "Dame",
                "POS_STTS": "NN",
                "index": "26",
                "dep_rel": "app",
                "head_index": "23",
                "parser_morph_features": "Fem|Acc|Pl",
                "possible_morph_features": []
            }
        },
        "relations": {
            "rel_1": {
                "rel_type": "must_agree",
                "involved": [
                    "TOK3",
                    "TOK2"
                ],
                "ruler": "TOK3",
                "possible_agreement": null
            }
        }
    },
    {
        "file_ID": "1023_0108766",
        "sent_NP_ID": "3_23",
        "sentence": ": 0911 / 5544223 Fax : 0911 / 5544229 E-Mail : au-pair-schultz @ web.de Stadt X , 29.07.2011 Beschweren an die Au-pair-Agentur Schultz Sehr geehrte Damen und Herren , Ich habe Vierteljahr bei der Gastfamilie Schumacher in Deutschland gearbeiten .",
        "metadata": {
            "corpus": "MERLIN_DE"
        },
        "NP_info": {
            "len_np": 1,
            "coordination": [
                "3_21",
                "3_22",
                "3_23"
            ]
        },
        "HEAD_info": {
            "head": {
                "H_TOK1": {
                    "word_type": "KON",
                    "word_form": "und",
                    "lemma": "und",
                    "POS_STTS": "KON",
                    "index": "27",
                    "dep_rel": "kon",
                    "head_index": "26",
                    "parser_morph_features": "_"
                }
            },
            "super_head": {
                "SH_TOK1": {
                    "word_type": "N",
                    "word_form": "Damen",
                    "lemma": "Dame",
                    "POS_STTS": "NN",
                    "index": "26",
                    "dep_rel": "app",
                    "head_index": "23",
                    "parser_morph_features": "Fem|Acc|Pl"
                }
            }
        },
        "POST_info": {},
        "TOK_info": {
            "TOK1": {
                "word_type": "N",
                "word_form": "Herren",
                "lemma": "Herr",
                "POS_STTS": "NN",
                "index": "28",
                "dep_rel": "cj",
                "head_index": "27",
                "parser_morph_features": "Masc|Acc|_",
                "possible_morph_features": []
            }
        },
        "relations": {}
    },
    {
        "file_ID": "1023_0108766",
        "sent_NP_ID": "3_24",
        "sentence": ": 0911 / 5544223 Fax : 0911 / 5544229 E-Mail : au-pair-schultz @ web.de Stadt X , 29.07.2011 Beschweren an die Au-pair-Agentur Schultz Sehr geehrte Damen und Herren , Ich habe Vierteljahr bei der Gastfamilie Schumacher in Deutschland gearbeiten .",
        "metadata": {
            "corpus": "MERLIN_DE"
        },
        "NP_info": {
            "len_np": 1,
            "coordination": null
        },
        "HEAD_info": {
            "head": {
                "H_TOK1": {
                    "word_type": "V",
                    "word_form": "habe",
                    "lemma": "haben",
                    "POS_STTS": "VAFIN",
                    "index": "31",
                    "dep_rel": "root",
                    "head_index": "0",
                    "parser_morph_features": "1|Sg|Pres|_"
                }
            },
            "super_head": {}
        },
        "POST_info": {},
        "TOK_info": {
            "TOK1": {
                "word_type": "N",
                "word_form": "Vierteljahr",
                "lemma": "Vierteljahr",
                "POS_STTS": "NN",
                "index": "32",
                "dep_rel": "obja",
                "head_index": "31",
                "parser_morph_features": "Neut|Acc|Sg",
                "possible_morph_features": []
            }
        },
        "relations": {}
    },
    {
        "file_ID": "1023_0108766",
        "sent_NP_ID": "3_25",
        "sentence": ": 0911 / 5544223 Fax : 0911 / 5544229 E-Mail : au-pair-schultz @ web.de Stadt X , 29.07.2011 Beschweren an die Au-pair-Agentur Schultz Sehr geehrte Damen und Herren , Ich habe Vierteljahr bei der Gastfamilie Schumacher in Deutschland gearbeiten .",
        "metadata": {
            "corpus": "MERLIN_DE"
        },
        "NP_info": {
            "len_np": 2,
            "coordination": null
        },
        "HEAD_info": {
            "head": {
                "H_TOK1": {
                    "word_type": "PREP",
                    "word_form": "bei",
                    "lemma": "bei",
                    "POS_STTS": "APPR",
                    "index": "33",
                    "dep_rel": "pp",
                    "head_index": "31",
                    "parser_morph_features": "Dat"
                }
            },
            "super_head": {
                "SH_TOK1": {
                    "word_type": "V",
                    "word_form": "habe",
                    "lemma": "haben",
                    "POS_STTS": "VAFIN",
                    "index": "31",
                    "dep_rel": "root",
                    "head_index": "0",
                    "parser_morph_features": "1|Sg|Pres|_"
                }
            }
        },
        "POST_info": {
            "P_TOK1": {
                "word_type": "N",
                "word_form": "Schumacher",
                "lemma": "Schumacher",
                "POS_STTS": "NE",
                "index": "36",
                "dep_rel": "app",
                "head_index": "35",
                "parser_morph_features": "_|Dat|Sg"
            }
        },
        "TOK_info": {
            "TOK1": {
                "word_type": "ART",
                "word_form": "der",
                "lemma": "die",
                "POS_STTS": "ART",
                "index": "34",
                "dep_rel": "det",
                "head_index": "35",
                "parser_morph_features": "Def|Fem|Dat|Sg",
                "possible_morph_features": []
            },
            "TOK2": {
                "word_type": "N",
                "word_form": "Gastfamilie",
                "lemma": "Gastfamilie",
                "POS_STTS": "NN",
                "index": "35",
                "dep_rel": "pn",
                "head_index": "33",
                "parser_morph_features": "Fem|Dat|Sg",
                "possible_morph_features": []
            }
        },
        "relations": {
            "rel_1": {
                "rel_type": "must_agree",
                "involved": [
                    "TOK2",
                    "TOK1"
                ],
                "ruler": "TOK2",
                "possible_agreement": null
            }
        }
    },
    {
        "file_ID": "1023_0108766",
        "sent_NP_ID": "3_26",
        "sentence": ": 0911 / 5544223 Fax : 0911 / 5544229 E-Mail : au-pair-schultz @ web.de Stadt X , 29.07.2011 Beschweren an die Au-pair-Agentur Schultz Sehr geehrte Damen und Herren , Ich habe Vierteljahr bei der Gastfamilie Schumacher in Deutschland gearbeiten .",
        "metadata": {
            "corpus": "MERLIN_DE"
        },
        "NP_info": {
            "len_np": 1,
            "coordination": null
        },
        "HEAD_info": {
            "head": {
                "H_TOK1": {
                    "word_type": "N",
                    "word_form": "Gastfamilie",
                    "lemma": "Gastfamilie",
                    "POS_STTS": "NN",
                    "index": "35",
                    "dep_rel": "pn",
                    "head_index": "33",
                    "parser_morph_features": "Fem|Dat|Sg"
                }
            },
            "super_head": {
                "SH_TOK1": {
                    "word_type": "PREP",
                    "word_form": "bei",
                    "lemma": "bei",
                    "POS_STTS": "APPR",
                    "index": "33",
                    "dep_rel": "pp",
                    "head_index": "31",
                    "parser_morph_features": "Dat"
                }
            }
        },
        "POST_info": {},
        "TOK_info": {
            "TOK1": {
                "word_type": "N",
                "word_form": "Schumacher",
                "lemma": "Schumacher",
                "POS_STTS": "NE",
                "index": "36",
                "dep_rel": "app",
                "head_index": "35",
                "parser_morph_features": "_|Dat|Sg",
                "possible_morph_features": []
            }
        },
        "relations": {}
    },
    {
        "file_ID": "1023_0108766",
        "sent_NP_ID": "3_27",
        "sentence": ": 0911 / 5544223 Fax : 0911 / 5544229 E-Mail : au-pair-schultz @ web.de Stadt X , 29.07.2011 Beschweren an die Au-pair-Agentur Schultz Sehr geehrte Damen und Herren , Ich habe Vierteljahr bei der Gastfamilie Schumacher in Deutschland gearbeiten .",
        "metadata": {
            "corpus": "MERLIN_DE"
        },
        "NP_info": {
            "len_np": 1,
            "coordination": null
        },
        "HEAD_info": {
            "head": {
                "H_TOK1": {
                    "word_type": "PREP",
                    "word_form": "in",
                    "lemma": "in",
                    "POS_STTS": "APPR",
                    "index": "37",
                    "dep_rel": "pp",
                    "head_index": "31",
                    "parser_morph_features": "_"
                }
            },
            "super_head": {
                "SH_TOK1": {
                    "word_type": "V",
                    "word_form": "habe",
                    "lemma": "haben",
                    "POS_STTS": "VAFIN",
                    "index": "31",
                    "dep_rel": "root",
                    "head_index": "0",
                    "parser_morph_features": "1|Sg|Pres|_"
                }
            }
        },
        "POST_info": {
            "P_TOK1": {
                "word_type": "N",
                "word_form": "gearbeiten",
                "lemma": "gearbeiten",
                "POS_STTS": "NE",
                "index": "39",
                "dep_rel": "app",
                "head_index": "38",
                "parser_morph_features": "_|_|_"
            }
        },
        "TOK_info": {
            "TOK1": {
                "word_type": "N",
                "word_form": "Deutschland",
                "lemma": "Deutschland",
                "POS_STTS": "NE",
                "index": "38",
                "dep_rel": "pn",
                "head_index": "37",
                "parser_morph_features": "_|_|_",
                "possible_morph_features": []
            }
        },
        "relations": {}
    },
    {
        "file_ID": "1023_0108766",
        "sent_NP_ID": "3_28",
        "sentence": ": 0911 / 5544223 Fax : 0911 / 5544229 E-Mail : au-pair-schultz @ web.de Stadt X , 29.07.2011 Beschweren an die Au-pair-Agentur Schultz Sehr geehrte Damen und Herren , Ich habe Vierteljahr bei der Gastfamilie Schumacher in Deutschland gearbeiten .",
        "metadata": {
            "corpus": "MERLIN_DE"
        },
        "NP_info": {
            "len_np": 1,
            "coordination": null
        },
        "HEAD_info": {
            "head": {
                "H_TOK1": {
                    "word_type": "N",
                    "word_form": "Deutschland",
                    "lemma": "Deutschland",
                    "POS_STTS": "NE",
                    "index": "38",
                    "dep_rel": "pn",
                    "head_index": "37",
                    "parser_morph_features": "_|_|_"
                }
            },
            "super_head": {
                "SH_TOK1": {
                    "word_type": "PREP",
                    "word_form": "in",
                    "lemma": "in",
                    "POS_STTS": "APPR",
                    "index": "37",
                    "dep_rel": "pp",
                    "head_index": "31",
                    "parser_morph_features": "_"
                }
            }
        },
        "POST_info": {},
        "TOK_info": {
            "TOK1": {
                "word_type": "N",
                "word_form": "gearbeiten",
                "lemma": "gearbeiten",
                "POS_STTS": "NE",
                "index": "39",
                "dep_rel": "app",
                "head_index": "38",
                "parser_morph_features": "_|_|_",
                "possible_morph_features": []
            }
        },
        "relations": {}
    },
    {
        "file_ID": "1023_0108766",
        "sent_NP_ID": "6_29",
        "sentence": "Die Situacion in meiner Gastfamilie war sehr kompliziert , weil die Kinder und ich nicht gut verstehen können und für meiner Gastvater alles was ich mache in unordnung ist .",
        "metadata": {
            "corpus": "MERLIN_DE"
        },
        "NP_info": {
            "len_np": 2,
            "coordination": null
        },
        "HEAD_info": {
            "head": {
                "H_TOK1": {
                    "word_type": "V",
                    "word_form": "war",
                    "lemma": "sein",
                    "POS_STTS": "VAFIN",
                    "index": "6",
                    "dep_rel": "root",
                    "head_index": "0",
                    "parser_morph_features": "3|Sg|Past|Ind"
                }
            },
            "super_head": {}
        },
        "POST_info": {
            "P_TOK1": {
                "word_type": "PREP",
                "word_form": "in",
                "lemma": "in",
                "POS_STTS": "APPR",
                "index": "3",
                "dep_rel": "pp",
                "head_index": "2",
                "parser_morph_features": "Dat"
            }
        },
        "TOK_info": {
            "TOK1": {
                "word_type": "ART",
                "word_form": "Die",
                "lemma": "die",
                "POS_STTS": "ART",
                "index": "1",
                "dep_rel": "det",
                "head_index": "2",
                "parser_morph_features": "Def|Fem|Nom|Sg",
                "possible_morph_features": []
            },
            "TOK2": {
                "word_type": "N",
                "word_form": "Situacion",
                "lemma": "Situacion",
                "POS_STTS": "NN",
                "index": "2",
                "dep_rel": "subj",
                "head_index": "6",
                "parser_morph_features": "Fem|Nom|Sg",
                "possible_morph_features": []
            }
        },
        "relations": {
            "rel_1": {
                "rel_type": "must_agree",
                "involved": [
                    "TOK2",
                    "TOK1"
                ],
                "ruler": "TOK2",
                "possible_agreement": null
            }
        }
    },
    {
        "file_ID": "1023_0108766",
        "sent_NP_ID": "6_30",
        "sentence": "Die Situacion in meiner Gastfamilie war sehr kompliziert , weil die Kinder und ich nicht gut verstehen können und für meiner Gastvater alles was ich mache in unordnung ist .",
        "metadata": {
            "corpus": "MERLIN_DE"
        },
        "NP_info": {
            "len_np": 2,
            "coordination": null
        },
        "HEAD_info": {
            "head": {
                "H_TOK1": {
                    "word_type": "PREP",
                    "word_form": "in",
                    "lemma": "in",
                    "POS_STTS": "APPR",
                    "index": "3",
                    "dep_rel": "pp",
                    "head_index": "2",
                    "parser_morph_features": "Dat"
                }
            },
            "super_head": {
                "SH_TOK1": {
                    "word_type": "N",
                    "word_form": "Situacion",
                    "lemma": "Situacion",
                    "POS_STTS": "NN",
                    "index": "2",
                    "dep_rel": "subj",
                    "head_index": "6",
                    "parser_morph_features": "Fem|Nom|Sg"
                }
            }
        },
        "POST_info": {},
        "TOK_info": {
            "TOK1": {
                "word_type": "ART",
                "word_form": "meiner",
                "lemma": "meine",
                "POS_STTS": "PPOSAT",
                "index": "4",
                "dep_rel": "det",
                "head_index": "5",
                "parser_morph_features": "Fem|Dat|Sg",
                "possible_morph_features": []
            },
            "TOK2": {
                "word_type": "N",
                "word_form": "Gastfamilie",
                "lemma": "Gastfamilie",
                "POS_STTS": "NN",
                "index": "5",
                "dep_rel": "pn",
                "head_index": "3",
                "parser_morph_features": "Fem|Dat|Sg",
                "possible_morph_features": []
            }
        },
        "relations": {
            "rel_1": {
                "rel_type": "must_agree",
                "involved": [
                    "TOK2",
                    "TOK1"
                ],
                "ruler": "TOK2",
                "possible_agreement": null
            }
        }
    },
    {
        "file_ID": "1023_0108766",
        "sent_NP_ID": "6_31",
        "sentence": "Die Situacion in meiner Gastfamilie war sehr kompliziert , weil die Kinder und ich nicht gut verstehen können und für meiner Gastvater alles was ich mache in unordnung ist .",
        "metadata": {
            "corpus": "MERLIN_DE"
        },
        "NP_info": {
            "len_np": 2,
            "coordination": null
        },
        "HEAD_info": {
            "head": {
                "H_TOK1": {
                    "word_type": "V",
                    "word_form": "können",
                    "lemma": "können",
                    "POS_STTS": "VMFIN",
                    "index": "18",
                    "dep_rel": "neb",
                    "head_index": "6",
                    "parser_morph_features": "3|Pl|Pres|_"
                }
            },
            "super_head": {
                "SH_TOK1": {
                    "word_type": "V",
                    "word_form": "war",
                    "lemma": "sein",
                    "POS_STTS": "VAFIN",
                    "index": "6",
                    "dep_rel": "root",
                    "head_index": "0",
                    "parser_morph_features": "3|Sg|Past|Ind"
                }
            }
        },
        "POST_info": {},
        "TOK_info": {
            "TOK1": {
                "word_type": "ART",
                "word_form": "die",
                "lemma": "die",
                "POS_STTS": "ART",
                "index": "11",
                "dep_rel": "det",
                "head_index": "12",
                "parser_morph_features": "Def|Neut|Nom|Pl",
                "possible_morph_features": []
            },
            "TOK2": {
                "word_type": "N",
                "word_form": "Kinder",
                "lemma": "Kind",
                "POS_STTS": "NN",
                "index": "12",
                "dep_rel": "subj",
                "head_index": "18",
                "parser_morph_features": "Neut|Nom|Pl",
                "possible_morph_features": []
            }
        },
        "relations": {
            "rel_1": {
                "rel_type": "must_agree",
                "involved": [
                    "TOK2",
                    "TOK1"
                ],
                "ruler": "TOK2",
                "possible_agreement": null
            }
        }
    },
    {
        "file_ID": "1023_0108766",
        "sent_NP_ID": "6_32",
        "sentence": "Die Situacion in meiner Gastfamilie war sehr kompliziert , weil die Kinder und ich nicht gut verstehen können und für meiner Gastvater alles was ich mache in unordnung ist .",
        "metadata": {
            "corpus": "MERLIN_DE"
        },
        "NP_info": {
            "len_np": 2,
            "coordination": null
        },
        "HEAD_info": {
            "head": {
                "H_TOK1": {
                    "word_type": "PREP",
                    "word_form": "für",
                    "lemma": "für",
                    "POS_STTS": "APPR",
                    "index": "20",
                    "dep_rel": "pp",
                    "head_index": "29",
                    "parser_morph_features": "Acc"
                }
            },
            "super_head": {
                "SH_TOK1": {
                    "word_type": "V",
                    "word_form": "ist",
                    "lemma": "sein",
                    "POS_STTS": "VAFIN",
                    "index": "29",
                    "dep_rel": "cj",
                    "head_index": "19",
                    "parser_morph_features": "3|Sg|Pres|Ind"
                }
            }
        },
        "POST_info": {
            "P_TOK1": {
                "word_type": "PRO",
                "word_form": "alles",
                "lemma": "alle",
                "POS_STTS": "PIS",
                "index": "23",
                "dep_rel": "app",
                "head_index": "22",
                "parser_morph_features": "_|Gen|Sg"
            }
        },
        "TOK_info": {
            "TOK1": {
                "word_type": "ART",
                "word_form": "meiner",
                "lemma": "meine",
                "POS_STTS": "PPOSAT",
                "index": "21",
                "dep_rel": "det",
                "head_index": "22",
                "parser_morph_features": "_|_|_",
                "possible_morph_features": []
            },
            "TOK2": {
                "word_type": "N",
                "word_form": "Gastvater",
                "lemma": "Gastvater",
                "POS_STTS": "NN",
                "index": "22",
                "dep_rel": "pn",
                "head_index": "20",
                "parser_morph_features": "_|_|_",
                "possible_morph_features": []
            }
        },
        "relations": {
            "rel_1": {
                "rel_type": "must_agree",
                "involved": [
                    "TOK2",
                    "TOK1"
                ],
                "ruler": "TOK2",
                "possible_agreement": null
            }
        }
    },
    {
        "file_ID": "1023_0108766",
        "sent_NP_ID": "6_33",
        "sentence": "Die Situacion in meiner Gastfamilie war sehr kompliziert , weil die Kinder und ich nicht gut verstehen können und für meiner Gastvater alles was ich mache in unordnung ist .",
        "metadata": {
            "corpus": "MERLIN_DE"
        },
        "NP_info": {
            "len_np": 1,
            "coordination": null
        },
        "HEAD_info": {
            "head": {
                "H_TOK1": {
                    "word_type": "PREP",
                    "word_form": "in",
                    "lemma": "in",
                    "POS_STTS": "APPR",
                    "index": "27",
                    "dep_rel": "pp",
                    "head_index": "26",
                    "parser_morph_features": "_"
                }
            },
            "super_head": {
                "SH_TOK1": {
                    "word_type": "V",
                    "word_form": "mache",
                    "lemma": "machen",
                    "POS_STTS": "VVFIN",
                    "index": "26",
                    "dep_rel": "objc",
                    "head_index": "29",
                    "parser_morph_features": "1|Sg|Pres|_"
                }
            }
        },
        "POST_info": {},
        "TOK_info": {
            "TOK1": {
                "word_type": "N",
                "word_form": "unordnung",
                "lemma": "unordnung",
                "POS_STTS": "NE",
                "index": "28",
                "dep_rel": "pn",
                "head_index": "27",
                "parser_morph_features": "_|_|_",
                "possible_morph_features": []
            }
        },
        "relations": {}
    },
    {
        "file_ID": "1023_0108766",
        "sent_NP_ID": "7_34",
        "sentence": "Ich möchte gerne eine gute Betreuung durch die Agentur bekommen , denn ich bis jetzt keiner Weise den Vertragsbedingungen habe .",
        "metadata": {
            "corpus": "MERLIN_DE"
        },
        "NP_info": {
            "len_np": 3,
            "coordination": null
        },
        "HEAD_info": {
            "head": {
                "H_TOK1": {
                    "word_type": "V",
                    "word_form": "bekommen",
                    "lemma": "bekommen",
                    "POS_STTS": "VVINF",
                    "index": "10",
                    "dep_rel": "aux",
                    "head_index": "2",
                    "parser_morph_features": "_"
                }
            },
            "super_head": {
                "SH_TOK1": {
                    "word_type": "V",
                    "word_form": "möchte",
                    "lemma": "mögen",
                    "POS_STTS": "VMFIN",
                    "index": "2",
                    "dep_rel": "root",
                    "head_index": "0",
                    "parser_morph_features": "1|Sg|Past|Subj"
                }
            }
        },
        "POST_info": {},
        "TOK_info": {
            "TOK1": {
                "word_type": "ART",
                "word_form": "eine",
                "lemma": "eine",
                "POS_STTS": "ART",
                "index": "4",
                "dep_rel": "det",
                "head_index": "6",
                "parser_morph_features": "Indef|Fem|Acc|Sg",
                "possible_morph_features": []
            },
            "TOK2": {
                "word_type": "ADJA",
                "word_form": "gute",
                "lemma": "gut",
                "POS_STTS": "ADJA",
                "index": "5",
                "dep_rel": "attr",
                "head_index": "6",
                "parser_morph_features": "Pos|Fem|Acc|Sg|_|",
                "possible_morph_features": []
            },
            "TOK3": {
                "word_type": "N",
                "word_form": "Betreuung",
                "lemma": "Betreuung",
                "POS_STTS": "NN",
                "index": "6",
                "dep_rel": "obja",
                "head_index": "10",
                "parser_morph_features": "Fem|Acc|Sg",
                "possible_morph_features": []
            }
        },
        "relations": {
            "rel_1": {
                "rel_type": "must_agree",
                "involved": [
                    "TOK1",
                    "TOK2"
                ],
                "ruler": null,
                "possible_agreement": null
            },
            "rel_2": {
                "rel_type": "must_agree",
                "involved": [
                    "TOK3",
                    "TOK1"
                ],
                "ruler": "TOK3",
                "possible_agreement": null
            },
            "rel_3": {
                "rel_type": "must_agree",
                "involved": [
                    "TOK3",
                    "TOK2"
                ],
                "ruler": "TOK3",
                "possible_agreement": null
            }
        }
    },
    {
        "file_ID": "1023_0108766",
        "sent_NP_ID": "7_35",
        "sentence": "Ich möchte gerne eine gute Betreuung durch die Agentur bekommen , denn ich bis jetzt keiner Weise den Vertragsbedingungen habe .",
        "metadata": {
            "corpus": "MERLIN_DE"
        },
        "NP_info": {
            "len_np": 2,
            "coordination": null
        },
        "HEAD_info": {
            "head": {
                "H_TOK1": {
                    "word_type": "PREP",
                    "word_form": "durch",
                    "lemma": "durch",
                    "POS_STTS": "APPR",
                    "index": "7",
                    "dep_rel": "pp",
                    "head_index": "10",
                    "parser_morph_features": "Acc"
                }
            },
            "super_head": {
                "SH_TOK1": {
                    "word_type": "V",
                    "word_form": "bekommen",
                    "lemma": "bekommen",
                    "POS_STTS": "VVINF",
                    "index": "10",
                    "dep_rel": "aux",
                    "head_index": "2",
                    "parser_morph_features": "_"
                }
            }
        },
        "POST_info": {},
        "TOK_info": {
            "TOK1": {
                "word_type": "ART",
                "word_form": "die",
                "lemma": "die",
                "POS_STTS": "ART",
                "index": "8",
                "dep_rel": "det",
                "head_index": "9",
                "parser_morph_features": "Def|Fem|Acc|Sg",
                "possible_morph_features": []
            },
            "TOK2": {
                "word_type": "N",
                "word_form": "Agentur",
                "lemma": "Agentur",
                "POS_STTS": "NN",
                "index": "9",
                "dep_rel": "pn",
                "head_index": "7",
                "parser_morph_features": "Fem|Acc|Sg",
                "possible_morph_features": []
            }
        },
        "relations": {
            "rel_1": {
                "rel_type": "must_agree",
                "involved": [
                    "TOK2",
                    "TOK1"
                ],
                "ruler": "TOK2",
                "possible_agreement": null
            }
        }
    },
    {
        "file_ID": "1023_0108766",
        "sent_NP_ID": "7_36",
        "sentence": "Ich möchte gerne eine gute Betreuung durch die Agentur bekommen , denn ich bis jetzt keiner Weise den Vertragsbedingungen habe .",
        "metadata": {
            "corpus": "MERLIN_DE"
        },
        "NP_info": {
            "len_np": 2,
            "coordination": null
        },
        "HEAD_info": {
            "head": {
                "H_TOK1": {
                    "word_type": "PREP",
                    "word_form": "bis",
                    "lemma": "bis",
                    "POS_STTS": "APPR",
                    "index": "14",
                    "dep_rel": "pp",
                    "head_index": "19",
                    "parser_morph_features": "Acc"
                }
            },
            "super_head": {
                "SH_TOK1": {
                    "word_type": "N",
                    "word_form": "Vertragsbedingungen",
                    "lemma": "Vertragsbedingung",
                    "POS_STTS": "NN",
                    "index": "19",
                    "dep_rel": "objd",
                    "head_index": "20",
                    "parser_morph_features": "Fem|Dat|Pl"
                }
            }
        },
        "POST_info": {},
        "TOK_info": {
            "TOK1": {
                "word_type": "ART",
                "word_form": "keiner",
                "lemma": "keine",
                "POS_STTS": "PIAT",
                "index": "16",
                "dep_rel": "det",
                "head_index": "17",
                "parser_morph_features": "Fem|_|Sg",
                "possible_morph_features": []
            },
            "TOK2": {
                "word_type": "N",
                "word_form": "Weise",
                "lemma": "Weise",
                "POS_STTS": "NN",
                "index": "17",
                "dep_rel": "pn",
                "head_index": "14",
                "parser_morph_features": "Fem|_|Sg",
                "possible_morph_features": []
            }
        },
        "relations": {
            "rel_1": {
                "rel_type": "must_agree",
                "involved": [
                    "TOK2",
                    "TOK1"
                ],
                "ruler": "TOK2",
                "possible_agreement": null
            }
        }
    },
    {
        "file_ID": "1023_0108766",
        "sent_NP_ID": "7_37",
        "sentence": "Ich möchte gerne eine gute Betreuung durch die Agentur bekommen , denn ich bis jetzt keiner Weise den Vertragsbedingungen habe .",
        "metadata": {
            "corpus": "MERLIN_DE"
        },
        "NP_info": {
            "len_np": 3,
            "coordination": null
        },
        "HEAD_info": {
            "head": {
                "H_TOK1": {
                    "word_type": "V",
                    "word_form": "habe",
                    "lemma": "haben",
                    "POS_STTS": "VAFIN",
                    "index": "20",
                    "dep_rel": "root",
                    "head_index": "0",
                    "parser_morph_features": "_|Sg|Pres|_"
                }
            },
            "super_head": {}
        },
        "POST_info": {},
        "TOK_info": {
            "TOK1": {
                "word_type": "PREP",
                "word_form": "bis",
                "lemma": "bis",
                "POS_STTS": "APPR",
                "index": "14",
                "dep_rel": "pp",
                "head_index": "19",
                "parser_morph_features": "Acc",
                "possible_morph_features": []
            },
            "TOK2": {
                "word_type": "ART",
                "word_form": "den",
                "lemma": "die",
                "POS_STTS": "ART",
                "index": "18",
                "dep_rel": "det",
                "head_index": "19",
                "parser_morph_features": "Def|Fem|Dat|Pl",
                "possible_morph_features": []
            },
            "TOK3": {
                "word_type": "N",
                "word_form": "Vertragsbedingungen",
                "lemma": "Vertragsbedingung",
                "POS_STTS": "NN",
                "index": "19",
                "dep_rel": "objd",
                "head_index": "20",
                "parser_morph_features": "Fem|Dat|Pl",
                "possible_morph_features": []
            }
        },
        "relations": {
            "rel_1": {
                "rel_type": "must_agree",
                "involved": [
                    "TOK3",
                    "TOK2"
                ],
                "ruler": "TOK3",
                "possible_agreement": null
            }
        }
    },
    {
        "file_ID": "1023_0108766",
        "sent_NP_ID": "8_38",
        "sentence": "Ich finde ein paar Sache nicht in Ordnung und möchte alles richtig erklären , dass liegt daran , dass nicht alles das in meiner Vertrag stetht stimmt war .",
        "metadata": {
            "corpus": "MERLIN_DE"
        },
        "NP_info": {
            "len_np": 3,
            "coordination": null
        },
        "HEAD_info": {
            "head": {
                "H_TOK1": {
                    "word_type": "V",
                    "word_form": "finde",
                    "lemma": "finden",
                    "POS_STTS": "VVFIN",
                    "index": "2",
                    "dep_rel": "root",
                    "head_index": "0",
                    "parser_morph_features": "1|Sg|Pres|_"
                }
            },
            "super_head": {}
        },
        "POST_info": {},
        "TOK_info": {
            "TOK1": {
                "word_type": "ART",
                "word_form": "ein",
                "lemma": "eine",
                "POS_STTS": "ART",
                "index": "3",
                "dep_rel": "det",
                "head_index": "5",
                "parser_morph_features": "Indef|_|_|Sg",
                "possible_morph_features": []
            },
            "TOK2": {
                "word_type": "ART",
                "word_form": "paar",
                "lemma": "paar",
                "POS_STTS": "PIDAT",
                "index": "4",
                "dep_rel": "attr",
                "head_index": "5",
                "parser_morph_features": "Fem|Acc|Sg",
                "possible_morph_features": []
            },
            "TOK3": {
                "word_type": "N",
                "word_form": "Sache",
                "lemma": "Sache",
                "POS_STTS": "NN",
                "index": "5",
                "dep_rel": "obja",
                "head_index": "2",
                "parser_morph_features": "Fem|Acc|Sg",
                "possible_morph_features": []
            }
        },
        "relations": {
            "rel_1": {
                "rel_type": "must_agree",
                "involved": [
                    "TOK1",
                    "TOK2"
                ],
                "ruler": null,
                "possible_agreement": null
            },
            "rel_2": {
                "rel_type": "must_agree",
                "involved": [
                    "TOK3",
                    "TOK1"
                ],
                "ruler": "TOK3",
                "possible_agreement": null
            },
            "rel_3": {
                "rel_type": "must_agree",
                "involved": [
                    "TOK3",
                    "TOK2"
                ],
                "ruler": "TOK3",
                "possible_agreement": null
            }
        }
    },
    {
        "file_ID": "1023_0108766",
        "sent_NP_ID": "8_39",
        "sentence": "Ich finde ein paar Sache nicht in Ordnung und möchte alles richtig erklären , dass liegt daran , dass nicht alles das in meiner Vertrag stetht stimmt war .",
        "metadata": {
            "corpus": "MERLIN_DE"
        },
        "NP_info": {
            "len_np": 1,
            "coordination": null
        },
        "HEAD_info": {
            "head": {
                "H_TOK1": {
                    "word_type": "PREP",
                    "word_form": "in",
                    "lemma": "in",
                    "POS_STTS": "APPR",
                    "index": "7",
                    "dep_rel": "pp",
                    "head_index": "2",
                    "parser_morph_features": "_"
                }
            },
            "super_head": {
                "SH_TOK1": {
                    "word_type": "V",
                    "word_form": "finde",
                    "lemma": "finden",
                    "POS_STTS": "VVFIN",
                    "index": "2",
                    "dep_rel": "root",
                    "head_index": "0",
                    "parser_morph_features": "1|Sg|Pres|_"
                }
            }
        },
        "POST_info": {},
        "TOK_info": {
            "TOK1": {
                "word_type": "N",
                "word_form": "Ordnung",
                "lemma": "Ordnung",
                "POS_STTS": "NN",
                "index": "8",
                "dep_rel": "pn",
                "head_index": "7",
                "parser_morph_features": "Fem|_|Sg",
                "possible_morph_features": []
            }
        },
        "relations": {}
    },
    {
        "file_ID": "1023_0108766",
        "sent_NP_ID": "8_40",
        "sentence": "Ich finde ein paar Sache nicht in Ordnung und möchte alles richtig erklären , dass liegt daran , dass nicht alles das in meiner Vertrag stetht stimmt war .",
        "metadata": {
            "corpus": "MERLIN_DE"
        },
        "NP_info": {
            "len_np": 2,
            "coordination": null
        },
        "HEAD_info": {
            "head": {
                "H_TOK1": {
                    "word_type": "PREP",
                    "word_form": "in",
                    "lemma": "in",
                    "POS_STTS": "APPR",
                    "index": "23",
                    "dep_rel": "pp",
                    "head_index": "26",
                    "parser_morph_features": "Dat"
                }
            },
            "super_head": {
                "SH_TOK1": {
                    "word_type": "N",
                    "word_form": "stetht",
                    "lemma": "stetht",
                    "POS_STTS": "NE",
                    "index": "26",
                    "dep_rel": "subj",
                    "head_index": "28",
                    "parser_morph_features": "Neut|Nom|Sg"
                }
            }
        },
        "POST_info": {},
        "TOK_info": {
            "TOK1": {
                "word_type": "ART",
                "word_form": "meiner",
                "lemma": "meine",
                "POS_STTS": "PPOSAT",
                "index": "24",
                "dep_rel": "det",
                "head_index": "25",
                "parser_morph_features": "_|_|_",
                "possible_morph_features": []
            },
            "TOK2": {
                "word_type": "N",
                "word_form": "Vertrag",
                "lemma": "Vertrag",
                "POS_STTS": "NN",
                "index": "25",
                "dep_rel": "pn",
                "head_index": "23",
                "parser_morph_features": "Fem|Dat|Sg",
                "possible_morph_features": []
            }
        },
        "relations": {
            "rel_1": {
                "rel_type": "must_agree",
                "involved": [
                    "TOK2",
                    "TOK1"
                ],
                "ruler": "TOK2",
                "possible_agreement": null
            }
        }
    },
    {
        "file_ID": "1023_0108766",
        "sent_NP_ID": "8_41",
        "sentence": "Ich finde ein paar Sache nicht in Ordnung und möchte alles richtig erklären , dass liegt daran , dass nicht alles das in meiner Vertrag stetht stimmt war .",
        "metadata": {
            "corpus": "MERLIN_DE"
        },
        "NP_info": {
            "len_np": 3,
            "coordination": null
        },
        "HEAD_info": {
            "head": {
                "H_TOK1": {
                    "word_type": "V",
                    "word_form": "war",
                    "lemma": "sein",
                    "POS_STTS": "VAFIN",
                    "index": "28",
                    "dep_rel": "objc",
                    "head_index": "16",
                    "parser_morph_features": "3|Sg|Past|Ind"
                }
            },
            "super_head": {
                "SH_TOK1": {
                    "word_type": "V",
                    "word_form": "liegt",
                    "lemma": "liegen",
                    "POS_STTS": "VVFIN",
                    "index": "16",
                    "dep_rel": "neb",
                    "head_index": "10",
                    "parser_morph_features": "_|_|Pres|Ind"
                }
            }
        },
        "POST_info": {},
        "TOK_info": {
            "TOK1": {
                "word_type": "ART",
                "word_form": "das",
                "lemma": "die",
                "POS_STTS": "ART",
                "index": "22",
                "dep_rel": "det",
                "head_index": "26",
                "parser_morph_features": "Def|Neut|Nom|Sg",
                "possible_morph_features": []
            },
            "TOK2": {
                "word_type": "PREP",
                "word_form": "in",
                "lemma": "in",
                "POS_STTS": "APPR",
                "index": "23",
                "dep_rel": "pp",
                "head_index": "26",
                "parser_morph_features": "Dat",
                "possible_morph_features": []
            },
            "TOK3": {
                "word_type": "N",
                "word_form": "stetht",
                "lemma": "stetht",
                "POS_STTS": "NE",
                "index": "26",
                "dep_rel": "subj",
                "head_index": "28",
                "parser_morph_features": "Neut|Nom|Sg",
                "possible_morph_features": []
            }
        },
        "relations": {
            "rel_1": {
                "rel_type": "must_agree",
                "involved": [
                    "TOK3",
                    "TOK1"
                ],
                "ruler": "TOK3",
                "possible_agreement": null
            }
        }
    },
    {
        "file_ID": "1023_0108766",
        "sent_NP_ID": "9_42",
        "sentence": "Ich hatte andere Erwatungen .",
        "metadata": {
            "corpus": "MERLIN_DE"
        },
        "NP_info": {
            "len_np": 2,
            "coordination": null
        },
        "HEAD_info": {
            "head": {
                "H_TOK1": {
                    "word_type": "V",
                    "word_form": "hatte",
                    "lemma": "haben",
                    "POS_STTS": "VAFIN",
                    "index": "2",
                    "dep_rel": "root",
                    "head_index": "0",
                    "parser_morph_features": "1|Sg|Past|Ind"
                }
            },
            "super_head": {}
        },
        "POST_info": {},
        "TOK_info": {
            "TOK1": {
                "word_type": "ADJA",
                "word_form": "andere",
                "lemma": "andere",
                "POS_STTS": "ADJA",
                "index": "3",
                "dep_rel": "attr",
                "head_index": "4",
                "parser_morph_features": "_|_|Acc|_|_",
                "possible_morph_features": []
            },
            "TOK2": {
                "word_type": "N",
                "word_form": "Erwatungen",
                "lemma": "Erwatung",
                "POS_STTS": "NN",
                "index": "4",
                "dep_rel": "obja",
                "head_index": "2",
                "parser_morph_features": "_|Acc|_",
                "possible_morph_features": []
            }
        },
        "relations": {
            "rel_1": {
                "rel_type": "must_agree",
                "involved": [
                    "TOK2",
                    "TOK1"
                ],
                "ruler": "TOK2",
                "possible_agreement": null
            }
        }
    },
    {
        "file_ID": "1023_0108766",
        "sent_NP_ID": "10_43",
        "sentence": "Ich warte auf Ihre Anwort Mit freundlichen Grüßen Maria Julia Meier Müller",
        "metadata": {
            "corpus": "MERLIN_DE"
        },
        "NP_info": {
            "len_np": 2,
            "coordination": null
        },
        "HEAD_info": {
            "head": {
                "H_TOK1": {
                    "word_type": "PREP",
                    "word_form": "auf",
                    "lemma": "auf",
                    "POS_STTS": "APPR",
                    "index": "3",
                    "dep_rel": "pp",
                    "head_index": "2",
                    "parser_morph_features": "Acc"
                }
            },
            "super_head": {
                "SH_TOK1": {
                    "word_type": "V",
                    "word_form": "warte",
                    "lemma": "warten",
                    "POS_STTS": "VVFIN",
                    "index": "2",
                    "dep_rel": "root",
                    "head_index": "0",
                    "parser_morph_features": "1|Sg|Pres|_"
                }
            }
        },
        "POST_info": {},
        "TOK_info": {
            "TOK1": {
                "word_type": "ART",
                "word_form": "Ihre",
                "lemma": "ihre",
                "POS_STTS": "PPOSAT",
                "index": "4",
                "dep_rel": "det",
                "head_index": "5",
                "parser_morph_features": "_|Acc|_",
                "possible_morph_features": []
            },
            "TOK2": {
                "word_type": "N",
                "word_form": "Anwort",
                "lemma": "Anwort",
                "POS_STTS": "NN",
                "index": "5",
                "dep_rel": "pn",
                "head_index": "3",
                "parser_morph_features": "_|Acc|_",
                "possible_morph_features": []
            }
        },
        "relations": {
            "rel_1": {
                "rel_type": "must_agree",
                "involved": [
                    "TOK2",
                    "TOK1"
                ],
                "ruler": "TOK2",
                "possible_agreement": null
            }
        }
    },
    {
        "file_ID": "1023_0108766",
        "sent_NP_ID": "10_44",
        "sentence": "Ich warte auf Ihre Anwort Mit freundlichen Grüßen Maria Julia Meier Müller",
        "metadata": {
            "corpus": "MERLIN_DE"
        },
        "NP_info": {
            "len_np": 2,
            "coordination": null
        },
        "HEAD_info": {
            "head": {
                "H_TOK1": {
                    "word_type": "PREP",
                    "word_form": "Mit",
                    "lemma": "mit",
                    "POS_STTS": "APPR",
                    "index": "6",
                    "dep_rel": "pp",
                    "head_index": "2",
                    "parser_morph_features": "Dat"
                }
            },
            "super_head": {
                "SH_TOK1": {
                    "word_type": "V",
                    "word_form": "warte",
                    "lemma": "warten",
                    "POS_STTS": "VVFIN",
                    "index": "2",
                    "dep_rel": "root",
                    "head_index": "0",
                    "parser_morph_features": "1|Sg|Pres|_"
                }
            }
        },
        "POST_info": {
            "P_TOK1": {
                "word_type": "N",
                "word_form": "Maria",
                "lemma": "Maria",
                "POS_STTS": "NE",
                "index": "9",
                "dep_rel": "app",
                "head_index": "8",
                "parser_morph_features": "_|Dat|Sg"
            }
        },
        "TOK_info": {
            "TOK1": {
                "word_type": "ADJA",
                "word_form": "freundlichen",
                "lemma": "freundlich",
                "POS_STTS": "ADJA",
                "index": "7",
                "dep_rel": "attr",
                "head_index": "8",
                "parser_morph_features": "Pos|_|Dat|_|_|",
                "possible_morph_features": []
            },
            "TOK2": {
                "word_type": "N",
                "word_form": "Grüßen",
                "lemma": "Gruß",
                "POS_STTS": "NN",
                "index": "8",
                "dep_rel": "pn",
                "head_index": "6",
                "parser_morph_features": "_|Dat|_",
                "possible_morph_features": []
            }
        },
        "relations": {
            "rel_1": {
                "rel_type": "must_agree",
                "involved": [
                    "TOK2",
                    "TOK1"
                ],
                "ruler": "TOK2",
                "possible_agreement": null
            }
        }
    },
    {
        "file_ID": "1023_0108766",
        "sent_NP_ID": "10_45",
        "sentence": "Ich warte auf Ihre Anwort Mit freundlichen Grüßen Maria Julia Meier Müller",
        "metadata": {
            "corpus": "MERLIN_DE"
        },
        "NP_info": {
            "len_np": 1,
            "coordination": null
        },
        "HEAD_info": {
            "head": {
                "H_TOK1": {
                    "word_type": "N",
                    "word_form": "Grüßen",
                    "lemma": "Gruß",
                    "POS_STTS": "NN",
                    "index": "8",
                    "dep_rel": "pn",
                    "head_index": "6",
                    "parser_morph_features": "_|Dat|_"
                }
            },
            "super_head": {
                "SH_TOK1": {
                    "word_type": "PREP",
                    "word_form": "Mit",
                    "lemma": "mit",
                    "POS_STTS": "APPR",
                    "index": "6",
                    "dep_rel": "pp",
                    "head_index": "2",
                    "parser_morph_features": "Dat"
                }
            }
        },
        "POST_info": {
            "P_TOK1": {
                "word_type": "N",
                "word_form": "Julia",
                "lemma": "Julia",
                "POS_STTS": "NE",
                "index": "10",
                "dep_rel": "app",
                "head_index": "9",
                "parser_morph_features": "_|Dat|Sg"
            }
        },
        "TOK_info": {
            "TOK1": {
                "word_type": "N",
                "word_form": "Maria",
                "lemma": "Maria",
                "POS_STTS": "NE",
                "index": "9",
                "dep_rel": "app",
                "head_index": "8",
                "parser_morph_features": "_|Dat|Sg",
                "possible_morph_features": []
            }
        },
        "relations": {}
    },
    {
        "file_ID": "1023_0108766",
        "sent_NP_ID": "10_46",
        "sentence": "Ich warte auf Ihre Anwort Mit freundlichen Grüßen Maria Julia Meier Müller",
        "metadata": {
            "corpus": "MERLIN_DE"
        },
        "NP_info": {
            "len_np": 1,
            "coordination": null
        },
        "HEAD_info": {
            "head": {
                "H_TOK1": {
                    "word_type": "N",
                    "word_form": "Maria",
                    "lemma": "Maria",
                    "POS_STTS": "NE",
                    "index": "9",
                    "dep_rel": "app",
                    "head_index": "8",
                    "parser_morph_features": "_|Dat|Sg"
                }
            },
            "super_head": {
                "SH_TOK1": {
                    "word_type": "N",
                    "word_form": "Grüßen",
                    "lemma": "Gruß",
                    "POS_STTS": "NN",
                    "index": "8",
                    "dep_rel": "pn",
                    "head_index": "6",
                    "parser_morph_features": "_|Dat|_"
                }
            }
        },
        "POST_info": {
            "P_TOK1": {
                "word_type": "N",
                "word_form": "Meier",
                "lemma": "Meier",
                "POS_STTS": "NE",
                "index": "11",
                "dep_rel": "app",
                "head_index": "10",
                "parser_morph_features": "_|Dat|Sg"
            }
        },
        "TOK_info": {
            "TOK1": {
                "word_type": "N",
                "word_form": "Julia",
                "lemma": "Julia",
                "POS_STTS": "NE",
                "index": "10",
                "dep_rel": "app",
                "head_index": "9",
                "parser_morph_features": "_|Dat|Sg",
                "possible_morph_features": []
            }
        },
        "relations": {}
    },
    {
        "file_ID": "1023_0108766",
        "sent_NP_ID": "10_47",
        "sentence": "Ich warte auf Ihre Anwort Mit freundlichen Grüßen Maria Julia Meier Müller",
        "metadata": {
            "corpus": "MERLIN_DE"
        },
        "NP_info": {
            "len_np": 1,
            "coordination": null
        },
        "HEAD_info": {
            "head": {
                "H_TOK1": {
                    "word_type": "N",
                    "word_form": "Julia",
                    "lemma": "Julia",
                    "POS_STTS": "NE",
                    "index": "10",
                    "dep_rel": "app",
                    "head_index": "9",
                    "parser_morph_features": "_|Dat|Sg"
                }
            },
            "super_head": {
                "SH_TOK1": {
                    "word_type": "N",
                    "word_form": "Maria",
                    "lemma": "Maria",
                    "POS_STTS": "NE",
                    "index": "9",
                    "dep_rel": "app",
                    "head_index": "8",
                    "parser_morph_features": "_|Dat|Sg"
                }
            }
        },
        "POST_info": {
            "P_TOK1": {
                "word_type": "N",
                "word_form": "Müller",
                "lemma": "Müller",
                "POS_STTS": "NE",
                "index": "12",
                "dep_rel": "app",
                "head_index": "11",
                "parser_morph_features": "_|Dat|Sg"
            }
        },
        "TOK_info": {
            "TOK1": {
                "word_type": "N",
                "word_form": "Meier",
                "lemma": "Meier",
                "POS_STTS": "NE",
                "index": "11",
                "dep_rel": "app",
                "head_index": "10",
                "parser_morph_features": "_|Dat|Sg",
                "possible_morph_features": []
            }
        },
        "relations": {}
    },
    {
        "file_ID": "1023_0108766",
        "sent_NP_ID": "10_48",
        "sentence": "Ich warte auf Ihre Anwort Mit freundlichen Grüßen Maria Julia Meier Müller",
        "metadata": {
            "corpus": "MERLIN_DE"
        },
        "NP_info": {
            "len_np": 1,
            "coordination": null
        },
        "HEAD_info": {
            "head": {
                "H_TOK1": {
                    "word_type": "N",
                    "word_form": "Meier",
                    "lemma": "Meier",
                    "POS_STTS": "NE",
                    "index": "11",
                    "dep_rel": "app",
                    "head_index": "10",
                    "parser_morph_features": "_|Dat|Sg"
                }
            },
            "super_head": {
                "SH_TOK1": {
                    "word_type": "N",
                    "word_form": "Julia",
                    "lemma": "Julia",
                    "POS_STTS": "NE",
                    "index": "10",
                    "dep_rel": "app",
                    "head_index": "9",
                    "parser_morph_features": "_|Dat|Sg"
                }
            }
        },
        "POST_info": {},
        "TOK_info": {
            "TOK1": {
                "word_type": "N",
                "word_form": "Müller",
                "lemma": "Müller",
                "POS_STTS": "NE",
                "index": "12",
                "dep_rel": "app",
                "head_index": "11",
                "parser_morph_features": "_|Dat|Sg",
                "possible_morph_features": []
            }
        },
        "relations": {}
    }
]