[
    {
        "file_ID": "1023_0103843",
        "sent_NP_ID": "1_1",
        "sentence": "Bonn , 2010.07.07 Eva Müller Zentralplatz 1 12-123 Stadt X Computer-Spezialist Odenwaldstraße 5 53119 Bonn Sehr Geehrte Damen und Herren Ich studiere an der Technische Univestität in Stadt Y.",
        "metadata": {
            "corpus": "MERLIN_DE"
        },
        "NP_info": {
            "len_np": 1,
            "coordination": null
        },
        "HEAD_info": {
            "head": {},
            "super_head": {}
        },
        "POST_info": {},
        "TOK_info": {
            "TOK1": {
                "word_type": "N",
                "word_form": "Bonn",
                "lemma": "Bonn",
                "POS_STTS": "NE",
                "index": "1",
                "dep_rel": "root",
                "head_index": "0",
                "parser_morph_features": "Neut|_|Sg",
                "possible_morph_features": []
            }
        },
        "relations": {}
    },
    {
        "file_ID": "1023_0103843",
        "sent_NP_ID": "1_2",
        "sentence": "Bonn , 2010.07.07 Eva Müller Zentralplatz 1 12-123 Stadt X Computer-Spezialist Odenwaldstraße 5 53119 Bonn Sehr Geehrte Damen und Herren Ich studiere an der Technische Univestität in Stadt Y.",
        "metadata": {
            "corpus": "MERLIN_DE"
        },
        "NP_info": {
            "len_np": 1,
            "coordination": null
        },
        "HEAD_info": {
            "head": {},
            "super_head": {}
        },
        "POST_info": {
            "P_TOK1": {
                "word_type": "N",
                "word_form": "Müller",
                "lemma": "Müller",
                "POS_STTS": "NE",
                "index": "5",
                "dep_rel": "app",
                "head_index": "4",
                "parser_morph_features": "Masc|_|Sg"
            }
        },
        "TOK_info": {
            "TOK1": {
                "word_type": "N",
                "word_form": "Eva",
                "lemma": "Eva",
                "POS_STTS": "NN",
                "index": "4",
                "dep_rel": "root",
                "head_index": "0",
                "parser_morph_features": "Fem|_|Sg",
                "possible_morph_features": []
            }
        },
        "relations": {}
    },
    {
        "file_ID": "1023_0103843",
        "sent_NP_ID": "1_3",
        "sentence": "Bonn , 2010.07.07 Eva Müller Zentralplatz 1 12-123 Stadt X Computer-Spezialist Odenwaldstraße 5 53119 Bonn Sehr Geehrte Damen und Herren Ich studiere an der Technische Univestität in Stadt Y.",
        "metadata": {
            "corpus": "MERLIN_DE"
        },
        "NP_info": {
            "len_np": 1,
            "coordination": null
        },
        "HEAD_info": {
            "head": {
                "H_TOK1": {
                    "word_type": "N",
                    "word_form": "Eva",
                    "lemma": "Eva",
                    "POS_STTS": "NN",
                    "index": "4",
                    "dep_rel": "root",
                    "head_index": "0",
                    "parser_morph_features": "Fem|_|Sg"
                }
            },
            "super_head": {}
        },
        "POST_info": {
            "P_TOK1": {
                "word_type": "N",
                "word_form": "Zentralplatz",
                "lemma": "Zentralplatz",
                "POS_STTS": "NN",
                "index": "6",
                "dep_rel": "app",
                "head_index": "5",
                "parser_morph_features": "Masc|_|Sg"
            }
        },
        "TOK_info": {
            "TOK1": {
                "word_type": "N",
                "word_form": "Müller",
                "lemma": "Müller",
                "POS_STTS": "NE",
                "index": "5",
                "dep_rel": "app",
                "head_index": "4",
                "parser_morph_features": "Masc|_|Sg",
                "possible_morph_features": []
            }
        },
        "relations": {}
    },
    {
        "file_ID": "1023_0103843",
        "sent_NP_ID": "1_4",
        "sentence": "Bonn , 2010.07.07 Eva Müller Zentralplatz 1 12-123 Stadt X Computer-Spezialist Odenwaldstraße 5 53119 Bonn Sehr Geehrte Damen und Herren Ich studiere an der Technische Univestität in Stadt Y.",
        "metadata": {
            "corpus": "MERLIN_DE"
        },
        "NP_info": {
            "len_np": 1,
            "coordination": null
        },
        "HEAD_info": {
            "head": {
                "H_TOK1": {
                    "word_type": "N",
                    "word_form": "Müller",
                    "lemma": "Müller",
                    "POS_STTS": "NE",
                    "index": "5",
                    "dep_rel": "app",
                    "head_index": "4",
                    "parser_morph_features": "Masc|_|Sg"
                }
            },
            "super_head": {
                "SH_TOK1": {
                    "word_type": "N",
                    "word_form": "Eva",
                    "lemma": "Eva",
                    "POS_STTS": "NN",
                    "index": "4",
                    "dep_rel": "root",
                    "head_index": "0",
                    "parser_morph_features": "Fem|_|Sg"
                }
            }
        },
        "POST_info": {
            "P_TOK1": {
                "word_type": "N",
                "word_form": "Stadt",
                "lemma": "Stadt",
                "POS_STTS": "NN",
                "index": "9",
                "dep_rel": "app",
                "head_index": "6",
                "parser_morph_features": "Fem|_|Sg"
            }
        },
        "TOK_info": {
            "TOK1": {
                "word_type": "N",
                "word_form": "Zentralplatz",
                "lemma": "Zentralplatz",
                "POS_STTS": "NN",
                "index": "6",
                "dep_rel": "app",
                "head_index": "5",
                "parser_morph_features": "Masc|_|Sg",
                "possible_morph_features": []
            }
        },
        "relations": {}
    },
    {
        "file_ID": "1023_0103843",
        "sent_NP_ID": "1_5",
        "sentence": "Bonn , 2010.07.07 Eva Müller Zentralplatz 1 12-123 Stadt X Computer-Spezialist Odenwaldstraße 5 53119 Bonn Sehr Geehrte Damen und Herren Ich studiere an der Technische Univestität in Stadt Y.",
        "metadata": {
            "corpus": "MERLIN_DE"
        },
        "NP_info": {
            "len_np": 3,
            "coordination": null
        },
        "HEAD_info": {
            "head": {
                "H_TOK1": {
                    "word_type": "N",
                    "word_form": "Zentralplatz",
                    "lemma": "Zentralplatz",
                    "POS_STTS": "NN",
                    "index": "6",
                    "dep_rel": "app",
                    "head_index": "5",
                    "parser_morph_features": "Masc|_|Sg"
                }
            },
            "super_head": {
                "SH_TOK1": {
                    "word_type": "N",
                    "word_form": "Müller",
                    "lemma": "Müller",
                    "POS_STTS": "NE",
                    "index": "5",
                    "dep_rel": "app",
                    "head_index": "4",
                    "parser_morph_features": "Masc|_|Sg"
                }
            }
        },
        "POST_info": {
            "P_TOK1": {
                "word_type": "CARD",
                "word_form": "X",
                "lemma": "X",
                "POS_STTS": "CARD",
                "index": "10",
                "dep_rel": "app",
                "head_index": "9",
                "parser_morph_features": "_"
            }
        },
        "TOK_info": {
            "TOK1": {
                "word_type": "CARD",
                "word_form": "1",
                "lemma": "1",
                "POS_STTS": "CARD",
                "index": "7",
                "dep_rel": "attr",
                "head_index": "9",
                "parser_morph_features": "_",
                "possible_morph_features": []
            },
            "TOK2": {
                "word_type": "ADJA",
                "word_form": "12-123",
                "lemma": "12-123",
                "POS_STTS": "ADJA",
                "index": "8",
                "dep_rel": "attr",
                "head_index": "9",
                "parser_morph_features": "_|Fem|_|Sg|_",
                "possible_morph_features": []
            },
            "TOK3": {
                "word_type": "N",
                "word_form": "Stadt",
                "lemma": "Stadt",
                "POS_STTS": "NN",
                "index": "9",
                "dep_rel": "app",
                "head_index": "6",
                "parser_morph_features": "Fem|_|Sg",
                "possible_morph_features": []
            }
        },
        "relations": {
            "rel_1": {
                "rel_type": "must_agree",
                "involved": [
                    "TOK3",
                    "TOK2"
                ],
                "ruler": "TOK3",
                "possible_agreement": null
            }
        }
    },
    {
        "file_ID": "1023_0103843",
        "sent_NP_ID": "1_6",
        "sentence": "Bonn , 2010.07.07 Eva Müller Zentralplatz 1 12-123 Stadt X Computer-Spezialist Odenwaldstraße 5 53119 Bonn Sehr Geehrte Damen und Herren Ich studiere an der Technische Univestität in Stadt Y.",
        "metadata": {
            "corpus": "MERLIN_DE"
        },
        "NP_info": {
            "len_np": 1,
            "coordination": null
        },
        "HEAD_info": {
            "head": {},
            "super_head": {}
        },
        "POST_info": {
            "P_TOK1": {
                "word_type": "N",
                "word_form": "Odenwaldstraße",
                "lemma": "Odenwaldstraße",
                "POS_STTS": "NE",
                "index": "12",
                "dep_rel": "app",
                "head_index": "11",
                "parser_morph_features": "Fem|_|Sg"
            }
        },
        "TOK_info": {
            "TOK1": {
                "word_type": "N",
                "word_form": "Computer-Spezialist",
                "lemma": "Computer-Spezialist",
                "POS_STTS": "NN",
                "index": "11",
                "dep_rel": "root",
                "head_index": "0",
                "parser_morph_features": "Masc|_|Sg",
                "possible_morph_features": []
            }
        },
        "relations": {}
    },
    {
        "file_ID": "1023_0103843",
        "sent_NP_ID": "1_7",
        "sentence": "Bonn , 2010.07.07 Eva Müller Zentralplatz 1 12-123 Stadt X Computer-Spezialist Odenwaldstraße 5 53119 Bonn Sehr Geehrte Damen und Herren Ich studiere an der Technische Univestität in Stadt Y.",
        "metadata": {
            "corpus": "MERLIN_DE"
        },
        "NP_info": {
            "len_np": 1,
            "coordination": null
        },
        "HEAD_info": {
            "head": {
                "H_TOK1": {
                    "word_type": "N",
                    "word_form": "Computer-Spezialist",
                    "lemma": "Computer-Spezialist",
                    "POS_STTS": "NN",
                    "index": "11",
                    "dep_rel": "root",
                    "head_index": "0",
                    "parser_morph_features": "Masc|_|Sg"
                }
            },
            "super_head": {}
        },
        "POST_info": {
            "P_TOK1": {
                "word_type": "CARD",
                "word_form": "5",
                "lemma": "5",
                "POS_STTS": "CARD",
                "index": "13",
                "dep_rel": "app",
                "head_index": "12",
                "parser_morph_features": "_"
            }
        },
        "TOK_info": {
            "TOK1": {
                "word_type": "N",
                "word_form": "Odenwaldstraße",
                "lemma": "Odenwaldstraße",
                "POS_STTS": "NE",
                "index": "12",
                "dep_rel": "app",
                "head_index": "11",
                "parser_morph_features": "Fem|_|Sg",
                "possible_morph_features": []
            }
        },
        "relations": {}
    },
    {
        "file_ID": "1023_0103843",
        "sent_NP_ID": "1_8",
        "sentence": "Bonn , 2010.07.07 Eva Müller Zentralplatz 1 12-123 Stadt X Computer-Spezialist Odenwaldstraße 5 53119 Bonn Sehr Geehrte Damen und Herren Ich studiere an der Technische Univestität in Stadt Y.",
        "metadata": {
            "corpus": "MERLIN_DE"
        },
        "NP_info": {
            "len_np": 1,
            "coordination": [
                "1_8",
                "1_9",
                "1_10"
            ]
        },
        "HEAD_info": {
            "head": {},
            "super_head": {}
        },
        "POST_info": {
            "P_TOK1": {
                "word_type": "N",
                "word_form": "Damen",
                "lemma": "Dame",
                "POS_STTS": "NN",
                "index": "18",
                "dep_rel": "app",
                "head_index": "15",
                "parser_morph_features": "Fem|_|Pl"
            }
        },
        "TOK_info": {
            "TOK1": {
                "word_type": "N",
                "word_form": "Bonn",
                "lemma": "Bonn",
                "POS_STTS": "NE",
                "index": "15",
                "dep_rel": "root",
                "head_index": "0",
                "parser_morph_features": "Neut|_|Sg",
                "possible_morph_features": []
            }
        },
        "relations": {}
    },
    {
        "file_ID": "1023_0103843",
        "sent_NP_ID": "1_9",
        "sentence": "Bonn , 2010.07.07 Eva Müller Zentralplatz 1 12-123 Stadt X Computer-Spezialist Odenwaldstraße 5 53119 Bonn Sehr Geehrte Damen und Herren Ich studiere an der Technische Univestität in Stadt Y.",
        "metadata": {
            "corpus": "MERLIN_DE"
        },
        "NP_info": {
            "len_np": 3,
            "coordination": [
                "1_8",
                "1_9",
                "1_10"
            ]
        },
        "HEAD_info": {
            "head": {
                "H_TOK1": {
                    "word_type": "N",
                    "word_form": "Bonn",
                    "lemma": "Bonn",
                    "POS_STTS": "NE",
                    "index": "15",
                    "dep_rel": "root",
                    "head_index": "0",
                    "parser_morph_features": "Neut|_|Sg"
                }
            },
            "super_head": {}
        },
        "POST_info": {},
        "TOK_info": {
            "TOK1": {
                "word_type": "ADV",
                "word_form": "Sehr",
                "lemma": "sehr",
                "POS_STTS": "ADV",
                "index": "16",
                "dep_rel": "adv",
                "head_index": "17",
                "parser_morph_features": "_",
                "possible_morph_features": []
            },
            "TOK2": {
                "word_type": "ADJA",
                "word_form": "Geehrte",
                "lemma": "geehrt",
                "POS_STTS": "ADJA",
                "index": "17",
                "dep_rel": "attr",
                "head_index": "18",
                "parser_morph_features": "Pos|Fem|_|Pl|St|",
                "possible_morph_features": []
            },
            "TOK3": {
                "word_type": "N",
                "word_form": "Damen",
                "lemma": "Dame",
                "POS_STTS": "NN",
                "index": "18",
                "dep_rel": "app",
                "head_index": "15",
                "parser_morph_features": "Fem|_|Pl",
                "possible_morph_features": []
            }
        },
        "relations": {
            "rel_1": {
                "rel_type": "must_agree",
                "involved": [
                    "TOK3",
                    "TOK2"
                ],
                "ruler": "TOK3",
                "possible_agreement": null
            }
        }
    },
    {
        "file_ID": "1023_0103843",
        "sent_NP_ID": "1_10",
        "sentence": "Bonn , 2010.07.07 Eva Müller Zentralplatz 1 12-123 Stadt X Computer-Spezialist Odenwaldstraße 5 53119 Bonn Sehr Geehrte Damen und Herren Ich studiere an der Technische Univestität in Stadt Y.",
        "metadata": {
            "corpus": "MERLIN_DE"
        },
        "NP_info": {
            "len_np": 1,
            "coordination": [
                "1_8",
                "1_9",
                "1_10"
            ]
        },
        "HEAD_info": {
            "head": {
                "H_TOK1": {
                    "word_type": "KON",
                    "word_form": "und",
                    "lemma": "und",
                    "POS_STTS": "KON",
                    "index": "19",
                    "dep_rel": "kon",
                    "head_index": "18",
                    "parser_morph_features": "_"
                }
            },
            "super_head": {
                "SH_TOK1": {
                    "word_type": "N",
                    "word_form": "Damen",
                    "lemma": "Dame",
                    "POS_STTS": "NN",
                    "index": "18",
                    "dep_rel": "app",
                    "head_index": "15",
                    "parser_morph_features": "Fem|_|Pl"
                }
            }
        },
        "POST_info": {},
        "TOK_info": {
            "TOK1": {
                "word_type": "N",
                "word_form": "Herren",
                "lemma": "Herr",
                "POS_STTS": "NN",
                "index": "20",
                "dep_rel": "cj",
                "head_index": "19",
                "parser_morph_features": "Masc|_|_",
                "possible_morph_features": []
            }
        },
        "relations": {}
    },
    {
        "file_ID": "1023_0103843",
        "sent_NP_ID": "1_11",
        "sentence": "Bonn , 2010.07.07 Eva Müller Zentralplatz 1 12-123 Stadt X Computer-Spezialist Odenwaldstraße 5 53119 Bonn Sehr Geehrte Damen und Herren Ich studiere an der Technische Univestität in Stadt Y.",
        "metadata": {
            "corpus": "MERLIN_DE"
        },
        "NP_info": {
            "len_np": 3,
            "coordination": null
        },
        "HEAD_info": {
            "head": {
                "H_TOK1": {
                    "word_type": "PREP",
                    "word_form": "an",
                    "lemma": "an",
                    "POS_STTS": "APPR",
                    "index": "23",
                    "dep_rel": "pp",
                    "head_index": "22",
                    "parser_morph_features": "_"
                }
            },
            "super_head": {
                "SH_TOK1": {
                    "word_type": "V",
                    "word_form": "studiere",
                    "lemma": "studieren",
                    "POS_STTS": "VVFIN",
                    "index": "22",
                    "dep_rel": "root",
                    "head_index": "0",
                    "parser_morph_features": "1|Sg|Pres|_"
                }
            }
        },
        "POST_info": {},
        "TOK_info": {
            "TOK1": {
                "word_type": "ART",
                "word_form": "der",
                "lemma": "die",
                "POS_STTS": "ART",
                "index": "24",
                "dep_rel": "det",
                "head_index": "26",
                "parser_morph_features": "Def|Masc|Nom|Sg",
                "possible_morph_features": []
            },
            "TOK2": {
                "word_type": "ADJA",
                "word_form": "Technische",
                "lemma": "technisch",
                "POS_STTS": "ADJA",
                "index": "25",
                "dep_rel": "attr",
                "head_index": "26",
                "parser_morph_features": "Pos|Masc|Nom|Sg|Wk|",
                "possible_morph_features": []
            },
            "TOK3": {
                "word_type": "N",
                "word_form": "Univestität",
                "lemma": "Univestität",
                "POS_STTS": "NN",
                "index": "26",
                "dep_rel": "pn",
                "head_index": "23",
                "parser_morph_features": "Masc|Nom|Sg",
                "possible_morph_features": []
            }
        },
        "relations": {
            "rel_1": {
                "rel_type": "must_agree",
                "involved": [
                    "TOK1",
                    "TOK2"
                ],
                "ruler": null,
                "possible_agreement": null
            },
            "rel_2": {
                "rel_type": "must_agree",
                "involved": [
                    "TOK3",
                    "TOK1"
                ],
                "ruler": "TOK3",
                "possible_agreement": null
            },
            "rel_3": {
                "rel_type": "must_agree",
                "involved": [
                    "TOK3",
                    "TOK2"
                ],
                "ruler": "TOK3",
                "possible_agreement": null
            }
        }
    },
    {
        "file_ID": "1023_0103843",
        "sent_NP_ID": "1_12",
        "sentence": "Bonn , 2010.07.07 Eva Müller Zentralplatz 1 12-123 Stadt X Computer-Spezialist Odenwaldstraße 5 53119 Bonn Sehr Geehrte Damen und Herren Ich studiere an der Technische Univestität in Stadt Y.",
        "metadata": {
            "corpus": "MERLIN_DE"
        },
        "NP_info": {
            "len_np": 1,
            "coordination": null
        },
        "HEAD_info": {
            "head": {
                "H_TOK1": {
                    "word_type": "PREP",
                    "word_form": "in",
                    "lemma": "in",
                    "POS_STTS": "APPR",
                    "index": "27",
                    "dep_rel": "pp",
                    "head_index": "22",
                    "parser_morph_features": "_"
                }
            },
            "super_head": {
                "SH_TOK1": {
                    "word_type": "V",
                    "word_form": "studiere",
                    "lemma": "studieren",
                    "POS_STTS": "VVFIN",
                    "index": "22",
                    "dep_rel": "root",
                    "head_index": "0",
                    "parser_morph_features": "1|Sg|Pres|_"
                }
            }
        },
        "POST_info": {
            "P_TOK1": {
                "word_type": "N",
                "word_form": "Y.",
                "lemma": "Y.",
                "POS_STTS": "NE",
                "index": "29",
                "dep_rel": "app",
                "head_index": "28",
                "parser_morph_features": "Fem|_|Sg"
            }
        },
        "TOK_info": {
            "TOK1": {
                "word_type": "N",
                "word_form": "Stadt",
                "lemma": "Stadt",
                "POS_STTS": "NN",
                "index": "28",
                "dep_rel": "pn",
                "head_index": "27",
                "parser_morph_features": "Fem|_|Sg",
                "possible_morph_features": []
            }
        },
        "relations": {}
    },
    {
        "file_ID": "1023_0103843",
        "sent_NP_ID": "1_13",
        "sentence": "Bonn , 2010.07.07 Eva Müller Zentralplatz 1 12-123 Stadt X Computer-Spezialist Odenwaldstraße 5 53119 Bonn Sehr Geehrte Damen und Herren Ich studiere an der Technische Univestität in Stadt Y.",
        "metadata": {
            "corpus": "MERLIN_DE"
        },
        "NP_info": {
            "len_np": 1,
            "coordination": null
        },
        "HEAD_info": {
            "head": {
                "H_TOK1": {
                    "word_type": "N",
                    "word_form": "Stadt",
                    "lemma": "Stadt",
                    "POS_STTS": "NN",
                    "index": "28",
                    "dep_rel": "pn",
                    "head_index": "27",
                    "parser_morph_features": "Fem|_|Sg"
                }
            },
            "super_head": {
                "SH_TOK1": {
                    "word_type": "PREP",
                    "word_form": "in",
                    "lemma": "in",
                    "POS_STTS": "APPR",
                    "index": "27",
                    "dep_rel": "pp",
                    "head_index": "22",
                    "parser_morph_features": "_"
                }
            }
        },
        "POST_info": {},
        "TOK_info": {
            "TOK1": {
                "word_type": "N",
                "word_form": "Y.",
                "lemma": "Y.",
                "POS_STTS": "NE",
                "index": "29",
                "dep_rel": "app",
                "head_index": "28",
                "parser_morph_features": "Fem|_|Sg",
                "possible_morph_features": []
            }
        },
        "relations": {}
    },
    {
        "file_ID": "1023_0103843",
        "sent_NP_ID": "2_14",
        "sentence": "Ich hatte in Opel als Hauptmanager zwei Jahre gearbeitet .",
        "metadata": {
            "corpus": "MERLIN_DE"
        },
        "NP_info": {
            "len_np": 1,
            "coordination": null
        },
        "HEAD_info": {
            "head": {
                "H_TOK1": {
                    "word_type": "PREP",
                    "word_form": "in",
                    "lemma": "in",
                    "POS_STTS": "APPR",
                    "index": "3",
                    "dep_rel": "pp",
                    "head_index": "9",
                    "parser_morph_features": "_"
                }
            },
            "super_head": {
                "SH_TOK1": {
                    "word_type": "V",
                    "word_form": "gearbeitet",
                    "lemma": "arbeiten",
                    "POS_STTS": "VVPP",
                    "index": "9",
                    "dep_rel": "aux",
                    "head_index": "2",
                    "parser_morph_features": "_"
                }
            }
        },
        "POST_info": {},
        "TOK_info": {
            "TOK1": {
                "word_type": "N",
                "word_form": "Opel",
                "lemma": "Opel",
                "POS_STTS": "NE",
                "index": "4",
                "dep_rel": "pn",
                "head_index": "3",
                "parser_morph_features": "_|_|_",
                "possible_morph_features": []
            }
        },
        "relations": {}
    },
    {
        "file_ID": "1023_0103843",
        "sent_NP_ID": "2_15",
        "sentence": "Ich hatte in Opel als Hauptmanager zwei Jahre gearbeitet .",
        "metadata": {
            "corpus": "MERLIN_DE"
        },
        "NP_info": {
            "len_np": 1,
            "coordination": null
        },
        "HEAD_info": {
            "head": {
                "H_TOK1": {
                    "word_type": "KOKOM",
                    "word_form": "als",
                    "lemma": "als",
                    "POS_STTS": "KOKOM",
                    "index": "5",
                    "dep_rel": "kom",
                    "head_index": "9",
                    "parser_morph_features": "_"
                }
            },
            "super_head": {
                "SH_TOK1": {
                    "word_type": "V",
                    "word_form": "gearbeitet",
                    "lemma": "arbeiten",
                    "POS_STTS": "VVPP",
                    "index": "9",
                    "dep_rel": "aux",
                    "head_index": "2",
                    "parser_morph_features": "_"
                }
            }
        },
        "POST_info": {
            "P_TOK1": {
                "word_type": "N",
                "word_form": "Jahre",
                "lemma": "Jahr",
                "POS_STTS": "NN",
                "index": "8",
                "dep_rel": "app",
                "head_index": "6",
                "parser_morph_features": "Neut|_|Pl"
            }
        },
        "TOK_info": {
            "TOK1": {
                "word_type": "N",
                "word_form": "Hauptmanager",
                "lemma": "Hauptmanager",
                "POS_STTS": "NN",
                "index": "6",
                "dep_rel": "cj",
                "head_index": "5",
                "parser_morph_features": "Masc|_|_",
                "possible_morph_features": []
            }
        },
        "relations": {}
    },
    {
        "file_ID": "1023_0103843",
        "sent_NP_ID": "2_16",
        "sentence": "Ich hatte in Opel als Hauptmanager zwei Jahre gearbeitet .",
        "metadata": {
            "corpus": "MERLIN_DE"
        },
        "NP_info": {
            "len_np": 2,
            "coordination": null
        },
        "HEAD_info": {
            "head": {
                "H_TOK1": {
                    "word_type": "N",
                    "word_form": "Hauptmanager",
                    "lemma": "Hauptmanager",
                    "POS_STTS": "NN",
                    "index": "6",
                    "dep_rel": "cj",
                    "head_index": "5",
                    "parser_morph_features": "Masc|_|_"
                }
            },
            "super_head": {
                "SH_TOK1": {
                    "word_type": "KOKOM",
                    "word_form": "als",
                    "lemma": "als",
                    "POS_STTS": "KOKOM",
                    "index": "5",
                    "dep_rel": "kom",
                    "head_index": "9",
                    "parser_morph_features": "_"
                }
            }
        },
        "POST_info": {},
        "TOK_info": {
            "TOK1": {
                "word_type": "CARD",
                "word_form": "zwei",
                "lemma": "zwei",
                "POS_STTS": "CARD",
                "index": "7",
                "dep_rel": "attr",
                "head_index": "8",
                "parser_morph_features": "_",
                "possible_morph_features": []
            },
            "TOK2": {
                "word_type": "N",
                "word_form": "Jahre",
                "lemma": "Jahr",
                "POS_STTS": "NN",
                "index": "8",
                "dep_rel": "app",
                "head_index": "6",
                "parser_morph_features": "Neut|_|Pl",
                "possible_morph_features": []
            }
        },
        "relations": {}
    },
    {
        "file_ID": "1023_0103843",
        "sent_NP_ID": "3_17",
        "sentence": "Jetzt studiere ich Informatik .",
        "metadata": {
            "corpus": "MERLIN_DE"
        },
        "NP_info": {
            "len_np": 1,
            "coordination": null
        },
        "HEAD_info": {
            "head": {
                "H_TOK1": {
                    "word_type": "V",
                    "word_form": "studiere",
                    "lemma": "studieren",
                    "POS_STTS": "VVFIN",
                    "index": "2",
                    "dep_rel": "root",
                    "head_index": "0",
                    "parser_morph_features": "1|Sg|Pres|_"
                }
            },
            "super_head": {}
        },
        "POST_info": {},
        "TOK_info": {
            "TOK1": {
                "word_type": "N",
                "word_form": "Informatik",
                "lemma": "Informatik",
                "POS_STTS": "NN",
                "index": "4",
                "dep_rel": "obja",
                "head_index": "2",
                "parser_morph_features": "Fem|Acc|Sg",
                "possible_morph_features": []
            }
        },
        "relations": {}
    },
    {
        "file_ID": "1023_0103843",
        "sent_NP_ID": "4_18",
        "sentence": "Ich habe Englisch in Oberschule gelernt und habe gut Berufsausbildung als Vertribsprkatikant im Geschäft .",
        "metadata": {
            "corpus": "MERLIN_DE"
        },
        "NP_info": {
            "len_np": 1,
            "coordination": null
        },
        "HEAD_info": {
            "head": {
                "H_TOK1": {
                    "word_type": "V",
                    "word_form": "gelernt",
                    "lemma": "lernen",
                    "POS_STTS": "VVPP",
                    "index": "6",
                    "dep_rel": "aux",
                    "head_index": "2",
                    "parser_morph_features": "_"
                }
            },
            "super_head": {
                "SH_TOK1": {
                    "word_type": "V",
                    "word_form": "habe",
                    "lemma": "haben",
                    "POS_STTS": "VAFIN",
                    "index": "2",
                    "dep_rel": "root",
                    "head_index": "0",
                    "parser_morph_features": "1|Sg|Pres|_"
                }
            }
        },
        "POST_info": {},
        "TOK_info": {
            "TOK1": {
                "word_type": "N",
                "word_form": "Englisch",
                "lemma": "Englisch",
                "POS_STTS": "NN",
                "index": "3",
                "dep_rel": "obja",
                "head_index": "6",
                "parser_morph_features": "Neut|Acc|Sg",
                "possible_morph_features": []
            }
        },
        "relations": {}
    },
    {
        "file_ID": "1023_0103843",
        "sent_NP_ID": "4_19",
        "sentence": "Ich habe Englisch in Oberschule gelernt und habe gut Berufsausbildung als Vertribsprkatikant im Geschäft .",
        "metadata": {
            "corpus": "MERLIN_DE"
        },
        "NP_info": {
            "len_np": 1,
            "coordination": null
        },
        "HEAD_info": {
            "head": {
                "H_TOK1": {
                    "word_type": "PREP",
                    "word_form": "in",
                    "lemma": "in",
                    "POS_STTS": "APPR",
                    "index": "4",
                    "dep_rel": "pp",
                    "head_index": "6",
                    "parser_morph_features": "_"
                }
            },
            "super_head": {
                "SH_TOK1": {
                    "word_type": "V",
                    "word_form": "gelernt",
                    "lemma": "lernen",
                    "POS_STTS": "VVPP",
                    "index": "6",
                    "dep_rel": "aux",
                    "head_index": "2",
                    "parser_morph_features": "_"
                }
            }
        },
        "POST_info": {},
        "TOK_info": {
            "TOK1": {
                "word_type": "N",
                "word_form": "Oberschule",
                "lemma": "Oberschule",
                "POS_STTS": "NN",
                "index": "5",
                "dep_rel": "pn",
                "head_index": "4",
                "parser_morph_features": "Fem|_|Sg",
                "possible_morph_features": []
            }
        },
        "relations": {}
    },
    {
        "file_ID": "1023_0103843",
        "sent_NP_ID": "4_20",
        "sentence": "Ich habe Englisch in Oberschule gelernt und habe gut Berufsausbildung als Vertribsprkatikant im Geschäft .",
        "metadata": {
            "corpus": "MERLIN_DE"
        },
        "NP_info": {
            "len_np": 1,
            "coordination": null
        },
        "HEAD_info": {
            "head": {
                "H_TOK1": {
                    "word_type": "V",
                    "word_form": "habe",
                    "lemma": "haben",
                    "POS_STTS": "VAFIN",
                    "index": "8",
                    "dep_rel": "cj",
                    "head_index": "7",
                    "parser_morph_features": "_|Sg|Pres|_"
                }
            },
            "super_head": {
                "SH_TOK1": {
                    "word_type": "KON",
                    "word_form": "und",
                    "lemma": "und",
                    "POS_STTS": "KON",
                    "index": "7",
                    "dep_rel": "kon",
                    "head_index": "2",
                    "parser_morph_features": "_"
                }
            }
        },
        "POST_info": {},
        "TOK_info": {
            "TOK1": {
                "word_type": "N",
                "word_form": "Berufsausbildung",
                "lemma": "Berufsausbildung",
                "POS_STTS": "NN",
                "index": "10",
                "dep_rel": "obja",
                "head_index": "8",
                "parser_morph_features": "Fem|Acc|Sg",
                "possible_morph_features": []
            }
        },
        "relations": {}
    },
    {
        "file_ID": "1023_0103843",
        "sent_NP_ID": "4_21",
        "sentence": "Ich habe Englisch in Oberschule gelernt und habe gut Berufsausbildung als Vertribsprkatikant im Geschäft .",
        "metadata": {
            "corpus": "MERLIN_DE"
        },
        "NP_info": {
            "len_np": 1,
            "coordination": null
        },
        "HEAD_info": {
            "head": {
                "H_TOK1": {
                    "word_type": "KOKOM",
                    "word_form": "als",
                    "lemma": "als",
                    "POS_STTS": "KOKOM",
                    "index": "11",
                    "dep_rel": "kom",
                    "head_index": "8",
                    "parser_morph_features": "_"
                }
            },
            "super_head": {
                "SH_TOK1": {
                    "word_type": "V",
                    "word_form": "habe",
                    "lemma": "haben",
                    "POS_STTS": "VAFIN",
                    "index": "8",
                    "dep_rel": "cj",
                    "head_index": "7",
                    "parser_morph_features": "_|Sg|Pres|_"
                }
            }
        },
        "POST_info": {},
        "TOK_info": {
            "TOK1": {
                "word_type": "N",
                "word_form": "Vertribsprkatikant",
                "lemma": "Vertribsprkatikant",
                "POS_STTS": "NN",
                "index": "12",
                "dep_rel": "cj",
                "head_index": "11",
                "parser_morph_features": "_",
                "possible_morph_features": []
            }
        },
        "relations": {}
    },
    {
        "file_ID": "1023_0103843",
        "sent_NP_ID": "4_22",
        "sentence": "Ich habe Englisch in Oberschule gelernt und habe gut Berufsausbildung als Vertribsprkatikant im Geschäft .",
        "metadata": {
            "corpus": "MERLIN_DE"
        },
        "NP_info": {
            "len_np": 1,
            "coordination": null
        },
        "HEAD_info": {
            "head": {
                "H_TOK1": {
                    "word_type": "PREP",
                    "word_form": "im",
                    "lemma": "in",
                    "POS_STTS": "APPRART",
                    "index": "13",
                    "dep_rel": "pp",
                    "head_index": "8",
                    "parser_morph_features": "Dat"
                }
            },
            "super_head": {
                "SH_TOK1": {
                    "word_type": "V",
                    "word_form": "habe",
                    "lemma": "haben",
                    "POS_STTS": "VAFIN",
                    "index": "8",
                    "dep_rel": "cj",
                    "head_index": "7",
                    "parser_morph_features": "_|Sg|Pres|_"
                }
            }
        },
        "POST_info": {},
        "TOK_info": {
            "TOK1": {
                "word_type": "N",
                "word_form": "Geschäft",
                "lemma": "Geschäft",
                "POS_STTS": "NN",
                "index": "14",
                "dep_rel": "pn",
                "head_index": "13",
                "parser_morph_features": "Neut|Dat|Sg",
                "possible_morph_features": []
            }
        },
        "relations": {
            "rel_1": {
                "rel_type": "must_agree",
                "involved": [
                    "TOK1",
                    "H_TOK1"
                ],
                "ruler": "TOK1",
                "possible_agreement": null
            }
        }
    },
    {
        "file_ID": "1023_0103843",
        "sent_NP_ID": "5_23",
        "sentence": "Ich kann nur von Montag bis Freitag arbeiten .",
        "metadata": {
            "corpus": "MERLIN_DE"
        },
        "NP_info": {
            "len_np": 1,
            "coordination": null
        },
        "HEAD_info": {
            "head": {
                "H_TOK1": {
                    "word_type": "PREP",
                    "word_form": "von",
                    "lemma": "von",
                    "POS_STTS": "APPR",
                    "index": "4",
                    "dep_rel": "pp",
                    "head_index": "8",
                    "parser_morph_features": "Dat"
                }
            },
            "super_head": {
                "SH_TOK1": {
                    "word_type": "V",
                    "word_form": "arbeiten",
                    "lemma": "arbeiten",
                    "POS_STTS": "VVINF",
                    "index": "8",
                    "dep_rel": "aux",
                    "head_index": "2",
                    "parser_morph_features": "_"
                }
            }
        },
        "POST_info": {},
        "TOK_info": {
            "TOK1": {
                "word_type": "N",
                "word_form": "Montag",
                "lemma": "Montag",
                "POS_STTS": "NN",
                "index": "5",
                "dep_rel": "pn",
                "head_index": "4",
                "parser_morph_features": "Masc|Dat|Sg",
                "possible_morph_features": []
            }
        },
        "relations": {}
    },
    {
        "file_ID": "1023_0103843",
        "sent_NP_ID": "5_24",
        "sentence": "Ich kann nur von Montag bis Freitag arbeiten .",
        "metadata": {
            "corpus": "MERLIN_DE"
        },
        "NP_info": {
            "len_np": 1,
            "coordination": null
        },
        "HEAD_info": {
            "head": {
                "H_TOK1": {
                    "word_type": "PREP",
                    "word_form": "bis",
                    "lemma": "bis",
                    "POS_STTS": "APPR",
                    "index": "6",
                    "dep_rel": "kon",
                    "head_index": "4",
                    "parser_morph_features": "Acc"
                }
            },
            "super_head": {
                "SH_TOK1": {
                    "word_type": "PREP",
                    "word_form": "von",
                    "lemma": "von",
                    "POS_STTS": "APPR",
                    "index": "4",
                    "dep_rel": "pp",
                    "head_index": "8",
                    "parser_morph_features": "Dat"
                }
            }
        },
        "POST_info": {},
        "TOK_info": {
            "TOK1": {
                "word_type": "N",
                "word_form": "Freitag",
                "lemma": "Freitag",
                "POS_STTS": "NN",
                "index": "7",
                "dep_rel": "pn",
                "head_index": "6",
                "parser_morph_features": "Masc|Acc|Sg",
                "possible_morph_features": []
            }
        },
        "relations": {}
    },
    {
        "file_ID": "1023_0103843",
        "sent_NP_ID": "6_25",
        "sentence": "Am Wochenende studiere ich in Stadt Y.",
        "metadata": {
            "corpus": "MERLIN_DE"
        },
        "NP_info": {
            "len_np": 1,
            "coordination": null
        },
        "HEAD_info": {
            "head": {
                "H_TOK1": {
                    "word_type": "PREP",
                    "word_form": "Am",
                    "lemma": "an",
                    "POS_STTS": "APPRART",
                    "index": "1",
                    "dep_rel": "pp",
                    "head_index": "3",
                    "parser_morph_features": "Dat"
                }
            },
            "super_head": {
                "SH_TOK1": {
                    "word_type": "V",
                    "word_form": "studiere",
                    "lemma": "studieren",
                    "POS_STTS": "VVFIN",
                    "index": "3",
                    "dep_rel": "root",
                    "head_index": "0",
                    "parser_morph_features": "1|Sg|Pres|_"
                }
            }
        },
        "POST_info": {},
        "TOK_info": {
            "TOK1": {
                "word_type": "N",
                "word_form": "Wochenende",
                "lemma": "Wochenende",
                "POS_STTS": "NN",
                "index": "2",
                "dep_rel": "pn",
                "head_index": "1",
                "parser_morph_features": "Neut|Dat|Sg",
                "possible_morph_features": []
            }
        },
        "relations": {
            "rel_1": {
                "rel_type": "must_agree",
                "involved": [
                    "TOK1",
                    "H_TOK1"
                ],
                "ruler": "TOK1",
                "possible_agreement": null
            }
        }
    },
    {
        "file_ID": "1023_0103843",
        "sent_NP_ID": "6_26",
        "sentence": "Am Wochenende studiere ich in Stadt Y.",
        "metadata": {
            "corpus": "MERLIN_DE"
        },
        "NP_info": {
            "len_np": 1,
            "coordination": null
        },
        "HEAD_info": {
            "head": {
                "H_TOK1": {
                    "word_type": "PREP",
                    "word_form": "in",
                    "lemma": "in",
                    "POS_STTS": "APPR",
                    "index": "5",
                    "dep_rel": "pp",
                    "head_index": "3",
                    "parser_morph_features": "_"
                }
            },
            "super_head": {
                "SH_TOK1": {
                    "word_type": "V",
                    "word_form": "studiere",
                    "lemma": "studieren",
                    "POS_STTS": "VVFIN",
                    "index": "3",
                    "dep_rel": "root",
                    "head_index": "0",
                    "parser_morph_features": "1|Sg|Pres|_"
                }
            }
        },
        "POST_info": {
            "P_TOK1": {
                "word_type": "N",
                "word_form": "Y.",
                "lemma": "Y.",
                "POS_STTS": "NE",
                "index": "7",
                "dep_rel": "app",
                "head_index": "6",
                "parser_morph_features": "Fem|_|Sg"
            }
        },
        "TOK_info": {
            "TOK1": {
                "word_type": "N",
                "word_form": "Stadt",
                "lemma": "Stadt",
                "POS_STTS": "NN",
                "index": "6",
                "dep_rel": "pn",
                "head_index": "5",
                "parser_morph_features": "Fem|_|Sg",
                "possible_morph_features": []
            }
        },
        "relations": {}
    },
    {
        "file_ID": "1023_0103843",
        "sent_NP_ID": "6_27",
        "sentence": "Am Wochenende studiere ich in Stadt Y.",
        "metadata": {
            "corpus": "MERLIN_DE"
        },
        "NP_info": {
            "len_np": 1,
            "coordination": null
        },
        "HEAD_info": {
            "head": {
                "H_TOK1": {
                    "word_type": "N",
                    "word_form": "Stadt",
                    "lemma": "Stadt",
                    "POS_STTS": "NN",
                    "index": "6",
                    "dep_rel": "pn",
                    "head_index": "5",
                    "parser_morph_features": "Fem|_|Sg"
                }
            },
            "super_head": {
                "SH_TOK1": {
                    "word_type": "PREP",
                    "word_form": "in",
                    "lemma": "in",
                    "POS_STTS": "APPR",
                    "index": "5",
                    "dep_rel": "pp",
                    "head_index": "3",
                    "parser_morph_features": "_"
                }
            }
        },
        "POST_info": {},
        "TOK_info": {
            "TOK1": {
                "word_type": "N",
                "word_form": "Y.",
                "lemma": "Y.",
                "POS_STTS": "NE",
                "index": "7",
                "dep_rel": "app",
                "head_index": "6",
                "parser_morph_features": "Fem|_|Sg",
                "possible_morph_features": []
            }
        },
        "relations": {}
    },
    {
        "file_ID": "1023_0103843",
        "sent_NP_ID": "7_28",
        "sentence": "Ich möchte in dieser Firma Berufsabteilung bekommen .",
        "metadata": {
            "corpus": "MERLIN_DE"
        },
        "NP_info": {
            "len_np": 2,
            "coordination": null
        },
        "HEAD_info": {
            "head": {
                "H_TOK1": {
                    "word_type": "PREP",
                    "word_form": "in",
                    "lemma": "in",
                    "POS_STTS": "APPR",
                    "index": "3",
                    "dep_rel": "pp",
                    "head_index": "7",
                    "parser_morph_features": "Dat"
                }
            },
            "super_head": {
                "SH_TOK1": {
                    "word_type": "V",
                    "word_form": "bekommen",
                    "lemma": "bekommen",
                    "POS_STTS": "VVINF",
                    "index": "7",
                    "dep_rel": "aux",
                    "head_index": "2",
                    "parser_morph_features": "_"
                }
            }
        },
        "POST_info": {},
        "TOK_info": {
            "TOK1": {
                "word_type": "ART",
                "word_form": "dieser",
                "lemma": "diese",
                "POS_STTS": "PDAT",
                "index": "4",
                "dep_rel": "det",
                "head_index": "5",
                "parser_morph_features": "Fem|Dat|Sg",
                "possible_morph_features": []
            },
            "TOK2": {
                "word_type": "N",
                "word_form": "Firma",
                "lemma": "Firma",
                "POS_STTS": "NN",
                "index": "5",
                "dep_rel": "pn",
                "head_index": "3",
                "parser_morph_features": "Fem|Dat|Sg",
                "possible_morph_features": []
            }
        },
        "relations": {
            "rel_1": {
                "rel_type": "must_agree",
                "involved": [
                    "TOK2",
                    "TOK1"
                ],
                "ruler": "TOK2",
                "possible_agreement": null
            }
        }
    },
    {
        "file_ID": "1023_0103843",
        "sent_NP_ID": "7_29",
        "sentence": "Ich möchte in dieser Firma Berufsabteilung bekommen .",
        "metadata": {
            "corpus": "MERLIN_DE"
        },
        "NP_info": {
            "len_np": 1,
            "coordination": null
        },
        "HEAD_info": {
            "head": {
                "H_TOK1": {
                    "word_type": "V",
                    "word_form": "bekommen",
                    "lemma": "bekommen",
                    "POS_STTS": "VVINF",
                    "index": "7",
                    "dep_rel": "aux",
                    "head_index": "2",
                    "parser_morph_features": "_"
                }
            },
            "super_head": {
                "SH_TOK1": {
                    "word_type": "V",
                    "word_form": "möchte",
                    "lemma": "mögen",
                    "POS_STTS": "VMFIN",
                    "index": "2",
                    "dep_rel": "root",
                    "head_index": "0",
                    "parser_morph_features": "1|Sg|Past|Subj"
                }
            }
        },
        "POST_info": {},
        "TOK_info": {
            "TOK1": {
                "word_type": "N",
                "word_form": "Berufsabteilung",
                "lemma": "Berufsabteilung",
                "POS_STTS": "NN",
                "index": "6",
                "dep_rel": "obja",
                "head_index": "7",
                "parser_morph_features": "Fem|Acc|Sg",
                "possible_morph_features": []
            }
        },
        "relations": {}
    },
    {
        "file_ID": "1023_0103843",
        "sent_NP_ID": "8_30",
        "sentence": "Weil Ich meines Studium beende , möchte ich diese Berufsabteilung benutzen .",
        "metadata": {
            "corpus": "MERLIN_DE"
        },
        "NP_info": {
            "len_np": 1,
            "coordination": null
        },
        "HEAD_info": {
            "head": {
                "H_TOK1": {
                    "word_type": "V",
                    "word_form": "beende",
                    "lemma": "beenden",
                    "POS_STTS": "VVFIN",
                    "index": "5",
                    "dep_rel": "root",
                    "head_index": "0",
                    "parser_morph_features": "3|Sg|Pres|Subj"
                }
            },
            "super_head": {}
        },
        "POST_info": {},
        "TOK_info": {
            "TOK1": {
                "word_type": "N",
                "word_form": "Studium",
                "lemma": "Studium",
                "POS_STTS": "NN",
                "index": "4",
                "dep_rel": "subj",
                "head_index": "5",
                "parser_morph_features": "Neut|Nom|Sg",
                "possible_morph_features": []
            }
        },
        "relations": {}
    },
    {
        "file_ID": "1023_0103843",
        "sent_NP_ID": "8_31",
        "sentence": "Weil Ich meines Studium beende , möchte ich diese Berufsabteilung benutzen .",
        "metadata": {
            "corpus": "MERLIN_DE"
        },
        "NP_info": {
            "len_np": 2,
            "coordination": null
        },
        "HEAD_info": {
            "head": {
                "H_TOK1": {
                    "word_type": "V",
                    "word_form": "benutzen",
                    "lemma": "benutzen",
                    "POS_STTS": "VVINF",
                    "index": "11",
                    "dep_rel": "aux",
                    "head_index": "7",
                    "parser_morph_features": "_"
                }
            },
            "super_head": {
                "SH_TOK1": {
                    "word_type": "V",
                    "word_form": "möchte",
                    "lemma": "mögen",
                    "POS_STTS": "VMFIN",
                    "index": "7",
                    "dep_rel": "root",
                    "head_index": "0",
                    "parser_morph_features": "1|Sg|Past|Subj"
                }
            }
        },
        "POST_info": {},
        "TOK_info": {
            "TOK1": {
                "word_type": "ART",
                "word_form": "diese",
                "lemma": "diese",
                "POS_STTS": "PDAT",
                "index": "9",
                "dep_rel": "det",
                "head_index": "10",
                "parser_morph_features": "Fem|Acc|Sg",
                "possible_morph_features": []
            },
            "TOK2": {
                "word_type": "N",
                "word_form": "Berufsabteilung",
                "lemma": "Berufsabteilung",
                "POS_STTS": "NN",
                "index": "10",
                "dep_rel": "obja",
                "head_index": "11",
                "parser_morph_features": "Fem|Acc|Sg",
                "possible_morph_features": []
            }
        },
        "relations": {
            "rel_1": {
                "rel_type": "must_agree",
                "involved": [
                    "TOK2",
                    "TOK1"
                ],
                "ruler": "TOK2",
                "possible_agreement": null
            }
        }
    },
    {
        "file_ID": "1023_0103843",
        "sent_NP_ID": "9_32",
        "sentence": "Ich interesiere mich für elektronische Datenverarbeitung .",
        "metadata": {
            "corpus": "MERLIN_DE"
        },
        "NP_info": {
            "len_np": 2,
            "coordination": null
        },
        "HEAD_info": {
            "head": {
                "H_TOK1": {
                    "word_type": "PREP",
                    "word_form": "für",
                    "lemma": "für",
                    "POS_STTS": "APPR",
                    "index": "4",
                    "dep_rel": "pp",
                    "head_index": "2",
                    "parser_morph_features": "Acc"
                }
            },
            "super_head": {
                "SH_TOK1": {
                    "word_type": "V",
                    "word_form": "interesiere",
                    "lemma": "interesiere",
                    "POS_STTS": "VVFIN",
                    "index": "2",
                    "dep_rel": "root",
                    "head_index": "0",
                    "parser_morph_features": "1|Sg|_|_"
                }
            }
        },
        "POST_info": {},
        "TOK_info": {
            "TOK1": {
                "word_type": "ADJA",
                "word_form": "elektronische",
                "lemma": "elektronisch",
                "POS_STTS": "ADJA",
                "index": "5",
                "dep_rel": "attr",
                "head_index": "6",
                "parser_morph_features": "Pos|Fem|Acc|Sg|_|",
                "possible_morph_features": []
            },
            "TOK2": {
                "word_type": "N",
                "word_form": "Datenverarbeitung",
                "lemma": "Datenverarbeitung",
                "POS_STTS": "NN",
                "index": "6",
                "dep_rel": "pn",
                "head_index": "4",
                "parser_morph_features": "Fem|Acc|Sg",
                "possible_morph_features": []
            }
        },
        "relations": {
            "rel_1": {
                "rel_type": "must_agree",
                "involved": [
                    "TOK2",
                    "TOK1"
                ],
                "ruler": "TOK2",
                "possible_agreement": null
            }
        }
    },
    {
        "file_ID": "1023_0103843",
        "sent_NP_ID": "10_33",
        "sentence": "Ich habe gute Vorkenntnisse in Betriebswirtschaftslehre aus meinem Studium .",
        "metadata": {
            "corpus": "MERLIN_DE"
        },
        "NP_info": {
            "len_np": 2,
            "coordination": null
        },
        "HEAD_info": {
            "head": {
                "H_TOK1": {
                    "word_type": "V",
                    "word_form": "habe",
                    "lemma": "haben",
                    "POS_STTS": "VAFIN",
                    "index": "2",
                    "dep_rel": "root",
                    "head_index": "0",
                    "parser_morph_features": "1|Sg|Pres|_"
                }
            },
            "super_head": {}
        },
        "POST_info": {},
        "TOK_info": {
            "TOK1": {
                "word_type": "ADJA",
                "word_form": "gute",
                "lemma": "gut",
                "POS_STTS": "ADJA",
                "index": "3",
                "dep_rel": "attr",
                "head_index": "4",
                "parser_morph_features": "Pos|Fem|Acc|Pl|St|",
                "possible_morph_features": []
            },
            "TOK2": {
                "word_type": "N",
                "word_form": "Vorkenntnisse",
                "lemma": "Vorkenntnis",
                "POS_STTS": "NN",
                "index": "4",
                "dep_rel": "obja",
                "head_index": "2",
                "parser_morph_features": "Fem|Acc|Pl",
                "possible_morph_features": []
            }
        },
        "relations": {
            "rel_1": {
                "rel_type": "must_agree",
                "involved": [
                    "TOK2",
                    "TOK1"
                ],
                "ruler": "TOK2",
                "possible_agreement": null
            }
        }
    },
    {
        "file_ID": "1023_0103843",
        "sent_NP_ID": "10_34",
        "sentence": "Ich habe gute Vorkenntnisse in Betriebswirtschaftslehre aus meinem Studium .",
        "metadata": {
            "corpus": "MERLIN_DE"
        },
        "NP_info": {
            "len_np": 1,
            "coordination": null
        },
        "HEAD_info": {
            "head": {
                "H_TOK1": {
                    "word_type": "PREP",
                    "word_form": "in",
                    "lemma": "in",
                    "POS_STTS": "APPR",
                    "index": "5",
                    "dep_rel": "pp",
                    "head_index": "2",
                    "parser_morph_features": "_"
                }
            },
            "super_head": {
                "SH_TOK1": {
                    "word_type": "V",
                    "word_form": "habe",
                    "lemma": "haben",
                    "POS_STTS": "VAFIN",
                    "index": "2",
                    "dep_rel": "root",
                    "head_index": "0",
                    "parser_morph_features": "1|Sg|Pres|_"
                }
            }
        },
        "POST_info": {},
        "TOK_info": {
            "TOK1": {
                "word_type": "N",
                "word_form": "Betriebswirtschaftslehre",
                "lemma": "Betriebswirtschaftslehre",
                "POS_STTS": "NN",
                "index": "6",
                "dep_rel": "pn",
                "head_index": "5",
                "parser_morph_features": "Fem|_|Sg",
                "possible_morph_features": []
            }
        },
        "relations": {}
    },
    {
        "file_ID": "1023_0103843",
        "sent_NP_ID": "10_35",
        "sentence": "Ich habe gute Vorkenntnisse in Betriebswirtschaftslehre aus meinem Studium .",
        "metadata": {
            "corpus": "MERLIN_DE"
        },
        "NP_info": {
            "len_np": 2,
            "coordination": null
        },
        "HEAD_info": {
            "head": {
                "H_TOK1": {
                    "word_type": "PREP",
                    "word_form": "aus",
                    "lemma": "aus",
                    "POS_STTS": "APPR",
                    "index": "7",
                    "dep_rel": "pp",
                    "head_index": "2",
                    "parser_morph_features": "Dat"
                }
            },
            "super_head": {
                "SH_TOK1": {
                    "word_type": "V",
                    "word_form": "habe",
                    "lemma": "haben",
                    "POS_STTS": "VAFIN",
                    "index": "2",
                    "dep_rel": "root",
                    "head_index": "0",
                    "parser_morph_features": "1|Sg|Pres|_"
                }
            }
        },
        "POST_info": {},
        "TOK_info": {
            "TOK1": {
                "word_type": "ART",
                "word_form": "meinem",
                "lemma": "meine",
                "POS_STTS": "PPOSAT",
                "index": "8",
                "dep_rel": "det",
                "head_index": "9",
                "parser_morph_features": "Neut|Dat|Sg",
                "possible_morph_features": []
            },
            "TOK2": {
                "word_type": "N",
                "word_form": "Studium",
                "lemma": "Studium",
                "POS_STTS": "NN",
                "index": "9",
                "dep_rel": "pn",
                "head_index": "7",
                "parser_morph_features": "Neut|Dat|Sg",
                "possible_morph_features": []
            }
        },
        "relations": {
            "rel_1": {
                "rel_type": "must_agree",
                "involved": [
                    "TOK2",
                    "TOK1"
                ],
                "ruler": "TOK2",
                "possible_agreement": null
            }
        }
    },
    {
        "file_ID": "1023_0103843",
        "sent_NP_ID": "11_36",
        "sentence": "Ich warte auf Ihre Antwort Mit freundlichen Grüßen Eva Müller",
        "metadata": {
            "corpus": "MERLIN_DE"
        },
        "NP_info": {
            "len_np": 2,
            "coordination": null
        },
        "HEAD_info": {
            "head": {
                "H_TOK1": {
                    "word_type": "PREP",
                    "word_form": "auf",
                    "lemma": "auf",
                    "POS_STTS": "APPR",
                    "index": "3",
                    "dep_rel": "pp",
                    "head_index": "2",
                    "parser_morph_features": "Acc"
                }
            },
            "super_head": {
                "SH_TOK1": {
                    "word_type": "V",
                    "word_form": "warte",
                    "lemma": "warten",
                    "POS_STTS": "VVFIN",
                    "index": "2",
                    "dep_rel": "root",
                    "head_index": "0",
                    "parser_morph_features": "1|Sg|Pres|_"
                }
            }
        },
        "POST_info": {},
        "TOK_info": {
            "TOK1": {
                "word_type": "ART",
                "word_form": "Ihre",
                "lemma": "ihre",
                "POS_STTS": "PPOSAT",
                "index": "4",
                "dep_rel": "det",
                "head_index": "5",
                "parser_morph_features": "Fem|Acc|Sg",
                "possible_morph_features": []
            },
            "TOK2": {
                "word_type": "N",
                "word_form": "Antwort",
                "lemma": "Antwort",
                "POS_STTS": "NN",
                "index": "5",
                "dep_rel": "pn",
                "head_index": "3",
                "parser_morph_features": "Fem|Acc|Sg",
                "possible_morph_features": []
            }
        },
        "relations": {
            "rel_1": {
                "rel_type": "must_agree",
                "involved": [
                    "TOK2",
                    "TOK1"
                ],
                "ruler": "TOK2",
                "possible_agreement": null
            }
        }
    },
    {
        "file_ID": "1023_0103843",
        "sent_NP_ID": "11_37",
        "sentence": "Ich warte auf Ihre Antwort Mit freundlichen Grüßen Eva Müller",
        "metadata": {
            "corpus": "MERLIN_DE"
        },
        "NP_info": {
            "len_np": 2,
            "coordination": null
        },
        "HEAD_info": {
            "head": {
                "H_TOK1": {
                    "word_type": "PREP",
                    "word_form": "Mit",
                    "lemma": "mit",
                    "POS_STTS": "APPR",
                    "index": "6",
                    "dep_rel": "pp",
                    "head_index": "2",
                    "parser_morph_features": "Dat"
                }
            },
            "super_head": {
                "SH_TOK1": {
                    "word_type": "V",
                    "word_form": "warte",
                    "lemma": "warten",
                    "POS_STTS": "VVFIN",
                    "index": "2",
                    "dep_rel": "root",
                    "head_index": "0",
                    "parser_morph_features": "1|Sg|Pres|_"
                }
            }
        },
        "POST_info": {
            "P_TOK1": {
                "word_type": "N",
                "word_form": "Eva",
                "lemma": "Eva",
                "POS_STTS": "NE",
                "index": "9",
                "dep_rel": "app",
                "head_index": "8",
                "parser_morph_features": "_|Dat|Sg"
            }
        },
        "TOK_info": {
            "TOK1": {
                "word_type": "ADJA",
                "word_form": "freundlichen",
                "lemma": "freundlich",
                "POS_STTS": "ADJA",
                "index": "7",
                "dep_rel": "attr",
                "head_index": "8",
                "parser_morph_features": "Pos|_|Dat|_|_|",
                "possible_morph_features": []
            },
            "TOK2": {
                "word_type": "N",
                "word_form": "Grüßen",
                "lemma": "Gruß",
                "POS_STTS": "NN",
                "index": "8",
                "dep_rel": "pn",
                "head_index": "6",
                "parser_morph_features": "_|Dat|_",
                "possible_morph_features": []
            }
        },
        "relations": {
            "rel_1": {
                "rel_type": "must_agree",
                "involved": [
                    "TOK2",
                    "TOK1"
                ],
                "ruler": "TOK2",
                "possible_agreement": null
            }
        }
    },
    {
        "file_ID": "1023_0103843",
        "sent_NP_ID": "11_38",
        "sentence": "Ich warte auf Ihre Antwort Mit freundlichen Grüßen Eva Müller",
        "metadata": {
            "corpus": "MERLIN_DE"
        },
        "NP_info": {
            "len_np": 1,
            "coordination": null
        },
        "HEAD_info": {
            "head": {
                "H_TOK1": {
                    "word_type": "N",
                    "word_form": "Grüßen",
                    "lemma": "Gruß",
                    "POS_STTS": "NN",
                    "index": "8",
                    "dep_rel": "pn",
                    "head_index": "6",
                    "parser_morph_features": "_|Dat|_"
                }
            },
            "super_head": {
                "SH_TOK1": {
                    "word_type": "PREP",
                    "word_form": "Mit",
                    "lemma": "mit",
                    "POS_STTS": "APPR",
                    "index": "6",
                    "dep_rel": "pp",
                    "head_index": "2",
                    "parser_morph_features": "Dat"
                }
            }
        },
        "POST_info": {
            "P_TOK1": {
                "word_type": "N",
                "word_form": "Müller",
                "lemma": "Müller",
                "POS_STTS": "NE",
                "index": "10",
                "dep_rel": "app",
                "head_index": "9",
                "parser_morph_features": "_|Dat|Sg"
            }
        },
        "TOK_info": {
            "TOK1": {
                "word_type": "N",
                "word_form": "Eva",
                "lemma": "Eva",
                "POS_STTS": "NE",
                "index": "9",
                "dep_rel": "app",
                "head_index": "8",
                "parser_morph_features": "_|Dat|Sg",
                "possible_morph_features": []
            }
        },
        "relations": {}
    },
    {
        "file_ID": "1023_0103843",
        "sent_NP_ID": "11_39",
        "sentence": "Ich warte auf Ihre Antwort Mit freundlichen Grüßen Eva Müller",
        "metadata": {
            "corpus": "MERLIN_DE"
        },
        "NP_info": {
            "len_np": 1,
            "coordination": null
        },
        "HEAD_info": {
            "head": {
                "H_TOK1": {
                    "word_type": "N",
                    "word_form": "Eva",
                    "lemma": "Eva",
                    "POS_STTS": "NE",
                    "index": "9",
                    "dep_rel": "app",
                    "head_index": "8",
                    "parser_morph_features": "_|Dat|Sg"
                }
            },
            "super_head": {
                "SH_TOK1": {
                    "word_type": "N",
                    "word_form": "Grüßen",
                    "lemma": "Gruß",
                    "POS_STTS": "NN",
                    "index": "8",
                    "dep_rel": "pn",
                    "head_index": "6",
                    "parser_morph_features": "_|Dat|_"
                }
            }
        },
        "POST_info": {},
        "TOK_info": {
            "TOK1": {
                "word_type": "N",
                "word_form": "Müller",
                "lemma": "Müller",
                "POS_STTS": "NE",
                "index": "10",
                "dep_rel": "app",
                "head_index": "9",
                "parser_morph_features": "_|Dat|Sg",
                "possible_morph_features": []
            }
        },
        "relations": {}
    }
]