[
    {
        "file_ID": "1023_0101853",
        "sent_NP_ID": "1_1",
        "sentence": "Katharina Müller Zentralplatz 12 12345 Stadt X Computer-Spezialist Odenwaldstraße 5 53119 Bonn Bewerbung um einer Berufspraktikum Stadt X , 22.03.2010 Sehr geehrte Damen und Herren , Ihre Anzeige im Internet habe ich gelesen und interessire mich sehr dafür .",
        "metadata": {
            "corpus": "MERLIN_DE"
        },
        "NP_info": {
            "len_np": 1,
            "coordination": null
        },
        "HEAD_info": {
            "head": {},
            "super_head": {}
        },
        "POST_info": {
            "P_TOK1": {
                "word_type": "N",
                "word_form": "Müller",
                "lemma": "Müller",
                "POS_STTS": "NE",
                "index": "2",
                "dep_rel": "app",
                "head_index": "1",
                "parser_morph_features": "Masc|_|Sg"
            }
        },
        "TOK_info": {
            "TOK1": {
                "word_type": "N",
                "word_form": "Katharina",
                "lemma": "Katharina",
                "POS_STTS": "NE",
                "index": "1",
                "dep_rel": "root",
                "head_index": "0",
                "parser_morph_features": "Masc|_|Sg",
                "possible_morph_features": []
            }
        },
        "relations": {}
    },
    {
        "file_ID": "1023_0101853",
        "sent_NP_ID": "1_2",
        "sentence": "Katharina Müller Zentralplatz 12 12345 Stadt X Computer-Spezialist Odenwaldstraße 5 53119 Bonn Bewerbung um einer Berufspraktikum Stadt X , 22.03.2010 Sehr geehrte Damen und Herren , Ihre Anzeige im Internet habe ich gelesen und interessire mich sehr dafür .",
        "metadata": {
            "corpus": "MERLIN_DE"
        },
        "NP_info": {
            "len_np": 1,
            "coordination": null
        },
        "HEAD_info": {
            "head": {
                "H_TOK1": {
                    "word_type": "N",
                    "word_form": "Katharina",
                    "lemma": "Katharina",
                    "POS_STTS": "NE",
                    "index": "1",
                    "dep_rel": "root",
                    "head_index": "0",
                    "parser_morph_features": "Masc|_|Sg"
                }
            },
            "super_head": {}
        },
        "POST_info": {
            "P_TOK1": {
                "word_type": "N",
                "word_form": "Zentralplatz",
                "lemma": "Zentralplatz",
                "POS_STTS": "NN",
                "index": "3",
                "dep_rel": "app",
                "head_index": "2",
                "parser_morph_features": "Masc|_|Sg"
            }
        },
        "TOK_info": {
            "TOK1": {
                "word_type": "N",
                "word_form": "Müller",
                "lemma": "Müller",
                "POS_STTS": "NE",
                "index": "2",
                "dep_rel": "app",
                "head_index": "1",
                "parser_morph_features": "Masc|_|Sg",
                "possible_morph_features": []
            }
        },
        "relations": {}
    },
    {
        "file_ID": "1023_0101853",
        "sent_NP_ID": "1_3",
        "sentence": "Katharina Müller Zentralplatz 12 12345 Stadt X Computer-Spezialist Odenwaldstraße 5 53119 Bonn Bewerbung um einer Berufspraktikum Stadt X , 22.03.2010 Sehr geehrte Damen und Herren , Ihre Anzeige im Internet habe ich gelesen und interessire mich sehr dafür .",
        "metadata": {
            "corpus": "MERLIN_DE"
        },
        "NP_info": {
            "len_np": 1,
            "coordination": null
        },
        "HEAD_info": {
            "head": {
                "H_TOK1": {
                    "word_type": "N",
                    "word_form": "Müller",
                    "lemma": "Müller",
                    "POS_STTS": "NE",
                    "index": "2",
                    "dep_rel": "app",
                    "head_index": "1",
                    "parser_morph_features": "Masc|_|Sg"
                }
            },
            "super_head": {
                "SH_TOK1": {
                    "word_type": "N",
                    "word_form": "Katharina",
                    "lemma": "Katharina",
                    "POS_STTS": "NE",
                    "index": "1",
                    "dep_rel": "root",
                    "head_index": "0",
                    "parser_morph_features": "Masc|_|Sg"
                }
            }
        },
        "POST_info": {
            "P_TOK1": {
                "word_type": "CARD",
                "word_form": "12",
                "lemma": "12",
                "POS_STTS": "CARD",
                "index": "4",
                "dep_rel": "app",
                "head_index": "3",
                "parser_morph_features": "_"
            }
        },
        "TOK_info": {
            "TOK1": {
                "word_type": "N",
                "word_form": "Zentralplatz",
                "lemma": "Zentralplatz",
                "POS_STTS": "NN",
                "index": "3",
                "dep_rel": "app",
                "head_index": "2",
                "parser_morph_features": "Masc|_|Sg",
                "possible_morph_features": []
            }
        },
        "relations": {}
    },
    {
        "file_ID": "1023_0101853",
        "sent_NP_ID": "1_4",
        "sentence": "Katharina Müller Zentralplatz 12 12345 Stadt X Computer-Spezialist Odenwaldstraße 5 53119 Bonn Bewerbung um einer Berufspraktikum Stadt X , 22.03.2010 Sehr geehrte Damen und Herren , Ihre Anzeige im Internet habe ich gelesen und interessire mich sehr dafür .",
        "metadata": {
            "corpus": "MERLIN_DE"
        },
        "NP_info": {
            "len_np": 1,
            "coordination": null
        },
        "HEAD_info": {
            "head": {},
            "super_head": {}
        },
        "POST_info": {
            "P_TOK1": {
                "word_type": "CARD",
                "word_form": "X",
                "lemma": "X",
                "POS_STTS": "CARD",
                "index": "7",
                "dep_rel": "app",
                "head_index": "6",
                "parser_morph_features": "_"
            }
        },
        "TOK_info": {
            "TOK1": {
                "word_type": "N",
                "word_form": "Stadt",
                "lemma": "Stadt",
                "POS_STTS": "NN",
                "index": "6",
                "dep_rel": "root",
                "head_index": "0",
                "parser_morph_features": "Fem|_|Sg",
                "possible_morph_features": []
            }
        },
        "relations": {}
    },
    {
        "file_ID": "1023_0101853",
        "sent_NP_ID": "1_5",
        "sentence": "Katharina Müller Zentralplatz 12 12345 Stadt X Computer-Spezialist Odenwaldstraße 5 53119 Bonn Bewerbung um einer Berufspraktikum Stadt X , 22.03.2010 Sehr geehrte Damen und Herren , Ihre Anzeige im Internet habe ich gelesen und interessire mich sehr dafür .",
        "metadata": {
            "corpus": "MERLIN_DE"
        },
        "NP_info": {
            "len_np": 1,
            "coordination": null
        },
        "HEAD_info": {
            "head": {},
            "super_head": {}
        },
        "POST_info": {
            "P_TOK1": {
                "word_type": "N",
                "word_form": "Odenwaldstraße",
                "lemma": "Odenwaldstraße",
                "POS_STTS": "NE",
                "index": "9",
                "dep_rel": "app",
                "head_index": "8",
                "parser_morph_features": "Fem|_|Sg"
            }
        },
        "TOK_info": {
            "TOK1": {
                "word_type": "N",
                "word_form": "Computer-Spezialist",
                "lemma": "Computer-Spezialist",
                "POS_STTS": "NN",
                "index": "8",
                "dep_rel": "root",
                "head_index": "0",
                "parser_morph_features": "Masc|_|Sg",
                "possible_morph_features": []
            }
        },
        "relations": {}
    },
    {
        "file_ID": "1023_0101853",
        "sent_NP_ID": "1_6",
        "sentence": "Katharina Müller Zentralplatz 12 12345 Stadt X Computer-Spezialist Odenwaldstraße 5 53119 Bonn Bewerbung um einer Berufspraktikum Stadt X , 22.03.2010 Sehr geehrte Damen und Herren , Ihre Anzeige im Internet habe ich gelesen und interessire mich sehr dafür .",
        "metadata": {
            "corpus": "MERLIN_DE"
        },
        "NP_info": {
            "len_np": 1,
            "coordination": null
        },
        "HEAD_info": {
            "head": {
                "H_TOK1": {
                    "word_type": "N",
                    "word_form": "Computer-Spezialist",
                    "lemma": "Computer-Spezialist",
                    "POS_STTS": "NN",
                    "index": "8",
                    "dep_rel": "root",
                    "head_index": "0",
                    "parser_morph_features": "Masc|_|Sg"
                }
            },
            "super_head": {}
        },
        "POST_info": {
            "P_TOK1": {
                "word_type": "CARD",
                "word_form": "5",
                "lemma": "5",
                "POS_STTS": "CARD",
                "index": "10",
                "dep_rel": "app",
                "head_index": "9",
                "parser_morph_features": "_"
            }
        },
        "TOK_info": {
            "TOK1": {
                "word_type": "N",
                "word_form": "Odenwaldstraße",
                "lemma": "Odenwaldstraße",
                "POS_STTS": "NE",
                "index": "9",
                "dep_rel": "app",
                "head_index": "8",
                "parser_morph_features": "Fem|_|Sg",
                "possible_morph_features": []
            }
        },
        "relations": {}
    },
    {
        "file_ID": "1023_0101853",
        "sent_NP_ID": "1_7",
        "sentence": "Katharina Müller Zentralplatz 12 12345 Stadt X Computer-Spezialist Odenwaldstraße 5 53119 Bonn Bewerbung um einer Berufspraktikum Stadt X , 22.03.2010 Sehr geehrte Damen und Herren , Ihre Anzeige im Internet habe ich gelesen und interessire mich sehr dafür .",
        "metadata": {
            "corpus": "MERLIN_DE"
        },
        "NP_info": {
            "len_np": 1,
            "coordination": null
        },
        "HEAD_info": {
            "head": {},
            "super_head": {}
        },
        "POST_info": {
            "P_TOK1": {
                "word_type": "N",
                "word_form": "Bewerbung",
                "lemma": "Bewerbung",
                "POS_STTS": "NN",
                "index": "13",
                "dep_rel": "app",
                "head_index": "12",
                "parser_morph_features": "Fem|_|Sg"
            }
        },
        "TOK_info": {
            "TOK1": {
                "word_type": "N",
                "word_form": "Bonn",
                "lemma": "Bonn",
                "POS_STTS": "NE",
                "index": "12",
                "dep_rel": "root",
                "head_index": "0",
                "parser_morph_features": "Fem|_|Sg",
                "possible_morph_features": []
            }
        },
        "relations": {}
    },
    {
        "file_ID": "1023_0101853",
        "sent_NP_ID": "1_8",
        "sentence": "Katharina Müller Zentralplatz 12 12345 Stadt X Computer-Spezialist Odenwaldstraße 5 53119 Bonn Bewerbung um einer Berufspraktikum Stadt X , 22.03.2010 Sehr geehrte Damen und Herren , Ihre Anzeige im Internet habe ich gelesen und interessire mich sehr dafür .",
        "metadata": {
            "corpus": "MERLIN_DE"
        },
        "NP_info": {
            "len_np": 1,
            "coordination": null
        },
        "HEAD_info": {
            "head": {
                "H_TOK1": {
                    "word_type": "N",
                    "word_form": "Bonn",
                    "lemma": "Bonn",
                    "POS_STTS": "NE",
                    "index": "12",
                    "dep_rel": "root",
                    "head_index": "0",
                    "parser_morph_features": "Fem|_|Sg"
                }
            },
            "super_head": {}
        },
        "POST_info": {},
        "TOK_info": {
            "TOK1": {
                "word_type": "N",
                "word_form": "Bewerbung",
                "lemma": "Bewerbung",
                "POS_STTS": "NN",
                "index": "13",
                "dep_rel": "app",
                "head_index": "12",
                "parser_morph_features": "Fem|_|Sg",
                "possible_morph_features": []
            }
        },
        "relations": {}
    },
    {
        "file_ID": "1023_0101853",
        "sent_NP_ID": "1_9",
        "sentence": "Katharina Müller Zentralplatz 12 12345 Stadt X Computer-Spezialist Odenwaldstraße 5 53119 Bonn Bewerbung um einer Berufspraktikum Stadt X , 22.03.2010 Sehr geehrte Damen und Herren , Ihre Anzeige im Internet habe ich gelesen und interessire mich sehr dafür .",
        "metadata": {
            "corpus": "MERLIN_DE"
        },
        "NP_info": {
            "len_np": 2,
            "coordination": null
        },
        "HEAD_info": {
            "head": {
                "H_TOK1": {
                    "word_type": "PREP",
                    "word_form": "um",
                    "lemma": "um",
                    "POS_STTS": "APPR",
                    "index": "14",
                    "dep_rel": "pp",
                    "head_index": "28",
                    "parser_morph_features": "Gen"
                }
            },
            "super_head": {
                "SH_TOK1": {
                    "word_type": "N",
                    "word_form": "Anzeige",
                    "lemma": "Anzeige",
                    "POS_STTS": "NN",
                    "index": "28",
                    "dep_rel": "obja",
                    "head_index": "33",
                    "parser_morph_features": "Fem|Acc|Sg"
                }
            }
        },
        "POST_info": {
            "P_TOK1": {
                "word_type": "N",
                "word_form": "Stadt",
                "lemma": "Stadt",
                "POS_STTS": "NN",
                "index": "17",
                "dep_rel": "app",
                "head_index": "16",
                "parser_morph_features": "Fem|Gen|Sg"
            }
        },
        "TOK_info": {
            "TOK1": {
                "word_type": "ART",
                "word_form": "einer",
                "lemma": "eine",
                "POS_STTS": "ART",
                "index": "15",
                "dep_rel": "det",
                "head_index": "16",
                "parser_morph_features": "Indef|Fem|_|Sg",
                "possible_morph_features": []
            },
            "TOK2": {
                "word_type": "N",
                "word_form": "Berufspraktikum",
                "lemma": "Berufspraktikum",
                "POS_STTS": "NN",
                "index": "16",
                "dep_rel": "pn",
                "head_index": "14",
                "parser_morph_features": "Fem|Gen|Sg",
                "possible_morph_features": []
            }
        },
        "relations": {
            "rel_1": {
                "rel_type": "must_agree",
                "involved": [
                    "TOK2",
                    "TOK1"
                ],
                "ruler": "TOK2",
                "possible_agreement": null
            }
        }
    },
    {
        "file_ID": "1023_0101853",
        "sent_NP_ID": "1_10",
        "sentence": "Katharina Müller Zentralplatz 12 12345 Stadt X Computer-Spezialist Odenwaldstraße 5 53119 Bonn Bewerbung um einer Berufspraktikum Stadt X , 22.03.2010 Sehr geehrte Damen und Herren , Ihre Anzeige im Internet habe ich gelesen und interessire mich sehr dafür .",
        "metadata": {
            "corpus": "MERLIN_DE"
        },
        "NP_info": {
            "len_np": 1,
            "coordination": null
        },
        "HEAD_info": {
            "head": {
                "H_TOK1": {
                    "word_type": "N",
                    "word_form": "Berufspraktikum",
                    "lemma": "Berufspraktikum",
                    "POS_STTS": "NN",
                    "index": "16",
                    "dep_rel": "pn",
                    "head_index": "14",
                    "parser_morph_features": "Fem|Gen|Sg"
                }
            },
            "super_head": {
                "SH_TOK1": {
                    "word_type": "PREP",
                    "word_form": "um",
                    "lemma": "um",
                    "POS_STTS": "APPR",
                    "index": "14",
                    "dep_rel": "pp",
                    "head_index": "28",
                    "parser_morph_features": "Gen"
                }
            }
        },
        "POST_info": {
            "P_TOK1": {
                "word_type": "N",
                "word_form": "X",
                "lemma": "X",
                "POS_STTS": "NE",
                "index": "18",
                "dep_rel": "app",
                "head_index": "17",
                "parser_morph_features": "Fem|_|Pl"
            }
        },
        "TOK_info": {
            "TOK1": {
                "word_type": "N",
                "word_form": "Stadt",
                "lemma": "Stadt",
                "POS_STTS": "NN",
                "index": "17",
                "dep_rel": "app",
                "head_index": "16",
                "parser_morph_features": "Fem|Gen|Sg",
                "possible_morph_features": []
            }
        },
        "relations": {}
    },
    {
        "file_ID": "1023_0101853",
        "sent_NP_ID": "1_11",
        "sentence": "Katharina Müller Zentralplatz 12 12345 Stadt X Computer-Spezialist Odenwaldstraße 5 53119 Bonn Bewerbung um einer Berufspraktikum Stadt X , 22.03.2010 Sehr geehrte Damen und Herren , Ihre Anzeige im Internet habe ich gelesen und interessire mich sehr dafür .",
        "metadata": {
            "corpus": "MERLIN_DE"
        },
        "NP_info": {
            "len_np": 1,
            "coordination": [
                "1_11",
                "1_12",
                "1_13"
            ]
        },
        "HEAD_info": {
            "head": {
                "H_TOK1": {
                    "word_type": "N",
                    "word_form": "Stadt",
                    "lemma": "Stadt",
                    "POS_STTS": "NN",
                    "index": "17",
                    "dep_rel": "app",
                    "head_index": "16",
                    "parser_morph_features": "Fem|Gen|Sg"
                }
            },
            "super_head": {
                "SH_TOK1": {
                    "word_type": "N",
                    "word_form": "Berufspraktikum",
                    "lemma": "Berufspraktikum",
                    "POS_STTS": "NN",
                    "index": "16",
                    "dep_rel": "pn",
                    "head_index": "14",
                    "parser_morph_features": "Fem|Gen|Sg"
                }
            }
        },
        "POST_info": {
            "P_TOK1": {
                "word_type": "N",
                "word_form": "Damen",
                "lemma": "Dame",
                "POS_STTS": "NN",
                "index": "23",
                "dep_rel": "app",
                "head_index": "18",
                "parser_morph_features": "Fem|_|Pl"
            }
        },
        "TOK_info": {
            "TOK1": {
                "word_type": "N",
                "word_form": "X",
                "lemma": "X",
                "POS_STTS": "NE",
                "index": "18",
                "dep_rel": "app",
                "head_index": "17",
                "parser_morph_features": "Fem|_|Pl",
                "possible_morph_features": []
            }
        },
        "relations": {}
    },
    {
        "file_ID": "1023_0101853",
        "sent_NP_ID": "1_12",
        "sentence": "Katharina Müller Zentralplatz 12 12345 Stadt X Computer-Spezialist Odenwaldstraße 5 53119 Bonn Bewerbung um einer Berufspraktikum Stadt X , 22.03.2010 Sehr geehrte Damen und Herren , Ihre Anzeige im Internet habe ich gelesen und interessire mich sehr dafür .",
        "metadata": {
            "corpus": "MERLIN_DE"
        },
        "NP_info": {
            "len_np": 4,
            "coordination": [
                "1_11",
                "1_12",
                "1_13"
            ]
        },
        "HEAD_info": {
            "head": {
                "H_TOK1": {
                    "word_type": "N",
                    "word_form": "X",
                    "lemma": "X",
                    "POS_STTS": "NE",
                    "index": "18",
                    "dep_rel": "app",
                    "head_index": "17",
                    "parser_morph_features": "Fem|_|Pl"
                }
            },
            "super_head": {
                "SH_TOK1": {
                    "word_type": "N",
                    "word_form": "Stadt",
                    "lemma": "Stadt",
                    "POS_STTS": "NN",
                    "index": "17",
                    "dep_rel": "app",
                    "head_index": "16",
                    "parser_morph_features": "Fem|Gen|Sg"
                }
            }
        },
        "POST_info": {},
        "TOK_info": {
            "TOK1": {
                "word_type": "CARD",
                "word_form": "22.03.2010",
                "lemma": "22.03.2010",
                "POS_STTS": "CARD",
                "index": "20",
                "dep_rel": "attr",
                "head_index": "23",
                "parser_morph_features": "_",
                "possible_morph_features": []
            },
            "TOK2": {
                "word_type": "ADV",
                "word_form": "Sehr",
                "lemma": "sehr",
                "POS_STTS": "ADV",
                "index": "21",
                "dep_rel": "adv",
                "head_index": "22",
                "parser_morph_features": "_",
                "possible_morph_features": []
            },
            "TOK3": {
                "word_type": "ADJA",
                "word_form": "geehrte",
                "lemma": "geehrt",
                "POS_STTS": "ADJA",
                "index": "22",
                "dep_rel": "attr",
                "head_index": "23",
                "parser_morph_features": "Pos|Fem|_|Pl|St|",
                "possible_morph_features": []
            },
            "TOK4": {
                "word_type": "N",
                "word_form": "Damen",
                "lemma": "Dame",
                "POS_STTS": "NN",
                "index": "23",
                "dep_rel": "app",
                "head_index": "18",
                "parser_morph_features": "Fem|_|Pl",
                "possible_morph_features": []
            }
        },
        "relations": {
            "rel_1": {
                "rel_type": "must_agree",
                "involved": [
                    "TOK4",
                    "TOK3"
                ],
                "ruler": "TOK4",
                "possible_agreement": null
            }
        }
    },
    {
        "file_ID": "1023_0101853",
        "sent_NP_ID": "1_13",
        "sentence": "Katharina Müller Zentralplatz 12 12345 Stadt X Computer-Spezialist Odenwaldstraße 5 53119 Bonn Bewerbung um einer Berufspraktikum Stadt X , 22.03.2010 Sehr geehrte Damen und Herren , Ihre Anzeige im Internet habe ich gelesen und interessire mich sehr dafür .",
        "metadata": {
            "corpus": "MERLIN_DE"
        },
        "NP_info": {
            "len_np": 1,
            "coordination": [
                "1_11",
                "1_12",
                "1_13"
            ]
        },
        "HEAD_info": {
            "head": {
                "H_TOK1": {
                    "word_type": "KON",
                    "word_form": "und",
                    "lemma": "und",
                    "POS_STTS": "KON",
                    "index": "24",
                    "dep_rel": "kon",
                    "head_index": "23",
                    "parser_morph_features": "_"
                }
            },
            "super_head": {
                "SH_TOK1": {
                    "word_type": "N",
                    "word_form": "Damen",
                    "lemma": "Dame",
                    "POS_STTS": "NN",
                    "index": "23",
                    "dep_rel": "app",
                    "head_index": "18",
                    "parser_morph_features": "Fem|_|Pl"
                }
            }
        },
        "POST_info": {},
        "TOK_info": {
            "TOK1": {
                "word_type": "N",
                "word_form": "Herren",
                "lemma": "Herr",
                "POS_STTS": "NN",
                "index": "25",
                "dep_rel": "cj",
                "head_index": "24",
                "parser_morph_features": "Masc|_|_",
                "possible_morph_features": []
            }
        },
        "relations": {}
    },
    {
        "file_ID": "1023_0101853",
        "sent_NP_ID": "1_14",
        "sentence": "Katharina Müller Zentralplatz 12 12345 Stadt X Computer-Spezialist Odenwaldstraße 5 53119 Bonn Bewerbung um einer Berufspraktikum Stadt X , 22.03.2010 Sehr geehrte Damen und Herren , Ihre Anzeige im Internet habe ich gelesen und interessire mich sehr dafür .",
        "metadata": {
            "corpus": "MERLIN_DE"
        },
        "NP_info": {
            "len_np": 3,
            "coordination": null
        },
        "HEAD_info": {
            "head": {
                "H_TOK1": {
                    "word_type": "V",
                    "word_form": "gelesen",
                    "lemma": "lesen",
                    "POS_STTS": "VVPP",
                    "index": "33",
                    "dep_rel": "aux",
                    "head_index": "31",
                    "parser_morph_features": "_"
                }
            },
            "super_head": {
                "SH_TOK1": {
                    "word_type": "V",
                    "word_form": "habe",
                    "lemma": "haben",
                    "POS_STTS": "VAFIN",
                    "index": "31",
                    "dep_rel": "root",
                    "head_index": "0",
                    "parser_morph_features": "1|Sg|Pres|_"
                }
            }
        },
        "POST_info": {
            "P_TOK1": {
                "word_type": "PREP",
                "word_form": "im",
                "lemma": "in",
                "POS_STTS": "APPRART",
                "index": "29",
                "dep_rel": "pp",
                "head_index": "28",
                "parser_morph_features": "Dat"
            }
        },
        "TOK_info": {
            "TOK1": {
                "word_type": "PREP",
                "word_form": "um",
                "lemma": "um",
                "POS_STTS": "APPR",
                "index": "14",
                "dep_rel": "pp",
                "head_index": "28",
                "parser_morph_features": "Gen",
                "possible_morph_features": []
            },
            "TOK2": {
                "word_type": "ART",
                "word_form": "Ihre",
                "lemma": "ihre",
                "POS_STTS": "PPOSAT",
                "index": "27",
                "dep_rel": "det",
                "head_index": "28",
                "parser_morph_features": "Fem|Acc|Sg",
                "possible_morph_features": []
            },
            "TOK3": {
                "word_type": "N",
                "word_form": "Anzeige",
                "lemma": "Anzeige",
                "POS_STTS": "NN",
                "index": "28",
                "dep_rel": "obja",
                "head_index": "33",
                "parser_morph_features": "Fem|Acc|Sg",
                "possible_morph_features": []
            }
        },
        "relations": {
            "rel_1": {
                "rel_type": "must_agree",
                "involved": [
                    "TOK3",
                    "TOK2"
                ],
                "ruler": "TOK3",
                "possible_agreement": null
            }
        }
    },
    {
        "file_ID": "1023_0101853",
        "sent_NP_ID": "1_15",
        "sentence": "Katharina Müller Zentralplatz 12 12345 Stadt X Computer-Spezialist Odenwaldstraße 5 53119 Bonn Bewerbung um einer Berufspraktikum Stadt X , 22.03.2010 Sehr geehrte Damen und Herren , Ihre Anzeige im Internet habe ich gelesen und interessire mich sehr dafür .",
        "metadata": {
            "corpus": "MERLIN_DE"
        },
        "NP_info": {
            "len_np": 1,
            "coordination": null
        },
        "HEAD_info": {
            "head": {
                "H_TOK1": {
                    "word_type": "PREP",
                    "word_form": "im",
                    "lemma": "in",
                    "POS_STTS": "APPRART",
                    "index": "29",
                    "dep_rel": "pp",
                    "head_index": "28",
                    "parser_morph_features": "Dat"
                }
            },
            "super_head": {
                "SH_TOK1": {
                    "word_type": "N",
                    "word_form": "Anzeige",
                    "lemma": "Anzeige",
                    "POS_STTS": "NN",
                    "index": "28",
                    "dep_rel": "obja",
                    "head_index": "33",
                    "parser_morph_features": "Fem|Acc|Sg"
                }
            }
        },
        "POST_info": {},
        "TOK_info": {
            "TOK1": {
                "word_type": "N",
                "word_form": "Internet",
                "lemma": "Internet",
                "POS_STTS": "NN",
                "index": "30",
                "dep_rel": "pn",
                "head_index": "29",
                "parser_morph_features": "Neut|Dat|Sg",
                "possible_morph_features": []
            }
        },
        "relations": {
            "rel_1": {
                "rel_type": "must_agree",
                "involved": [
                    "TOK1",
                    "H_TOK1"
                ],
                "ruler": "TOK1",
                "possible_agreement": null
            }
        }
    },
    {
        "file_ID": "1023_0101853",
        "sent_NP_ID": "2_16",
        "sentence": "Deshalb möchte ich bei Ihrer Computer-Spezialist Firma bewerben .",
        "metadata": {
            "corpus": "MERLIN_DE"
        },
        "NP_info": {
            "len_np": 2,
            "coordination": null
        },
        "HEAD_info": {
            "head": {
                "H_TOK1": {
                    "word_type": "PREP",
                    "word_form": "bei",
                    "lemma": "bei",
                    "POS_STTS": "APPR",
                    "index": "4",
                    "dep_rel": "pp",
                    "head_index": "8",
                    "parser_morph_features": "Dat"
                }
            },
            "super_head": {
                "SH_TOK1": {
                    "word_type": "V",
                    "word_form": "bewerben",
                    "lemma": "bewerben",
                    "POS_STTS": "VVINF",
                    "index": "8",
                    "dep_rel": "aux",
                    "head_index": "2",
                    "parser_morph_features": "_"
                }
            }
        },
        "POST_info": {
            "P_TOK1": {
                "word_type": "N",
                "word_form": "Firma",
                "lemma": "Firma",
                "POS_STTS": "NN",
                "index": "7",
                "dep_rel": "app",
                "head_index": "6",
                "parser_morph_features": "Fem|Dat|Sg"
            }
        },
        "TOK_info": {
            "TOK1": {
                "word_type": "ART",
                "word_form": "Ihrer",
                "lemma": "ihre",
                "POS_STTS": "PPOSAT",
                "index": "5",
                "dep_rel": "det",
                "head_index": "6",
                "parser_morph_features": "Fem|Dat|Sg",
                "possible_morph_features": []
            },
            "TOK2": {
                "word_type": "N",
                "word_form": "Computer-Spezialist",
                "lemma": "Computer-Spezialist",
                "POS_STTS": "NN",
                "index": "6",
                "dep_rel": "pn",
                "head_index": "4",
                "parser_morph_features": "Fem|Dat|Sg",
                "possible_morph_features": []
            }
        },
        "relations": {
            "rel_1": {
                "rel_type": "must_agree",
                "involved": [
                    "TOK2",
                    "TOK1"
                ],
                "ruler": "TOK2",
                "possible_agreement": null
            }
        }
    },
    {
        "file_ID": "1023_0101853",
        "sent_NP_ID": "2_17",
        "sentence": "Deshalb möchte ich bei Ihrer Computer-Spezialist Firma bewerben .",
        "metadata": {
            "corpus": "MERLIN_DE"
        },
        "NP_info": {
            "len_np": 1,
            "coordination": null
        },
        "HEAD_info": {
            "head": {
                "H_TOK1": {
                    "word_type": "N",
                    "word_form": "Computer-Spezialist",
                    "lemma": "Computer-Spezialist",
                    "POS_STTS": "NN",
                    "index": "6",
                    "dep_rel": "pn",
                    "head_index": "4",
                    "parser_morph_features": "Fem|Dat|Sg"
                }
            },
            "super_head": {
                "SH_TOK1": {
                    "word_type": "PREP",
                    "word_form": "bei",
                    "lemma": "bei",
                    "POS_STTS": "APPR",
                    "index": "4",
                    "dep_rel": "pp",
                    "head_index": "8",
                    "parser_morph_features": "Dat"
                }
            }
        },
        "POST_info": {},
        "TOK_info": {
            "TOK1": {
                "word_type": "N",
                "word_form": "Firma",
                "lemma": "Firma",
                "POS_STTS": "NN",
                "index": "7",
                "dep_rel": "app",
                "head_index": "6",
                "parser_morph_features": "Fem|Dat|Sg",
                "possible_morph_features": []
            }
        },
        "relations": {}
    },
    {
        "file_ID": "1023_0101853",
        "sent_NP_ID": "3_18",
        "sentence": "Es war immer meiner größter Wunsch in eine Deutsche Firma als Berufspraktikum machen .",
        "metadata": {
            "corpus": "MERLIN_DE"
        },
        "NP_info": {
            "len_np": 3,
            "coordination": null
        },
        "HEAD_info": {
            "head": {
                "H_TOK1": {
                    "word_type": "V",
                    "word_form": "war",
                    "lemma": "sein",
                    "POS_STTS": "VAFIN",
                    "index": "2",
                    "dep_rel": "root",
                    "head_index": "0",
                    "parser_morph_features": "3|Sg|Past|Ind"
                }
            },
            "super_head": {}
        },
        "POST_info": {},
        "TOK_info": {
            "TOK1": {
                "word_type": "ART",
                "word_form": "meiner",
                "lemma": "meine",
                "POS_STTS": "PPOSAT",
                "index": "4",
                "dep_rel": "det",
                "head_index": "6",
                "parser_morph_features": "_|_|_",
                "possible_morph_features": []
            },
            "TOK2": {
                "word_type": "ADJA",
                "word_form": "größter",
                "lemma": "groß",
                "POS_STTS": "ADJA",
                "index": "5",
                "dep_rel": "attr",
                "head_index": "6",
                "parser_morph_features": "Sup|Fem|Dat|Sg|St|",
                "possible_morph_features": []
            },
            "TOK3": {
                "word_type": "N",
                "word_form": "Wunsch",
                "lemma": "Wunsch",
                "POS_STTS": "NN",
                "index": "6",
                "dep_rel": "objd",
                "head_index": "2",
                "parser_morph_features": "Fem|Dat|Sg",
                "possible_morph_features": []
            }
        },
        "relations": {
            "rel_1": {
                "rel_type": "must_agree",
                "involved": [
                    "TOK1",
                    "TOK2"
                ],
                "ruler": null,
                "possible_agreement": null
            },
            "rel_2": {
                "rel_type": "must_agree",
                "involved": [
                    "TOK3",
                    "TOK1"
                ],
                "ruler": "TOK3",
                "possible_agreement": null
            },
            "rel_3": {
                "rel_type": "must_agree",
                "involved": [
                    "TOK3",
                    "TOK2"
                ],
                "ruler": "TOK3",
                "possible_agreement": null
            }
        }
    },
    {
        "file_ID": "1023_0101853",
        "sent_NP_ID": "3_19",
        "sentence": "Es war immer meiner größter Wunsch in eine Deutsche Firma als Berufspraktikum machen .",
        "metadata": {
            "corpus": "MERLIN_DE"
        },
        "NP_info": {
            "len_np": 3,
            "coordination": [
                "3_19",
                "3_20"
            ]
        },
        "HEAD_info": {
            "head": {
                "H_TOK1": {
                    "word_type": "PREP",
                    "word_form": "in",
                    "lemma": "in",
                    "POS_STTS": "APPR",
                    "index": "7",
                    "dep_rel": "pp",
                    "head_index": "2",
                    "parser_morph_features": "Acc"
                }
            },
            "super_head": {
                "SH_TOK1": {
                    "word_type": "V",
                    "word_form": "war",
                    "lemma": "sein",
                    "POS_STTS": "VAFIN",
                    "index": "2",
                    "dep_rel": "root",
                    "head_index": "0",
                    "parser_morph_features": "3|Sg|Past|Ind"
                }
            }
        },
        "POST_info": {
            "P_TOK1": {
                "word_type": "KOKOM",
                "word_form": "als",
                "lemma": "als",
                "POS_STTS": "KOKOM",
                "index": "11",
                "dep_rel": "kom",
                "head_index": "10",
                "parser_morph_features": "_"
            }
        },
        "TOK_info": {
            "TOK1": {
                "word_type": "ART",
                "word_form": "eine",
                "lemma": "eine",
                "POS_STTS": "ART",
                "index": "8",
                "dep_rel": "det",
                "head_index": "10",
                "parser_morph_features": "Indef|Fem|Acc|Sg",
                "possible_morph_features": []
            },
            "TOK2": {
                "word_type": "ADJA",
                "word_form": "Deutsche",
                "lemma": "deutsch",
                "POS_STTS": "ADJA",
                "index": "9",
                "dep_rel": "attr",
                "head_index": "10",
                "parser_morph_features": "Pos|Fem|Acc|Sg|_|",
                "possible_morph_features": []
            },
            "TOK3": {
                "word_type": "N",
                "word_form": "Firma",
                "lemma": "Firma",
                "POS_STTS": "NN",
                "index": "10",
                "dep_rel": "pn",
                "head_index": "7",
                "parser_morph_features": "Fem|Acc|Sg",
                "possible_morph_features": []
            }
        },
        "relations": {
            "rel_1": {
                "rel_type": "must_agree",
                "involved": [
                    "TOK1",
                    "TOK2"
                ],
                "ruler": null,
                "possible_agreement": null
            },
            "rel_2": {
                "rel_type": "must_agree",
                "involved": [
                    "TOK3",
                    "TOK1"
                ],
                "ruler": "TOK3",
                "possible_agreement": null
            },
            "rel_3": {
                "rel_type": "must_agree",
                "involved": [
                    "TOK3",
                    "TOK2"
                ],
                "ruler": "TOK3",
                "possible_agreement": null
            }
        }
    },
    {
        "file_ID": "1023_0101853",
        "sent_NP_ID": "3_20",
        "sentence": "Es war immer meiner größter Wunsch in eine Deutsche Firma als Berufspraktikum machen .",
        "metadata": {
            "corpus": "MERLIN_DE"
        },
        "NP_info": {
            "len_np": 1,
            "coordination": [
                "3_19",
                "3_20"
            ]
        },
        "HEAD_info": {
            "head": {
                "H_TOK1": {
                    "word_type": "KOKOM",
                    "word_form": "als",
                    "lemma": "als",
                    "POS_STTS": "KOKOM",
                    "index": "11",
                    "dep_rel": "kom",
                    "head_index": "10",
                    "parser_morph_features": "_"
                }
            },
            "super_head": {
                "SH_TOK1": {
                    "word_type": "N",
                    "word_form": "Firma",
                    "lemma": "Firma",
                    "POS_STTS": "NN",
                    "index": "10",
                    "dep_rel": "pn",
                    "head_index": "7",
                    "parser_morph_features": "Fem|Acc|Sg"
                }
            }
        },
        "POST_info": {},
        "TOK_info": {
            "TOK1": {
                "word_type": "N",
                "word_form": "Berufspraktikum",
                "lemma": "Berufspraktikum",
                "POS_STTS": "NN",
                "index": "12",
                "dep_rel": "cj",
                "head_index": "11",
                "parser_morph_features": "Neut|_|Sg",
                "possible_morph_features": []
            }
        },
        "relations": {}
    },
    {
        "file_ID": "1023_0101853",
        "sent_NP_ID": "4_21",
        "sentence": "Nach meinem Deutschkurs würde ich die Zeit nutzen erste Erfahrungen sammeln .",
        "metadata": {
            "corpus": "MERLIN_DE"
        },
        "NP_info": {
            "len_np": 2,
            "coordination": null
        },
        "HEAD_info": {
            "head": {
                "H_TOK1": {
                    "word_type": "PREP",
                    "word_form": "Nach",
                    "lemma": "nach",
                    "POS_STTS": "APPR",
                    "index": "1",
                    "dep_rel": "pp",
                    "head_index": "4",
                    "parser_morph_features": "Dat"
                }
            },
            "super_head": {
                "SH_TOK1": {
                    "word_type": "V",
                    "word_form": "würde",
                    "lemma": "werden",
                    "POS_STTS": "VAFIN",
                    "index": "4",
                    "dep_rel": "root",
                    "head_index": "0",
                    "parser_morph_features": "1|Sg|Past|Subj"
                }
            }
        },
        "POST_info": {},
        "TOK_info": {
            "TOK1": {
                "word_type": "ART",
                "word_form": "meinem",
                "lemma": "meine",
                "POS_STTS": "PPOSAT",
                "index": "2",
                "dep_rel": "det",
                "head_index": "3",
                "parser_morph_features": "Masc|Dat|Sg",
                "possible_morph_features": []
            },
            "TOK2": {
                "word_type": "N",
                "word_form": "Deutschkurs",
                "lemma": "Deutschkurs",
                "POS_STTS": "NN",
                "index": "3",
                "dep_rel": "pn",
                "head_index": "1",
                "parser_morph_features": "Masc|Dat|Sg",
                "possible_morph_features": []
            }
        },
        "relations": {
            "rel_1": {
                "rel_type": "must_agree",
                "involved": [
                    "TOK2",
                    "TOK1"
                ],
                "ruler": "TOK2",
                "possible_agreement": null
            }
        }
    },
    {
        "file_ID": "1023_0101853",
        "sent_NP_ID": "4_22",
        "sentence": "Nach meinem Deutschkurs würde ich die Zeit nutzen erste Erfahrungen sammeln .",
        "metadata": {
            "corpus": "MERLIN_DE"
        },
        "NP_info": {
            "len_np": 2,
            "coordination": null
        },
        "HEAD_info": {
            "head": {
                "H_TOK1": {
                    "word_type": "V",
                    "word_form": "nutzen",
                    "lemma": "nutzen",
                    "POS_STTS": "VVINF",
                    "index": "8",
                    "dep_rel": "aux",
                    "head_index": "4",
                    "parser_morph_features": "_"
                }
            },
            "super_head": {
                "SH_TOK1": {
                    "word_type": "V",
                    "word_form": "würde",
                    "lemma": "werden",
                    "POS_STTS": "VAFIN",
                    "index": "4",
                    "dep_rel": "root",
                    "head_index": "0",
                    "parser_morph_features": "1|Sg|Past|Subj"
                }
            }
        },
        "POST_info": {},
        "TOK_info": {
            "TOK1": {
                "word_type": "ART",
                "word_form": "die",
                "lemma": "die",
                "POS_STTS": "ART",
                "index": "6",
                "dep_rel": "det",
                "head_index": "7",
                "parser_morph_features": "Def|Fem|Acc|Sg",
                "possible_morph_features": []
            },
            "TOK2": {
                "word_type": "N",
                "word_form": "Zeit",
                "lemma": "Zeit",
                "POS_STTS": "NN",
                "index": "7",
                "dep_rel": "obja",
                "head_index": "8",
                "parser_morph_features": "Fem|Acc|Sg",
                "possible_morph_features": []
            }
        },
        "relations": {
            "rel_1": {
                "rel_type": "must_agree",
                "involved": [
                    "TOK2",
                    "TOK1"
                ],
                "ruler": "TOK2",
                "possible_agreement": null
            }
        }
    },
    {
        "file_ID": "1023_0101853",
        "sent_NP_ID": "4_23",
        "sentence": "Nach meinem Deutschkurs würde ich die Zeit nutzen erste Erfahrungen sammeln .",
        "metadata": {
            "corpus": "MERLIN_DE"
        },
        "NP_info": {
            "len_np": 2,
            "coordination": null
        },
        "HEAD_info": {
            "head": {
                "H_TOK1": {
                    "word_type": "V",
                    "word_form": "sammeln",
                    "lemma": "sammeln",
                    "POS_STTS": "VVINF",
                    "index": "11",
                    "dep_rel": "root",
                    "head_index": "0",
                    "parser_morph_features": "_"
                }
            },
            "super_head": {}
        },
        "POST_info": {},
        "TOK_info": {
            "TOK1": {
                "word_type": "ADJA",
                "word_form": "erste",
                "lemma": "erst",
                "POS_STTS": "ADJA",
                "index": "9",
                "dep_rel": "attr",
                "head_index": "10",
                "parser_morph_features": "_|_|Acc|_|_|",
                "possible_morph_features": []
            },
            "TOK2": {
                "word_type": "N",
                "word_form": "Erfahrungen",
                "lemma": "Erfahrung",
                "POS_STTS": "NN",
                "index": "10",
                "dep_rel": "obja",
                "head_index": "11",
                "parser_morph_features": "_|Acc|_",
                "possible_morph_features": []
            }
        },
        "relations": {
            "rel_1": {
                "rel_type": "must_agree",
                "involved": [
                    "TOK2",
                    "TOK1"
                ],
                "ruler": "TOK2",
                "possible_agreement": null
            }
        }
    },
    {
        "file_ID": "1023_0101853",
        "sent_NP_ID": "5_24",
        "sentence": "Dabei möchte ich meine Deutschkenntnisse verbessern .",
        "metadata": {
            "corpus": "MERLIN_DE"
        },
        "NP_info": {
            "len_np": 2,
            "coordination": null
        },
        "HEAD_info": {
            "head": {
                "H_TOK1": {
                    "word_type": "V",
                    "word_form": "verbessern",
                    "lemma": "verbessern",
                    "POS_STTS": "VVINF",
                    "index": "6",
                    "dep_rel": "aux",
                    "head_index": "2",
                    "parser_morph_features": "_"
                }
            },
            "super_head": {
                "SH_TOK1": {
                    "word_type": "V",
                    "word_form": "möchte",
                    "lemma": "mögen",
                    "POS_STTS": "VMFIN",
                    "index": "2",
                    "dep_rel": "root",
                    "head_index": "0",
                    "parser_morph_features": "1|Sg|Past|Subj"
                }
            }
        },
        "POST_info": {},
        "TOK_info": {
            "TOK1": {
                "word_type": "ART",
                "word_form": "meine",
                "lemma": "meine",
                "POS_STTS": "PPOSAT",
                "index": "4",
                "dep_rel": "det",
                "head_index": "5",
                "parser_morph_features": "Fem|Acc|Pl",
                "possible_morph_features": []
            },
            "TOK2": {
                "word_type": "N",
                "word_form": "Deutschkenntnisse",
                "lemma": "Deutschkenntnis",
                "POS_STTS": "NN",
                "index": "5",
                "dep_rel": "obja",
                "head_index": "6",
                "parser_morph_features": "Fem|Acc|Pl",
                "possible_morph_features": []
            }
        },
        "relations": {
            "rel_1": {
                "rel_type": "must_agree",
                "involved": [
                    "TOK2",
                    "TOK1"
                ],
                "ruler": "TOK2",
                "possible_agreement": null
            }
        }
    },
    {
        "file_ID": "1023_0101853",
        "sent_NP_ID": "6_25",
        "sentence": "Nach meinem Schulabschluss habe ich Informatik studiert .",
        "metadata": {
            "corpus": "MERLIN_DE"
        },
        "NP_info": {
            "len_np": 2,
            "coordination": null
        },
        "HEAD_info": {
            "head": {
                "H_TOK1": {
                    "word_type": "PREP",
                    "word_form": "Nach",
                    "lemma": "nach",
                    "POS_STTS": "APPR",
                    "index": "1",
                    "dep_rel": "pp",
                    "head_index": "4",
                    "parser_morph_features": "Dat"
                }
            },
            "super_head": {
                "SH_TOK1": {
                    "word_type": "V",
                    "word_form": "habe",
                    "lemma": "haben",
                    "POS_STTS": "VAFIN",
                    "index": "4",
                    "dep_rel": "root",
                    "head_index": "0",
                    "parser_morph_features": "1|Sg|Pres|_"
                }
            }
        },
        "POST_info": {},
        "TOK_info": {
            "TOK1": {
                "word_type": "ART",
                "word_form": "meinem",
                "lemma": "meine",
                "POS_STTS": "PPOSAT",
                "index": "2",
                "dep_rel": "det",
                "head_index": "3",
                "parser_morph_features": "Masc|Dat|Sg",
                "possible_morph_features": []
            },
            "TOK2": {
                "word_type": "N",
                "word_form": "Schulabschluss",
                "lemma": "Schulabschluss",
                "POS_STTS": "NN",
                "index": "3",
                "dep_rel": "pn",
                "head_index": "1",
                "parser_morph_features": "Masc|Dat|Sg",
                "possible_morph_features": []
            }
        },
        "relations": {
            "rel_1": {
                "rel_type": "must_agree",
                "involved": [
                    "TOK2",
                    "TOK1"
                ],
                "ruler": "TOK2",
                "possible_agreement": null
            }
        }
    },
    {
        "file_ID": "1023_0101853",
        "sent_NP_ID": "6_26",
        "sentence": "Nach meinem Schulabschluss habe ich Informatik studiert .",
        "metadata": {
            "corpus": "MERLIN_DE"
        },
        "NP_info": {
            "len_np": 1,
            "coordination": null
        },
        "HEAD_info": {
            "head": {
                "H_TOK1": {
                    "word_type": "V",
                    "word_form": "studiert",
                    "lemma": "studieren",
                    "POS_STTS": "VVPP",
                    "index": "7",
                    "dep_rel": "aux",
                    "head_index": "4",
                    "parser_morph_features": "_"
                }
            },
            "super_head": {
                "SH_TOK1": {
                    "word_type": "V",
                    "word_form": "habe",
                    "lemma": "haben",
                    "POS_STTS": "VAFIN",
                    "index": "4",
                    "dep_rel": "root",
                    "head_index": "0",
                    "parser_morph_features": "1|Sg|Pres|_"
                }
            }
        },
        "POST_info": {},
        "TOK_info": {
            "TOK1": {
                "word_type": "N",
                "word_form": "Informatik",
                "lemma": "Informatik",
                "POS_STTS": "NN",
                "index": "6",
                "dep_rel": "obja",
                "head_index": "7",
                "parser_morph_features": "Fem|Acc|Sg",
                "possible_morph_features": []
            }
        },
        "relations": {}
    },
    {
        "file_ID": "1023_0101853",
        "sent_NP_ID": "7_27",
        "sentence": "Zwei Jahre im Beruf gearbeitet .",
        "metadata": {
            "corpus": "MERLIN_DE"
        },
        "NP_info": {
            "len_np": 2,
            "coordination": null
        },
        "HEAD_info": {
            "head": {
                "H_TOK1": {
                    "word_type": "V",
                    "word_form": "gearbeitet",
                    "lemma": "arbeiten",
                    "POS_STTS": "VVPP",
                    "index": "5",
                    "dep_rel": "root",
                    "head_index": "0",
                    "parser_morph_features": "_"
                }
            },
            "super_head": {}
        },
        "POST_info": {},
        "TOK_info": {
            "TOK1": {
                "word_type": "CARD",
                "word_form": "Zwei",
                "lemma": "zwei",
                "POS_STTS": "CARD",
                "index": "1",
                "dep_rel": "attr",
                "head_index": "2",
                "parser_morph_features": "_",
                "possible_morph_features": []
            },
            "TOK2": {
                "word_type": "N",
                "word_form": "Jahre",
                "lemma": "Jahr",
                "POS_STTS": "NN",
                "index": "2",
                "dep_rel": "subj",
                "head_index": "5",
                "parser_morph_features": "Neut|Nom|Pl",
                "possible_morph_features": []
            }
        },
        "relations": {}
    },
    {
        "file_ID": "1023_0101853",
        "sent_NP_ID": "7_28",
        "sentence": "Zwei Jahre im Beruf gearbeitet .",
        "metadata": {
            "corpus": "MERLIN_DE"
        },
        "NP_info": {
            "len_np": 1,
            "coordination": null
        },
        "HEAD_info": {
            "head": {
                "H_TOK1": {
                    "word_type": "PREP",
                    "word_form": "im",
                    "lemma": "in",
                    "POS_STTS": "APPRART",
                    "index": "3",
                    "dep_rel": "pp",
                    "head_index": "5",
                    "parser_morph_features": "Dat"
                }
            },
            "super_head": {
                "SH_TOK1": {
                    "word_type": "V",
                    "word_form": "gearbeitet",
                    "lemma": "arbeiten",
                    "POS_STTS": "VVPP",
                    "index": "5",
                    "dep_rel": "root",
                    "head_index": "0",
                    "parser_morph_features": "_"
                }
            }
        },
        "POST_info": {},
        "TOK_info": {
            "TOK1": {
                "word_type": "N",
                "word_form": "Beruf",
                "lemma": "Beruf",
                "POS_STTS": "NN",
                "index": "4",
                "dep_rel": "pn",
                "head_index": "3",
                "parser_morph_features": "Masc|Dat|Sg",
                "possible_morph_features": []
            }
        },
        "relations": {
            "rel_1": {
                "rel_type": "must_agree",
                "involved": [
                    "TOK1",
                    "H_TOK1"
                ],
                "ruler": "TOK1",
                "possible_agreement": null
            }
        }
    },
    {
        "file_ID": "1023_0101853",
        "sent_NP_ID": "8_29",
        "sentence": "Ich arbeite gerne im Team , denn die Zusammenarbeit mit anderen macht mir viel Spaß .",
        "metadata": {
            "corpus": "MERLIN_DE"
        },
        "NP_info": {
            "len_np": 1,
            "coordination": null
        },
        "HEAD_info": {
            "head": {
                "H_TOK1": {
                    "word_type": "PREP",
                    "word_form": "im",
                    "lemma": "in",
                    "POS_STTS": "APPRART",
                    "index": "4",
                    "dep_rel": "pp",
                    "head_index": "2",
                    "parser_morph_features": "Dat"
                }
            },
            "super_head": {
                "SH_TOK1": {
                    "word_type": "V",
                    "word_form": "arbeite",
                    "lemma": "arbeiten",
                    "POS_STTS": "VVFIN",
                    "index": "2",
                    "dep_rel": "root",
                    "head_index": "0",
                    "parser_morph_features": "1|Sg|Pres|_"
                }
            }
        },
        "POST_info": {},
        "TOK_info": {
            "TOK1": {
                "word_type": "N",
                "word_form": "Team",
                "lemma": "Team",
                "POS_STTS": "NN",
                "index": "5",
                "dep_rel": "pn",
                "head_index": "4",
                "parser_morph_features": "Neut|Dat|Sg",
                "possible_morph_features": []
            }
        },
        "relations": {
            "rel_1": {
                "rel_type": "must_agree",
                "involved": [
                    "TOK1",
                    "H_TOK1"
                ],
                "ruler": "TOK1",
                "possible_agreement": null
            }
        }
    },
    {
        "file_ID": "1023_0101853",
        "sent_NP_ID": "8_30",
        "sentence": "Ich arbeite gerne im Team , denn die Zusammenarbeit mit anderen macht mir viel Spaß .",
        "metadata": {
            "corpus": "MERLIN_DE"
        },
        "NP_info": {
            "len_np": 2,
            "coordination": null
        },
        "HEAD_info": {
            "head": {
                "H_TOK1": {
                    "word_type": "V",
                    "word_form": "macht",
                    "lemma": "machen",
                    "POS_STTS": "VVFIN",
                    "index": "12",
                    "dep_rel": "cj",
                    "head_index": "7",
                    "parser_morph_features": "3|Sg|Pres|Ind"
                }
            },
            "super_head": {
                "SH_TOK1": {
                    "word_type": "KON",
                    "word_form": "denn",
                    "lemma": "denn",
                    "POS_STTS": "KON",
                    "index": "7",
                    "dep_rel": "kon",
                    "head_index": "2",
                    "parser_morph_features": "_"
                }
            }
        },
        "POST_info": {
            "P_TOK1": {
                "word_type": "PREP",
                "word_form": "mit",
                "lemma": "mit",
                "POS_STTS": "APPR",
                "index": "10",
                "dep_rel": "pp",
                "head_index": "9",
                "parser_morph_features": "Dat"
            }
        },
        "TOK_info": {
            "TOK1": {
                "word_type": "ART",
                "word_form": "die",
                "lemma": "die",
                "POS_STTS": "ART",
                "index": "8",
                "dep_rel": "det",
                "head_index": "9",
                "parser_morph_features": "Def|Fem|Nom|Sg",
                "possible_morph_features": []
            },
            "TOK2": {
                "word_type": "N",
                "word_form": "Zusammenarbeit",
                "lemma": "Zusammenarbeit",
                "POS_STTS": "NN",
                "index": "9",
                "dep_rel": "subj",
                "head_index": "12",
                "parser_morph_features": "Fem|Nom|Sg",
                "possible_morph_features": []
            }
        },
        "relations": {
            "rel_1": {
                "rel_type": "must_agree",
                "involved": [
                    "TOK2",
                    "TOK1"
                ],
                "ruler": "TOK2",
                "possible_agreement": null
            }
        }
    },
    {
        "file_ID": "1023_0101853",
        "sent_NP_ID": "8_31",
        "sentence": "Ich arbeite gerne im Team , denn die Zusammenarbeit mit anderen macht mir viel Spaß .",
        "metadata": {
            "corpus": "MERLIN_DE"
        },
        "NP_info": {
            "len_np": 1,
            "coordination": null
        },
        "HEAD_info": {
            "head": {
                "H_TOK1": {
                    "word_type": "V",
                    "word_form": "macht",
                    "lemma": "machen",
                    "POS_STTS": "VVFIN",
                    "index": "12",
                    "dep_rel": "cj",
                    "head_index": "7",
                    "parser_morph_features": "3|Sg|Pres|Ind"
                }
            },
            "super_head": {
                "SH_TOK1": {
                    "word_type": "KON",
                    "word_form": "denn",
                    "lemma": "denn",
                    "POS_STTS": "KON",
                    "index": "7",
                    "dep_rel": "kon",
                    "head_index": "2",
                    "parser_morph_features": "_"
                }
            }
        },
        "POST_info": {},
        "TOK_info": {
            "TOK1": {
                "word_type": "N",
                "word_form": "Spaß",
                "lemma": "Spaß",
                "POS_STTS": "NN",
                "index": "15",
                "dep_rel": "obja",
                "head_index": "12",
                "parser_morph_features": "Masc|Acc|Sg",
                "possible_morph_features": []
            }
        },
        "relations": {}
    },
    {
        "file_ID": "1023_0101853",
        "sent_NP_ID": "9_32",
        "sentence": "Ich spreche fließend Polnisch , Deutsch , habe gute Kenntnisse in Russisch und Englisch .",
        "metadata": {
            "corpus": "MERLIN_DE"
        },
        "NP_info": {
            "len_np": 1,
            "coordination": null
        },
        "HEAD_info": {
            "head": {
                "H_TOK1": {
                    "word_type": "V",
                    "word_form": "spreche",
                    "lemma": "sprechen",
                    "POS_STTS": "VVFIN",
                    "index": "2",
                    "dep_rel": "root",
                    "head_index": "0",
                    "parser_morph_features": "1|Sg|Pres|_"
                }
            },
            "super_head": {}
        },
        "POST_info": {
            "P_TOK1": {
                "word_type": "N",
                "word_form": "Deutsch",
                "lemma": "Deutsch",
                "POS_STTS": "NN",
                "index": "6",
                "dep_rel": "app",
                "head_index": "4",
                "parser_morph_features": "Neut|Acc|Sg"
            }
        },
        "TOK_info": {
            "TOK1": {
                "word_type": "N",
                "word_form": "Polnisch",
                "lemma": "Polnisch",
                "POS_STTS": "NN",
                "index": "4",
                "dep_rel": "obja",
                "head_index": "2",
                "parser_morph_features": "Neut|Acc|Sg",
                "possible_morph_features": []
            }
        },
        "relations": {}
    },
    {
        "file_ID": "1023_0101853",
        "sent_NP_ID": "9_33",
        "sentence": "Ich spreche fließend Polnisch , Deutsch , habe gute Kenntnisse in Russisch und Englisch .",
        "metadata": {
            "corpus": "MERLIN_DE"
        },
        "NP_info": {
            "len_np": 1,
            "coordination": null
        },
        "HEAD_info": {
            "head": {
                "H_TOK1": {
                    "word_type": "N",
                    "word_form": "Polnisch",
                    "lemma": "Polnisch",
                    "POS_STTS": "NN",
                    "index": "4",
                    "dep_rel": "obja",
                    "head_index": "2",
                    "parser_morph_features": "Neut|Acc|Sg"
                }
            },
            "super_head": {
                "SH_TOK1": {
                    "word_type": "V",
                    "word_form": "spreche",
                    "lemma": "sprechen",
                    "POS_STTS": "VVFIN",
                    "index": "2",
                    "dep_rel": "root",
                    "head_index": "0",
                    "parser_morph_features": "1|Sg|Pres|_"
                }
            }
        },
        "POST_info": {},
        "TOK_info": {
            "TOK1": {
                "word_type": "N",
                "word_form": "Deutsch",
                "lemma": "Deutsch",
                "POS_STTS": "NN",
                "index": "6",
                "dep_rel": "app",
                "head_index": "4",
                "parser_morph_features": "Neut|Acc|Sg",
                "possible_morph_features": []
            }
        },
        "relations": {}
    },
    {
        "file_ID": "1023_0101853",
        "sent_NP_ID": "9_34",
        "sentence": "Ich spreche fließend Polnisch , Deutsch , habe gute Kenntnisse in Russisch und Englisch .",
        "metadata": {
            "corpus": "MERLIN_DE"
        },
        "NP_info": {
            "len_np": 2,
            "coordination": null
        },
        "HEAD_info": {
            "head": {
                "H_TOK1": {
                    "word_type": "V",
                    "word_form": "habe",
                    "lemma": "haben",
                    "POS_STTS": "VAFIN",
                    "index": "8",
                    "dep_rel": "kon",
                    "head_index": "2",
                    "parser_morph_features": "_|Sg|Pres|_"
                }
            },
            "super_head": {
                "SH_TOK1": {
                    "word_type": "V",
                    "word_form": "spreche",
                    "lemma": "sprechen",
                    "POS_STTS": "VVFIN",
                    "index": "2",
                    "dep_rel": "root",
                    "head_index": "0",
                    "parser_morph_features": "1|Sg|Pres|_"
                }
            }
        },
        "POST_info": {},
        "TOK_info": {
            "TOK1": {
                "word_type": "ADJA",
                "word_form": "gute",
                "lemma": "gut",
                "POS_STTS": "ADJA",
                "index": "9",
                "dep_rel": "attr",
                "head_index": "10",
                "parser_morph_features": "Pos|Fem|Acc|Pl|St|",
                "possible_morph_features": []
            },
            "TOK2": {
                "word_type": "N",
                "word_form": "Kenntnisse",
                "lemma": "Kenntnis",
                "POS_STTS": "NN",
                "index": "10",
                "dep_rel": "obja",
                "head_index": "8",
                "parser_morph_features": "Fem|Acc|Pl",
                "possible_morph_features": []
            }
        },
        "relations": {
            "rel_1": {
                "rel_type": "must_agree",
                "involved": [
                    "TOK2",
                    "TOK1"
                ],
                "ruler": "TOK2",
                "possible_agreement": null
            }
        }
    },
    {
        "file_ID": "1023_0101853",
        "sent_NP_ID": "9_35",
        "sentence": "Ich spreche fließend Polnisch , Deutsch , habe gute Kenntnisse in Russisch und Englisch .",
        "metadata": {
            "corpus": "MERLIN_DE"
        },
        "NP_info": {
            "len_np": 1,
            "coordination": [
                "9_35",
                "9_36"
            ]
        },
        "HEAD_info": {
            "head": {
                "H_TOK1": {
                    "word_type": "PREP",
                    "word_form": "in",
                    "lemma": "in",
                    "POS_STTS": "APPR",
                    "index": "11",
                    "dep_rel": "pp",
                    "head_index": "8",
                    "parser_morph_features": "_"
                }
            },
            "super_head": {
                "SH_TOK1": {
                    "word_type": "V",
                    "word_form": "habe",
                    "lemma": "haben",
                    "POS_STTS": "VAFIN",
                    "index": "8",
                    "dep_rel": "kon",
                    "head_index": "2",
                    "parser_morph_features": "_|Sg|Pres|_"
                }
            }
        },
        "POST_info": {},
        "TOK_info": {
            "TOK1": {
                "word_type": "N",
                "word_form": "Russisch",
                "lemma": "Russisch",
                "POS_STTS": "NN",
                "index": "12",
                "dep_rel": "pn",
                "head_index": "11",
                "parser_morph_features": "_|_|Sg",
                "possible_morph_features": []
            }
        },
        "relations": {}
    },
    {
        "file_ID": "1023_0101853",
        "sent_NP_ID": "9_36",
        "sentence": "Ich spreche fließend Polnisch , Deutsch , habe gute Kenntnisse in Russisch und Englisch .",
        "metadata": {
            "corpus": "MERLIN_DE"
        },
        "NP_info": {
            "len_np": 1,
            "coordination": [
                "9_35",
                "9_36"
            ]
        },
        "HEAD_info": {
            "head": {
                "H_TOK1": {
                    "word_type": "KON",
                    "word_form": "und",
                    "lemma": "und",
                    "POS_STTS": "KON",
                    "index": "13",
                    "dep_rel": "kon",
                    "head_index": "12",
                    "parser_morph_features": "_"
                }
            },
            "super_head": {
                "SH_TOK1": {
                    "word_type": "N",
                    "word_form": "Russisch",
                    "lemma": "Russisch",
                    "POS_STTS": "NN",
                    "index": "12",
                    "dep_rel": "pn",
                    "head_index": "11",
                    "parser_morph_features": "_|_|Sg"
                }
            }
        },
        "POST_info": {},
        "TOK_info": {
            "TOK1": {
                "word_type": "N",
                "word_form": "Englisch",
                "lemma": "Englisch",
                "POS_STTS": "NN",
                "index": "14",
                "dep_rel": "cj",
                "head_index": "13",
                "parser_morph_features": "Neut|_|Sg",
                "possible_morph_features": []
            }
        },
        "relations": {}
    },
    {
        "file_ID": "1023_0101853",
        "sent_NP_ID": "10_37",
        "sentence": "Eingentlich könnte ich die Aufgabe selbständlich Bearbeiten Ich kann ab sofort anfangen .",
        "metadata": {
            "corpus": "MERLIN_DE"
        },
        "NP_info": {
            "len_np": 1,
            "coordination": null
        },
        "HEAD_info": {
            "head": {
                "H_TOK1": {
                    "word_type": "V",
                    "word_form": "könnte",
                    "lemma": "können",
                    "POS_STTS": "VMFIN",
                    "index": "2",
                    "dep_rel": "root",
                    "head_index": "0",
                    "parser_morph_features": "1|Sg|Past|Subj"
                }
            },
            "super_head": {}
        },
        "POST_info": {},
        "TOK_info": {
            "TOK1": {
                "word_type": "N",
                "word_form": "Eingentlich",
                "lemma": "Eingentlich",
                "POS_STTS": "NE",
                "index": "1",
                "dep_rel": "objd",
                "head_index": "2",
                "parser_morph_features": "_|Dat|_",
                "possible_morph_features": []
            }
        },
        "relations": {}
    },
    {
        "file_ID": "1023_0101853",
        "sent_NP_ID": "10_38",
        "sentence": "Eingentlich könnte ich die Aufgabe selbständlich Bearbeiten Ich kann ab sofort anfangen .",
        "metadata": {
            "corpus": "MERLIN_DE"
        },
        "NP_info": {
            "len_np": 2,
            "coordination": null
        },
        "HEAD_info": {
            "head": {
                "H_TOK1": {
                    "word_type": "V",
                    "word_form": "könnte",
                    "lemma": "können",
                    "POS_STTS": "VMFIN",
                    "index": "2",
                    "dep_rel": "root",
                    "head_index": "0",
                    "parser_morph_features": "1|Sg|Past|Subj"
                }
            },
            "super_head": {}
        },
        "POST_info": {
            "P_TOK1": {
                "word_type": "N",
                "word_form": "Bearbeiten",
                "lemma": "Bearbeiten",
                "POS_STTS": "NN",
                "index": "7",
                "dep_rel": "app",
                "head_index": "5",
                "parser_morph_features": "Neut|Acc|Sg"
            }
        },
        "TOK_info": {
            "TOK1": {
                "word_type": "ART",
                "word_form": "die",
                "lemma": "die",
                "POS_STTS": "ART",
                "index": "4",
                "dep_rel": "det",
                "head_index": "5",
                "parser_morph_features": "Def|_|_|_",
                "possible_morph_features": []
            },
            "TOK2": {
                "word_type": "N",
                "word_form": "Aufgabe",
                "lemma": "Aufgabe",
                "POS_STTS": "NN",
                "index": "5",
                "dep_rel": "obja",
                "head_index": "2",
                "parser_morph_features": "Neut|Acc|Sg",
                "possible_morph_features": []
            }
        },
        "relations": {
            "rel_1": {
                "rel_type": "must_agree",
                "involved": [
                    "TOK2",
                    "TOK1"
                ],
                "ruler": "TOK2",
                "possible_agreement": null
            }
        }
    },
    {
        "file_ID": "1023_0101853",
        "sent_NP_ID": "10_39",
        "sentence": "Eingentlich könnte ich die Aufgabe selbständlich Bearbeiten Ich kann ab sofort anfangen .",
        "metadata": {
            "corpus": "MERLIN_DE"
        },
        "NP_info": {
            "len_np": 2,
            "coordination": null
        },
        "HEAD_info": {
            "head": {
                "H_TOK1": {
                    "word_type": "N",
                    "word_form": "Aufgabe",
                    "lemma": "Aufgabe",
                    "POS_STTS": "NN",
                    "index": "5",
                    "dep_rel": "obja",
                    "head_index": "2",
                    "parser_morph_features": "Neut|Acc|Sg"
                }
            },
            "super_head": {
                "SH_TOK1": {
                    "word_type": "V",
                    "word_form": "könnte",
                    "lemma": "können",
                    "POS_STTS": "VMFIN",
                    "index": "2",
                    "dep_rel": "root",
                    "head_index": "0",
                    "parser_morph_features": "1|Sg|Past|Subj"
                }
            }
        },
        "POST_info": {},
        "TOK_info": {
            "TOK1": {
                "word_type": "ADV",
                "word_form": "selbständlich",
                "lemma": "selbständlich",
                "POS_STTS": "ADJD",
                "index": "6",
                "dep_rel": "adv",
                "head_index": "7",
                "parser_morph_features": "Pos|",
                "possible_morph_features": []
            },
            "TOK2": {
                "word_type": "N",
                "word_form": "Bearbeiten",
                "lemma": "Bearbeiten",
                "POS_STTS": "NN",
                "index": "7",
                "dep_rel": "app",
                "head_index": "5",
                "parser_morph_features": "Neut|Acc|Sg",
                "possible_morph_features": []
            }
        },
        "relations": {}
    },
    {
        "file_ID": "1023_0101853",
        "sent_NP_ID": "11_40",
        "sentence": "Acht Stunden am tag .",
        "metadata": {
            "corpus": "MERLIN_DE"
        },
        "NP_info": {
            "len_np": 2,
            "coordination": null
        },
        "HEAD_info": {
            "head": {
                "H_TOK1": {
                    "word_type": "ADV",
                    "word_form": "tag",
                    "lemma": "tag",
                    "POS_STTS": "ADJD",
                    "index": "4",
                    "dep_rel": "root",
                    "head_index": "0",
                    "parser_morph_features": "_"
                }
            },
            "super_head": {}
        },
        "POST_info": {},
        "TOK_info": {
            "TOK1": {
                "word_type": "CARD",
                "word_form": "Acht",
                "lemma": "acht",
                "POS_STTS": "CARD",
                "index": "1",
                "dep_rel": "attr",
                "head_index": "2",
                "parser_morph_features": "_",
                "possible_morph_features": []
            },
            "TOK2": {
                "word_type": "N",
                "word_form": "Stunden",
                "lemma": "Stunde",
                "POS_STTS": "NN",
                "index": "2",
                "dep_rel": "grad",
                "head_index": "4",
                "parser_morph_features": "Fem|Acc|Pl",
                "possible_morph_features": []
            }
        },
        "relations": {}
    },
    {
        "file_ID": "1023_0101853",
        "sent_NP_ID": "12_41",
        "sentence": "Am Wochenende möchte ich am libsten frei haben .",
        "metadata": {
            "corpus": "MERLIN_DE"
        },
        "NP_info": {
            "len_np": 1,
            "coordination": null
        },
        "HEAD_info": {
            "head": {
                "H_TOK1": {
                    "word_type": "PREP",
                    "word_form": "Am",
                    "lemma": "an",
                    "POS_STTS": "APPRART",
                    "index": "1",
                    "dep_rel": "pp",
                    "head_index": "3",
                    "parser_morph_features": "Dat"
                }
            },
            "super_head": {
                "SH_TOK1": {
                    "word_type": "V",
                    "word_form": "möchte",
                    "lemma": "mögen",
                    "POS_STTS": "VMFIN",
                    "index": "3",
                    "dep_rel": "root",
                    "head_index": "0",
                    "parser_morph_features": "1|Sg|Past|Subj"
                }
            }
        },
        "POST_info": {},
        "TOK_info": {
            "TOK1": {
                "word_type": "N",
                "word_form": "Wochenende",
                "lemma": "Wochenende",
                "POS_STTS": "NN",
                "index": "2",
                "dep_rel": "pn",
                "head_index": "1",
                "parser_morph_features": "Neut|Dat|Sg",
                "possible_morph_features": []
            }
        },
        "relations": {
            "rel_1": {
                "rel_type": "must_agree",
                "involved": [
                    "TOK1",
                    "H_TOK1"
                ],
                "ruler": "TOK1",
                "possible_agreement": null
            }
        }
    },
    {
        "file_ID": "1023_0101853",
        "sent_NP_ID": "13_42",
        "sentence": "Ich würde mich sehr freuen wenn Sie mir geben würden die Möglichkeit , Persönlich kennen zu lernen und mit Ihnen freue ich mich bereit .",
        "metadata": {
            "corpus": "MERLIN_DE"
        },
        "NP_info": {
            "len_np": 2,
            "coordination": null
        },
        "HEAD_info": {
            "head": {
                "H_TOK1": {
                    "word_type": "V",
                    "word_form": "geben",
                    "lemma": "geben",
                    "POS_STTS": "VVINF",
                    "index": "9",
                    "dep_rel": "aux",
                    "head_index": "10",
                    "parser_morph_features": "_"
                }
            },
            "super_head": {
                "SH_TOK1": {
                    "word_type": "V",
                    "word_form": "würden",
                    "lemma": "werden",
                    "POS_STTS": "VAFIN",
                    "index": "10",
                    "dep_rel": "neb",
                    "head_index": "2",
                    "parser_morph_features": "3|Pl|Past|Subj"
                }
            }
        },
        "POST_info": {},
        "TOK_info": {
            "TOK1": {
                "word_type": "ART",
                "word_form": "die",
                "lemma": "die",
                "POS_STTS": "ART",
                "index": "11",
                "dep_rel": "det",
                "head_index": "12",
                "parser_morph_features": "Def|Fem|Acc|Sg",
                "possible_morph_features": []
            },
            "TOK2": {
                "word_type": "N",
                "word_form": "Möglichkeit",
                "lemma": "Möglichkeit",
                "POS_STTS": "NN",
                "index": "12",
                "dep_rel": "obja",
                "head_index": "9",
                "parser_morph_features": "Fem|Acc|Sg",
                "possible_morph_features": []
            }
        },
        "relations": {
            "rel_1": {
                "rel_type": "must_agree",
                "involved": [
                    "TOK2",
                    "TOK1"
                ],
                "ruler": "TOK2",
                "possible_agreement": null
            }
        }
    },
    {
        "file_ID": "1023_0101853",
        "sent_NP_ID": "14_43",
        "sentence": "Mit freundlichen Grüßen Katharina Müller",
        "metadata": {
            "corpus": "MERLIN_DE"
        },
        "NP_info": {
            "len_np": 2,
            "coordination": null
        },
        "HEAD_info": {
            "head": {
                "H_TOK1": {
                    "word_type": "PREP",
                    "word_form": "Mit",
                    "lemma": "mit",
                    "POS_STTS": "APPR",
                    "index": "1",
                    "dep_rel": "root",
                    "head_index": "0",
                    "parser_morph_features": "Dat"
                }
            },
            "super_head": {}
        },
        "POST_info": {
            "P_TOK1": {
                "word_type": "N",
                "word_form": "Katharina",
                "lemma": "Katharina",
                "POS_STTS": "NE",
                "index": "4",
                "dep_rel": "app",
                "head_index": "3",
                "parser_morph_features": "_|Dat|Sg"
            }
        },
        "TOK_info": {
            "TOK1": {
                "word_type": "ADJA",
                "word_form": "freundlichen",
                "lemma": "freundlich",
                "POS_STTS": "ADJA",
                "index": "2",
                "dep_rel": "attr",
                "head_index": "3",
                "parser_morph_features": "Pos|_|Dat|_|_|",
                "possible_morph_features": []
            },
            "TOK2": {
                "word_type": "N",
                "word_form": "Grüßen",
                "lemma": "Gruß",
                "POS_STTS": "NN",
                "index": "3",
                "dep_rel": "pn",
                "head_index": "1",
                "parser_morph_features": "_|Dat|_",
                "possible_morph_features": []
            }
        },
        "relations": {
            "rel_1": {
                "rel_type": "must_agree",
                "involved": [
                    "TOK2",
                    "TOK1"
                ],
                "ruler": "TOK2",
                "possible_agreement": null
            }
        }
    },
    {
        "file_ID": "1023_0101853",
        "sent_NP_ID": "14_44",
        "sentence": "Mit freundlichen Grüßen Katharina Müller",
        "metadata": {
            "corpus": "MERLIN_DE"
        },
        "NP_info": {
            "len_np": 1,
            "coordination": null
        },
        "HEAD_info": {
            "head": {
                "H_TOK1": {
                    "word_type": "N",
                    "word_form": "Grüßen",
                    "lemma": "Gruß",
                    "POS_STTS": "NN",
                    "index": "3",
                    "dep_rel": "pn",
                    "head_index": "1",
                    "parser_morph_features": "_|Dat|_"
                }
            },
            "super_head": {
                "SH_TOK1": {
                    "word_type": "PREP",
                    "word_form": "Mit",
                    "lemma": "mit",
                    "POS_STTS": "APPR",
                    "index": "1",
                    "dep_rel": "root",
                    "head_index": "0",
                    "parser_morph_features": "Dat"
                }
            }
        },
        "POST_info": {
            "P_TOK1": {
                "word_type": "N",
                "word_form": "Müller",
                "lemma": "Müller",
                "POS_STTS": "NE",
                "index": "5",
                "dep_rel": "app",
                "head_index": "4",
                "parser_morph_features": "_|Dat|Sg"
            }
        },
        "TOK_info": {
            "TOK1": {
                "word_type": "N",
                "word_form": "Katharina",
                "lemma": "Katharina",
                "POS_STTS": "NE",
                "index": "4",
                "dep_rel": "app",
                "head_index": "3",
                "parser_morph_features": "_|Dat|Sg",
                "possible_morph_features": []
            }
        },
        "relations": {}
    },
    {
        "file_ID": "1023_0101853",
        "sent_NP_ID": "14_45",
        "sentence": "Mit freundlichen Grüßen Katharina Müller",
        "metadata": {
            "corpus": "MERLIN_DE"
        },
        "NP_info": {
            "len_np": 1,
            "coordination": null
        },
        "HEAD_info": {
            "head": {
                "H_TOK1": {
                    "word_type": "N",
                    "word_form": "Katharina",
                    "lemma": "Katharina",
                    "POS_STTS": "NE",
                    "index": "4",
                    "dep_rel": "app",
                    "head_index": "3",
                    "parser_morph_features": "_|Dat|Sg"
                }
            },
            "super_head": {
                "SH_TOK1": {
                    "word_type": "N",
                    "word_form": "Grüßen",
                    "lemma": "Gruß",
                    "POS_STTS": "NN",
                    "index": "3",
                    "dep_rel": "pn",
                    "head_index": "1",
                    "parser_morph_features": "_|Dat|_"
                }
            }
        },
        "POST_info": {},
        "TOK_info": {
            "TOK1": {
                "word_type": "N",
                "word_form": "Müller",
                "lemma": "Müller",
                "POS_STTS": "NE",
                "index": "5",
                "dep_rel": "app",
                "head_index": "4",
                "parser_morph_features": "_|Dat|Sg",
                "possible_morph_features": []
            }
        },
        "relations": {}
    }
]