[
    {
        "file_ID": "1031_0003383",
        "sent_NP_ID": "1_1",
        "sentence": "Stadt X ist eine sehr große Stadt , dass die etwa dreiundhalb Millionen Einwohner hat .",
        "metadata": {
            "corpus": "MERLIN_DE"
        },
        "NP_info": {
            "len_np": 1,
            "coordination": null
        },
        "HEAD_info": {
            "head": {
                "H_TOK1": {
                    "word_type": "V",
                    "word_form": "ist",
                    "lemma": "sein",
                    "POS_STTS": "VAFIN",
                    "index": "3",
                    "dep_rel": "root",
                    "head_index": "0",
                    "parser_morph_features": "3|Sg|Pres|Ind"
                }
            },
            "super_head": {}
        },
        "POST_info": {
            "P_TOK1": {
                "word_type": "N",
                "word_form": "X",
                "lemma": "X",
                "POS_STTS": "NE",
                "index": "2",
                "dep_rel": "app",
                "head_index": "1",
                "parser_morph_features": "Fem|Nom|Sg"
            }
        },
        "TOK_info": {
            "TOK1": {
                "word_type": "N",
                "word_form": "Stadt",
                "lemma": "Stadt",
                "POS_STTS": "NN",
                "index": "1",
                "dep_rel": "subj",
                "head_index": "3",
                "parser_morph_features": "Fem|Nom|Sg",
                "possible_morph_features": []
            }
        },
        "relations": {}
    },
    {
        "file_ID": "1031_0003383",
        "sent_NP_ID": "1_2",
        "sentence": "Stadt X ist eine sehr große Stadt , dass die etwa dreiundhalb Millionen Einwohner hat .",
        "metadata": {
            "corpus": "MERLIN_DE"
        },
        "NP_info": {
            "len_np": 1,
            "coordination": null
        },
        "HEAD_info": {
            "head": {
                "H_TOK1": {
                    "word_type": "N",
                    "word_form": "Stadt",
                    "lemma": "Stadt",
                    "POS_STTS": "NN",
                    "index": "1",
                    "dep_rel": "subj",
                    "head_index": "3",
                    "parser_morph_features": "Fem|Nom|Sg"
                }
            },
            "super_head": {
                "SH_TOK1": {
                    "word_type": "V",
                    "word_form": "ist",
                    "lemma": "sein",
                    "POS_STTS": "VAFIN",
                    "index": "3",
                    "dep_rel": "root",
                    "head_index": "0",
                    "parser_morph_features": "3|Sg|Pres|Ind"
                }
            }
        },
        "POST_info": {},
        "TOK_info": {
            "TOK1": {
                "word_type": "N",
                "word_form": "X",
                "lemma": "X",
                "POS_STTS": "NE",
                "index": "2",
                "dep_rel": "app",
                "head_index": "1",
                "parser_morph_features": "Fem|Nom|Sg",
                "possible_morph_features": []
            }
        },
        "relations": {}
    },
    {
        "file_ID": "1031_0003383",
        "sent_NP_ID": "1_3",
        "sentence": "Stadt X ist eine sehr große Stadt , dass die etwa dreiundhalb Millionen Einwohner hat .",
        "metadata": {
            "corpus": "MERLIN_DE"
        },
        "NP_info": {
            "len_np": 4,
            "coordination": null
        },
        "HEAD_info": {
            "head": {
                "H_TOK1": {
                    "word_type": "V",
                    "word_form": "ist",
                    "lemma": "sein",
                    "POS_STTS": "VAFIN",
                    "index": "3",
                    "dep_rel": "root",
                    "head_index": "0",
                    "parser_morph_features": "3|Sg|Pres|Ind"
                }
            },
            "super_head": {}
        },
        "POST_info": {},
        "TOK_info": {
            "TOK1": {
                "word_type": "ART",
                "word_form": "eine",
                "lemma": "eine",
                "POS_STTS": "ART",
                "index": "4",
                "dep_rel": "det",
                "head_index": "7",
                "parser_morph_features": "Indef|Fem|Nom|Sg",
                "possible_morph_features": []
            },
            "TOK2": {
                "word_type": "ADV",
                "word_form": "sehr",
                "lemma": "sehr",
                "POS_STTS": "ADV",
                "index": "5",
                "dep_rel": "adv",
                "head_index": "6",
                "parser_morph_features": "_",
                "possible_morph_features": []
            },
            "TOK3": {
                "word_type": "ADJA",
                "word_form": "große",
                "lemma": "groß",
                "POS_STTS": "ADJA",
                "index": "6",
                "dep_rel": "attr",
                "head_index": "7",
                "parser_morph_features": "Pos|Fem|Nom|Sg|_|",
                "possible_morph_features": []
            },
            "TOK4": {
                "word_type": "N",
                "word_form": "Stadt",
                "lemma": "Stadt",
                "POS_STTS": "NN",
                "index": "7",
                "dep_rel": "pred",
                "head_index": "3",
                "parser_morph_features": "Fem|Nom|Sg",
                "possible_morph_features": []
            }
        },
        "relations": {
            "rel_1": {
                "rel_type": "must_agree",
                "involved": [
                    "TOK1",
                    "TOK3"
                ],
                "ruler": null,
                "possible_agreement": null
            },
            "rel_2": {
                "rel_type": "must_agree",
                "involved": [
                    "TOK4",
                    "TOK1"
                ],
                "ruler": "TOK4",
                "possible_agreement": null
            },
            "rel_3": {
                "rel_type": "must_agree",
                "involved": [
                    "TOK4",
                    "TOK3"
                ],
                "ruler": "TOK4",
                "possible_agreement": null
            }
        }
    },
    {
        "file_ID": "1031_0003383",
        "sent_NP_ID": "1_4",
        "sentence": "Stadt X ist eine sehr große Stadt , dass die etwa dreiundhalb Millionen Einwohner hat .",
        "metadata": {
            "corpus": "MERLIN_DE"
        },
        "NP_info": {
            "len_np": 4,
            "coordination": null
        },
        "HEAD_info": {
            "head": {
                "H_TOK1": {
                    "word_type": "V",
                    "word_form": "hat",
                    "lemma": "haben",
                    "POS_STTS": "VAFIN",
                    "index": "15",
                    "dep_rel": "objc",
                    "head_index": "3",
                    "parser_morph_features": "3|Sg|Pres|Ind"
                }
            },
            "super_head": {
                "SH_TOK1": {
                    "word_type": "V",
                    "word_form": "ist",
                    "lemma": "sein",
                    "POS_STTS": "VAFIN",
                    "index": "3",
                    "dep_rel": "root",
                    "head_index": "0",
                    "parser_morph_features": "3|Sg|Pres|Ind"
                }
            }
        },
        "POST_info": {},
        "TOK_info": {
            "TOK1": {
                "word_type": "ART",
                "word_form": "die",
                "lemma": "die",
                "POS_STTS": "ART",
                "index": "10",
                "dep_rel": "det",
                "head_index": "13",
                "parser_morph_features": "Def|Fem|Acc|Pl",
                "possible_morph_features": []
            },
            "TOK2": {
                "word_type": "ADV",
                "word_form": "etwa",
                "lemma": "etwa",
                "POS_STTS": "ADV",
                "index": "11",
                "dep_rel": "adv",
                "head_index": "13",
                "parser_morph_features": "_",
                "possible_morph_features": []
            },
            "TOK3": {
                "word_type": "CARD",
                "word_form": "dreiundhalb",
                "lemma": "dreiundhalb",
                "POS_STTS": "CARD",
                "index": "12",
                "dep_rel": "attr",
                "head_index": "13",
                "parser_morph_features": "_",
                "possible_morph_features": []
            },
            "TOK4": {
                "word_type": "N",
                "word_form": "Millionen",
                "lemma": "Million",
                "POS_STTS": "NN",
                "index": "13",
                "dep_rel": "obja",
                "head_index": "15",
                "parser_morph_features": "Fem|Acc|Pl",
                "possible_morph_features": []
            }
        },
        "relations": {
            "rel_1": {
                "rel_type": "must_agree",
                "involved": [
                    "TOK4",
                    "TOK1"
                ],
                "ruler": "TOK4",
                "possible_agreement": null
            }
        }
    },
    {
        "file_ID": "1031_0003383",
        "sent_NP_ID": "1_5",
        "sentence": "Stadt X ist eine sehr große Stadt , dass die etwa dreiundhalb Millionen Einwohner hat .",
        "metadata": {
            "corpus": "MERLIN_DE"
        },
        "NP_info": {
            "len_np": 1,
            "coordination": null
        },
        "HEAD_info": {
            "head": {
                "H_TOK1": {
                    "word_type": "V",
                    "word_form": "hat",
                    "lemma": "haben",
                    "POS_STTS": "VAFIN",
                    "index": "15",
                    "dep_rel": "objc",
                    "head_index": "3",
                    "parser_morph_features": "3|Sg|Pres|Ind"
                }
            },
            "super_head": {
                "SH_TOK1": {
                    "word_type": "V",
                    "word_form": "ist",
                    "lemma": "sein",
                    "POS_STTS": "VAFIN",
                    "index": "3",
                    "dep_rel": "root",
                    "head_index": "0",
                    "parser_morph_features": "3|Sg|Pres|Ind"
                }
            }
        },
        "POST_info": {},
        "TOK_info": {
            "TOK1": {
                "word_type": "N",
                "word_form": "Einwohner",
                "lemma": "Einwohner",
                "POS_STTS": "NN",
                "index": "14",
                "dep_rel": "subj",
                "head_index": "15",
                "parser_morph_features": "Masc|Nom|Sg",
                "possible_morph_features": []
            }
        },
        "relations": {}
    },
    {
        "file_ID": "1031_0003383",
        "sent_NP_ID": "2_6",
        "sentence": "Könnte man einfach sagen Stadt X ist ein Metropol .",
        "metadata": {
            "corpus": "MERLIN_DE"
        },
        "NP_info": {
            "len_np": 1,
            "coordination": null
        },
        "HEAD_info": {
            "head": {
                "H_TOK1": {
                    "word_type": "V",
                    "word_form": "ist",
                    "lemma": "sein",
                    "POS_STTS": "VAFIN",
                    "index": "7",
                    "dep_rel": "root",
                    "head_index": "0",
                    "parser_morph_features": "3|Sg|Pres|Ind"
                }
            },
            "super_head": {}
        },
        "POST_info": {
            "P_TOK1": {
                "word_type": "N",
                "word_form": "X",
                "lemma": "X",
                "POS_STTS": "NE",
                "index": "6",
                "dep_rel": "app",
                "head_index": "5",
                "parser_morph_features": "Fem|Nom|Sg"
            }
        },
        "TOK_info": {
            "TOK1": {
                "word_type": "N",
                "word_form": "Stadt",
                "lemma": "Stadt",
                "POS_STTS": "NN",
                "index": "5",
                "dep_rel": "subj",
                "head_index": "7",
                "parser_morph_features": "Fem|Nom|Sg",
                "possible_morph_features": []
            }
        },
        "relations": {}
    },
    {
        "file_ID": "1031_0003383",
        "sent_NP_ID": "2_7",
        "sentence": "Könnte man einfach sagen Stadt X ist ein Metropol .",
        "metadata": {
            "corpus": "MERLIN_DE"
        },
        "NP_info": {
            "len_np": 1,
            "coordination": null
        },
        "HEAD_info": {
            "head": {
                "H_TOK1": {
                    "word_type": "N",
                    "word_form": "Stadt",
                    "lemma": "Stadt",
                    "POS_STTS": "NN",
                    "index": "5",
                    "dep_rel": "subj",
                    "head_index": "7",
                    "parser_morph_features": "Fem|Nom|Sg"
                }
            },
            "super_head": {
                "SH_TOK1": {
                    "word_type": "V",
                    "word_form": "ist",
                    "lemma": "sein",
                    "POS_STTS": "VAFIN",
                    "index": "7",
                    "dep_rel": "root",
                    "head_index": "0",
                    "parser_morph_features": "3|Sg|Pres|Ind"
                }
            }
        },
        "POST_info": {},
        "TOK_info": {
            "TOK1": {
                "word_type": "N",
                "word_form": "X",
                "lemma": "X",
                "POS_STTS": "NE",
                "index": "6",
                "dep_rel": "app",
                "head_index": "5",
                "parser_morph_features": "Fem|Nom|Sg",
                "possible_morph_features": []
            }
        },
        "relations": {}
    },
    {
        "file_ID": "1031_0003383",
        "sent_NP_ID": "2_8",
        "sentence": "Könnte man einfach sagen Stadt X ist ein Metropol .",
        "metadata": {
            "corpus": "MERLIN_DE"
        },
        "NP_info": {
            "len_np": 2,
            "coordination": null
        },
        "HEAD_info": {
            "head": {
                "H_TOK1": {
                    "word_type": "V",
                    "word_form": "ist",
                    "lemma": "sein",
                    "POS_STTS": "VAFIN",
                    "index": "7",
                    "dep_rel": "root",
                    "head_index": "0",
                    "parser_morph_features": "3|Sg|Pres|Ind"
                }
            },
            "super_head": {}
        },
        "POST_info": {},
        "TOK_info": {
            "TOK1": {
                "word_type": "ART",
                "word_form": "ein",
                "lemma": "eine",
                "POS_STTS": "ART",
                "index": "8",
                "dep_rel": "det",
                "head_index": "9",
                "parser_morph_features": "Indef|_|Nom|Sg",
                "possible_morph_features": []
            },
            "TOK2": {
                "word_type": "N",
                "word_form": "Metropol",
                "lemma": "Metropol",
                "POS_STTS": "NN",
                "index": "9",
                "dep_rel": "pred",
                "head_index": "7",
                "parser_morph_features": "_|Nom|Sg",
                "possible_morph_features": []
            }
        },
        "relations": {
            "rel_1": {
                "rel_type": "must_agree",
                "involved": [
                    "TOK2",
                    "TOK1"
                ],
                "ruler": "TOK2",
                "possible_agreement": null
            }
        }
    },
    {
        "file_ID": "1031_0003383",
        "sent_NP_ID": "3_9",
        "sentence": "Hier gibt es natürlich ziemlich viele Wohnungsmarkt und jede hat eigene Regeln .",
        "metadata": {
            "corpus": "MERLIN_DE"
        },
        "NP_info": {
            "len_np": 2,
            "coordination": null
        },
        "HEAD_info": {
            "head": {
                "H_TOK1": {
                    "word_type": "V",
                    "word_form": "gibt",
                    "lemma": "geben",
                    "POS_STTS": "VVFIN",
                    "index": "2",
                    "dep_rel": "root",
                    "head_index": "0",
                    "parser_morph_features": "3|Sg|Pres|Ind"
                }
            },
            "super_head": {}
        },
        "POST_info": {},
        "TOK_info": {
            "TOK1": {
                "word_type": "ART",
                "word_form": "viele",
                "lemma": "viele",
                "POS_STTS": "PIDAT",
                "index": "6",
                "dep_rel": "det",
                "head_index": "7",
                "parser_morph_features": "Masc|Nom|Sg",
                "possible_morph_features": []
            },
            "TOK2": {
                "word_type": "N",
                "word_form": "Wohnungsmarkt",
                "lemma": "Wohnungsmarkt",
                "POS_STTS": "NN",
                "index": "7",
                "dep_rel": "subj",
                "head_index": "2",
                "parser_morph_features": "Masc|Nom|Sg",
                "possible_morph_features": []
            }
        },
        "relations": {
            "rel_1": {
                "rel_type": "must_agree",
                "involved": [
                    "TOK2",
                    "TOK1"
                ],
                "ruler": "TOK2",
                "possible_agreement": null
            }
        }
    },
    {
        "file_ID": "1031_0003383",
        "sent_NP_ID": "3_10",
        "sentence": "Hier gibt es natürlich ziemlich viele Wohnungsmarkt und jede hat eigene Regeln .",
        "metadata": {
            "corpus": "MERLIN_DE"
        },
        "NP_info": {
            "len_np": 2,
            "coordination": null
        },
        "HEAD_info": {
            "head": {
                "H_TOK1": {
                    "word_type": "V",
                    "word_form": "hat",
                    "lemma": "haben",
                    "POS_STTS": "VAFIN",
                    "index": "10",
                    "dep_rel": "cj",
                    "head_index": "8",
                    "parser_morph_features": "3|Sg|Pres|Ind"
                }
            },
            "super_head": {
                "SH_TOK1": {
                    "word_type": "KON",
                    "word_form": "und",
                    "lemma": "und",
                    "POS_STTS": "KON",
                    "index": "8",
                    "dep_rel": "kon",
                    "head_index": "2",
                    "parser_morph_features": "_"
                }
            }
        },
        "POST_info": {},
        "TOK_info": {
            "TOK1": {
                "word_type": "ADJA",
                "word_form": "eigene",
                "lemma": "eigen",
                "POS_STTS": "ADJA",
                "index": "11",
                "dep_rel": "attr",
                "head_index": "12",
                "parser_morph_features": "Pos|_|Acc|_|_|",
                "possible_morph_features": []
            },
            "TOK2": {
                "word_type": "N",
                "word_form": "Regeln",
                "lemma": "Regel",
                "POS_STTS": "NN",
                "index": "12",
                "dep_rel": "obja",
                "head_index": "10",
                "parser_morph_features": "_|Acc|_",
                "possible_morph_features": []
            }
        },
        "relations": {
            "rel_1": {
                "rel_type": "must_agree",
                "involved": [
                    "TOK2",
                    "TOK1"
                ],
                "ruler": "TOK2",
                "possible_agreement": null
            }
        }
    },
    {
        "file_ID": "1031_0003383",
        "sent_NP_ID": "4_11",
        "sentence": "Allerdings bei der Wohnungsmarkt für eine Wohnung mieten die wichtichste ist Einkommennachweis .",
        "metadata": {
            "corpus": "MERLIN_DE"
        },
        "NP_info": {
            "len_np": 2,
            "coordination": null
        },
        "HEAD_info": {
            "head": {
                "H_TOK1": {
                    "word_type": "PREP",
                    "word_form": "bei",
                    "lemma": "bei",
                    "POS_STTS": "APPR",
                    "index": "2",
                    "dep_rel": "pp",
                    "head_index": "8",
                    "parser_morph_features": "Dat"
                }
            },
            "super_head": {
                "SH_TOK1": {
                    "word_type": "V",
                    "word_form": "mieten",
                    "lemma": "mieten",
                    "POS_STTS": "VVFIN",
                    "index": "8",
                    "dep_rel": "root",
                    "head_index": "0",
                    "parser_morph_features": "3|Pl|Pres|_"
                }
            }
        },
        "POST_info": {
            "P_TOK1": {
                "word_type": "PREP",
                "word_form": "für",
                "lemma": "für",
                "POS_STTS": "APPR",
                "index": "5",
                "dep_rel": "pp",
                "head_index": "4",
                "parser_morph_features": "Acc"
            }
        },
        "TOK_info": {
            "TOK1": {
                "word_type": "ART",
                "word_form": "der",
                "lemma": "die",
                "POS_STTS": "ART",
                "index": "3",
                "dep_rel": "det",
                "head_index": "4",
                "parser_morph_features": "Def|Masc|Nom|Sg",
                "possible_morph_features": []
            },
            "TOK2": {
                "word_type": "N",
                "word_form": "Wohnungsmarkt",
                "lemma": "Wohnungsmarkt",
                "POS_STTS": "NN",
                "index": "4",
                "dep_rel": "pn",
                "head_index": "2",
                "parser_morph_features": "Masc|Nom|Sg",
                "possible_morph_features": []
            }
        },
        "relations": {
            "rel_1": {
                "rel_type": "must_agree",
                "involved": [
                    "TOK2",
                    "TOK1"
                ],
                "ruler": "TOK2",
                "possible_agreement": null
            }
        }
    },
    {
        "file_ID": "1031_0003383",
        "sent_NP_ID": "4_12",
        "sentence": "Allerdings bei der Wohnungsmarkt für eine Wohnung mieten die wichtichste ist Einkommennachweis .",
        "metadata": {
            "corpus": "MERLIN_DE"
        },
        "NP_info": {
            "len_np": 2,
            "coordination": null
        },
        "HEAD_info": {
            "head": {
                "H_TOK1": {
                    "word_type": "PREP",
                    "word_form": "für",
                    "lemma": "für",
                    "POS_STTS": "APPR",
                    "index": "5",
                    "dep_rel": "pp",
                    "head_index": "4",
                    "parser_morph_features": "Acc"
                }
            },
            "super_head": {
                "SH_TOK1": {
                    "word_type": "N",
                    "word_form": "Wohnungsmarkt",
                    "lemma": "Wohnungsmarkt",
                    "POS_STTS": "NN",
                    "index": "4",
                    "dep_rel": "pn",
                    "head_index": "2",
                    "parser_morph_features": "Masc|Nom|Sg"
                }
            }
        },
        "POST_info": {},
        "TOK_info": {
            "TOK1": {
                "word_type": "ART",
                "word_form": "eine",
                "lemma": "eine",
                "POS_STTS": "ART",
                "index": "6",
                "dep_rel": "det",
                "head_index": "7",
                "parser_morph_features": "Indef|Fem|Acc|Sg",
                "possible_morph_features": []
            },
            "TOK2": {
                "word_type": "N",
                "word_form": "Wohnung",
                "lemma": "Wohnung",
                "POS_STTS": "NN",
                "index": "7",
                "dep_rel": "pn",
                "head_index": "5",
                "parser_morph_features": "Fem|Acc|Sg",
                "possible_morph_features": []
            }
        },
        "relations": {
            "rel_1": {
                "rel_type": "must_agree",
                "involved": [
                    "TOK2",
                    "TOK1"
                ],
                "ruler": "TOK2",
                "possible_agreement": null
            }
        }
    },
    {
        "file_ID": "1031_0003383",
        "sent_NP_ID": "4_13",
        "sentence": "Allerdings bei der Wohnungsmarkt für eine Wohnung mieten die wichtichste ist Einkommennachweis .",
        "metadata": {
            "corpus": "MERLIN_DE"
        },
        "NP_info": {
            "len_np": 2,
            "coordination": null
        },
        "HEAD_info": {
            "head": {
                "H_TOK1": {
                    "word_type": "V",
                    "word_form": "mieten",
                    "lemma": "mieten",
                    "POS_STTS": "VVFIN",
                    "index": "8",
                    "dep_rel": "root",
                    "head_index": "0",
                    "parser_morph_features": "3|Pl|Pres|_"
                }
            },
            "super_head": {}
        },
        "POST_info": {},
        "TOK_info": {
            "TOK1": {
                "word_type": "ART",
                "word_form": "die",
                "lemma": "die",
                "POS_STTS": "ART",
                "index": "9",
                "dep_rel": "det",
                "head_index": "10",
                "parser_morph_features": "Def|_|Nom|Pl",
                "possible_morph_features": []
            },
            "TOK2": {
                "word_type": "N",
                "word_form": "wichtichste",
                "lemma": "wichtichste",
                "POS_STTS": "NN",
                "index": "10",
                "dep_rel": "subj",
                "head_index": "8",
                "parser_morph_features": "_|Nom|Pl",
                "possible_morph_features": []
            }
        },
        "relations": {
            "rel_1": {
                "rel_type": "must_agree",
                "involved": [
                    "TOK2",
                    "TOK1"
                ],
                "ruler": "TOK2",
                "possible_agreement": null
            }
        }
    },
    {
        "file_ID": "1031_0003383",
        "sent_NP_ID": "4_14",
        "sentence": "Allerdings bei der Wohnungsmarkt für eine Wohnung mieten die wichtichste ist Einkommennachweis .",
        "metadata": {
            "corpus": "MERLIN_DE"
        },
        "NP_info": {
            "len_np": 1,
            "coordination": null
        },
        "HEAD_info": {
            "head": {
                "H_TOK1": {
                    "word_type": "V",
                    "word_form": "ist",
                    "lemma": "sein",
                    "POS_STTS": "VAFIN",
                    "index": "11",
                    "dep_rel": "root",
                    "head_index": "0",
                    "parser_morph_features": "3|Sg|Pres|Ind"
                }
            },
            "super_head": {}
        },
        "POST_info": {},
        "TOK_info": {
            "TOK1": {
                "word_type": "N",
                "word_form": "Einkommennachweis",
                "lemma": "Einkommennachweis",
                "POS_STTS": "NN",
                "index": "12",
                "dep_rel": "subj",
                "head_index": "11",
                "parser_morph_features": "Masc|Nom|Sg",
                "possible_morph_features": []
            }
        },
        "relations": {}
    },
    {
        "file_ID": "1031_0003383",
        "sent_NP_ID": "5_15",
        "sentence": "Das spielt wirklich sehr große Rolle .",
        "metadata": {
            "corpus": "MERLIN_DE"
        },
        "NP_info": {
            "len_np": 4,
            "coordination": null
        },
        "HEAD_info": {
            "head": {
                "H_TOK1": {
                    "word_type": "V",
                    "word_form": "spielt",
                    "lemma": "spielen",
                    "POS_STTS": "VVFIN",
                    "index": "2",
                    "dep_rel": "root",
                    "head_index": "0",
                    "parser_morph_features": "3|Sg|Pres|Ind"
                }
            },
            "super_head": {}
        },
        "POST_info": {},
        "TOK_info": {
            "TOK1": {
                "word_type": "ADV",
                "word_form": "wirklich",
                "lemma": "wirklich",
                "POS_STTS": "ADJD",
                "index": "3",
                "dep_rel": "adv",
                "head_index": "5",
                "parser_morph_features": "Pos|",
                "possible_morph_features": []
            },
            "TOK2": {
                "word_type": "ADV",
                "word_form": "sehr",
                "lemma": "sehr",
                "POS_STTS": "ADV",
                "index": "4",
                "dep_rel": "adv",
                "head_index": "5",
                "parser_morph_features": "_",
                "possible_morph_features": []
            },
            "TOK3": {
                "word_type": "ADJA",
                "word_form": "große",
                "lemma": "groß",
                "POS_STTS": "ADJA",
                "index": "5",
                "dep_rel": "attr",
                "head_index": "6",
                "parser_morph_features": "Pos|_|Acc|_|_|",
                "possible_morph_features": []
            },
            "TOK4": {
                "word_type": "N",
                "word_form": "Rolle",
                "lemma": "Rolle",
                "POS_STTS": "NN",
                "index": "6",
                "dep_rel": "obja",
                "head_index": "2",
                "parser_morph_features": "_|Acc|_",
                "possible_morph_features": []
            }
        },
        "relations": {
            "rel_1": {
                "rel_type": "must_agree",
                "involved": [
                    "TOK4",
                    "TOK3"
                ],
                "ruler": "TOK4",
                "possible_agreement": null
            }
        }
    },
    {
        "file_ID": "1031_0003383",
        "sent_NP_ID": "6_16",
        "sentence": "um eine Wohnung zu mieten .",
        "metadata": {
            "corpus": "MERLIN_DE"
        },
        "NP_info": {
            "len_np": 2,
            "coordination": null
        },
        "HEAD_info": {
            "head": {
                "H_TOK1": {
                    "word_type": "PREP",
                    "word_form": "um",
                    "lemma": "um",
                    "POS_STTS": "APPR",
                    "index": "1",
                    "dep_rel": "pp",
                    "head_index": "5",
                    "parser_morph_features": "Acc"
                }
            },
            "super_head": {
                "SH_TOK1": {
                    "word_type": "V",
                    "word_form": "mieten",
                    "lemma": "mieten",
                    "POS_STTS": "VVINF",
                    "index": "5",
                    "dep_rel": "root",
                    "head_index": "0",
                    "parser_morph_features": "_"
                }
            }
        },
        "POST_info": {},
        "TOK_info": {
            "TOK1": {
                "word_type": "ART",
                "word_form": "eine",
                "lemma": "eine",
                "POS_STTS": "ART",
                "index": "2",
                "dep_rel": "det",
                "head_index": "3",
                "parser_morph_features": "Indef|Fem|Acc|Sg",
                "possible_morph_features": []
            },
            "TOK2": {
                "word_type": "N",
                "word_form": "Wohnung",
                "lemma": "Wohnung",
                "POS_STTS": "NN",
                "index": "3",
                "dep_rel": "pn",
                "head_index": "1",
                "parser_morph_features": "Fem|Acc|Sg",
                "possible_morph_features": []
            }
        },
        "relations": {
            "rel_1": {
                "rel_type": "must_agree",
                "involved": [
                    "TOK2",
                    "TOK1"
                ],
                "ruler": "TOK2",
                "possible_agreement": null
            }
        }
    },
    {
        "file_ID": "1031_0003383",
        "sent_NP_ID": "7_17",
        "sentence": "Die meistens Wohnungsvermarkler achten auf nur die Lohngehalt , weil sie ein sichere Person wollen zu bezahlung .",
        "metadata": {
            "corpus": "MERLIN_DE"
        },
        "NP_info": {
            "len_np": 3,
            "coordination": null
        },
        "HEAD_info": {
            "head": {
                "H_TOK1": {
                    "word_type": "V",
                    "word_form": "achten",
                    "lemma": "achten",
                    "POS_STTS": "VVFIN",
                    "index": "4",
                    "dep_rel": "root",
                    "head_index": "0",
                    "parser_morph_features": "3|Pl|Pres|_"
                }
            },
            "super_head": {}
        },
        "POST_info": {},
        "TOK_info": {
            "TOK1": {
                "word_type": "ART",
                "word_form": "Die",
                "lemma": "die",
                "POS_STTS": "ART",
                "index": "1",
                "dep_rel": "det",
                "head_index": "3",
                "parser_morph_features": "Def|_|Nom|Pl",
                "possible_morph_features": []
            },
            "TOK2": {
                "word_type": "ADV",
                "word_form": "meistens",
                "lemma": "meistens",
                "POS_STTS": "ADV",
                "index": "2",
                "dep_rel": "adv",
                "head_index": "3",
                "parser_morph_features": "_",
                "possible_morph_features": []
            },
            "TOK3": {
                "word_type": "N",
                "word_form": "Wohnungsvermarkler",
                "lemma": "Wohnungsvermarkler",
                "POS_STTS": "NE",
                "index": "3",
                "dep_rel": "subj",
                "head_index": "4",
                "parser_morph_features": "_|Nom|Pl",
                "possible_morph_features": []
            }
        },
        "relations": {
            "rel_1": {
                "rel_type": "must_agree",
                "involved": [
                    "TOK3",
                    "TOK1"
                ],
                "ruler": "TOK3",
                "possible_agreement": null
            }
        }
    },
    {
        "file_ID": "1031_0003383",
        "sent_NP_ID": "7_18",
        "sentence": "Die meistens Wohnungsvermarkler achten auf nur die Lohngehalt , weil sie ein sichere Person wollen zu bezahlung .",
        "metadata": {
            "corpus": "MERLIN_DE"
        },
        "NP_info": {
            "len_np": 3,
            "coordination": null
        },
        "HEAD_info": {
            "head": {
                "H_TOK1": {
                    "word_type": "PREP",
                    "word_form": "auf",
                    "lemma": "auf",
                    "POS_STTS": "APPR",
                    "index": "5",
                    "dep_rel": "objp",
                    "head_index": "4",
                    "parser_morph_features": "Acc"
                }
            },
            "super_head": {
                "SH_TOK1": {
                    "word_type": "V",
                    "word_form": "achten",
                    "lemma": "achten",
                    "POS_STTS": "VVFIN",
                    "index": "4",
                    "dep_rel": "root",
                    "head_index": "0",
                    "parser_morph_features": "3|Pl|Pres|_"
                }
            }
        },
        "POST_info": {},
        "TOK_info": {
            "TOK1": {
                "word_type": "ADV",
                "word_form": "nur",
                "lemma": "nur",
                "POS_STTS": "ADV",
                "index": "6",
                "dep_rel": "adv",
                "head_index": "8",
                "parser_morph_features": "_",
                "possible_morph_features": []
            },
            "TOK2": {
                "word_type": "ART",
                "word_form": "die",
                "lemma": "die",
                "POS_STTS": "ART",
                "index": "7",
                "dep_rel": "det",
                "head_index": "8",
                "parser_morph_features": "Def|_|_|_",
                "possible_morph_features": []
            },
            "TOK3": {
                "word_type": "N",
                "word_form": "Lohngehalt",
                "lemma": "Lohngehalt",
                "POS_STTS": "NN",
                "index": "8",
                "dep_rel": "pn",
                "head_index": "5",
                "parser_morph_features": "_|Acc|_",
                "possible_morph_features": []
            }
        },
        "relations": {
            "rel_1": {
                "rel_type": "must_agree",
                "involved": [
                    "TOK3",
                    "TOK2"
                ],
                "ruler": "TOK3",
                "possible_agreement": null
            }
        }
    },
    {
        "file_ID": "1031_0003383",
        "sent_NP_ID": "7_19",
        "sentence": "Die meistens Wohnungsvermarkler achten auf nur die Lohngehalt , weil sie ein sichere Person wollen zu bezahlung .",
        "metadata": {
            "corpus": "MERLIN_DE"
        },
        "NP_info": {
            "len_np": 3,
            "coordination": null
        },
        "HEAD_info": {
            "head": {
                "H_TOK1": {
                    "word_type": "V",
                    "word_form": "wollen",
                    "lemma": "wollen",
                    "POS_STTS": "VMFIN",
                    "index": "15",
                    "dep_rel": "neb",
                    "head_index": "4",
                    "parser_morph_features": "3|Pl|Pres|_"
                }
            },
            "super_head": {
                "SH_TOK1": {
                    "word_type": "V",
                    "word_form": "achten",
                    "lemma": "achten",
                    "POS_STTS": "VVFIN",
                    "index": "4",
                    "dep_rel": "root",
                    "head_index": "0",
                    "parser_morph_features": "3|Pl|Pres|_"
                }
            }
        },
        "POST_info": {},
        "TOK_info": {
            "TOK1": {
                "word_type": "ART",
                "word_form": "ein",
                "lemma": "eine",
                "POS_STTS": "ART",
                "index": "12",
                "dep_rel": "det",
                "head_index": "14",
                "parser_morph_features": "Indef|_|_|Sg",
                "possible_morph_features": []
            },
            "TOK2": {
                "word_type": "ADJA",
                "word_form": "sichere",
                "lemma": "sicher",
                "POS_STTS": "ADJA",
                "index": "13",
                "dep_rel": "attr",
                "head_index": "14",
                "parser_morph_features": "Pos|Neut|Acc|Sg|Wk|",
                "possible_morph_features": []
            },
            "TOK3": {
                "word_type": "N",
                "word_form": "Person",
                "lemma": "Person",
                "POS_STTS": "NN",
                "index": "14",
                "dep_rel": "obja",
                "head_index": "15",
                "parser_morph_features": "Neut|Acc|Sg",
                "possible_morph_features": []
            }
        },
        "relations": {
            "rel_1": {
                "rel_type": "must_agree",
                "involved": [
                    "TOK1",
                    "TOK2"
                ],
                "ruler": null,
                "possible_agreement": null
            },
            "rel_2": {
                "rel_type": "must_agree",
                "involved": [
                    "TOK3",
                    "TOK1"
                ],
                "ruler": "TOK3",
                "possible_agreement": null
            },
            "rel_3": {
                "rel_type": "must_agree",
                "involved": [
                    "TOK3",
                    "TOK2"
                ],
                "ruler": "TOK3",
                "possible_agreement": null
            }
        }
    },
    {
        "file_ID": "1031_0003383",
        "sent_NP_ID": "8_20",
        "sentence": "Andereseits ihre Familien Sturuktur ist auch wichtig für die Marktler .",
        "metadata": {
            "corpus": "MERLIN_DE"
        },
        "NP_info": {
            "len_np": 1,
            "coordination": null
        },
        "HEAD_info": {
            "head": {},
            "super_head": {}
        },
        "POST_info": {},
        "TOK_info": {
            "TOK1": {
                "word_type": "N",
                "word_form": "Andereseits",
                "lemma": "Andereseits",
                "POS_STTS": "NE",
                "index": "1",
                "dep_rel": "root",
                "head_index": "0",
                "parser_morph_features": "_",
                "possible_morph_features": []
            }
        },
        "relations": {}
    },
    {
        "file_ID": "1031_0003383",
        "sent_NP_ID": "8_21",
        "sentence": "Andereseits ihre Familien Sturuktur ist auch wichtig für die Marktler .",
        "metadata": {
            "corpus": "MERLIN_DE"
        },
        "NP_info": {
            "len_np": 2,
            "coordination": null
        },
        "HEAD_info": {
            "head": {
                "H_TOK1": {
                    "word_type": "V",
                    "word_form": "ist",
                    "lemma": "sein",
                    "POS_STTS": "VAFIN",
                    "index": "5",
                    "dep_rel": "root",
                    "head_index": "0",
                    "parser_morph_features": "3|Sg|Pres|Ind"
                }
            },
            "super_head": {}
        },
        "POST_info": {
            "P_TOK1": {
                "word_type": "N",
                "word_form": "Sturuktur",
                "lemma": "Sturuktur",
                "POS_STTS": "NE",
                "index": "4",
                "dep_rel": "app",
                "head_index": "3",
                "parser_morph_features": "Fem|Nom|Pl"
            }
        },
        "TOK_info": {
            "TOK1": {
                "word_type": "ART",
                "word_form": "ihre",
                "lemma": "ihre",
                "POS_STTS": "PPOSAT",
                "index": "2",
                "dep_rel": "det",
                "head_index": "3",
                "parser_morph_features": "Fem|Nom|Pl",
                "possible_morph_features": []
            },
            "TOK2": {
                "word_type": "N",
                "word_form": "Familien",
                "lemma": "Familie",
                "POS_STTS": "NN",
                "index": "3",
                "dep_rel": "pred",
                "head_index": "5",
                "parser_morph_features": "Fem|Nom|Pl",
                "possible_morph_features": []
            }
        },
        "relations": {
            "rel_1": {
                "rel_type": "must_agree",
                "involved": [
                    "TOK2",
                    "TOK1"
                ],
                "ruler": "TOK2",
                "possible_agreement": null
            }
        }
    },
    {
        "file_ID": "1031_0003383",
        "sent_NP_ID": "8_22",
        "sentence": "Andereseits ihre Familien Sturuktur ist auch wichtig für die Marktler .",
        "metadata": {
            "corpus": "MERLIN_DE"
        },
        "NP_info": {
            "len_np": 1,
            "coordination": null
        },
        "HEAD_info": {
            "head": {
                "H_TOK1": {
                    "word_type": "N",
                    "word_form": "Familien",
                    "lemma": "Familie",
                    "POS_STTS": "NN",
                    "index": "3",
                    "dep_rel": "pred",
                    "head_index": "5",
                    "parser_morph_features": "Fem|Nom|Pl"
                }
            },
            "super_head": {
                "SH_TOK1": {
                    "word_type": "V",
                    "word_form": "ist",
                    "lemma": "sein",
                    "POS_STTS": "VAFIN",
                    "index": "5",
                    "dep_rel": "root",
                    "head_index": "0",
                    "parser_morph_features": "3|Sg|Pres|Ind"
                }
            }
        },
        "POST_info": {},
        "TOK_info": {
            "TOK1": {
                "word_type": "N",
                "word_form": "Sturuktur",
                "lemma": "Sturuktur",
                "POS_STTS": "NE",
                "index": "4",
                "dep_rel": "app",
                "head_index": "3",
                "parser_morph_features": "Fem|Nom|Pl",
                "possible_morph_features": []
            }
        },
        "relations": {}
    },
    {
        "file_ID": "1031_0003383",
        "sent_NP_ID": "8_23",
        "sentence": "Andereseits ihre Familien Sturuktur ist auch wichtig für die Marktler .",
        "metadata": {
            "corpus": "MERLIN_DE"
        },
        "NP_info": {
            "len_np": 2,
            "coordination": null
        },
        "HEAD_info": {
            "head": {
                "H_TOK1": {
                    "word_type": "PREP",
                    "word_form": "für",
                    "lemma": "für",
                    "POS_STTS": "APPR",
                    "index": "8",
                    "dep_rel": "pp",
                    "head_index": "5",
                    "parser_morph_features": "Acc"
                }
            },
            "super_head": {
                "SH_TOK1": {
                    "word_type": "V",
                    "word_form": "ist",
                    "lemma": "sein",
                    "POS_STTS": "VAFIN",
                    "index": "5",
                    "dep_rel": "root",
                    "head_index": "0",
                    "parser_morph_features": "3|Sg|Pres|Ind"
                }
            }
        },
        "POST_info": {},
        "TOK_info": {
            "TOK1": {
                "word_type": "ART",
                "word_form": "die",
                "lemma": "die",
                "POS_STTS": "ART",
                "index": "9",
                "dep_rel": "det",
                "head_index": "10",
                "parser_morph_features": "Def|Masc|Acc|Pl",
                "possible_morph_features": []
            },
            "TOK2": {
                "word_type": "N",
                "word_form": "Marktler",
                "lemma": "Marktler",
                "POS_STTS": "NN",
                "index": "10",
                "dep_rel": "pn",
                "head_index": "8",
                "parser_morph_features": "Masc|Acc|Pl",
                "possible_morph_features": []
            }
        },
        "relations": {
            "rel_1": {
                "rel_type": "must_agree",
                "involved": [
                    "TOK2",
                    "TOK1"
                ],
                "ruler": "TOK2",
                "possible_agreement": null
            }
        }
    },
    {
        "file_ID": "1031_0003383",
        "sent_NP_ID": "9_24",
        "sentence": "In Deutschland die meistens Familien haben Einzelkinder und die sind generel sehr ruhig .",
        "metadata": {
            "corpus": "MERLIN_DE"
        },
        "NP_info": {
            "len_np": 1,
            "coordination": null
        },
        "HEAD_info": {
            "head": {
                "H_TOK1": {
                    "word_type": "PREP",
                    "word_form": "In",
                    "lemma": "in",
                    "POS_STTS": "APPR",
                    "index": "1",
                    "dep_rel": "pp",
                    "head_index": "5",
                    "parser_morph_features": "_"
                }
            },
            "super_head": {
                "SH_TOK1": {
                    "word_type": "N",
                    "word_form": "Familien",
                    "lemma": "Familie",
                    "POS_STTS": "NN",
                    "index": "5",
                    "dep_rel": "subj",
                    "head_index": "6",
                    "parser_morph_features": "Fem|Nom|Pl"
                }
            }
        },
        "POST_info": {},
        "TOK_info": {
            "TOK1": {
                "word_type": "N",
                "word_form": "Deutschland",
                "lemma": "Deutschland",
                "POS_STTS": "NE",
                "index": "2",
                "dep_rel": "pn",
                "head_index": "1",
                "parser_morph_features": "Neut|_|Sg",
                "possible_morph_features": []
            }
        },
        "relations": {}
    },
    {
        "file_ID": "1031_0003383",
        "sent_NP_ID": "9_25",
        "sentence": "In Deutschland die meistens Familien haben Einzelkinder und die sind generel sehr ruhig .",
        "metadata": {
            "corpus": "MERLIN_DE"
        },
        "NP_info": {
            "len_np": 4,
            "coordination": null
        },
        "HEAD_info": {
            "head": {
                "H_TOK1": {
                    "word_type": "V",
                    "word_form": "haben",
                    "lemma": "haben",
                    "POS_STTS": "VAFIN",
                    "index": "6",
                    "dep_rel": "root",
                    "head_index": "0",
                    "parser_morph_features": "3|Pl|Pres|_"
                }
            },
            "super_head": {}
        },
        "POST_info": {},
        "TOK_info": {
            "TOK1": {
                "word_type": "PREP",
                "word_form": "In",
                "lemma": "in",
                "POS_STTS": "APPR",
                "index": "1",
                "dep_rel": "pp",
                "head_index": "5",
                "parser_morph_features": "_",
                "possible_morph_features": []
            },
            "TOK2": {
                "word_type": "ART",
                "word_form": "die",
                "lemma": "die",
                "POS_STTS": "ART",
                "index": "3",
                "dep_rel": "det",
                "head_index": "5",
                "parser_morph_features": "Def|Fem|Nom|Pl",
                "possible_morph_features": []
            },
            "TOK3": {
                "word_type": "ADV",
                "word_form": "meistens",
                "lemma": "meistens",
                "POS_STTS": "ADV",
                "index": "4",
                "dep_rel": "adv",
                "head_index": "5",
                "parser_morph_features": "_",
                "possible_morph_features": []
            },
            "TOK4": {
                "word_type": "N",
                "word_form": "Familien",
                "lemma": "Familie",
                "POS_STTS": "NN",
                "index": "5",
                "dep_rel": "subj",
                "head_index": "6",
                "parser_morph_features": "Fem|Nom|Pl",
                "possible_morph_features": []
            }
        },
        "relations": {
            "rel_1": {
                "rel_type": "must_agree",
                "involved": [
                    "TOK4",
                    "TOK2"
                ],
                "ruler": "TOK4",
                "possible_agreement": null
            }
        }
    },
    {
        "file_ID": "1031_0003383",
        "sent_NP_ID": "9_26",
        "sentence": "In Deutschland die meistens Familien haben Einzelkinder und die sind generel sehr ruhig .",
        "metadata": {
            "corpus": "MERLIN_DE"
        },
        "NP_info": {
            "len_np": 1,
            "coordination": null
        },
        "HEAD_info": {
            "head": {
                "H_TOK1": {
                    "word_type": "V",
                    "word_form": "haben",
                    "lemma": "haben",
                    "POS_STTS": "VAFIN",
                    "index": "6",
                    "dep_rel": "root",
                    "head_index": "0",
                    "parser_morph_features": "3|Pl|Pres|_"
                }
            },
            "super_head": {}
        },
        "POST_info": {},
        "TOK_info": {
            "TOK1": {
                "word_type": "N",
                "word_form": "Einzelkinder",
                "lemma": "Einzelkind",
                "POS_STTS": "NN",
                "index": "7",
                "dep_rel": "obja",
                "head_index": "6",
                "parser_morph_features": "Neut|Acc|Pl",
                "possible_morph_features": []
            }
        },
        "relations": {}
    },
    {
        "file_ID": "1031_0003383",
        "sent_NP_ID": "10_27",
        "sentence": "Hier giebt es auch ziemlich viele Menschen , die allein wohnen und leben .",
        "metadata": {
            "corpus": "MERLIN_DE"
        },
        "NP_info": {
            "len_np": 2,
            "coordination": null
        },
        "HEAD_info": {
            "head": {
                "H_TOK1": {
                    "word_type": "V",
                    "word_form": "giebt",
                    "lemma": "giebt",
                    "POS_STTS": "VVFIN",
                    "index": "2",
                    "dep_rel": "root",
                    "head_index": "0",
                    "parser_morph_features": "3|Sg|_|_"
                }
            },
            "super_head": {}
        },
        "POST_info": {
            "P_TOK1": {
                "word_type": "V",
                "word_form": "wohnen",
                "lemma": "wohnen",
                "POS_STTS": "VVFIN",
                "index": "11",
                "dep_rel": "rel",
                "head_index": "7",
                "parser_morph_features": "3|Pl|Pres|_"
            }
        },
        "TOK_info": {
            "TOK1": {
                "word_type": "ART",
                "word_form": "viele",
                "lemma": "viele",
                "POS_STTS": "PIDAT",
                "index": "6",
                "dep_rel": "det",
                "head_index": "7",
                "parser_morph_features": "Masc|Acc|Pl",
                "possible_morph_features": []
            },
            "TOK2": {
                "word_type": "N",
                "word_form": "Menschen",
                "lemma": "Mensch",
                "POS_STTS": "NN",
                "index": "7",
                "dep_rel": "obja",
                "head_index": "2",
                "parser_morph_features": "Masc|Acc|Pl",
                "possible_morph_features": []
            }
        },
        "relations": {
            "rel_1": {
                "rel_type": "must_agree",
                "involved": [
                    "TOK2",
                    "TOK1"
                ],
                "ruler": "TOK2",
                "possible_agreement": null
            }
        }
    },
    {
        "file_ID": "1031_0003383",
        "sent_NP_ID": "11_28",
        "sentence": "Eine normale Familie wohnen hier oft in eine zwei oder drei Zimmer Wohnung , bzw. jedes Kind braucht ein eigene Zimmer .",
        "metadata": {
            "corpus": "MERLIN_DE"
        },
        "NP_info": {
            "len_np": 3,
            "coordination": null
        },
        "HEAD_info": {
            "head": {},
            "super_head": {}
        },
        "POST_info": {},
        "TOK_info": {
            "TOK1": {
                "word_type": "ART",
                "word_form": "Eine",
                "lemma": "eine",
                "POS_STTS": "ART",
                "index": "1",
                "dep_rel": "det",
                "head_index": "3",
                "parser_morph_features": "Indef|Fem|_|Sg",
                "possible_morph_features": []
            },
            "TOK2": {
                "word_type": "ADJA",
                "word_form": "normale",
                "lemma": "normal",
                "POS_STTS": "ADJA",
                "index": "2",
                "dep_rel": "attr",
                "head_index": "3",
                "parser_morph_features": "Pos|Fem|_|Sg|_|",
                "possible_morph_features": []
            },
            "TOK3": {
                "word_type": "N",
                "word_form": "Familie",
                "lemma": "Familie",
                "POS_STTS": "NN",
                "index": "3",
                "dep_rel": "root",
                "head_index": "0",
                "parser_morph_features": "Fem|_|Sg",
                "possible_morph_features": []
            }
        },
        "relations": {
            "rel_1": {
                "rel_type": "must_agree",
                "involved": [
                    "TOK1",
                    "TOK2"
                ],
                "ruler": null,
                "possible_agreement": null
            },
            "rel_2": {
                "rel_type": "must_agree",
                "involved": [
                    "TOK3",
                    "TOK1"
                ],
                "ruler": "TOK3",
                "possible_agreement": null
            },
            "rel_3": {
                "rel_type": "must_agree",
                "involved": [
                    "TOK3",
                    "TOK2"
                ],
                "ruler": "TOK3",
                "possible_agreement": null
            }
        }
    },
    {
        "file_ID": "1031_0003383",
        "sent_NP_ID": "11_29",
        "sentence": "Eine normale Familie wohnen hier oft in eine zwei oder drei Zimmer Wohnung , bzw. jedes Kind braucht ein eigene Zimmer .",
        "metadata": {
            "corpus": "MERLIN_DE"
        },
        "NP_info": {
            "len_np": 3,
            "coordination": null
        },
        "HEAD_info": {
            "head": {
                "H_TOK1": {
                    "word_type": "PREP",
                    "word_form": "in",
                    "lemma": "in",
                    "POS_STTS": "APPR",
                    "index": "7",
                    "dep_rel": "pp",
                    "head_index": "4",
                    "parser_morph_features": "Acc"
                }
            },
            "super_head": {
                "SH_TOK1": {
                    "word_type": "V",
                    "word_form": "wohnen",
                    "lemma": "wohnen",
                    "POS_STTS": "VVFIN",
                    "index": "4",
                    "dep_rel": "root",
                    "head_index": "0",
                    "parser_morph_features": "_|Pl|Pres|_"
                }
            }
        },
        "POST_info": {
            "P_TOK1": {
                "word_type": "N",
                "word_form": "Wohnung",
                "lemma": "Wohnung",
                "POS_STTS": "NN",
                "index": "13",
                "dep_rel": "app",
                "head_index": "12",
                "parser_morph_features": "Fem|Acc|Sg"
            }
        },
        "TOK_info": {
            "TOK1": {
                "word_type": "ART",
                "word_form": "eine",
                "lemma": "eine",
                "POS_STTS": "ART",
                "index": "8",
                "dep_rel": "det",
                "head_index": "12",
                "parser_morph_features": "Indef|Fem|Acc|Sg",
                "possible_morph_features": []
            },
            "TOK2": {
                "word_type": "CARD",
                "word_form": "zwei",
                "lemma": "zwei",
                "POS_STTS": "CARD",
                "index": "9",
                "dep_rel": "attr",
                "head_index": "12",
                "parser_morph_features": "_",
                "possible_morph_features": []
            },
            "TOK3": {
                "word_type": "N",
                "word_form": "Zimmer",
                "lemma": "Zimmer",
                "POS_STTS": "NN",
                "index": "12",
                "dep_rel": "pn",
                "head_index": "7",
                "parser_morph_features": "Fem|Acc|Sg",
                "possible_morph_features": []
            }
        },
        "relations": {
            "rel_1": {
                "rel_type": "must_agree",
                "involved": [
                    "TOK3",
                    "TOK1"
                ],
                "ruler": "TOK3",
                "possible_agreement": null
            }
        }
    },
    {
        "file_ID": "1031_0003383",
        "sent_NP_ID": "11_30",
        "sentence": "Eine normale Familie wohnen hier oft in eine zwei oder drei Zimmer Wohnung , bzw. jedes Kind braucht ein eigene Zimmer .",
        "metadata": {
            "corpus": "MERLIN_DE"
        },
        "NP_info": {
            "len_np": 1,
            "coordination": null
        },
        "HEAD_info": {
            "head": {
                "H_TOK1": {
                    "word_type": "N",
                    "word_form": "Zimmer",
                    "lemma": "Zimmer",
                    "POS_STTS": "NN",
                    "index": "12",
                    "dep_rel": "pn",
                    "head_index": "7",
                    "parser_morph_features": "Fem|Acc|Sg"
                }
            },
            "super_head": {
                "SH_TOK1": {
                    "word_type": "PREP",
                    "word_form": "in",
                    "lemma": "in",
                    "POS_STTS": "APPR",
                    "index": "7",
                    "dep_rel": "pp",
                    "head_index": "4",
                    "parser_morph_features": "Acc"
                }
            }
        },
        "POST_info": {},
        "TOK_info": {
            "TOK1": {
                "word_type": "N",
                "word_form": "Wohnung",
                "lemma": "Wohnung",
                "POS_STTS": "NN",
                "index": "13",
                "dep_rel": "app",
                "head_index": "12",
                "parser_morph_features": "Fem|Acc|Sg",
                "possible_morph_features": []
            }
        },
        "relations": {}
    },
    {
        "file_ID": "1031_0003383",
        "sent_NP_ID": "11_31",
        "sentence": "Eine normale Familie wohnen hier oft in eine zwei oder drei Zimmer Wohnung , bzw. jedes Kind braucht ein eigene Zimmer .",
        "metadata": {
            "corpus": "MERLIN_DE"
        },
        "NP_info": {
            "len_np": 2,
            "coordination": null
        },
        "HEAD_info": {
            "head": {
                "H_TOK1": {
                    "word_type": "V",
                    "word_form": "braucht",
                    "lemma": "brauchen",
                    "POS_STTS": "VVFIN",
                    "index": "18",
                    "dep_rel": "cj",
                    "head_index": "15",
                    "parser_morph_features": "3|Sg|Pres|Ind"
                }
            },
            "super_head": {
                "SH_TOK1": {
                    "word_type": "KON",
                    "word_form": "bzw.",
                    "lemma": "bzw.",
                    "POS_STTS": "KON",
                    "index": "15",
                    "dep_rel": "kon",
                    "head_index": "4",
                    "parser_morph_features": "_"
                }
            }
        },
        "POST_info": {},
        "TOK_info": {
            "TOK1": {
                "word_type": "ART",
                "word_form": "jedes",
                "lemma": "jede",
                "POS_STTS": "PIDAT",
                "index": "16",
                "dep_rel": "det",
                "head_index": "17",
                "parser_morph_features": "Neut|Nom|Sg",
                "possible_morph_features": []
            },
            "TOK2": {
                "word_type": "N",
                "word_form": "Kind",
                "lemma": "Kind",
                "POS_STTS": "NN",
                "index": "17",
                "dep_rel": "subj",
                "head_index": "18",
                "parser_morph_features": "Neut|Nom|Sg",
                "possible_morph_features": []
            }
        },
        "relations": {
            "rel_1": {
                "rel_type": "must_agree",
                "involved": [
                    "TOK2",
                    "TOK1"
                ],
                "ruler": "TOK2",
                "possible_agreement": null
            }
        }
    },
    {
        "file_ID": "1031_0003383",
        "sent_NP_ID": "11_32",
        "sentence": "Eine normale Familie wohnen hier oft in eine zwei oder drei Zimmer Wohnung , bzw. jedes Kind braucht ein eigene Zimmer .",
        "metadata": {
            "corpus": "MERLIN_DE"
        },
        "NP_info": {
            "len_np": 3,
            "coordination": null
        },
        "HEAD_info": {
            "head": {
                "H_TOK1": {
                    "word_type": "V",
                    "word_form": "braucht",
                    "lemma": "brauchen",
                    "POS_STTS": "VVFIN",
                    "index": "18",
                    "dep_rel": "cj",
                    "head_index": "15",
                    "parser_morph_features": "3|Sg|Pres|Ind"
                }
            },
            "super_head": {
                "SH_TOK1": {
                    "word_type": "KON",
                    "word_form": "bzw.",
                    "lemma": "bzw.",
                    "POS_STTS": "KON",
                    "index": "15",
                    "dep_rel": "kon",
                    "head_index": "4",
                    "parser_morph_features": "_"
                }
            }
        },
        "POST_info": {},
        "TOK_info": {
            "TOK1": {
                "word_type": "ART",
                "word_form": "ein",
                "lemma": "eine",
                "POS_STTS": "ART",
                "index": "19",
                "dep_rel": "det",
                "head_index": "21",
                "parser_morph_features": "Indef|Neut|Acc|Sg",
                "possible_morph_features": []
            },
            "TOK2": {
                "word_type": "ADJA",
                "word_form": "eigene",
                "lemma": "eigen",
                "POS_STTS": "ADJA",
                "index": "20",
                "dep_rel": "attr",
                "head_index": "21",
                "parser_morph_features": "Pos|Neut|Acc|Sg|Wk|",
                "possible_morph_features": []
            },
            "TOK3": {
                "word_type": "N",
                "word_form": "Zimmer",
                "lemma": "Zimmer",
                "POS_STTS": "NN",
                "index": "21",
                "dep_rel": "obja",
                "head_index": "18",
                "parser_morph_features": "Neut|Acc|Sg",
                "possible_morph_features": []
            }
        },
        "relations": {
            "rel_1": {
                "rel_type": "must_agree",
                "involved": [
                    "TOK1",
                    "TOK2"
                ],
                "ruler": null,
                "possible_agreement": null
            },
            "rel_2": {
                "rel_type": "must_agree",
                "involved": [
                    "TOK3",
                    "TOK1"
                ],
                "ruler": "TOK3",
                "possible_agreement": null
            },
            "rel_3": {
                "rel_type": "must_agree",
                "involved": [
                    "TOK3",
                    "TOK2"
                ],
                "ruler": "TOK3",
                "possible_agreement": null
            }
        }
    },
    {
        "file_ID": "1031_0003383",
        "sent_NP_ID": "12_33",
        "sentence": "Die Wohnungsvermarklern achten auch auf ihre Aufenthaltstatus .",
        "metadata": {
            "corpus": "MERLIN_DE"
        },
        "NP_info": {
            "len_np": 2,
            "coordination": null
        },
        "HEAD_info": {
            "head": {
                "H_TOK1": {
                    "word_type": "V",
                    "word_form": "achten",
                    "lemma": "achten",
                    "POS_STTS": "VVFIN",
                    "index": "3",
                    "dep_rel": "root",
                    "head_index": "0",
                    "parser_morph_features": "3|Pl|Pres|_"
                }
            },
            "super_head": {}
        },
        "POST_info": {},
        "TOK_info": {
            "TOK1": {
                "word_type": "ART",
                "word_form": "Die",
                "lemma": "die",
                "POS_STTS": "ART",
                "index": "1",
                "dep_rel": "det",
                "head_index": "2",
                "parser_morph_features": "Def|_|Nom|Pl",
                "possible_morph_features": []
            },
            "TOK2": {
                "word_type": "N",
                "word_form": "Wohnungsvermarklern",
                "lemma": "Wohnungsvermarklern",
                "POS_STTS": "NN",
                "index": "2",
                "dep_rel": "subj",
                "head_index": "3",
                "parser_morph_features": "_|Nom|Pl",
                "possible_morph_features": []
            }
        },
        "relations": {
            "rel_1": {
                "rel_type": "must_agree",
                "involved": [
                    "TOK2",
                    "TOK1"
                ],
                "ruler": "TOK2",
                "possible_agreement": null
            }
        }
    },
    {
        "file_ID": "1031_0003383",
        "sent_NP_ID": "12_34",
        "sentence": "Die Wohnungsvermarklern achten auch auf ihre Aufenthaltstatus .",
        "metadata": {
            "corpus": "MERLIN_DE"
        },
        "NP_info": {
            "len_np": 2,
            "coordination": null
        },
        "HEAD_info": {
            "head": {
                "H_TOK1": {
                    "word_type": "PREP",
                    "word_form": "auf",
                    "lemma": "auf",
                    "POS_STTS": "APPR",
                    "index": "5",
                    "dep_rel": "objp",
                    "head_index": "3",
                    "parser_morph_features": "Acc"
                }
            },
            "super_head": {
                "SH_TOK1": {
                    "word_type": "V",
                    "word_form": "achten",
                    "lemma": "achten",
                    "POS_STTS": "VVFIN",
                    "index": "3",
                    "dep_rel": "root",
                    "head_index": "0",
                    "parser_morph_features": "3|Pl|Pres|_"
                }
            }
        },
        "POST_info": {},
        "TOK_info": {
            "TOK1": {
                "word_type": "ART",
                "word_form": "ihre",
                "lemma": "ihre",
                "POS_STTS": "PPOSAT",
                "index": "6",
                "dep_rel": "det",
                "head_index": "7",
                "parser_morph_features": "Masc|Acc|Pl",
                "possible_morph_features": []
            },
            "TOK2": {
                "word_type": "N",
                "word_form": "Aufenthaltstatus",
                "lemma": "Aufenthaltstatus",
                "POS_STTS": "NN",
                "index": "7",
                "dep_rel": "pn",
                "head_index": "5",
                "parser_morph_features": "Masc|Acc|Pl",
                "possible_morph_features": []
            }
        },
        "relations": {
            "rel_1": {
                "rel_type": "must_agree",
                "involved": [
                    "TOK2",
                    "TOK1"
                ],
                "ruler": "TOK2",
                "possible_agreement": null
            }
        }
    },
    {
        "file_ID": "1031_0003383",
        "sent_NP_ID": "13_35",
        "sentence": "Das ist eine Garantie für die Vermarktler , weil wen Sie keine Aufenterlaunbis haben dann bedeutet das nach kurze Zeit fielleicht Sie müsse hier verlassen .",
        "metadata": {
            "corpus": "MERLIN_DE"
        },
        "NP_info": {
            "len_np": 2,
            "coordination": null
        },
        "HEAD_info": {
            "head": {
                "H_TOK1": {
                    "word_type": "V",
                    "word_form": "ist",
                    "lemma": "sein",
                    "POS_STTS": "VAFIN",
                    "index": "2",
                    "dep_rel": "root",
                    "head_index": "0",
                    "parser_morph_features": "3|Sg|Pres|Ind"
                }
            },
            "super_head": {}
        },
        "POST_info": {
            "P_TOK1": {
                "word_type": "PREP",
                "word_form": "für",
                "lemma": "für",
                "POS_STTS": "APPR",
                "index": "5",
                "dep_rel": "pp",
                "head_index": "4",
                "parser_morph_features": "Acc"
            }
        },
        "TOK_info": {
            "TOK1": {
                "word_type": "ART",
                "word_form": "eine",
                "lemma": "eine",
                "POS_STTS": "ART",
                "index": "3",
                "dep_rel": "det",
                "head_index": "4",
                "parser_morph_features": "Indef|Fem|Nom|Sg",
                "possible_morph_features": []
            },
            "TOK2": {
                "word_type": "N",
                "word_form": "Garantie",
                "lemma": "Garantie",
                "POS_STTS": "NN",
                "index": "4",
                "dep_rel": "pred",
                "head_index": "2",
                "parser_morph_features": "Fem|Nom|Sg",
                "possible_morph_features": []
            }
        },
        "relations": {
            "rel_1": {
                "rel_type": "must_agree",
                "involved": [
                    "TOK2",
                    "TOK1"
                ],
                "ruler": "TOK2",
                "possible_agreement": null
            }
        }
    },
    {
        "file_ID": "1031_0003383",
        "sent_NP_ID": "13_36",
        "sentence": "Das ist eine Garantie für die Vermarktler , weil wen Sie keine Aufenterlaunbis haben dann bedeutet das nach kurze Zeit fielleicht Sie müsse hier verlassen .",
        "metadata": {
            "corpus": "MERLIN_DE"
        },
        "NP_info": {
            "len_np": 2,
            "coordination": null
        },
        "HEAD_info": {
            "head": {
                "H_TOK1": {
                    "word_type": "PREP",
                    "word_form": "für",
                    "lemma": "für",
                    "POS_STTS": "APPR",
                    "index": "5",
                    "dep_rel": "pp",
                    "head_index": "4",
                    "parser_morph_features": "Acc"
                }
            },
            "super_head": {
                "SH_TOK1": {
                    "word_type": "N",
                    "word_form": "Garantie",
                    "lemma": "Garantie",
                    "POS_STTS": "NN",
                    "index": "4",
                    "dep_rel": "pred",
                    "head_index": "2",
                    "parser_morph_features": "Fem|Nom|Sg"
                }
            }
        },
        "POST_info": {},
        "TOK_info": {
            "TOK1": {
                "word_type": "ART",
                "word_form": "die",
                "lemma": "die",
                "POS_STTS": "ART",
                "index": "6",
                "dep_rel": "det",
                "head_index": "7",
                "parser_morph_features": "Def|_|Acc|_",
                "possible_morph_features": []
            },
            "TOK2": {
                "word_type": "N",
                "word_form": "Vermarktler",
                "lemma": "Vermarktler",
                "POS_STTS": "NN",
                "index": "7",
                "dep_rel": "pn",
                "head_index": "5",
                "parser_morph_features": "_|Acc|_",
                "possible_morph_features": []
            }
        },
        "relations": {
            "rel_1": {
                "rel_type": "must_agree",
                "involved": [
                    "TOK2",
                    "TOK1"
                ],
                "ruler": "TOK2",
                "possible_agreement": null
            }
        }
    },
    {
        "file_ID": "1031_0003383",
        "sent_NP_ID": "13_37",
        "sentence": "Das ist eine Garantie für die Vermarktler , weil wen Sie keine Aufenterlaunbis haben dann bedeutet das nach kurze Zeit fielleicht Sie müsse hier verlassen .",
        "metadata": {
            "corpus": "MERLIN_DE"
        },
        "NP_info": {
            "len_np": 2,
            "coordination": null
        },
        "HEAD_info": {
            "head": {
                "H_TOK1": {
                    "word_type": "V",
                    "word_form": "bedeutet",
                    "lemma": "bedeuten",
                    "POS_STTS": "VVPP",
                    "index": "16",
                    "dep_rel": "aux",
                    "head_index": "14",
                    "parser_morph_features": "_"
                }
            },
            "super_head": {
                "SH_TOK1": {
                    "word_type": "V",
                    "word_form": "haben",
                    "lemma": "haben",
                    "POS_STTS": "VAFIN",
                    "index": "14",
                    "dep_rel": "root",
                    "head_index": "0",
                    "parser_morph_features": "3|Pl|Pres|_"
                }
            }
        },
        "POST_info": {},
        "TOK_info": {
            "TOK1": {
                "word_type": "ART",
                "word_form": "keine",
                "lemma": "keine",
                "POS_STTS": "PIAT",
                "index": "12",
                "dep_rel": "det",
                "head_index": "13",
                "parser_morph_features": "_|Acc|_",
                "possible_morph_features": []
            },
            "TOK2": {
                "word_type": "N",
                "word_form": "Aufenterlaunbis",
                "lemma": "Aufenterlaunbis",
                "POS_STTS": "NN",
                "index": "13",
                "dep_rel": "obja",
                "head_index": "16",
                "parser_morph_features": "_|Acc|_",
                "possible_morph_features": []
            }
        },
        "relations": {
            "rel_1": {
                "rel_type": "must_agree",
                "involved": [
                    "TOK2",
                    "TOK1"
                ],
                "ruler": "TOK2",
                "possible_agreement": null
            }
        }
    },
    {
        "file_ID": "1031_0003383",
        "sent_NP_ID": "13_38",
        "sentence": "Das ist eine Garantie für die Vermarktler , weil wen Sie keine Aufenterlaunbis haben dann bedeutet das nach kurze Zeit fielleicht Sie müsse hier verlassen .",
        "metadata": {
            "corpus": "MERLIN_DE"
        },
        "NP_info": {
            "len_np": 2,
            "coordination": null
        },
        "HEAD_info": {
            "head": {
                "H_TOK1": {
                    "word_type": "PREP",
                    "word_form": "nach",
                    "lemma": "nach",
                    "POS_STTS": "APPR",
                    "index": "18",
                    "dep_rel": "pp",
                    "head_index": "21",
                    "parser_morph_features": "Dat"
                }
            },
            "super_head": {
                "SH_TOK1": {
                    "word_type": "V",
                    "word_form": "fielleicht",
                    "lemma": "fielleicht",
                    "POS_STTS": "VVFIN",
                    "index": "21",
                    "dep_rel": "root",
                    "head_index": "0",
                    "parser_morph_features": "_|Sg|_|_"
                }
            }
        },
        "POST_info": {},
        "TOK_info": {
            "TOK1": {
                "word_type": "ADJA",
                "word_form": "kurze",
                "lemma": "kurz",
                "POS_STTS": "ADJA",
                "index": "19",
                "dep_rel": "attr",
                "head_index": "20",
                "parser_morph_features": "Pos|Fem|_|Sg|_|",
                "possible_morph_features": []
            },
            "TOK2": {
                "word_type": "N",
                "word_form": "Zeit",
                "lemma": "Zeit",
                "POS_STTS": "NN",
                "index": "20",
                "dep_rel": "pn",
                "head_index": "18",
                "parser_morph_features": "Fem|_|Sg",
                "possible_morph_features": []
            }
        },
        "relations": {
            "rel_1": {
                "rel_type": "must_agree",
                "involved": [
                    "TOK2",
                    "TOK1"
                ],
                "ruler": "TOK2",
                "possible_agreement": null
            }
        }
    }
]