[
    {
        "file_ID": "1031_0003235",
        "sent_NP_ID": "1_1",
        "sentence": "Traditionen des Heimatlandes sind wichtig An meiner Meinung noch ist es unheimlich wichtig die Traditionen des Heimatlandes behalten , wenn man im Ausland lebt .",
        "metadata": {
            "corpus": "MERLIN_DE"
        },
        "NP_info": {
            "len_np": 1,
            "coordination": null
        },
        "HEAD_info": {
            "head": {
                "H_TOK1": {
                    "word_type": "V",
                    "word_form": "sind",
                    "lemma": "sein",
                    "POS_STTS": "VAFIN",
                    "index": "4",
                    "dep_rel": "root",
                    "head_index": "0",
                    "parser_morph_features": "3|Pl|Pres|Ind"
                }
            },
            "super_head": {}
        },
        "POST_info": {
            "P_TOK1": {
                "word_type": "N",
                "word_form": "Heimatlandes",
                "lemma": "Heimatland",
                "POS_STTS": "NN",
                "index": "3",
                "dep_rel": "gmod",
                "head_index": "1",
                "parser_morph_features": "Neut|Gen|Sg"
            }
        },
        "TOK_info": {
            "TOK1": {
                "word_type": "N",
                "word_form": "Traditionen",
                "lemma": "Tradition",
                "POS_STTS": "NN",
                "index": "1",
                "dep_rel": "subj",
                "head_index": "4",
                "parser_morph_features": "Fem|Nom|Pl",
                "possible_morph_features": []
            }
        },
        "relations": {}
    },
    {
        "file_ID": "1031_0003235",
        "sent_NP_ID": "1_2",
        "sentence": "Traditionen des Heimatlandes sind wichtig An meiner Meinung noch ist es unheimlich wichtig die Traditionen des Heimatlandes behalten , wenn man im Ausland lebt .",
        "metadata": {
            "corpus": "MERLIN_DE"
        },
        "NP_info": {
            "len_np": 2,
            "coordination": null
        },
        "HEAD_info": {
            "head": {
                "H_TOK1": {
                    "word_type": "N",
                    "word_form": "Traditionen",
                    "lemma": "Tradition",
                    "POS_STTS": "NN",
                    "index": "1",
                    "dep_rel": "subj",
                    "head_index": "4",
                    "parser_morph_features": "Fem|Nom|Pl"
                }
            },
            "super_head": {
                "SH_TOK1": {
                    "word_type": "V",
                    "word_form": "sind",
                    "lemma": "sein",
                    "POS_STTS": "VAFIN",
                    "index": "4",
                    "dep_rel": "root",
                    "head_index": "0",
                    "parser_morph_features": "3|Pl|Pres|Ind"
                }
            }
        },
        "POST_info": {},
        "TOK_info": {
            "TOK1": {
                "word_type": "ART",
                "word_form": "des",
                "lemma": "die",
                "POS_STTS": "ART",
                "index": "2",
                "dep_rel": "det",
                "head_index": "3",
                "parser_morph_features": "Def|Neut|Gen|Sg",
                "possible_morph_features": []
            },
            "TOK2": {
                "word_type": "N",
                "word_form": "Heimatlandes",
                "lemma": "Heimatland",
                "POS_STTS": "NN",
                "index": "3",
                "dep_rel": "gmod",
                "head_index": "1",
                "parser_morph_features": "Neut|Gen|Sg",
                "possible_morph_features": []
            }
        },
        "relations": {
            "rel_1": {
                "rel_type": "must_agree",
                "involved": [
                    "TOK2",
                    "TOK1"
                ],
                "ruler": "TOK2",
                "possible_agreement": null
            }
        }
    },
    {
        "file_ID": "1031_0003235",
        "sent_NP_ID": "1_3",
        "sentence": "Traditionen des Heimatlandes sind wichtig An meiner Meinung noch ist es unheimlich wichtig die Traditionen des Heimatlandes behalten , wenn man im Ausland lebt .",
        "metadata": {
            "corpus": "MERLIN_DE"
        },
        "NP_info": {
            "len_np": 2,
            "coordination": null
        },
        "HEAD_info": {
            "head": {
                "H_TOK1": {
                    "word_type": "PREP",
                    "word_form": "An",
                    "lemma": "an",
                    "POS_STTS": "APPR",
                    "index": "6",
                    "dep_rel": "pp",
                    "head_index": "10",
                    "parser_morph_features": "Dat"
                }
            },
            "super_head": {
                "SH_TOK1": {
                    "word_type": "V",
                    "word_form": "ist",
                    "lemma": "sein",
                    "POS_STTS": "VAFIN",
                    "index": "10",
                    "dep_rel": "root",
                    "head_index": "0",
                    "parser_morph_features": "3|Sg|Pres|Ind"
                }
            }
        },
        "POST_info": {},
        "TOK_info": {
            "TOK1": {
                "word_type": "ART",
                "word_form": "meiner",
                "lemma": "meine",
                "POS_STTS": "PPOSAT",
                "index": "7",
                "dep_rel": "det",
                "head_index": "8",
                "parser_morph_features": "Fem|Dat|Sg",
                "possible_morph_features": []
            },
            "TOK2": {
                "word_type": "N",
                "word_form": "Meinung",
                "lemma": "Meinung",
                "POS_STTS": "NN",
                "index": "8",
                "dep_rel": "pn",
                "head_index": "6",
                "parser_morph_features": "Fem|Dat|Sg",
                "possible_morph_features": []
            }
        },
        "relations": {
            "rel_1": {
                "rel_type": "must_agree",
                "involved": [
                    "TOK2",
                    "TOK1"
                ],
                "ruler": "TOK2",
                "possible_agreement": null
            }
        }
    },
    {
        "file_ID": "1031_0003235",
        "sent_NP_ID": "1_4",
        "sentence": "Traditionen des Heimatlandes sind wichtig An meiner Meinung noch ist es unheimlich wichtig die Traditionen des Heimatlandes behalten , wenn man im Ausland lebt .",
        "metadata": {
            "corpus": "MERLIN_DE"
        },
        "NP_info": {
            "len_np": 2,
            "coordination": null
        },
        "HEAD_info": {
            "head": {
                "H_TOK1": {
                    "word_type": "V",
                    "word_form": "ist",
                    "lemma": "sein",
                    "POS_STTS": "VAFIN",
                    "index": "10",
                    "dep_rel": "root",
                    "head_index": "0",
                    "parser_morph_features": "3|Sg|Pres|Ind"
                }
            },
            "super_head": {}
        },
        "POST_info": {
            "P_TOK1": {
                "word_type": "N",
                "word_form": "Heimatlandes",
                "lemma": "Heimatland",
                "POS_STTS": "NN",
                "index": "17",
                "dep_rel": "gmod",
                "head_index": "15",
                "parser_morph_features": "Neut|Gen|Sg"
            }
        },
        "TOK_info": {
            "TOK1": {
                "word_type": "ART",
                "word_form": "die",
                "lemma": "die",
                "POS_STTS": "ART",
                "index": "14",
                "dep_rel": "det",
                "head_index": "15",
                "parser_morph_features": "Def|Fem|Nom|Pl",
                "possible_morph_features": []
            },
            "TOK2": {
                "word_type": "N",
                "word_form": "Traditionen",
                "lemma": "Tradition",
                "POS_STTS": "NN",
                "index": "15",
                "dep_rel": "pred",
                "head_index": "10",
                "parser_morph_features": "Fem|Nom|Pl",
                "possible_morph_features": []
            }
        },
        "relations": {
            "rel_1": {
                "rel_type": "must_agree",
                "involved": [
                    "TOK2",
                    "TOK1"
                ],
                "ruler": "TOK2",
                "possible_agreement": null
            }
        }
    },
    {
        "file_ID": "1031_0003235",
        "sent_NP_ID": "1_5",
        "sentence": "Traditionen des Heimatlandes sind wichtig An meiner Meinung noch ist es unheimlich wichtig die Traditionen des Heimatlandes behalten , wenn man im Ausland lebt .",
        "metadata": {
            "corpus": "MERLIN_DE"
        },
        "NP_info": {
            "len_np": 2,
            "coordination": null
        },
        "HEAD_info": {
            "head": {
                "H_TOK1": {
                    "word_type": "N",
                    "word_form": "Traditionen",
                    "lemma": "Tradition",
                    "POS_STTS": "NN",
                    "index": "15",
                    "dep_rel": "pred",
                    "head_index": "10",
                    "parser_morph_features": "Fem|Nom|Pl"
                }
            },
            "super_head": {
                "SH_TOK1": {
                    "word_type": "V",
                    "word_form": "ist",
                    "lemma": "sein",
                    "POS_STTS": "VAFIN",
                    "index": "10",
                    "dep_rel": "root",
                    "head_index": "0",
                    "parser_morph_features": "3|Sg|Pres|Ind"
                }
            }
        },
        "POST_info": {},
        "TOK_info": {
            "TOK1": {
                "word_type": "ART",
                "word_form": "des",
                "lemma": "die",
                "POS_STTS": "ART",
                "index": "16",
                "dep_rel": "det",
                "head_index": "17",
                "parser_morph_features": "Def|Neut|Gen|Sg",
                "possible_morph_features": []
            },
            "TOK2": {
                "word_type": "N",
                "word_form": "Heimatlandes",
                "lemma": "Heimatland",
                "POS_STTS": "NN",
                "index": "17",
                "dep_rel": "gmod",
                "head_index": "15",
                "parser_morph_features": "Neut|Gen|Sg",
                "possible_morph_features": []
            }
        },
        "relations": {
            "rel_1": {
                "rel_type": "must_agree",
                "involved": [
                    "TOK2",
                    "TOK1"
                ],
                "ruler": "TOK2",
                "possible_agreement": null
            }
        }
    },
    {
        "file_ID": "1031_0003235",
        "sent_NP_ID": "1_6",
        "sentence": "Traditionen des Heimatlandes sind wichtig An meiner Meinung noch ist es unheimlich wichtig die Traditionen des Heimatlandes behalten , wenn man im Ausland lebt .",
        "metadata": {
            "corpus": "MERLIN_DE"
        },
        "NP_info": {
            "len_np": 1,
            "coordination": null
        },
        "HEAD_info": {
            "head": {
                "H_TOK1": {
                    "word_type": "PREP",
                    "word_form": "im",
                    "lemma": "in",
                    "POS_STTS": "APPRART",
                    "index": "22",
                    "dep_rel": "pp",
                    "head_index": "24",
                    "parser_morph_features": "Dat"
                }
            },
            "super_head": {
                "SH_TOK1": {
                    "word_type": "V",
                    "word_form": "lebt",
                    "lemma": "leben",
                    "POS_STTS": "VVFIN",
                    "index": "24",
                    "dep_rel": "root",
                    "head_index": "0",
                    "parser_morph_features": "3|Sg|Pres|Ind"
                }
            }
        },
        "POST_info": {},
        "TOK_info": {
            "TOK1": {
                "word_type": "N",
                "word_form": "Ausland",
                "lemma": "Ausland",
                "POS_STTS": "NN",
                "index": "23",
                "dep_rel": "pn",
                "head_index": "22",
                "parser_morph_features": "Neut|Dat|Sg",
                "possible_morph_features": []
            }
        },
        "relations": {
            "rel_1": {
                "rel_type": "must_agree",
                "involved": [
                    "TOK1",
                    "H_TOK1"
                ],
                "ruler": "TOK1",
                "possible_agreement": null
            }
        }
    },
    {
        "file_ID": "1031_0003235",
        "sent_NP_ID": "2_7",
        "sentence": "Denn ohne Traditionen verliert man die Identität .",
        "metadata": {
            "corpus": "MERLIN_DE"
        },
        "NP_info": {
            "len_np": 1,
            "coordination": null
        },
        "HEAD_info": {
            "head": {
                "H_TOK1": {
                    "word_type": "PREP",
                    "word_form": "ohne",
                    "lemma": "ohne",
                    "POS_STTS": "APPR",
                    "index": "2",
                    "dep_rel": "pp",
                    "head_index": "4",
                    "parser_morph_features": "Acc"
                }
            },
            "super_head": {
                "SH_TOK1": {
                    "word_type": "V",
                    "word_form": "verliert",
                    "lemma": "verlieren",
                    "POS_STTS": "VVFIN",
                    "index": "4",
                    "dep_rel": "cj",
                    "head_index": "1",
                    "parser_morph_features": "3|Sg|Pres|Ind"
                }
            }
        },
        "POST_info": {},
        "TOK_info": {
            "TOK1": {
                "word_type": "N",
                "word_form": "Traditionen",
                "lemma": "Tradition",
                "POS_STTS": "NN",
                "index": "3",
                "dep_rel": "pn",
                "head_index": "2",
                "parser_morph_features": "Fem|Acc|Pl",
                "possible_morph_features": []
            }
        },
        "relations": {}
    },
    {
        "file_ID": "1031_0003235",
        "sent_NP_ID": "2_8",
        "sentence": "Denn ohne Traditionen verliert man die Identität .",
        "metadata": {
            "corpus": "MERLIN_DE"
        },
        "NP_info": {
            "len_np": 2,
            "coordination": null
        },
        "HEAD_info": {
            "head": {
                "H_TOK1": {
                    "word_type": "V",
                    "word_form": "verliert",
                    "lemma": "verlieren",
                    "POS_STTS": "VVFIN",
                    "index": "4",
                    "dep_rel": "cj",
                    "head_index": "1",
                    "parser_morph_features": "3|Sg|Pres|Ind"
                }
            },
            "super_head": {
                "SH_TOK1": {
                    "word_type": "KON",
                    "word_form": "Denn",
                    "lemma": "denn",
                    "POS_STTS": "KON",
                    "index": "1",
                    "dep_rel": "root",
                    "head_index": "0",
                    "parser_morph_features": "_"
                }
            }
        },
        "POST_info": {},
        "TOK_info": {
            "TOK1": {
                "word_type": "ART",
                "word_form": "die",
                "lemma": "die",
                "POS_STTS": "ART",
                "index": "6",
                "dep_rel": "det",
                "head_index": "7",
                "parser_morph_features": "Def|Fem|Acc|Sg",
                "possible_morph_features": []
            },
            "TOK2": {
                "word_type": "N",
                "word_form": "Identität",
                "lemma": "Identität",
                "POS_STTS": "NN",
                "index": "7",
                "dep_rel": "obja",
                "head_index": "4",
                "parser_morph_features": "Fem|Acc|Sg",
                "possible_morph_features": []
            }
        },
        "relations": {
            "rel_1": {
                "rel_type": "must_agree",
                "involved": [
                    "TOK2",
                    "TOK1"
                ],
                "ruler": "TOK2",
                "possible_agreement": null
            }
        }
    },
    {
        "file_ID": "1031_0003235",
        "sent_NP_ID": "3_9",
        "sentence": "Traditionen geben auch Sicherheit .",
        "metadata": {
            "corpus": "MERLIN_DE"
        },
        "NP_info": {
            "len_np": 1,
            "coordination": null
        },
        "HEAD_info": {
            "head": {
                "H_TOK1": {
                    "word_type": "V",
                    "word_form": "geben",
                    "lemma": "geben",
                    "POS_STTS": "VVFIN",
                    "index": "2",
                    "dep_rel": "root",
                    "head_index": "0",
                    "parser_morph_features": "3|Pl|Pres|_"
                }
            },
            "super_head": {}
        },
        "POST_info": {},
        "TOK_info": {
            "TOK1": {
                "word_type": "N",
                "word_form": "Traditionen",
                "lemma": "Tradition",
                "POS_STTS": "NN",
                "index": "1",
                "dep_rel": "subj",
                "head_index": "2",
                "parser_morph_features": "Fem|Nom|Pl",
                "possible_morph_features": []
            }
        },
        "relations": {}
    },
    {
        "file_ID": "1031_0003235",
        "sent_NP_ID": "3_10",
        "sentence": "Traditionen geben auch Sicherheit .",
        "metadata": {
            "corpus": "MERLIN_DE"
        },
        "NP_info": {
            "len_np": 1,
            "coordination": null
        },
        "HEAD_info": {
            "head": {
                "H_TOK1": {
                    "word_type": "V",
                    "word_form": "geben",
                    "lemma": "geben",
                    "POS_STTS": "VVFIN",
                    "index": "2",
                    "dep_rel": "root",
                    "head_index": "0",
                    "parser_morph_features": "3|Pl|Pres|_"
                }
            },
            "super_head": {}
        },
        "POST_info": {},
        "TOK_info": {
            "TOK1": {
                "word_type": "N",
                "word_form": "Sicherheit",
                "lemma": "Sicherheit",
                "POS_STTS": "NN",
                "index": "4",
                "dep_rel": "obja",
                "head_index": "2",
                "parser_morph_features": "Fem|Acc|Sg",
                "possible_morph_features": []
            }
        },
        "relations": {}
    },
    {
        "file_ID": "1031_0003235",
        "sent_NP_ID": "4_11",
        "sentence": "Es ist schön , wenn man zum Beispiel im Ostern früh aufsteht und Eier im Garten sucht , denn das kann Erinnerungen aus der Kindheit erwecken und es ist egal ob die Nachbarn das auch machen oder nicht .",
        "metadata": {
            "corpus": "MERLIN_DE"
        },
        "NP_info": {
            "len_np": 1,
            "coordination": null
        },
        "HEAD_info": {
            "head": {
                "H_TOK1": {
                    "word_type": "PREP",
                    "word_form": "zum",
                    "lemma": "zu",
                    "POS_STTS": "APPRART",
                    "index": "7",
                    "dep_rel": "pp",
                    "head_index": "12",
                    "parser_morph_features": "Dat"
                }
            },
            "super_head": {
                "SH_TOK1": {
                    "word_type": "V",
                    "word_form": "aufsteht",
                    "lemma": "aufstehen",
                    "POS_STTS": "VVFIN",
                    "index": "12",
                    "dep_rel": "neb",
                    "head_index": "2",
                    "parser_morph_features": "3|Sg|Pres|Ind"
                }
            }
        },
        "POST_info": {},
        "TOK_info": {
            "TOK1": {
                "word_type": "N",
                "word_form": "Beispiel",
                "lemma": "Beispiel",
                "POS_STTS": "NN",
                "index": "8",
                "dep_rel": "pn",
                "head_index": "7",
                "parser_morph_features": "Neut|Dat|Sg",
                "possible_morph_features": []
            }
        },
        "relations": {
            "rel_1": {
                "rel_type": "must_agree",
                "involved": [
                    "TOK1",
                    "H_TOK1"
                ],
                "ruler": "TOK1",
                "possible_agreement": null
            }
        }
    },
    {
        "file_ID": "1031_0003235",
        "sent_NP_ID": "4_12",
        "sentence": "Es ist schön , wenn man zum Beispiel im Ostern früh aufsteht und Eier im Garten sucht , denn das kann Erinnerungen aus der Kindheit erwecken und es ist egal ob die Nachbarn das auch machen oder nicht .",
        "metadata": {
            "corpus": "MERLIN_DE"
        },
        "NP_info": {
            "len_np": 1,
            "coordination": null
        },
        "HEAD_info": {
            "head": {
                "H_TOK1": {
                    "word_type": "PREP",
                    "word_form": "im",
                    "lemma": "in",
                    "POS_STTS": "APPRART",
                    "index": "9",
                    "dep_rel": "pp",
                    "head_index": "12",
                    "parser_morph_features": "Dat"
                }
            },
            "super_head": {
                "SH_TOK1": {
                    "word_type": "V",
                    "word_form": "aufsteht",
                    "lemma": "aufstehen",
                    "POS_STTS": "VVFIN",
                    "index": "12",
                    "dep_rel": "neb",
                    "head_index": "2",
                    "parser_morph_features": "3|Sg|Pres|Ind"
                }
            }
        },
        "POST_info": {},
        "TOK_info": {
            "TOK1": {
                "word_type": "N",
                "word_form": "Ostern",
                "lemma": "Ostern",
                "POS_STTS": "NN",
                "index": "10",
                "dep_rel": "pn",
                "head_index": "9",
                "parser_morph_features": "_|Dat|_",
                "possible_morph_features": []
            }
        },
        "relations": {
            "rel_1": {
                "rel_type": "must_agree",
                "involved": [
                    "TOK1",
                    "H_TOK1"
                ],
                "ruler": "TOK1",
                "possible_agreement": null
            }
        }
    },
    {
        "file_ID": "1031_0003235",
        "sent_NP_ID": "4_13",
        "sentence": "Es ist schön , wenn man zum Beispiel im Ostern früh aufsteht und Eier im Garten sucht , denn das kann Erinnerungen aus der Kindheit erwecken und es ist egal ob die Nachbarn das auch machen oder nicht .",
        "metadata": {
            "corpus": "MERLIN_DE"
        },
        "NP_info": {
            "len_np": 1,
            "coordination": null
        },
        "HEAD_info": {
            "head": {
                "H_TOK1": {
                    "word_type": "V",
                    "word_form": "sucht",
                    "lemma": "suchen",
                    "POS_STTS": "VVFIN",
                    "index": "17",
                    "dep_rel": "cj",
                    "head_index": "13",
                    "parser_morph_features": "_|_|Pres|Ind"
                }
            },
            "super_head": {
                "SH_TOK1": {
                    "word_type": "KON",
                    "word_form": "und",
                    "lemma": "und",
                    "POS_STTS": "KON",
                    "index": "13",
                    "dep_rel": "kon",
                    "head_index": "12",
                    "parser_morph_features": "_"
                }
            }
        },
        "POST_info": {},
        "TOK_info": {
            "TOK1": {
                "word_type": "N",
                "word_form": "Eier",
                "lemma": "Ei",
                "POS_STTS": "NN",
                "index": "14",
                "dep_rel": "obja",
                "head_index": "17",
                "parser_morph_features": "Neut|Acc|Pl",
                "possible_morph_features": []
            }
        },
        "relations": {}
    },
    {
        "file_ID": "1031_0003235",
        "sent_NP_ID": "4_14",
        "sentence": "Es ist schön , wenn man zum Beispiel im Ostern früh aufsteht und Eier im Garten sucht , denn das kann Erinnerungen aus der Kindheit erwecken und es ist egal ob die Nachbarn das auch machen oder nicht .",
        "metadata": {
            "corpus": "MERLIN_DE"
        },
        "NP_info": {
            "len_np": 1,
            "coordination": null
        },
        "HEAD_info": {
            "head": {
                "H_TOK1": {
                    "word_type": "PREP",
                    "word_form": "im",
                    "lemma": "in",
                    "POS_STTS": "APPRART",
                    "index": "15",
                    "dep_rel": "pp",
                    "head_index": "17",
                    "parser_morph_features": "Dat"
                }
            },
            "super_head": {
                "SH_TOK1": {
                    "word_type": "V",
                    "word_form": "sucht",
                    "lemma": "suchen",
                    "POS_STTS": "VVFIN",
                    "index": "17",
                    "dep_rel": "cj",
                    "head_index": "13",
                    "parser_morph_features": "_|_|Pres|Ind"
                }
            }
        },
        "POST_info": {},
        "TOK_info": {
            "TOK1": {
                "word_type": "N",
                "word_form": "Garten",
                "lemma": "Garten",
                "POS_STTS": "NN",
                "index": "16",
                "dep_rel": "pn",
                "head_index": "15",
                "parser_morph_features": "Masc|Dat|Sg",
                "possible_morph_features": []
            }
        },
        "relations": {
            "rel_1": {
                "rel_type": "must_agree",
                "involved": [
                    "TOK1",
                    "H_TOK1"
                ],
                "ruler": "TOK1",
                "possible_agreement": null
            }
        }
    },
    {
        "file_ID": "1031_0003235",
        "sent_NP_ID": "4_15",
        "sentence": "Es ist schön , wenn man zum Beispiel im Ostern früh aufsteht und Eier im Garten sucht , denn das kann Erinnerungen aus der Kindheit erwecken und es ist egal ob die Nachbarn das auch machen oder nicht .",
        "metadata": {
            "corpus": "MERLIN_DE"
        },
        "NP_info": {
            "len_np": 1,
            "coordination": null
        },
        "HEAD_info": {
            "head": {
                "H_TOK1": {
                    "word_type": "V",
                    "word_form": "erwecken",
                    "lemma": "erwecken",
                    "POS_STTS": "VVINF",
                    "index": "26",
                    "dep_rel": "aux",
                    "head_index": "21",
                    "parser_morph_features": "_"
                }
            },
            "super_head": {
                "SH_TOK1": {
                    "word_type": "V",
                    "word_form": "kann",
                    "lemma": "können",
                    "POS_STTS": "VMFIN",
                    "index": "21",
                    "dep_rel": "cj",
                    "head_index": "19",
                    "parser_morph_features": "3|Sg|Pres|Ind"
                }
            }
        },
        "POST_info": {},
        "TOK_info": {
            "TOK1": {
                "word_type": "N",
                "word_form": "Erinnerungen",
                "lemma": "Erinnerung",
                "POS_STTS": "NN",
                "index": "22",
                "dep_rel": "obja",
                "head_index": "26",
                "parser_morph_features": "_|Acc|_",
                "possible_morph_features": []
            }
        },
        "relations": {}
    },
    {
        "file_ID": "1031_0003235",
        "sent_NP_ID": "4_16",
        "sentence": "Es ist schön , wenn man zum Beispiel im Ostern früh aufsteht und Eier im Garten sucht , denn das kann Erinnerungen aus der Kindheit erwecken und es ist egal ob die Nachbarn das auch machen oder nicht .",
        "metadata": {
            "corpus": "MERLIN_DE"
        },
        "NP_info": {
            "len_np": 2,
            "coordination": null
        },
        "HEAD_info": {
            "head": {
                "H_TOK1": {
                    "word_type": "PREP",
                    "word_form": "aus",
                    "lemma": "aus",
                    "POS_STTS": "APPR",
                    "index": "23",
                    "dep_rel": "pp",
                    "head_index": "26",
                    "parser_morph_features": "Dat"
                }
            },
            "super_head": {
                "SH_TOK1": {
                    "word_type": "V",
                    "word_form": "erwecken",
                    "lemma": "erwecken",
                    "POS_STTS": "VVINF",
                    "index": "26",
                    "dep_rel": "aux",
                    "head_index": "21",
                    "parser_morph_features": "_"
                }
            }
        },
        "POST_info": {},
        "TOK_info": {
            "TOK1": {
                "word_type": "ART",
                "word_form": "der",
                "lemma": "die",
                "POS_STTS": "ART",
                "index": "24",
                "dep_rel": "det",
                "head_index": "25",
                "parser_morph_features": "Def|Fem|Dat|Sg",
                "possible_morph_features": []
            },
            "TOK2": {
                "word_type": "N",
                "word_form": "Kindheit",
                "lemma": "Kindheit",
                "POS_STTS": "NN",
                "index": "25",
                "dep_rel": "pn",
                "head_index": "23",
                "parser_morph_features": "Fem|Dat|Sg",
                "possible_morph_features": []
            }
        },
        "relations": {
            "rel_1": {
                "rel_type": "must_agree",
                "involved": [
                    "TOK2",
                    "TOK1"
                ],
                "ruler": "TOK2",
                "possible_agreement": null
            }
        }
    },
    {
        "file_ID": "1031_0003235",
        "sent_NP_ID": "4_17",
        "sentence": "Es ist schön , wenn man zum Beispiel im Ostern früh aufsteht und Eier im Garten sucht , denn das kann Erinnerungen aus der Kindheit erwecken und es ist egal ob die Nachbarn das auch machen oder nicht .",
        "metadata": {
            "corpus": "MERLIN_DE"
        },
        "NP_info": {
            "len_np": 2,
            "coordination": null
        },
        "HEAD_info": {
            "head": {
                "H_TOK1": {
                    "word_type": "V",
                    "word_form": "machen",
                    "lemma": "machen",
                    "POS_STTS": "VVFIN",
                    "index": "36",
                    "dep_rel": "objc",
                    "head_index": "29",
                    "parser_morph_features": "3|Pl|Pres|_"
                }
            },
            "super_head": {
                "SH_TOK1": {
                    "word_type": "V",
                    "word_form": "ist",
                    "lemma": "sein",
                    "POS_STTS": "VAFIN",
                    "index": "29",
                    "dep_rel": "cj",
                    "head_index": "27",
                    "parser_morph_features": "3|Sg|Pres|Ind"
                }
            }
        },
        "POST_info": {},
        "TOK_info": {
            "TOK1": {
                "word_type": "ART",
                "word_form": "die",
                "lemma": "die",
                "POS_STTS": "ART",
                "index": "32",
                "dep_rel": "det",
                "head_index": "33",
                "parser_morph_features": "Def|Masc|Nom|Pl",
                "possible_morph_features": []
            },
            "TOK2": {
                "word_type": "N",
                "word_form": "Nachbarn",
                "lemma": "Nachbar",
                "POS_STTS": "NN",
                "index": "33",
                "dep_rel": "subj",
                "head_index": "36",
                "parser_morph_features": "Masc|Nom|Pl",
                "possible_morph_features": []
            }
        },
        "relations": {
            "rel_1": {
                "rel_type": "must_agree",
                "involved": [
                    "TOK2",
                    "TOK1"
                ],
                "ruler": "TOK2",
                "possible_agreement": null
            }
        }
    },
    {
        "file_ID": "1031_0003235",
        "sent_NP_ID": "5_18",
        "sentence": "Wenn man im Ausland lebt und die eigene Traditionen nicht hält , sondern man probiert die Traditionen des Gastelandes halten wird es sowieso nicht klappen , denn man hat dieser Kultur nicht im Blut .",
        "metadata": {
            "corpus": "MERLIN_DE"
        },
        "NP_info": {
            "len_np": 1,
            "coordination": null
        },
        "HEAD_info": {
            "head": {
                "H_TOK1": {
                    "word_type": "PREP",
                    "word_form": "im",
                    "lemma": "in",
                    "POS_STTS": "APPRART",
                    "index": "3",
                    "dep_rel": "pp",
                    "head_index": "5",
                    "parser_morph_features": "Dat"
                }
            },
            "super_head": {
                "SH_TOK1": {
                    "word_type": "V",
                    "word_form": "lebt",
                    "lemma": "leben",
                    "POS_STTS": "VVFIN",
                    "index": "5",
                    "dep_rel": "neb",
                    "head_index": "21",
                    "parser_morph_features": "3|Sg|Pres|Ind"
                }
            }
        },
        "POST_info": {},
        "TOK_info": {
            "TOK1": {
                "word_type": "N",
                "word_form": "Ausland",
                "lemma": "Ausland",
                "POS_STTS": "NN",
                "index": "4",
                "dep_rel": "pn",
                "head_index": "3",
                "parser_morph_features": "Neut|Dat|Sg",
                "possible_morph_features": []
            }
        },
        "relations": {
            "rel_1": {
                "rel_type": "must_agree",
                "involved": [
                    "TOK1",
                    "H_TOK1"
                ],
                "ruler": "TOK1",
                "possible_agreement": null
            }
        }
    },
    {
        "file_ID": "1031_0003235",
        "sent_NP_ID": "5_19",
        "sentence": "Wenn man im Ausland lebt und die eigene Traditionen nicht hält , sondern man probiert die Traditionen des Gastelandes halten wird es sowieso nicht klappen , denn man hat dieser Kultur nicht im Blut .",
        "metadata": {
            "corpus": "MERLIN_DE"
        },
        "NP_info": {
            "len_np": 3,
            "coordination": null
        },
        "HEAD_info": {
            "head": {
                "H_TOK1": {
                    "word_type": "V",
                    "word_form": "hält",
                    "lemma": "halten",
                    "POS_STTS": "VVFIN",
                    "index": "11",
                    "dep_rel": "cj",
                    "head_index": "6",
                    "parser_morph_features": "3|Sg|Pres|Ind"
                }
            },
            "super_head": {
                "SH_TOK1": {
                    "word_type": "KON",
                    "word_form": "und",
                    "lemma": "und",
                    "POS_STTS": "KON",
                    "index": "6",
                    "dep_rel": "kon",
                    "head_index": "5",
                    "parser_morph_features": "_"
                }
            }
        },
        "POST_info": {},
        "TOK_info": {
            "TOK1": {
                "word_type": "ART",
                "word_form": "die",
                "lemma": "die",
                "POS_STTS": "ART",
                "index": "7",
                "dep_rel": "det",
                "head_index": "9",
                "parser_morph_features": "Def|Fem|Acc|Pl",
                "possible_morph_features": []
            },
            "TOK2": {
                "word_type": "ADJA",
                "word_form": "eigene",
                "lemma": "eigen",
                "POS_STTS": "ADJA",
                "index": "8",
                "dep_rel": "attr",
                "head_index": "9",
                "parser_morph_features": "Pos|Fem|Acc|Pl|St|",
                "possible_morph_features": []
            },
            "TOK3": {
                "word_type": "N",
                "word_form": "Traditionen",
                "lemma": "Tradition",
                "POS_STTS": "NN",
                "index": "9",
                "dep_rel": "obja",
                "head_index": "11",
                "parser_morph_features": "Fem|Acc|Pl",
                "possible_morph_features": []
            }
        },
        "relations": {
            "rel_1": {
                "rel_type": "must_agree",
                "involved": [
                    "TOK1",
                    "TOK2"
                ],
                "ruler": null,
                "possible_agreement": null
            },
            "rel_2": {
                "rel_type": "must_agree",
                "involved": [
                    "TOK3",
                    "TOK1"
                ],
                "ruler": "TOK3",
                "possible_agreement": null
            },
            "rel_3": {
                "rel_type": "must_agree",
                "involved": [
                    "TOK3",
                    "TOK2"
                ],
                "ruler": "TOK3",
                "possible_agreement": null
            }
        }
    },
    {
        "file_ID": "1031_0003235",
        "sent_NP_ID": "5_20",
        "sentence": "Wenn man im Ausland lebt und die eigene Traditionen nicht hält , sondern man probiert die Traditionen des Gastelandes halten wird es sowieso nicht klappen , denn man hat dieser Kultur nicht im Blut .",
        "metadata": {
            "corpus": "MERLIN_DE"
        },
        "NP_info": {
            "len_np": 2,
            "coordination": null
        },
        "HEAD_info": {
            "head": {
                "H_TOK1": {
                    "word_type": "V",
                    "word_form": "probiert",
                    "lemma": "probieren",
                    "POS_STTS": "VVFIN",
                    "index": "15",
                    "dep_rel": "cj",
                    "head_index": "13",
                    "parser_morph_features": "3|Sg|Pres|Ind"
                }
            },
            "super_head": {
                "SH_TOK1": {
                    "word_type": "KON",
                    "word_form": "sondern",
                    "lemma": "sondern",
                    "POS_STTS": "KON",
                    "index": "13",
                    "dep_rel": "kon",
                    "head_index": "11",
                    "parser_morph_features": "_"
                }
            }
        },
        "POST_info": {
            "P_TOK1": {
                "word_type": "N",
                "word_form": "Gastelandes",
                "lemma": "Gastelandes",
                "POS_STTS": "NN",
                "index": "19",
                "dep_rel": "gmod",
                "head_index": "17",
                "parser_morph_features": "Neut|Gen|Sg"
            }
        },
        "TOK_info": {
            "TOK1": {
                "word_type": "ART",
                "word_form": "die",
                "lemma": "die",
                "POS_STTS": "ART",
                "index": "16",
                "dep_rel": "det",
                "head_index": "17",
                "parser_morph_features": "Def|Fem|Acc|Pl",
                "possible_morph_features": []
            },
            "TOK2": {
                "word_type": "N",
                "word_form": "Traditionen",
                "lemma": "Tradition",
                "POS_STTS": "NN",
                "index": "17",
                "dep_rel": "obja",
                "head_index": "15",
                "parser_morph_features": "Fem|Acc|Pl",
                "possible_morph_features": []
            }
        },
        "relations": {
            "rel_1": {
                "rel_type": "must_agree",
                "involved": [
                    "TOK2",
                    "TOK1"
                ],
                "ruler": "TOK2",
                "possible_agreement": null
            }
        }
    },
    {
        "file_ID": "1031_0003235",
        "sent_NP_ID": "5_21",
        "sentence": "Wenn man im Ausland lebt und die eigene Traditionen nicht hält , sondern man probiert die Traditionen des Gastelandes halten wird es sowieso nicht klappen , denn man hat dieser Kultur nicht im Blut .",
        "metadata": {
            "corpus": "MERLIN_DE"
        },
        "NP_info": {
            "len_np": 2,
            "coordination": null
        },
        "HEAD_info": {
            "head": {
                "H_TOK1": {
                    "word_type": "N",
                    "word_form": "Traditionen",
                    "lemma": "Tradition",
                    "POS_STTS": "NN",
                    "index": "17",
                    "dep_rel": "obja",
                    "head_index": "15",
                    "parser_morph_features": "Fem|Acc|Pl"
                }
            },
            "super_head": {
                "SH_TOK1": {
                    "word_type": "V",
                    "word_form": "probiert",
                    "lemma": "probieren",
                    "POS_STTS": "VVFIN",
                    "index": "15",
                    "dep_rel": "cj",
                    "head_index": "13",
                    "parser_morph_features": "3|Sg|Pres|Ind"
                }
            }
        },
        "POST_info": {},
        "TOK_info": {
            "TOK1": {
                "word_type": "ART",
                "word_form": "des",
                "lemma": "die",
                "POS_STTS": "ART",
                "index": "18",
                "dep_rel": "det",
                "head_index": "19",
                "parser_morph_features": "Def|Neut|Gen|Sg",
                "possible_morph_features": []
            },
            "TOK2": {
                "word_type": "N",
                "word_form": "Gastelandes",
                "lemma": "Gastelandes",
                "POS_STTS": "NN",
                "index": "19",
                "dep_rel": "gmod",
                "head_index": "17",
                "parser_morph_features": "Neut|Gen|Sg",
                "possible_morph_features": []
            }
        },
        "relations": {
            "rel_1": {
                "rel_type": "must_agree",
                "involved": [
                    "TOK2",
                    "TOK1"
                ],
                "ruler": "TOK2",
                "possible_agreement": null
            }
        }
    },
    {
        "file_ID": "1031_0003235",
        "sent_NP_ID": "5_22",
        "sentence": "Wenn man im Ausland lebt und die eigene Traditionen nicht hält , sondern man probiert die Traditionen des Gastelandes halten wird es sowieso nicht klappen , denn man hat dieser Kultur nicht im Blut .",
        "metadata": {
            "corpus": "MERLIN_DE"
        },
        "NP_info": {
            "len_np": 2,
            "coordination": null
        },
        "HEAD_info": {
            "head": {
                "H_TOK1": {
                    "word_type": "V",
                    "word_form": "hat",
                    "lemma": "haben",
                    "POS_STTS": "VAFIN",
                    "index": "29",
                    "dep_rel": "cj",
                    "head_index": "27",
                    "parser_morph_features": "3|Sg|Pres|Ind"
                }
            },
            "super_head": {
                "SH_TOK1": {
                    "word_type": "KON",
                    "word_form": "denn",
                    "lemma": "denn",
                    "POS_STTS": "KON",
                    "index": "27",
                    "dep_rel": "root",
                    "head_index": "0",
                    "parser_morph_features": "_"
                }
            }
        },
        "POST_info": {},
        "TOK_info": {
            "TOK1": {
                "word_type": "ART",
                "word_form": "dieser",
                "lemma": "diese",
                "POS_STTS": "PDAT",
                "index": "30",
                "dep_rel": "det",
                "head_index": "31",
                "parser_morph_features": "Fem|Dat|Sg",
                "possible_morph_features": []
            },
            "TOK2": {
                "word_type": "N",
                "word_form": "Kultur",
                "lemma": "Kultur",
                "POS_STTS": "NN",
                "index": "31",
                "dep_rel": "objd",
                "head_index": "29",
                "parser_morph_features": "Fem|Dat|Sg",
                "possible_morph_features": []
            }
        },
        "relations": {
            "rel_1": {
                "rel_type": "must_agree",
                "involved": [
                    "TOK2",
                    "TOK1"
                ],
                "ruler": "TOK2",
                "possible_agreement": null
            }
        }
    },
    {
        "file_ID": "1031_0003235",
        "sent_NP_ID": "5_23",
        "sentence": "Wenn man im Ausland lebt und die eigene Traditionen nicht hält , sondern man probiert die Traditionen des Gastelandes halten wird es sowieso nicht klappen , denn man hat dieser Kultur nicht im Blut .",
        "metadata": {
            "corpus": "MERLIN_DE"
        },
        "NP_info": {
            "len_np": 1,
            "coordination": null
        },
        "HEAD_info": {
            "head": {
                "H_TOK1": {
                    "word_type": "PREP",
                    "word_form": "im",
                    "lemma": "in",
                    "POS_STTS": "APPRART",
                    "index": "33",
                    "dep_rel": "pp",
                    "head_index": "29",
                    "parser_morph_features": "Dat"
                }
            },
            "super_head": {
                "SH_TOK1": {
                    "word_type": "V",
                    "word_form": "hat",
                    "lemma": "haben",
                    "POS_STTS": "VAFIN",
                    "index": "29",
                    "dep_rel": "cj",
                    "head_index": "27",
                    "parser_morph_features": "3|Sg|Pres|Ind"
                }
            }
        },
        "POST_info": {},
        "TOK_info": {
            "TOK1": {
                "word_type": "N",
                "word_form": "Blut",
                "lemma": "Blut",
                "POS_STTS": "NN",
                "index": "34",
                "dep_rel": "pn",
                "head_index": "33",
                "parser_morph_features": "Neut|Dat|Sg",
                "possible_morph_features": []
            }
        },
        "relations": {
            "rel_1": {
                "rel_type": "must_agree",
                "involved": [
                    "TOK1",
                    "H_TOK1"
                ],
                "ruler": "TOK1",
                "possible_agreement": null
            }
        }
    },
    {
        "file_ID": "1031_0003235",
        "sent_NP_ID": "6_24",
        "sentence": "Ich vermute , dass die Leute , die dass probieren werden langsamm ihre Wurzeln verlieren und werden , nirgendwo richtig zu Hause sein in dieser Welt .",
        "metadata": {
            "corpus": "MERLIN_DE"
        },
        "NP_info": {
            "len_np": 2,
            "coordination": null
        },
        "HEAD_info": {
            "head": {},
            "super_head": {}
        },
        "POST_info": {
            "P_TOK1": {
                "word_type": "V",
                "word_form": "verlieren",
                "lemma": "verlieren",
                "POS_STTS": "VVFIN",
                "index": "15",
                "dep_rel": "rel",
                "head_index": "6",
                "parser_morph_features": "_|Pl|Pres|_"
            },
            "P_TOK2": {
                "word_type": "ADV",
                "word_form": "nirgendwo",
                "lemma": "nirgendwo",
                "POS_STTS": "ADV",
                "index": "19",
                "dep_rel": "adv",
                "head_index": "6",
                "parser_morph_features": "_"
            }
        },
        "TOK_info": {
            "TOK1": {
                "word_type": "ART",
                "word_form": "die",
                "lemma": "die",
                "POS_STTS": "ART",
                "index": "5",
                "dep_rel": "det",
                "head_index": "6",
                "parser_morph_features": "Def|_|_|Pl",
                "possible_morph_features": []
            },
            "TOK2": {
                "word_type": "N",
                "word_form": "Leute",
                "lemma": "Leute",
                "POS_STTS": "NN",
                "index": "6",
                "dep_rel": "root",
                "head_index": "0",
                "parser_morph_features": "_|_|Pl",
                "possible_morph_features": []
            }
        },
        "relations": {
            "rel_1": {
                "rel_type": "must_agree",
                "involved": [
                    "TOK2",
                    "TOK1"
                ],
                "ruler": "TOK2",
                "possible_agreement": null
            }
        }
    },
    {
        "file_ID": "1031_0003235",
        "sent_NP_ID": "6_25",
        "sentence": "Ich vermute , dass die Leute , die dass probieren werden langsamm ihre Wurzeln verlieren und werden , nirgendwo richtig zu Hause sein in dieser Welt .",
        "metadata": {
            "corpus": "MERLIN_DE"
        },
        "NP_info": {
            "len_np": 1,
            "coordination": null
        },
        "HEAD_info": {
            "head": {
                "H_TOK1": {
                    "word_type": "V",
                    "word_form": "werden",
                    "lemma": "werden",
                    "POS_STTS": "VAFIN",
                    "index": "11",
                    "dep_rel": "subjc",
                    "head_index": "15",
                    "parser_morph_features": "3|Pl|Pres|_"
                }
            },
            "super_head": {
                "SH_TOK1": {
                    "word_type": "V",
                    "word_form": "verlieren",
                    "lemma": "verlieren",
                    "POS_STTS": "VVFIN",
                    "index": "15",
                    "dep_rel": "rel",
                    "head_index": "6",
                    "parser_morph_features": "_|Pl|Pres|_"
                }
            }
        },
        "POST_info": {},
        "TOK_info": {
            "TOK1": {
                "word_type": "N",
                "word_form": "langsamm",
                "lemma": "langsamm",
                "POS_STTS": "NE",
                "index": "12",
                "dep_rel": "subj",
                "head_index": "11",
                "parser_morph_features": "_|Nom|Pl",
                "possible_morph_features": []
            }
        },
        "relations": {}
    },
    {
        "file_ID": "1031_0003235",
        "sent_NP_ID": "6_26",
        "sentence": "Ich vermute , dass die Leute , die dass probieren werden langsamm ihre Wurzeln verlieren und werden , nirgendwo richtig zu Hause sein in dieser Welt .",
        "metadata": {
            "corpus": "MERLIN_DE"
        },
        "NP_info": {
            "len_np": 2,
            "coordination": null
        },
        "HEAD_info": {
            "head": {
                "H_TOK1": {
                    "word_type": "V",
                    "word_form": "probieren",
                    "lemma": "probieren",
                    "POS_STTS": "VVINF",
                    "index": "10",
                    "dep_rel": "aux",
                    "head_index": "11",
                    "parser_morph_features": "_"
                }
            },
            "super_head": {
                "SH_TOK1": {
                    "word_type": "V",
                    "word_form": "werden",
                    "lemma": "werden",
                    "POS_STTS": "VAFIN",
                    "index": "11",
                    "dep_rel": "subjc",
                    "head_index": "15",
                    "parser_morph_features": "3|Pl|Pres|_"
                }
            }
        },
        "POST_info": {},
        "TOK_info": {
            "TOK1": {
                "word_type": "ART",
                "word_form": "ihre",
                "lemma": "ihre",
                "POS_STTS": "PPOSAT",
                "index": "13",
                "dep_rel": "det",
                "head_index": "14",
                "parser_morph_features": "_|Acc|_",
                "possible_morph_features": []
            },
            "TOK2": {
                "word_type": "N",
                "word_form": "Wurzeln",
                "lemma": "Wurzel",
                "POS_STTS": "NN",
                "index": "14",
                "dep_rel": "obja",
                "head_index": "10",
                "parser_morph_features": "_|Acc|_",
                "possible_morph_features": []
            }
        },
        "relations": {
            "rel_1": {
                "rel_type": "must_agree",
                "involved": [
                    "TOK2",
                    "TOK1"
                ],
                "ruler": "TOK2",
                "possible_agreement": null
            }
        }
    },
    {
        "file_ID": "1031_0003235",
        "sent_NP_ID": "6_27",
        "sentence": "Ich vermute , dass die Leute , die dass probieren werden langsamm ihre Wurzeln verlieren und werden , nirgendwo richtig zu Hause sein in dieser Welt .",
        "metadata": {
            "corpus": "MERLIN_DE"
        },
        "NP_info": {
            "len_np": 1,
            "coordination": null
        },
        "HEAD_info": {
            "head": {
                "H_TOK1": {
                    "word_type": "PREP",
                    "word_form": "zu",
                    "lemma": "zu",
                    "POS_STTS": "APPR",
                    "index": "21",
                    "dep_rel": "pp",
                    "head_index": "23",
                    "parser_morph_features": "Dat"
                }
            },
            "super_head": {
                "SH_TOK1": {
                    "word_type": "V",
                    "word_form": "sein",
                    "lemma": "sein",
                    "POS_STTS": "VAINF",
                    "index": "23",
                    "dep_rel": "root",
                    "head_index": "0",
                    "parser_morph_features": "_"
                }
            }
        },
        "POST_info": {},
        "TOK_info": {
            "TOK1": {
                "word_type": "N",
                "word_form": "Hause",
                "lemma": "Haus",
                "POS_STTS": "NN",
                "index": "22",
                "dep_rel": "pn",
                "head_index": "21",
                "parser_morph_features": "Neut|Dat|Sg",
                "possible_morph_features": []
            }
        },
        "relations": {}
    },
    {
        "file_ID": "1031_0003235",
        "sent_NP_ID": "6_28",
        "sentence": "Ich vermute , dass die Leute , die dass probieren werden langsamm ihre Wurzeln verlieren und werden , nirgendwo richtig zu Hause sein in dieser Welt .",
        "metadata": {
            "corpus": "MERLIN_DE"
        },
        "NP_info": {
            "len_np": 2,
            "coordination": null
        },
        "HEAD_info": {
            "head": {
                "H_TOK1": {
                    "word_type": "PREP",
                    "word_form": "in",
                    "lemma": "in",
                    "POS_STTS": "APPR",
                    "index": "24",
                    "dep_rel": "pp",
                    "head_index": "23",
                    "parser_morph_features": "Dat"
                }
            },
            "super_head": {
                "SH_TOK1": {
                    "word_type": "V",
                    "word_form": "sein",
                    "lemma": "sein",
                    "POS_STTS": "VAINF",
                    "index": "23",
                    "dep_rel": "root",
                    "head_index": "0",
                    "parser_morph_features": "_"
                }
            }
        },
        "POST_info": {},
        "TOK_info": {
            "TOK1": {
                "word_type": "ART",
                "word_form": "dieser",
                "lemma": "diese",
                "POS_STTS": "PDAT",
                "index": "25",
                "dep_rel": "det",
                "head_index": "26",
                "parser_morph_features": "Fem|Dat|Sg",
                "possible_morph_features": []
            },
            "TOK2": {
                "word_type": "N",
                "word_form": "Welt",
                "lemma": "Welt",
                "POS_STTS": "NN",
                "index": "26",
                "dep_rel": "pn",
                "head_index": "24",
                "parser_morph_features": "Fem|Dat|Sg",
                "possible_morph_features": []
            }
        },
        "relations": {
            "rel_1": {
                "rel_type": "must_agree",
                "involved": [
                    "TOK2",
                    "TOK1"
                ],
                "ruler": "TOK2",
                "possible_agreement": null
            }
        }
    },
    {
        "file_ID": "1031_0003235",
        "sent_NP_ID": "7_29",
        "sentence": "Natürlich muss man in einem fremden Land sich orientieren und anpassen .",
        "metadata": {
            "corpus": "MERLIN_DE"
        },
        "NP_info": {
            "len_np": 3,
            "coordination": null
        },
        "HEAD_info": {
            "head": {
                "H_TOK1": {
                    "word_type": "PREP",
                    "word_form": "in",
                    "lemma": "in",
                    "POS_STTS": "APPR",
                    "index": "4",
                    "dep_rel": "pp",
                    "head_index": "9",
                    "parser_morph_features": "Dat"
                }
            },
            "super_head": {
                "SH_TOK1": {
                    "word_type": "V",
                    "word_form": "orientieren",
                    "lemma": "orientieren",
                    "POS_STTS": "VVINF",
                    "index": "9",
                    "dep_rel": "aux",
                    "head_index": "2",
                    "parser_morph_features": "_"
                }
            }
        },
        "POST_info": {},
        "TOK_info": {
            "TOK1": {
                "word_type": "ART",
                "word_form": "einem",
                "lemma": "eine",
                "POS_STTS": "ART",
                "index": "5",
                "dep_rel": "det",
                "head_index": "7",
                "parser_morph_features": "Indef|Neut|Dat|Sg",
                "possible_morph_features": []
            },
            "TOK2": {
                "word_type": "ADJA",
                "word_form": "fremden",
                "lemma": "fremd",
                "POS_STTS": "ADJA",
                "index": "6",
                "dep_rel": "attr",
                "head_index": "7",
                "parser_morph_features": "Pos|Neut|Dat|Sg|Wk|",
                "possible_morph_features": []
            },
            "TOK3": {
                "word_type": "N",
                "word_form": "Land",
                "lemma": "Land",
                "POS_STTS": "NN",
                "index": "7",
                "dep_rel": "pn",
                "head_index": "4",
                "parser_morph_features": "Neut|Dat|Sg",
                "possible_morph_features": []
            }
        },
        "relations": {
            "rel_1": {
                "rel_type": "must_agree",
                "involved": [
                    "TOK1",
                    "TOK2"
                ],
                "ruler": null,
                "possible_agreement": null
            },
            "rel_2": {
                "rel_type": "must_agree",
                "involved": [
                    "TOK3",
                    "TOK1"
                ],
                "ruler": "TOK3",
                "possible_agreement": null
            },
            "rel_3": {
                "rel_type": "must_agree",
                "involved": [
                    "TOK3",
                    "TOK2"
                ],
                "ruler": "TOK3",
                "possible_agreement": null
            }
        }
    },
    {
        "file_ID": "1031_0003235",
        "sent_NP_ID": "8_30",
        "sentence": "Ich finde es richtig schön , wenn zum Beispiel peachwork Familien beide Traditionen halten , denn so können die Kinder gleichseitig zwei Kulturen kennelernen .",
        "metadata": {
            "corpus": "MERLIN_DE"
        },
        "NP_info": {
            "len_np": 1,
            "coordination": null
        },
        "HEAD_info": {
            "head": {
                "H_TOK1": {
                    "word_type": "PREP",
                    "word_form": "zum",
                    "lemma": "zu",
                    "POS_STTS": "APPRART",
                    "index": "8",
                    "dep_rel": "objp",
                    "head_index": "14",
                    "parser_morph_features": "Dat"
                }
            },
            "super_head": {
                "SH_TOK1": {
                    "word_type": "V",
                    "word_form": "halten",
                    "lemma": "halten",
                    "POS_STTS": "VVFIN",
                    "index": "14",
                    "dep_rel": "neb",
                    "head_index": "2",
                    "parser_morph_features": "3|Pl|Pres|_"
                }
            }
        },
        "POST_info": {},
        "TOK_info": {
            "TOK1": {
                "word_type": "N",
                "word_form": "Beispiel",
                "lemma": "Beispiel",
                "POS_STTS": "NN",
                "index": "9",
                "dep_rel": "pn",
                "head_index": "8",
                "parser_morph_features": "Neut|Dat|Sg",
                "possible_morph_features": []
            }
        },
        "relations": {
            "rel_1": {
                "rel_type": "must_agree",
                "involved": [
                    "TOK1",
                    "H_TOK1"
                ],
                "ruler": "TOK1",
                "possible_agreement": null
            }
        }
    },
    {
        "file_ID": "1031_0003235",
        "sent_NP_ID": "8_31",
        "sentence": "Ich finde es richtig schön , wenn zum Beispiel peachwork Familien beide Traditionen halten , denn so können die Kinder gleichseitig zwei Kulturen kennelernen .",
        "metadata": {
            "corpus": "MERLIN_DE"
        },
        "NP_info": {
            "len_np": 2,
            "coordination": null
        },
        "HEAD_info": {
            "head": {
                "H_TOK1": {
                    "word_type": "V",
                    "word_form": "halten",
                    "lemma": "halten",
                    "POS_STTS": "VVFIN",
                    "index": "14",
                    "dep_rel": "neb",
                    "head_index": "2",
                    "parser_morph_features": "3|Pl|Pres|_"
                }
            },
            "super_head": {
                "SH_TOK1": {
                    "word_type": "V",
                    "word_form": "finde",
                    "lemma": "finden",
                    "POS_STTS": "VVFIN",
                    "index": "2",
                    "dep_rel": "root",
                    "head_index": "0",
                    "parser_morph_features": "1|Sg|Pres|_"
                }
            }
        },
        "POST_info": {},
        "TOK_info": {
            "TOK1": {
                "word_type": "ADJA",
                "word_form": "peachwork",
                "lemma": "peachwork",
                "POS_STTS": "ADJA",
                "index": "10",
                "dep_rel": "attr",
                "head_index": "11",
                "parser_morph_features": "_|Fem|Nom|Pl|_",
                "possible_morph_features": []
            },
            "TOK2": {
                "word_type": "N",
                "word_form": "Familien",
                "lemma": "Familie",
                "POS_STTS": "NN",
                "index": "11",
                "dep_rel": "subj",
                "head_index": "14",
                "parser_morph_features": "Fem|Nom|Pl",
                "possible_morph_features": []
            }
        },
        "relations": {
            "rel_1": {
                "rel_type": "must_agree",
                "involved": [
                    "TOK2",
                    "TOK1"
                ],
                "ruler": "TOK2",
                "possible_agreement": null
            }
        }
    },
    {
        "file_ID": "1031_0003235",
        "sent_NP_ID": "8_32",
        "sentence": "Ich finde es richtig schön , wenn zum Beispiel peachwork Familien beide Traditionen halten , denn so können die Kinder gleichseitig zwei Kulturen kennelernen .",
        "metadata": {
            "corpus": "MERLIN_DE"
        },
        "NP_info": {
            "len_np": 2,
            "coordination": null
        },
        "HEAD_info": {
            "head": {
                "H_TOK1": {
                    "word_type": "V",
                    "word_form": "halten",
                    "lemma": "halten",
                    "POS_STTS": "VVFIN",
                    "index": "14",
                    "dep_rel": "neb",
                    "head_index": "2",
                    "parser_morph_features": "3|Pl|Pres|_"
                }
            },
            "super_head": {
                "SH_TOK1": {
                    "word_type": "V",
                    "word_form": "finde",
                    "lemma": "finden",
                    "POS_STTS": "VVFIN",
                    "index": "2",
                    "dep_rel": "root",
                    "head_index": "0",
                    "parser_morph_features": "1|Sg|Pres|_"
                }
            }
        },
        "POST_info": {},
        "TOK_info": {
            "TOK1": {
                "word_type": "ART",
                "word_form": "beide",
                "lemma": "beide",
                "POS_STTS": "PIDAT",
                "index": "12",
                "dep_rel": "det",
                "head_index": "13",
                "parser_morph_features": "Fem|Acc|Pl",
                "possible_morph_features": []
            },
            "TOK2": {
                "word_type": "N",
                "word_form": "Traditionen",
                "lemma": "Tradition",
                "POS_STTS": "NN",
                "index": "13",
                "dep_rel": "obja",
                "head_index": "14",
                "parser_morph_features": "Fem|Acc|Pl",
                "possible_morph_features": []
            }
        },
        "relations": {
            "rel_1": {
                "rel_type": "must_agree",
                "involved": [
                    "TOK2",
                    "TOK1"
                ],
                "ruler": "TOK2",
                "possible_agreement": null
            }
        }
    },
    {
        "file_ID": "1031_0003235",
        "sent_NP_ID": "8_33",
        "sentence": "Ich finde es richtig schön , wenn zum Beispiel peachwork Familien beide Traditionen halten , denn so können die Kinder gleichseitig zwei Kulturen kennelernen .",
        "metadata": {
            "corpus": "MERLIN_DE"
        },
        "NP_info": {
            "len_np": 2,
            "coordination": null
        },
        "HEAD_info": {
            "head": {
                "H_TOK1": {
                    "word_type": "V",
                    "word_form": "können",
                    "lemma": "können",
                    "POS_STTS": "VMFIN",
                    "index": "18",
                    "dep_rel": "cj",
                    "head_index": "16",
                    "parser_morph_features": "3|Pl|Pres|_"
                }
            },
            "super_head": {
                "SH_TOK1": {
                    "word_type": "KON",
                    "word_form": "denn",
                    "lemma": "denn",
                    "POS_STTS": "KON",
                    "index": "16",
                    "dep_rel": "kon",
                    "head_index": "14",
                    "parser_morph_features": "_"
                }
            }
        },
        "POST_info": {},
        "TOK_info": {
            "TOK1": {
                "word_type": "ART",
                "word_form": "die",
                "lemma": "die",
                "POS_STTS": "ART",
                "index": "19",
                "dep_rel": "det",
                "head_index": "20",
                "parser_morph_features": "Def|Neut|Nom|Pl",
                "possible_morph_features": []
            },
            "TOK2": {
                "word_type": "N",
                "word_form": "Kinder",
                "lemma": "Kind",
                "POS_STTS": "NN",
                "index": "20",
                "dep_rel": "subj",
                "head_index": "18",
                "parser_morph_features": "Neut|Nom|Pl",
                "possible_morph_features": []
            }
        },
        "relations": {
            "rel_1": {
                "rel_type": "must_agree",
                "involved": [
                    "TOK2",
                    "TOK1"
                ],
                "ruler": "TOK2",
                "possible_agreement": null
            }
        }
    },
    {
        "file_ID": "1031_0003235",
        "sent_NP_ID": "8_34",
        "sentence": "Ich finde es richtig schön , wenn zum Beispiel peachwork Familien beide Traditionen halten , denn so können die Kinder gleichseitig zwei Kulturen kennelernen .",
        "metadata": {
            "corpus": "MERLIN_DE"
        },
        "NP_info": {
            "len_np": 2,
            "coordination": null
        },
        "HEAD_info": {
            "head": {
                "H_TOK1": {
                    "word_type": "V",
                    "word_form": "kennelernen",
                    "lemma": "kennelernen",
                    "POS_STTS": "VVINF",
                    "index": "24",
                    "dep_rel": "aux",
                    "head_index": "18",
                    "parser_morph_features": "_"
                }
            },
            "super_head": {
                "SH_TOK1": {
                    "word_type": "V",
                    "word_form": "können",
                    "lemma": "können",
                    "POS_STTS": "VMFIN",
                    "index": "18",
                    "dep_rel": "cj",
                    "head_index": "16",
                    "parser_morph_features": "3|Pl|Pres|_"
                }
            }
        },
        "POST_info": {},
        "TOK_info": {
            "TOK1": {
                "word_type": "CARD",
                "word_form": "zwei",
                "lemma": "zwei",
                "POS_STTS": "CARD",
                "index": "22",
                "dep_rel": "attr",
                "head_index": "23",
                "parser_morph_features": "_",
                "possible_morph_features": []
            },
            "TOK2": {
                "word_type": "N",
                "word_form": "Kulturen",
                "lemma": "Kultur",
                "POS_STTS": "NN",
                "index": "23",
                "dep_rel": "obja",
                "head_index": "24",
                "parser_morph_features": "Fem|Acc|Pl",
                "possible_morph_features": []
            }
        },
        "relations": {}
    },
    {
        "file_ID": "1031_0003235",
        "sent_NP_ID": "9_35",
        "sentence": "Es ist auch kein Problem wenn in Familien wo jeder Mittglied aus einer Nation stamt neue Traditionen einkommen , denn so wird die Familie eigenartig sein , aber man darf die alte , eigene Traditionen nie vergessen !",
        "metadata": {
            "corpus": "MERLIN_DE"
        },
        "NP_info": {
            "len_np": 2,
            "coordination": null
        },
        "HEAD_info": {
            "head": {
                "H_TOK1": {
                    "word_type": "V",
                    "word_form": "ist",
                    "lemma": "sein",
                    "POS_STTS": "VAFIN",
                    "index": "2",
                    "dep_rel": "root",
                    "head_index": "0",
                    "parser_morph_features": "3|Sg|Pres|Ind"
                }
            },
            "super_head": {}
        },
        "POST_info": {},
        "TOK_info": {
            "TOK1": {
                "word_type": "ART",
                "word_form": "kein",
                "lemma": "keine",
                "POS_STTS": "PIAT",
                "index": "4",
                "dep_rel": "det",
                "head_index": "5",
                "parser_morph_features": "Neut|Nom|Sg",
                "possible_morph_features": []
            },
            "TOK2": {
                "word_type": "N",
                "word_form": "Problem",
                "lemma": "Problem",
                "POS_STTS": "NN",
                "index": "5",
                "dep_rel": "pred",
                "head_index": "2",
                "parser_morph_features": "Neut|Nom|Sg",
                "possible_morph_features": []
            }
        },
        "relations": {
            "rel_1": {
                "rel_type": "must_agree",
                "involved": [
                    "TOK2",
                    "TOK1"
                ],
                "ruler": "TOK2",
                "possible_agreement": null
            }
        }
    },
    {
        "file_ID": "1031_0003235",
        "sent_NP_ID": "9_36",
        "sentence": "Es ist auch kein Problem wenn in Familien wo jeder Mittglied aus einer Nation stamt neue Traditionen einkommen , denn so wird die Familie eigenartig sein , aber man darf die alte , eigene Traditionen nie vergessen !",
        "metadata": {
            "corpus": "MERLIN_DE"
        },
        "NP_info": {
            "len_np": 1,
            "coordination": null
        },
        "HEAD_info": {
            "head": {
                "H_TOK1": {
                    "word_type": "PREP",
                    "word_form": "in",
                    "lemma": "in",
                    "POS_STTS": "APPR",
                    "index": "7",
                    "dep_rel": "pp",
                    "head_index": "26",
                    "parser_morph_features": "_"
                }
            },
            "super_head": {
                "SH_TOK1": {
                    "word_type": "V",
                    "word_form": "sein",
                    "lemma": "sein",
                    "POS_STTS": "VAINF",
                    "index": "26",
                    "dep_rel": "root",
                    "head_index": "0",
                    "parser_morph_features": "_"
                }
            }
        },
        "POST_info": {
            "P_TOK1": {
                "word_type": "V",
                "word_form": "einkommen",
                "lemma": "einkommen",
                "POS_STTS": "VVFIN",
                "index": "18",
                "dep_rel": "objc",
                "head_index": "8",
                "parser_morph_features": "3|Pl|Pres|_"
            }
        },
        "TOK_info": {
            "TOK1": {
                "word_type": "N",
                "word_form": "Familien",
                "lemma": "Familie",
                "POS_STTS": "NN",
                "index": "8",
                "dep_rel": "pn",
                "head_index": "7",
                "parser_morph_features": "Fem|_|Pl",
                "possible_morph_features": []
            }
        },
        "relations": {}
    },
    {
        "file_ID": "1031_0003235",
        "sent_NP_ID": "9_37",
        "sentence": "Es ist auch kein Problem wenn in Familien wo jeder Mittglied aus einer Nation stamt neue Traditionen einkommen , denn so wird die Familie eigenartig sein , aber man darf die alte , eigene Traditionen nie vergessen !",
        "metadata": {
            "corpus": "MERLIN_DE"
        },
        "NP_info": {
            "len_np": 1,
            "coordination": null
        },
        "HEAD_info": {
            "head": {
                "H_TOK1": {
                    "word_type": "V",
                    "word_form": "einkommen",
                    "lemma": "einkommen",
                    "POS_STTS": "VVFIN",
                    "index": "18",
                    "dep_rel": "objc",
                    "head_index": "8",
                    "parser_morph_features": "3|Pl|Pres|_"
                }
            },
            "super_head": {
                "SH_TOK1": {
                    "word_type": "N",
                    "word_form": "Familien",
                    "lemma": "Familie",
                    "POS_STTS": "NN",
                    "index": "8",
                    "dep_rel": "pn",
                    "head_index": "7",
                    "parser_morph_features": "Fem|_|Pl"
                }
            }
        },
        "POST_info": {},
        "TOK_info": {
            "TOK1": {
                "word_type": "N",
                "word_form": "Mittglied",
                "lemma": "Mittglied",
                "POS_STTS": "NN",
                "index": "11",
                "dep_rel": "subj",
                "head_index": "18",
                "parser_morph_features": "_|Nom|Pl",
                "possible_morph_features": []
            }
        },
        "relations": {}
    },
    {
        "file_ID": "1031_0003235",
        "sent_NP_ID": "9_38",
        "sentence": "Es ist auch kein Problem wenn in Familien wo jeder Mittglied aus einer Nation stamt neue Traditionen einkommen , denn so wird die Familie eigenartig sein , aber man darf die alte , eigene Traditionen nie vergessen !",
        "metadata": {
            "corpus": "MERLIN_DE"
        },
        "NP_info": {
            "len_np": 2,
            "coordination": null
        },
        "HEAD_info": {
            "head": {
                "H_TOK1": {
                    "word_type": "PREP",
                    "word_form": "aus",
                    "lemma": "aus",
                    "POS_STTS": "APPR",
                    "index": "12",
                    "dep_rel": "pp",
                    "head_index": "18",
                    "parser_morph_features": "Dat"
                }
            },
            "super_head": {
                "SH_TOK1": {
                    "word_type": "V",
                    "word_form": "einkommen",
                    "lemma": "einkommen",
                    "POS_STTS": "VVFIN",
                    "index": "18",
                    "dep_rel": "objc",
                    "head_index": "8",
                    "parser_morph_features": "3|Pl|Pres|_"
                }
            }
        },
        "POST_info": {},
        "TOK_info": {
            "TOK1": {
                "word_type": "ART",
                "word_form": "einer",
                "lemma": "eine",
                "POS_STTS": "ART",
                "index": "13",
                "dep_rel": "det",
                "head_index": "14",
                "parser_morph_features": "Indef|Fem|Dat|Sg",
                "possible_morph_features": []
            },
            "TOK2": {
                "word_type": "N",
                "word_form": "Nation",
                "lemma": "Nation",
                "POS_STTS": "NN",
                "index": "14",
                "dep_rel": "pn",
                "head_index": "12",
                "parser_morph_features": "Fem|Dat|Sg",
                "possible_morph_features": []
            }
        },
        "relations": {
            "rel_1": {
                "rel_type": "must_agree",
                "involved": [
                    "TOK2",
                    "TOK1"
                ],
                "ruler": "TOK2",
                "possible_agreement": null
            }
        }
    },
    {
        "file_ID": "1031_0003235",
        "sent_NP_ID": "9_39",
        "sentence": "Es ist auch kein Problem wenn in Familien wo jeder Mittglied aus einer Nation stamt neue Traditionen einkommen , denn so wird die Familie eigenartig sein , aber man darf die alte , eigene Traditionen nie vergessen !",
        "metadata": {
            "corpus": "MERLIN_DE"
        },
        "NP_info": {
            "len_np": 2,
            "coordination": null
        },
        "HEAD_info": {
            "head": {
                "H_TOK1": {
                    "word_type": "V",
                    "word_form": "einkommen",
                    "lemma": "einkommen",
                    "POS_STTS": "VVFIN",
                    "index": "18",
                    "dep_rel": "objc",
                    "head_index": "8",
                    "parser_morph_features": "3|Pl|Pres|_"
                }
            },
            "super_head": {
                "SH_TOK1": {
                    "word_type": "N",
                    "word_form": "Familien",
                    "lemma": "Familie",
                    "POS_STTS": "NN",
                    "index": "8",
                    "dep_rel": "pn",
                    "head_index": "7",
                    "parser_morph_features": "Fem|_|Pl"
                }
            }
        },
        "POST_info": {},
        "TOK_info": {
            "TOK1": {
                "word_type": "ADJA",
                "word_form": "neue",
                "lemma": "neu",
                "POS_STTS": "ADJA",
                "index": "16",
                "dep_rel": "attr",
                "head_index": "17",
                "parser_morph_features": "Pos|Fem|Acc|Pl|St|",
                "possible_morph_features": []
            },
            "TOK2": {
                "word_type": "N",
                "word_form": "Traditionen",
                "lemma": "Tradition",
                "POS_STTS": "NN",
                "index": "17",
                "dep_rel": "obja",
                "head_index": "18",
                "parser_morph_features": "Fem|Acc|Pl",
                "possible_morph_features": []
            }
        },
        "relations": {
            "rel_1": {
                "rel_type": "must_agree",
                "involved": [
                    "TOK2",
                    "TOK1"
                ],
                "ruler": "TOK2",
                "possible_agreement": null
            }
        }
    },
    {
        "file_ID": "1031_0003235",
        "sent_NP_ID": "9_40",
        "sentence": "Es ist auch kein Problem wenn in Familien wo jeder Mittglied aus einer Nation stamt neue Traditionen einkommen , denn so wird die Familie eigenartig sein , aber man darf die alte , eigene Traditionen nie vergessen !",
        "metadata": {
            "corpus": "MERLIN_DE"
        },
        "NP_info": {
            "len_np": 2,
            "coordination": null
        },
        "HEAD_info": {
            "head": {
                "H_TOK1": {
                    "word_type": "V",
                    "word_form": "wird",
                    "lemma": "werden",
                    "POS_STTS": "VAFIN",
                    "index": "22",
                    "dep_rel": "cj",
                    "head_index": "20",
                    "parser_morph_features": "3|Sg|Pres|Ind"
                }
            },
            "super_head": {
                "SH_TOK1": {
                    "word_type": "KON",
                    "word_form": "denn",
                    "lemma": "denn",
                    "POS_STTS": "KON",
                    "index": "20",
                    "dep_rel": "kon",
                    "head_index": "18",
                    "parser_morph_features": "_"
                }
            }
        },
        "POST_info": {},
        "TOK_info": {
            "TOK1": {
                "word_type": "ART",
                "word_form": "die",
                "lemma": "die",
                "POS_STTS": "ART",
                "index": "23",
                "dep_rel": "det",
                "head_index": "24",
                "parser_morph_features": "Def|Fem|Nom|Sg",
                "possible_morph_features": []
            },
            "TOK2": {
                "word_type": "N",
                "word_form": "Familie",
                "lemma": "Familie",
                "POS_STTS": "NN",
                "index": "24",
                "dep_rel": "subj",
                "head_index": "22",
                "parser_morph_features": "Fem|Nom|Sg",
                "possible_morph_features": []
            }
        },
        "relations": {
            "rel_1": {
                "rel_type": "must_agree",
                "involved": [
                    "TOK2",
                    "TOK1"
                ],
                "ruler": "TOK2",
                "possible_agreement": null
            }
        }
    },
    {
        "file_ID": "1031_0003235",
        "sent_NP_ID": "9_41",
        "sentence": "Es ist auch kein Problem wenn in Familien wo jeder Mittglied aus einer Nation stamt neue Traditionen einkommen , denn so wird die Familie eigenartig sein , aber man darf die alte , eigene Traditionen nie vergessen !",
        "metadata": {
            "corpus": "MERLIN_DE"
        },
        "NP_info": {
            "len_np": 4,
            "coordination": null
        },
        "HEAD_info": {
            "head": {
                "H_TOK1": {
                    "word_type": "V",
                    "word_form": "vergessen",
                    "lemma": "vergessen",
                    "POS_STTS": "VVINF",
                    "index": "37",
                    "dep_rel": "aux",
                    "head_index": "30",
                    "parser_morph_features": "_"
                }
            },
            "super_head": {
                "SH_TOK1": {
                    "word_type": "V",
                    "word_form": "darf",
                    "lemma": "dürfen",
                    "POS_STTS": "VMFIN",
                    "index": "30",
                    "dep_rel": "cj",
                    "head_index": "28",
                    "parser_morph_features": "3|Sg|Pres|Ind"
                }
            }
        },
        "POST_info": {},
        "TOK_info": {
            "TOK1": {
                "word_type": "ART",
                "word_form": "die",
                "lemma": "die",
                "POS_STTS": "ART",
                "index": "31",
                "dep_rel": "det",
                "head_index": "35",
                "parser_morph_features": "Def|Fem|Acc|Pl",
                "possible_morph_features": []
            },
            "TOK2": {
                "word_type": "ADJA",
                "word_form": "alte",
                "lemma": "alt",
                "POS_STTS": "ADJA",
                "index": "32",
                "dep_rel": "attr",
                "head_index": "35",
                "parser_morph_features": "Pos|Fem|Acc|Pl|St|",
                "possible_morph_features": []
            },
            "TOK3": {
                "word_type": "ADJA",
                "word_form": "eigene",
                "lemma": "eigen",
                "POS_STTS": "ADJA",
                "index": "34",
                "dep_rel": "kon",
                "head_index": "32",
                "parser_morph_features": "Pos|_|Acc|_|_|",
                "possible_morph_features": []
            },
            "TOK4": {
                "word_type": "N",
                "word_form": "Traditionen",
                "lemma": "Tradition",
                "POS_STTS": "NN",
                "index": "35",
                "dep_rel": "obja",
                "head_index": "37",
                "parser_morph_features": "Fem|Acc|Pl",
                "possible_morph_features": []
            }
        },
        "relations": {
            "rel_1": {
                "rel_type": "must_agree",
                "involved": [
                    "TOK1",
                    "TOK2"
                ],
                "ruler": null,
                "possible_agreement": null
            },
            "rel_2": {
                "rel_type": "must_agree",
                "involved": [
                    "TOK1",
                    "TOK3"
                ],
                "ruler": null,
                "possible_agreement": null
            },
            "rel_3": {
                "rel_type": "must_agree",
                "involved": [
                    "TOK2",
                    "TOK3"
                ],
                "ruler": null,
                "possible_agreement": null
            },
            "rel_4": {
                "rel_type": "must_agree",
                "involved": [
                    "TOK4",
                    "TOK1"
                ],
                "ruler": "TOK4",
                "possible_agreement": null
            },
            "rel_5": {
                "rel_type": "must_agree",
                "involved": [
                    "TOK4",
                    "TOK2"
                ],
                "ruler": "TOK4",
                "possible_agreement": null
            },
            "rel_6": {
                "rel_type": "must_agree",
                "involved": [
                    "TOK4",
                    "TOK3"
                ],
                "ruler": "TOK4",
                "possible_agreement": null
            }
        }
    }
]