[
    {
        "file_ID": "1061_0120890",
        "sent_NP_ID": "1_1",
        "sentence": "Lieber Michael Stadt X-8-1.- vielen Dank für Ihr Brief wie geht es dir und deinen Familie ich wünche diese Jahr Führen Schein machen und neu Auto kaufen , da zum Arbeitsplazt und zur hause einfach fahren bei meine Arbeit .",
        "metadata": {
            "corpus": "MERLIN_DE"
        },
        "NP_info": {
            "len_np": 1,
            "coordination": null
        },
        "HEAD_info": {
            "head": {},
            "super_head": {}
        },
        "POST_info": {
            "P_TOK1": {
                "word_type": "N",
                "word_form": "Michael",
                "lemma": "Michael",
                "POS_STTS": "NE",
                "index": "2",
                "dep_rel": "app",
                "head_index": "1",
                "parser_morph_features": "_|_|_"
            }
        },
        "TOK_info": {
            "TOK1": {
                "word_type": "N",
                "word_form": "Lieber",
                "lemma": "Liebe",
                "POS_STTS": "NN",
                "index": "1",
                "dep_rel": "root",
                "head_index": "0",
                "parser_morph_features": "_|_|_",
                "possible_morph_features": []
            }
        },
        "relations": {}
    },
    {
        "file_ID": "1061_0120890",
        "sent_NP_ID": "1_2",
        "sentence": "Lieber Michael Stadt X-8-1.- vielen Dank für Ihr Brief wie geht es dir und deinen Familie ich wünche diese Jahr Führen Schein machen und neu Auto kaufen , da zum Arbeitsplazt und zur hause einfach fahren bei meine Arbeit .",
        "metadata": {
            "corpus": "MERLIN_DE"
        },
        "NP_info": {
            "len_np": 1,
            "coordination": null
        },
        "HEAD_info": {
            "head": {
                "H_TOK1": {
                    "word_type": "N",
                    "word_form": "Lieber",
                    "lemma": "Liebe",
                    "POS_STTS": "NN",
                    "index": "1",
                    "dep_rel": "root",
                    "head_index": "0",
                    "parser_morph_features": "_|_|_"
                }
            },
            "super_head": {}
        },
        "POST_info": {
            "P_TOK1": {
                "word_type": "N",
                "word_form": "Stadt",
                "lemma": "Stadt",
                "POS_STTS": "NE",
                "index": "3",
                "dep_rel": "app",
                "head_index": "2",
                "parser_morph_features": "_|_|_"
            }
        },
        "TOK_info": {
            "TOK1": {
                "word_type": "N",
                "word_form": "Michael",
                "lemma": "Michael",
                "POS_STTS": "NE",
                "index": "2",
                "dep_rel": "app",
                "head_index": "1",
                "parser_morph_features": "_|_|_",
                "possible_morph_features": []
            }
        },
        "relations": {}
    },
    {
        "file_ID": "1061_0120890",
        "sent_NP_ID": "1_3",
        "sentence": "Lieber Michael Stadt X-8-1.- vielen Dank für Ihr Brief wie geht es dir und deinen Familie ich wünche diese Jahr Führen Schein machen und neu Auto kaufen , da zum Arbeitsplazt und zur hause einfach fahren bei meine Arbeit .",
        "metadata": {
            "corpus": "MERLIN_DE"
        },
        "NP_info": {
            "len_np": 1,
            "coordination": null
        },
        "HEAD_info": {
            "head": {
                "H_TOK1": {
                    "word_type": "N",
                    "word_form": "Michael",
                    "lemma": "Michael",
                    "POS_STTS": "NE",
                    "index": "2",
                    "dep_rel": "app",
                    "head_index": "1",
                    "parser_morph_features": "_|_|_"
                }
            },
            "super_head": {
                "SH_TOK1": {
                    "word_type": "N",
                    "word_form": "Lieber",
                    "lemma": "Liebe",
                    "POS_STTS": "NN",
                    "index": "1",
                    "dep_rel": "root",
                    "head_index": "0",
                    "parser_morph_features": "_|_|_"
                }
            }
        },
        "POST_info": {
            "P_TOK1": {
                "word_type": "N",
                "word_form": "X-8-1.-",
                "lemma": "X-8-1.-",
                "POS_STTS": "NE",
                "index": "4",
                "dep_rel": "app",
                "head_index": "3",
                "parser_morph_features": "_|_|_"
            }
        },
        "TOK_info": {
            "TOK1": {
                "word_type": "N",
                "word_form": "Stadt",
                "lemma": "Stadt",
                "POS_STTS": "NE",
                "index": "3",
                "dep_rel": "app",
                "head_index": "2",
                "parser_morph_features": "_|_|_",
                "possible_morph_features": []
            }
        },
        "relations": {}
    },
    {
        "file_ID": "1061_0120890",
        "sent_NP_ID": "1_4",
        "sentence": "Lieber Michael Stadt X-8-1.- vielen Dank für Ihr Brief wie geht es dir und deinen Familie ich wünche diese Jahr Führen Schein machen und neu Auto kaufen , da zum Arbeitsplazt und zur hause einfach fahren bei meine Arbeit .",
        "metadata": {
            "corpus": "MERLIN_DE"
        },
        "NP_info": {
            "len_np": 1,
            "coordination": null
        },
        "HEAD_info": {
            "head": {
                "H_TOK1": {
                    "word_type": "N",
                    "word_form": "Stadt",
                    "lemma": "Stadt",
                    "POS_STTS": "NE",
                    "index": "3",
                    "dep_rel": "app",
                    "head_index": "2",
                    "parser_morph_features": "_|_|_"
                }
            },
            "super_head": {
                "SH_TOK1": {
                    "word_type": "N",
                    "word_form": "Michael",
                    "lemma": "Michael",
                    "POS_STTS": "NE",
                    "index": "2",
                    "dep_rel": "app",
                    "head_index": "1",
                    "parser_morph_features": "_|_|_"
                }
            }
        },
        "POST_info": {},
        "TOK_info": {
            "TOK1": {
                "word_type": "N",
                "word_form": "X-8-1.-",
                "lemma": "X-8-1.-",
                "POS_STTS": "NE",
                "index": "4",
                "dep_rel": "app",
                "head_index": "3",
                "parser_morph_features": "_|_|_",
                "possible_morph_features": []
            }
        },
        "relations": {}
    },
    {
        "file_ID": "1061_0120890",
        "sent_NP_ID": "1_5",
        "sentence": "Lieber Michael Stadt X-8-1.- vielen Dank für Ihr Brief wie geht es dir und deinen Familie ich wünche diese Jahr Führen Schein machen und neu Auto kaufen , da zum Arbeitsplazt und zur hause einfach fahren bei meine Arbeit .",
        "metadata": {
            "corpus": "MERLIN_DE"
        },
        "NP_info": {
            "len_np": 2,
            "coordination": null
        },
        "HEAD_info": {
            "head": {},
            "super_head": {}
        },
        "POST_info": {
            "P_TOK1": {
                "word_type": "PREP",
                "word_form": "für",
                "lemma": "für",
                "POS_STTS": "APPR",
                "index": "7",
                "dep_rel": "pp",
                "head_index": "6",
                "parser_morph_features": "Acc"
            }
        },
        "TOK_info": {
            "TOK1": {
                "word_type": "ART",
                "word_form": "vielen",
                "lemma": "viele",
                "POS_STTS": "PIDAT",
                "index": "5",
                "dep_rel": "det",
                "head_index": "6",
                "parser_morph_features": "Masc|_|Sg",
                "possible_morph_features": []
            },
            "TOK2": {
                "word_type": "N",
                "word_form": "Dank",
                "lemma": "Dank",
                "POS_STTS": "NN",
                "index": "6",
                "dep_rel": "root",
                "head_index": "0",
                "parser_morph_features": "Masc|_|Sg",
                "possible_morph_features": []
            }
        },
        "relations": {
            "rel_1": {
                "rel_type": "must_agree",
                "involved": [
                    "TOK2",
                    "TOK1"
                ],
                "ruler": "TOK2",
                "possible_agreement": null
            }
        }
    },
    {
        "file_ID": "1061_0120890",
        "sent_NP_ID": "1_6",
        "sentence": "Lieber Michael Stadt X-8-1.- vielen Dank für Ihr Brief wie geht es dir und deinen Familie ich wünche diese Jahr Führen Schein machen und neu Auto kaufen , da zum Arbeitsplazt und zur hause einfach fahren bei meine Arbeit .",
        "metadata": {
            "corpus": "MERLIN_DE"
        },
        "NP_info": {
            "len_np": 2,
            "coordination": null
        },
        "HEAD_info": {
            "head": {
                "H_TOK1": {
                    "word_type": "PREP",
                    "word_form": "für",
                    "lemma": "für",
                    "POS_STTS": "APPR",
                    "index": "7",
                    "dep_rel": "pp",
                    "head_index": "6",
                    "parser_morph_features": "Acc"
                }
            },
            "super_head": {
                "SH_TOK1": {
                    "word_type": "N",
                    "word_form": "Dank",
                    "lemma": "Dank",
                    "POS_STTS": "NN",
                    "index": "6",
                    "dep_rel": "root",
                    "head_index": "0",
                    "parser_morph_features": "Masc|_|Sg"
                }
            }
        },
        "POST_info": {},
        "TOK_info": {
            "TOK1": {
                "word_type": "ART",
                "word_form": "Ihr",
                "lemma": "ihre",
                "POS_STTS": "PPOSAT",
                "index": "8",
                "dep_rel": "det",
                "head_index": "9",
                "parser_morph_features": "Masc|Nom|Sg",
                "possible_morph_features": []
            },
            "TOK2": {
                "word_type": "N",
                "word_form": "Brief",
                "lemma": "Brief",
                "POS_STTS": "NN",
                "index": "9",
                "dep_rel": "pn",
                "head_index": "7",
                "parser_morph_features": "Masc|Nom|Sg",
                "possible_morph_features": []
            }
        },
        "relations": {
            "rel_1": {
                "rel_type": "must_agree",
                "involved": [
                    "TOK2",
                    "TOK1"
                ],
                "ruler": "TOK2",
                "possible_agreement": null
            }
        }
    },
    {
        "file_ID": "1061_0120890",
        "sent_NP_ID": "1_7",
        "sentence": "Lieber Michael Stadt X-8-1.- vielen Dank für Ihr Brief wie geht es dir und deinen Familie ich wünche diese Jahr Führen Schein machen und neu Auto kaufen , da zum Arbeitsplazt und zur hause einfach fahren bei meine Arbeit .",
        "metadata": {
            "corpus": "MERLIN_DE"
        },
        "NP_info": {
            "len_np": 2,
            "coordination": null
        },
        "HEAD_info": {
            "head": {
                "H_TOK1": {
                    "word_type": "KON",
                    "word_form": "und",
                    "lemma": "und",
                    "POS_STTS": "KON",
                    "index": "14",
                    "dep_rel": "kon",
                    "head_index": "13",
                    "parser_morph_features": "_"
                }
            },
            "super_head": {
                "SH_TOK1": {
                    "word_type": "PRO",
                    "word_form": "dir",
                    "lemma": "du",
                    "POS_STTS": "PPER",
                    "index": "13",
                    "dep_rel": "objd",
                    "head_index": "11",
                    "parser_morph_features": "2|Sg|_|Dat"
                }
            }
        },
        "POST_info": {},
        "TOK_info": {
            "TOK1": {
                "word_type": "ART",
                "word_form": "deinen",
                "lemma": "deine",
                "POS_STTS": "PPOSAT",
                "index": "15",
                "dep_rel": "det",
                "head_index": "16",
                "parser_morph_features": "Fem|Dat|Sg",
                "possible_morph_features": []
            },
            "TOK2": {
                "word_type": "N",
                "word_form": "Familie",
                "lemma": "Familie",
                "POS_STTS": "NN",
                "index": "16",
                "dep_rel": "cj",
                "head_index": "14",
                "parser_morph_features": "Fem|Dat|Sg",
                "possible_morph_features": []
            }
        },
        "relations": {
            "rel_1": {
                "rel_type": "must_agree",
                "involved": [
                    "TOK2",
                    "TOK1"
                ],
                "ruler": "TOK2",
                "possible_agreement": null
            }
        }
    },
    {
        "file_ID": "1061_0120890",
        "sent_NP_ID": "1_8",
        "sentence": "Lieber Michael Stadt X-8-1.- vielen Dank für Ihr Brief wie geht es dir und deinen Familie ich wünche diese Jahr Führen Schein machen und neu Auto kaufen , da zum Arbeitsplazt und zur hause einfach fahren bei meine Arbeit .",
        "metadata": {
            "corpus": "MERLIN_DE"
        },
        "NP_info": {
            "len_np": 2,
            "coordination": null
        },
        "HEAD_info": {
            "head": {
                "H_TOK1": {
                    "word_type": "V",
                    "word_form": "machen",
                    "lemma": "machen",
                    "POS_STTS": "VVINF",
                    "index": "23",
                    "dep_rel": "root",
                    "head_index": "0",
                    "parser_morph_features": "_"
                }
            },
            "super_head": {}
        },
        "POST_info": {
            "P_TOK1": {
                "word_type": "N",
                "word_form": "Führen",
                "lemma": "Führen",
                "POS_STTS": "NN",
                "index": "21",
                "dep_rel": "app",
                "head_index": "20",
                "parser_morph_features": "Masc|Acc|Sg"
            }
        },
        "TOK_info": {
            "TOK1": {
                "word_type": "ART",
                "word_form": "diese",
                "lemma": "diese",
                "POS_STTS": "PDAT",
                "index": "19",
                "dep_rel": "det",
                "head_index": "20",
                "parser_morph_features": "_|_|_",
                "possible_morph_features": []
            },
            "TOK2": {
                "word_type": "N",
                "word_form": "Jahr",
                "lemma": "Jahr",
                "POS_STTS": "NN",
                "index": "20",
                "dep_rel": "obja",
                "head_index": "23",
                "parser_morph_features": "_|Acc|_",
                "possible_morph_features": []
            }
        },
        "relations": {
            "rel_1": {
                "rel_type": "must_agree",
                "involved": [
                    "TOK2",
                    "TOK1"
                ],
                "ruler": "TOK2",
                "possible_agreement": null
            }
        }
    },
    {
        "file_ID": "1061_0120890",
        "sent_NP_ID": "1_9",
        "sentence": "Lieber Michael Stadt X-8-1.- vielen Dank für Ihr Brief wie geht es dir und deinen Familie ich wünche diese Jahr Führen Schein machen und neu Auto kaufen , da zum Arbeitsplazt und zur hause einfach fahren bei meine Arbeit .",
        "metadata": {
            "corpus": "MERLIN_DE"
        },
        "NP_info": {
            "len_np": 1,
            "coordination": null
        },
        "HEAD_info": {
            "head": {
                "H_TOK1": {
                    "word_type": "N",
                    "word_form": "Jahr",
                    "lemma": "Jahr",
                    "POS_STTS": "NN",
                    "index": "20",
                    "dep_rel": "obja",
                    "head_index": "23",
                    "parser_morph_features": "_|Acc|_"
                }
            },
            "super_head": {
                "SH_TOK1": {
                    "word_type": "V",
                    "word_form": "machen",
                    "lemma": "machen",
                    "POS_STTS": "VVINF",
                    "index": "23",
                    "dep_rel": "root",
                    "head_index": "0",
                    "parser_morph_features": "_"
                }
            }
        },
        "POST_info": {
            "P_TOK1": {
                "word_type": "N",
                "word_form": "Schein",
                "lemma": "Schein",
                "POS_STTS": "NN",
                "index": "22",
                "dep_rel": "app",
                "head_index": "21",
                "parser_morph_features": "Masc|Acc|Sg"
            }
        },
        "TOK_info": {
            "TOK1": {
                "word_type": "N",
                "word_form": "Führen",
                "lemma": "Führen",
                "POS_STTS": "NN",
                "index": "21",
                "dep_rel": "app",
                "head_index": "20",
                "parser_morph_features": "Masc|Acc|Sg",
                "possible_morph_features": []
            }
        },
        "relations": {}
    },
    {
        "file_ID": "1061_0120890",
        "sent_NP_ID": "1_10",
        "sentence": "Lieber Michael Stadt X-8-1.- vielen Dank für Ihr Brief wie geht es dir und deinen Familie ich wünche diese Jahr Führen Schein machen und neu Auto kaufen , da zum Arbeitsplazt und zur hause einfach fahren bei meine Arbeit .",
        "metadata": {
            "corpus": "MERLIN_DE"
        },
        "NP_info": {
            "len_np": 1,
            "coordination": null
        },
        "HEAD_info": {
            "head": {
                "H_TOK1": {
                    "word_type": "N",
                    "word_form": "Führen",
                    "lemma": "Führen",
                    "POS_STTS": "NN",
                    "index": "21",
                    "dep_rel": "app",
                    "head_index": "20",
                    "parser_morph_features": "Masc|Acc|Sg"
                }
            },
            "super_head": {
                "SH_TOK1": {
                    "word_type": "N",
                    "word_form": "Jahr",
                    "lemma": "Jahr",
                    "POS_STTS": "NN",
                    "index": "20",
                    "dep_rel": "obja",
                    "head_index": "23",
                    "parser_morph_features": "_|Acc|_"
                }
            }
        },
        "POST_info": {},
        "TOK_info": {
            "TOK1": {
                "word_type": "N",
                "word_form": "Schein",
                "lemma": "Schein",
                "POS_STTS": "NN",
                "index": "22",
                "dep_rel": "app",
                "head_index": "21",
                "parser_morph_features": "Masc|Acc|Sg",
                "possible_morph_features": []
            }
        },
        "relations": {}
    },
    {
        "file_ID": "1061_0120890",
        "sent_NP_ID": "1_11",
        "sentence": "Lieber Michael Stadt X-8-1.- vielen Dank für Ihr Brief wie geht es dir und deinen Familie ich wünche diese Jahr Führen Schein machen und neu Auto kaufen , da zum Arbeitsplazt und zur hause einfach fahren bei meine Arbeit .",
        "metadata": {
            "corpus": "MERLIN_DE"
        },
        "NP_info": {
            "len_np": 1,
            "coordination": null
        },
        "HEAD_info": {
            "head": {
                "H_TOK1": {
                    "word_type": "V",
                    "word_form": "kaufen",
                    "lemma": "kaufen",
                    "POS_STTS": "VVINF",
                    "index": "27",
                    "dep_rel": "cj",
                    "head_index": "24",
                    "parser_morph_features": "_"
                }
            },
            "super_head": {
                "SH_TOK1": {
                    "word_type": "KON",
                    "word_form": "und",
                    "lemma": "und",
                    "POS_STTS": "KON",
                    "index": "24",
                    "dep_rel": "kon",
                    "head_index": "23",
                    "parser_morph_features": "_"
                }
            }
        },
        "POST_info": {},
        "TOK_info": {
            "TOK1": {
                "word_type": "N",
                "word_form": "Auto",
                "lemma": "Auto",
                "POS_STTS": "NN",
                "index": "26",
                "dep_rel": "obja",
                "head_index": "27",
                "parser_morph_features": "Neut|Acc|Sg",
                "possible_morph_features": []
            }
        },
        "relations": {}
    },
    {
        "file_ID": "1061_0120890",
        "sent_NP_ID": "1_12",
        "sentence": "Lieber Michael Stadt X-8-1.- vielen Dank für Ihr Brief wie geht es dir und deinen Familie ich wünche diese Jahr Führen Schein machen und neu Auto kaufen , da zum Arbeitsplazt und zur hause einfach fahren bei meine Arbeit .",
        "metadata": {
            "corpus": "MERLIN_DE"
        },
        "NP_info": {
            "len_np": 1,
            "coordination": null
        },
        "HEAD_info": {
            "head": {
                "H_TOK1": {
                    "word_type": "PREP",
                    "word_form": "zum",
                    "lemma": "zu",
                    "POS_STTS": "APPRART",
                    "index": "30",
                    "dep_rel": "pp",
                    "head_index": "36",
                    "parser_morph_features": "Dat"
                }
            },
            "super_head": {
                "SH_TOK1": {
                    "word_type": "V",
                    "word_form": "fahren",
                    "lemma": "fahren",
                    "POS_STTS": "VVFIN",
                    "index": "36",
                    "dep_rel": "root",
                    "head_index": "0",
                    "parser_morph_features": "_|Pl|Pres|_"
                }
            }
        },
        "POST_info": {},
        "TOK_info": {
            "TOK1": {
                "word_type": "N",
                "word_form": "Arbeitsplazt",
                "lemma": "Arbeitsplazt",
                "POS_STTS": "NN",
                "index": "31",
                "dep_rel": "pn",
                "head_index": "30",
                "parser_morph_features": "_|Dat|_",
                "possible_morph_features": []
            }
        },
        "relations": {
            "rel_1": {
                "rel_type": "must_agree",
                "involved": [
                    "TOK1",
                    "H_TOK1"
                ],
                "ruler": "TOK1",
                "possible_agreement": null
            }
        }
    },
    {
        "file_ID": "1061_0120890",
        "sent_NP_ID": "1_13",
        "sentence": "Lieber Michael Stadt X-8-1.- vielen Dank für Ihr Brief wie geht es dir und deinen Familie ich wünche diese Jahr Führen Schein machen und neu Auto kaufen , da zum Arbeitsplazt und zur hause einfach fahren bei meine Arbeit .",
        "metadata": {
            "corpus": "MERLIN_DE"
        },
        "NP_info": {
            "len_np": 1,
            "coordination": null
        },
        "HEAD_info": {
            "head": {
                "H_TOK1": {
                    "word_type": "PREP",
                    "word_form": "zur",
                    "lemma": "zu",
                    "POS_STTS": "APPRART",
                    "index": "33",
                    "dep_rel": "pp",
                    "head_index": "35",
                    "parser_morph_features": "Dat"
                }
            },
            "super_head": {
                "SH_TOK1": {
                    "word_type": "ADV",
                    "word_form": "einfach",
                    "lemma": "einfach",
                    "POS_STTS": "ADJD",
                    "index": "35",
                    "dep_rel": "cj",
                    "head_index": "32",
                    "parser_morph_features": "Pos|"
                }
            }
        },
        "POST_info": {},
        "TOK_info": {
            "TOK1": {
                "word_type": "N",
                "word_form": "hause",
                "lemma": "hause",
                "POS_STTS": "NN",
                "index": "34",
                "dep_rel": "pn",
                "head_index": "33",
                "parser_morph_features": "_|Dat|_",
                "possible_morph_features": []
            }
        },
        "relations": {
            "rel_1": {
                "rel_type": "must_agree",
                "involved": [
                    "TOK1",
                    "H_TOK1"
                ],
                "ruler": "TOK1",
                "possible_agreement": null
            }
        }
    },
    {
        "file_ID": "1061_0120890",
        "sent_NP_ID": "1_14",
        "sentence": "Lieber Michael Stadt X-8-1.- vielen Dank für Ihr Brief wie geht es dir und deinen Familie ich wünche diese Jahr Führen Schein machen und neu Auto kaufen , da zum Arbeitsplazt und zur hause einfach fahren bei meine Arbeit .",
        "metadata": {
            "corpus": "MERLIN_DE"
        },
        "NP_info": {
            "len_np": 2,
            "coordination": null
        },
        "HEAD_info": {
            "head": {
                "H_TOK1": {
                    "word_type": "PREP",
                    "word_form": "bei",
                    "lemma": "bei",
                    "POS_STTS": "APPR",
                    "index": "37",
                    "dep_rel": "pp",
                    "head_index": "36",
                    "parser_morph_features": "Dat"
                }
            },
            "super_head": {
                "SH_TOK1": {
                    "word_type": "V",
                    "word_form": "fahren",
                    "lemma": "fahren",
                    "POS_STTS": "VVFIN",
                    "index": "36",
                    "dep_rel": "root",
                    "head_index": "0",
                    "parser_morph_features": "_|Pl|Pres|_"
                }
            }
        },
        "POST_info": {},
        "TOK_info": {
            "TOK1": {
                "word_type": "ART",
                "word_form": "meine",
                "lemma": "meine",
                "POS_STTS": "PPOSAT",
                "index": "38",
                "dep_rel": "det",
                "head_index": "39",
                "parser_morph_features": "Fem|_|Sg",
                "possible_morph_features": []
            },
            "TOK2": {
                "word_type": "N",
                "word_form": "Arbeit",
                "lemma": "Arbeit",
                "POS_STTS": "NN",
                "index": "39",
                "dep_rel": "pn",
                "head_index": "37",
                "parser_morph_features": "Fem|_|Sg",
                "possible_morph_features": []
            }
        },
        "relations": {
            "rel_1": {
                "rel_type": "must_agree",
                "involved": [
                    "TOK2",
                    "TOK1"
                ],
                "ruler": "TOK2",
                "possible_agreement": null
            }
        }
    },
    {
        "file_ID": "1061_0120890",
        "sent_NP_ID": "2_15",
        "sentence": "Jeder Angestellt mehre Geld verdient und neue Chef bringen ich wünsche neue Cheff beser von alt cheff ich schlage übermorgen Treffen vor , wenn Sie Zeit haben an Silvester habe ich mit meinen Freunde treffen und zum Resturant gehen und essen zusamen Herzliche Grüße Tobias",
        "metadata": {
            "corpus": "MERLIN_DE"
        },
        "NP_info": {
            "len_np": 2,
            "coordination": null
        },
        "HEAD_info": {
            "head": {
                "H_TOK1": {
                    "word_type": "V",
                    "word_form": "mehre",
                    "lemma": "mehren",
                    "POS_STTS": "VVFIN",
                    "index": "3",
                    "dep_rel": "root",
                    "head_index": "0",
                    "parser_morph_features": "3|Sg|Pres|Subj"
                }
            },
            "super_head": {}
        },
        "POST_info": {},
        "TOK_info": {
            "TOK1": {
                "word_type": "ART",
                "word_form": "Jeder",
                "lemma": "jede",
                "POS_STTS": "PIDAT",
                "index": "1",
                "dep_rel": "det",
                "head_index": "2",
                "parser_morph_features": "Masc|Nom|Sg",
                "possible_morph_features": []
            },
            "TOK2": {
                "word_type": "N",
                "word_form": "Angestellt",
                "lemma": "Angestellt",
                "POS_STTS": "NN",
                "index": "2",
                "dep_rel": "subj",
                "head_index": "3",
                "parser_morph_features": "Masc|Nom|Sg",
                "possible_morph_features": []
            }
        },
        "relations": {
            "rel_1": {
                "rel_type": "must_agree",
                "involved": [
                    "TOK2",
                    "TOK1"
                ],
                "ruler": "TOK2",
                "possible_agreement": null
            }
        }
    },
    {
        "file_ID": "1061_0120890",
        "sent_NP_ID": "2_16",
        "sentence": "Jeder Angestellt mehre Geld verdient und neue Chef bringen ich wünsche neue Cheff beser von alt cheff ich schlage übermorgen Treffen vor , wenn Sie Zeit haben an Silvester habe ich mit meinen Freunde treffen und zum Resturant gehen und essen zusamen Herzliche Grüße Tobias",
        "metadata": {
            "corpus": "MERLIN_DE"
        },
        "NP_info": {
            "len_np": 1,
            "coordination": null
        },
        "HEAD_info": {
            "head": {
                "H_TOK1": {
                    "word_type": "V",
                    "word_form": "mehre",
                    "lemma": "mehren",
                    "POS_STTS": "VVFIN",
                    "index": "3",
                    "dep_rel": "root",
                    "head_index": "0",
                    "parser_morph_features": "3|Sg|Pres|Subj"
                }
            },
            "super_head": {}
        },
        "POST_info": {},
        "TOK_info": {
            "TOK1": {
                "word_type": "N",
                "word_form": "Geld",
                "lemma": "Geld",
                "POS_STTS": "NN",
                "index": "4",
                "dep_rel": "obja",
                "head_index": "3",
                "parser_morph_features": "Neut|Acc|Sg",
                "possible_morph_features": []
            }
        },
        "relations": {}
    },
    {
        "file_ID": "1061_0120890",
        "sent_NP_ID": "2_17",
        "sentence": "Jeder Angestellt mehre Geld verdient und neue Chef bringen ich wünsche neue Cheff beser von alt cheff ich schlage übermorgen Treffen vor , wenn Sie Zeit haben an Silvester habe ich mit meinen Freunde treffen und zum Resturant gehen und essen zusamen Herzliche Grüße Tobias",
        "metadata": {
            "corpus": "MERLIN_DE"
        },
        "NP_info": {
            "len_np": 2,
            "coordination": null
        },
        "HEAD_info": {
            "head": {
                "H_TOK1": {
                    "word_type": "KON",
                    "word_form": "und",
                    "lemma": "und",
                    "POS_STTS": "KON",
                    "index": "6",
                    "dep_rel": "root",
                    "head_index": "0",
                    "parser_morph_features": "_"
                }
            },
            "super_head": {}
        },
        "POST_info": {},
        "TOK_info": {
            "TOK1": {
                "word_type": "ADJA",
                "word_form": "neue",
                "lemma": "neu",
                "POS_STTS": "ADJA",
                "index": "7",
                "dep_rel": "attr",
                "head_index": "8",
                "parser_morph_features": "Pos|Masc|Nom|Sg|Wk|",
                "possible_morph_features": []
            },
            "TOK2": {
                "word_type": "N",
                "word_form": "Chef",
                "lemma": "Chef",
                "POS_STTS": "NN",
                "index": "8",
                "dep_rel": "cj",
                "head_index": "6",
                "parser_morph_features": "Masc|Nom|Sg",
                "possible_morph_features": []
            }
        },
        "relations": {
            "rel_1": {
                "rel_type": "must_agree",
                "involved": [
                    "TOK2",
                    "TOK1"
                ],
                "ruler": "TOK2",
                "possible_agreement": null
            }
        }
    },
    {
        "file_ID": "1061_0120890",
        "sent_NP_ID": "2_18",
        "sentence": "Jeder Angestellt mehre Geld verdient und neue Chef bringen ich wünsche neue Cheff beser von alt cheff ich schlage übermorgen Treffen vor , wenn Sie Zeit haben an Silvester habe ich mit meinen Freunde treffen und zum Resturant gehen und essen zusamen Herzliche Grüße Tobias",
        "metadata": {
            "corpus": "MERLIN_DE"
        },
        "NP_info": {
            "len_np": 2,
            "coordination": null
        },
        "HEAD_info": {
            "head": {
                "H_TOK1": {
                    "word_type": "V",
                    "word_form": "wünsche",
                    "lemma": "wünschen",
                    "POS_STTS": "VVFIN",
                    "index": "11",
                    "dep_rel": "root",
                    "head_index": "0",
                    "parser_morph_features": "1|Sg|Pres|_"
                }
            },
            "super_head": {}
        },
        "POST_info": {
            "P_TOK1": {
                "word_type": "N",
                "word_form": "beser",
                "lemma": "beser",
                "POS_STTS": "NE",
                "index": "14",
                "dep_rel": "app",
                "head_index": "13",
                "parser_morph_features": "_|Acc|_"
            },
            "P_TOK2": {
                "word_type": "PREP",
                "word_form": "von",
                "lemma": "von",
                "POS_STTS": "APPR",
                "index": "15",
                "dep_rel": "pp",
                "head_index": "13",
                "parser_morph_features": "_"
            }
        },
        "TOK_info": {
            "TOK1": {
                "word_type": "ADJA",
                "word_form": "neue",
                "lemma": "neu",
                "POS_STTS": "ADJA",
                "index": "12",
                "dep_rel": "attr",
                "head_index": "13",
                "parser_morph_features": "Pos|_|Acc|_|_|",
                "possible_morph_features": []
            },
            "TOK2": {
                "word_type": "N",
                "word_form": "Cheff",
                "lemma": "Cheff",
                "POS_STTS": "NN",
                "index": "13",
                "dep_rel": "obja",
                "head_index": "11",
                "parser_morph_features": "_|Acc|_",
                "possible_morph_features": []
            }
        },
        "relations": {
            "rel_1": {
                "rel_type": "must_agree",
                "involved": [
                    "TOK2",
                    "TOK1"
                ],
                "ruler": "TOK2",
                "possible_agreement": null
            }
        }
    },
    {
        "file_ID": "1061_0120890",
        "sent_NP_ID": "2_19",
        "sentence": "Jeder Angestellt mehre Geld verdient und neue Chef bringen ich wünsche neue Cheff beser von alt cheff ich schlage übermorgen Treffen vor , wenn Sie Zeit haben an Silvester habe ich mit meinen Freunde treffen und zum Resturant gehen und essen zusamen Herzliche Grüße Tobias",
        "metadata": {
            "corpus": "MERLIN_DE"
        },
        "NP_info": {
            "len_np": 1,
            "coordination": null
        },
        "HEAD_info": {
            "head": {
                "H_TOK1": {
                    "word_type": "N",
                    "word_form": "Cheff",
                    "lemma": "Cheff",
                    "POS_STTS": "NN",
                    "index": "13",
                    "dep_rel": "obja",
                    "head_index": "11",
                    "parser_morph_features": "_|Acc|_"
                }
            },
            "super_head": {
                "SH_TOK1": {
                    "word_type": "V",
                    "word_form": "wünsche",
                    "lemma": "wünschen",
                    "POS_STTS": "VVFIN",
                    "index": "11",
                    "dep_rel": "root",
                    "head_index": "0",
                    "parser_morph_features": "1|Sg|Pres|_"
                }
            }
        },
        "POST_info": {},
        "TOK_info": {
            "TOK1": {
                "word_type": "N",
                "word_form": "beser",
                "lemma": "beser",
                "POS_STTS": "NE",
                "index": "14",
                "dep_rel": "app",
                "head_index": "13",
                "parser_morph_features": "_|Acc|_",
                "possible_morph_features": []
            }
        },
        "relations": {}
    },
    {
        "file_ID": "1061_0120890",
        "sent_NP_ID": "2_20",
        "sentence": "Jeder Angestellt mehre Geld verdient und neue Chef bringen ich wünsche neue Cheff beser von alt cheff ich schlage übermorgen Treffen vor , wenn Sie Zeit haben an Silvester habe ich mit meinen Freunde treffen und zum Resturant gehen und essen zusamen Herzliche Grüße Tobias",
        "metadata": {
            "corpus": "MERLIN_DE"
        },
        "NP_info": {
            "len_np": 1,
            "coordination": null
        },
        "HEAD_info": {
            "head": {
                "H_TOK1": {
                    "word_type": "V",
                    "word_form": "schlage",
                    "lemma": "schlagen",
                    "POS_STTS": "VVFIN",
                    "index": "19",
                    "dep_rel": "root",
                    "head_index": "0",
                    "parser_morph_features": "1|Sg|Pres|_",
                    "lemma_split_verb": "vorschlagen"
                },
                "H_TOK2": {
                    "word_type": "PTKVZ",
                    "word_form": "vor",
                    "lemma": "vor",
                    "POS_STTS": "PTKVZ",
                    "index": "22",
                    "dep_rel": "avz",
                    "head_index": "19",
                    "parser_morph_features": "_"
                }
            },
            "super_head": {}
        },
        "POST_info": {},
        "TOK_info": {
            "TOK1": {
                "word_type": "N",
                "word_form": "Treffen",
                "lemma": "Treffen",
                "POS_STTS": "NN",
                "index": "21",
                "dep_rel": "obja",
                "head_index": "19",
                "parser_morph_features": "Neut|Acc|_",
                "possible_morph_features": []
            }
        },
        "relations": {}
    },
    {
        "file_ID": "1061_0120890",
        "sent_NP_ID": "2_21",
        "sentence": "Jeder Angestellt mehre Geld verdient und neue Chef bringen ich wünsche neue Cheff beser von alt cheff ich schlage übermorgen Treffen vor , wenn Sie Zeit haben an Silvester habe ich mit meinen Freunde treffen und zum Resturant gehen und essen zusamen Herzliche Grüße Tobias",
        "metadata": {
            "corpus": "MERLIN_DE"
        },
        "NP_info": {
            "len_np": 1,
            "coordination": null
        },
        "HEAD_info": {
            "head": {
                "H_TOK1": {
                    "word_type": "V",
                    "word_form": "haben",
                    "lemma": "haben",
                    "POS_STTS": "VAFIN",
                    "index": "27",
                    "dep_rel": "neb",
                    "head_index": "19",
                    "parser_morph_features": "3|Pl|Pres|_"
                }
            },
            "super_head": {
                "SH_TOK1": {
                    "word_type": "V",
                    "word_form": "schlage",
                    "lemma": "schlagen",
                    "POS_STTS": "VVFIN",
                    "index": "19",
                    "dep_rel": "root",
                    "head_index": "0",
                    "parser_morph_features": "1|Sg|Pres|_",
                    "lemma_split_verb": "vorschlagen"
                },
                "SH_TOK2": {
                    "word_type": "PTKVZ",
                    "word_form": "vor",
                    "lemma": "vor",
                    "POS_STTS": "PTKVZ",
                    "index": "22",
                    "dep_rel": "avz",
                    "head_index": "19",
                    "parser_morph_features": "_"
                }
            }
        },
        "POST_info": {},
        "TOK_info": {
            "TOK1": {
                "word_type": "N",
                "word_form": "Zeit",
                "lemma": "Zeit",
                "POS_STTS": "NN",
                "index": "26",
                "dep_rel": "obja",
                "head_index": "27",
                "parser_morph_features": "Fem|Acc|Sg",
                "possible_morph_features": []
            }
        },
        "relations": {}
    },
    {
        "file_ID": "1061_0120890",
        "sent_NP_ID": "2_22",
        "sentence": "Jeder Angestellt mehre Geld verdient und neue Chef bringen ich wünsche neue Cheff beser von alt cheff ich schlage übermorgen Treffen vor , wenn Sie Zeit haben an Silvester habe ich mit meinen Freunde treffen und zum Resturant gehen und essen zusamen Herzliche Grüße Tobias",
        "metadata": {
            "corpus": "MERLIN_DE"
        },
        "NP_info": {
            "len_np": 1,
            "coordination": null
        },
        "HEAD_info": {
            "head": {
                "H_TOK1": {
                    "word_type": "PREP",
                    "word_form": "an",
                    "lemma": "an",
                    "POS_STTS": "APPR",
                    "index": "28",
                    "dep_rel": "pp",
                    "head_index": "27",
                    "parser_morph_features": "_"
                }
            },
            "super_head": {
                "SH_TOK1": {
                    "word_type": "V",
                    "word_form": "haben",
                    "lemma": "haben",
                    "POS_STTS": "VAFIN",
                    "index": "27",
                    "dep_rel": "neb",
                    "head_index": "19",
                    "parser_morph_features": "3|Pl|Pres|_"
                }
            }
        },
        "POST_info": {},
        "TOK_info": {
            "TOK1": {
                "word_type": "N",
                "word_form": "Silvester",
                "lemma": "Silvester",
                "POS_STTS": "NN",
                "index": "29",
                "dep_rel": "pn",
                "head_index": "28",
                "parser_morph_features": "_|_|_",
                "possible_morph_features": []
            }
        },
        "relations": {}
    },
    {
        "file_ID": "1061_0120890",
        "sent_NP_ID": "2_23",
        "sentence": "Jeder Angestellt mehre Geld verdient und neue Chef bringen ich wünsche neue Cheff beser von alt cheff ich schlage übermorgen Treffen vor , wenn Sie Zeit haben an Silvester habe ich mit meinen Freunde treffen und zum Resturant gehen und essen zusamen Herzliche Grüße Tobias",
        "metadata": {
            "corpus": "MERLIN_DE"
        },
        "NP_info": {
            "len_np": 2,
            "coordination": null
        },
        "HEAD_info": {
            "head": {
                "H_TOK1": {
                    "word_type": "PREP",
                    "word_form": "mit",
                    "lemma": "mit",
                    "POS_STTS": "APPR",
                    "index": "32",
                    "dep_rel": "pp",
                    "head_index": "35",
                    "parser_morph_features": "Dat"
                }
            },
            "super_head": {
                "SH_TOK1": {
                    "word_type": "V",
                    "word_form": "treffen",
                    "lemma": "treffen",
                    "POS_STTS": "VVINF",
                    "index": "35",
                    "dep_rel": "root",
                    "head_index": "0",
                    "parser_morph_features": "_"
                }
            }
        },
        "POST_info": {},
        "TOK_info": {
            "TOK1": {
                "word_type": "ART",
                "word_form": "meinen",
                "lemma": "meine",
                "POS_STTS": "PPOSAT",
                "index": "33",
                "dep_rel": "det",
                "head_index": "34",
                "parser_morph_features": "Masc|Dat|Sg",
                "possible_morph_features": []
            },
            "TOK2": {
                "word_type": "N",
                "word_form": "Freunde",
                "lemma": "Freund",
                "POS_STTS": "NN",
                "index": "34",
                "dep_rel": "pn",
                "head_index": "32",
                "parser_morph_features": "Masc|Dat|Sg",
                "possible_morph_features": []
            }
        },
        "relations": {
            "rel_1": {
                "rel_type": "must_agree",
                "involved": [
                    "TOK2",
                    "TOK1"
                ],
                "ruler": "TOK2",
                "possible_agreement": null
            }
        }
    },
    {
        "file_ID": "1061_0120890",
        "sent_NP_ID": "2_24",
        "sentence": "Jeder Angestellt mehre Geld verdient und neue Chef bringen ich wünsche neue Cheff beser von alt cheff ich schlage übermorgen Treffen vor , wenn Sie Zeit haben an Silvester habe ich mit meinen Freunde treffen und zum Resturant gehen und essen zusamen Herzliche Grüße Tobias",
        "metadata": {
            "corpus": "MERLIN_DE"
        },
        "NP_info": {
            "len_np": 1,
            "coordination": null
        },
        "HEAD_info": {
            "head": {
                "H_TOK1": {
                    "word_type": "PREP",
                    "word_form": "zum",
                    "lemma": "zu",
                    "POS_STTS": "APPRART",
                    "index": "37",
                    "dep_rel": "objp",
                    "head_index": "39",
                    "parser_morph_features": "Dat"
                }
            },
            "super_head": {
                "SH_TOK1": {
                    "word_type": "V",
                    "word_form": "gehen",
                    "lemma": "gehen",
                    "POS_STTS": "VVINF",
                    "index": "39",
                    "dep_rel": "cj",
                    "head_index": "36",
                    "parser_morph_features": "_"
                }
            }
        },
        "POST_info": {},
        "TOK_info": {
            "TOK1": {
                "word_type": "N",
                "word_form": "Resturant",
                "lemma": "Resturant",
                "POS_STTS": "NN",
                "index": "38",
                "dep_rel": "pn",
                "head_index": "37",
                "parser_morph_features": "_|Dat|_",
                "possible_morph_features": []
            }
        },
        "relations": {
            "rel_1": {
                "rel_type": "must_agree",
                "involved": [
                    "TOK1",
                    "H_TOK1"
                ],
                "ruler": "TOK1",
                "possible_agreement": null
            }
        }
    },
    {
        "file_ID": "1061_0120890",
        "sent_NP_ID": "2_25",
        "sentence": "Jeder Angestellt mehre Geld verdient und neue Chef bringen ich wünsche neue Cheff beser von alt cheff ich schlage übermorgen Treffen vor , wenn Sie Zeit haben an Silvester habe ich mit meinen Freunde treffen und zum Resturant gehen und essen zusamen Herzliche Grüße Tobias",
        "metadata": {
            "corpus": "MERLIN_DE"
        },
        "NP_info": {
            "len_np": 1,
            "coordination": null
        },
        "HEAD_info": {
            "head": {
                "H_TOK1": {
                    "word_type": "V",
                    "word_form": "essen",
                    "lemma": "essen",
                    "POS_STTS": "VVFIN",
                    "index": "41",
                    "dep_rel": "cj",
                    "head_index": "40",
                    "parser_morph_features": "3|Pl|Pres|_"
                }
            },
            "super_head": {
                "SH_TOK1": {
                    "word_type": "KON",
                    "word_form": "und",
                    "lemma": "und",
                    "POS_STTS": "KON",
                    "index": "40",
                    "dep_rel": "root",
                    "head_index": "0",
                    "parser_morph_features": "_"
                }
            }
        },
        "POST_info": {
            "P_TOK1": {
                "word_type": "N",
                "word_form": "Grüße",
                "lemma": "Gruß",
                "POS_STTS": "NN",
                "index": "44",
                "dep_rel": "app",
                "head_index": "42",
                "parser_morph_features": "Masc|Acc|Pl"
            }
        },
        "TOK_info": {
            "TOK1": {
                "word_type": "N",
                "word_form": "zusamen",
                "lemma": "zusamen",
                "POS_STTS": "NE",
                "index": "42",
                "dep_rel": "obja",
                "head_index": "41",
                "parser_morph_features": "Masc|Acc|Pl",
                "possible_morph_features": []
            }
        },
        "relations": {}
    },
    {
        "file_ID": "1061_0120890",
        "sent_NP_ID": "2_26",
        "sentence": "Jeder Angestellt mehre Geld verdient und neue Chef bringen ich wünsche neue Cheff beser von alt cheff ich schlage übermorgen Treffen vor , wenn Sie Zeit haben an Silvester habe ich mit meinen Freunde treffen und zum Resturant gehen und essen zusamen Herzliche Grüße Tobias",
        "metadata": {
            "corpus": "MERLIN_DE"
        },
        "NP_info": {
            "len_np": 2,
            "coordination": null
        },
        "HEAD_info": {
            "head": {
                "H_TOK1": {
                    "word_type": "N",
                    "word_form": "zusamen",
                    "lemma": "zusamen",
                    "POS_STTS": "NE",
                    "index": "42",
                    "dep_rel": "obja",
                    "head_index": "41",
                    "parser_morph_features": "Masc|Acc|Pl"
                }
            },
            "super_head": {
                "SH_TOK1": {
                    "word_type": "V",
                    "word_form": "essen",
                    "lemma": "essen",
                    "POS_STTS": "VVFIN",
                    "index": "41",
                    "dep_rel": "cj",
                    "head_index": "40",
                    "parser_morph_features": "3|Pl|Pres|_"
                }
            }
        },
        "POST_info": {
            "P_TOK1": {
                "word_type": "N",
                "word_form": "Tobias",
                "lemma": "Tobias",
                "POS_STTS": "NE",
                "index": "45",
                "dep_rel": "app",
                "head_index": "44",
                "parser_morph_features": "Masc|Acc|Sg"
            }
        },
        "TOK_info": {
            "TOK1": {
                "word_type": "ADJA",
                "word_form": "Herzliche",
                "lemma": "herzlich",
                "POS_STTS": "ADJA",
                "index": "43",
                "dep_rel": "attr",
                "head_index": "44",
                "parser_morph_features": "Pos|Masc|Acc|Pl|St|",
                "possible_morph_features": []
            },
            "TOK2": {
                "word_type": "N",
                "word_form": "Grüße",
                "lemma": "Gruß",
                "POS_STTS": "NN",
                "index": "44",
                "dep_rel": "app",
                "head_index": "42",
                "parser_morph_features": "Masc|Acc|Pl",
                "possible_morph_features": []
            }
        },
        "relations": {
            "rel_1": {
                "rel_type": "must_agree",
                "involved": [
                    "TOK2",
                    "TOK1"
                ],
                "ruler": "TOK2",
                "possible_agreement": null
            }
        }
    },
    {
        "file_ID": "1061_0120890",
        "sent_NP_ID": "2_27",
        "sentence": "Jeder Angestellt mehre Geld verdient und neue Chef bringen ich wünsche neue Cheff beser von alt cheff ich schlage übermorgen Treffen vor , wenn Sie Zeit haben an Silvester habe ich mit meinen Freunde treffen und zum Resturant gehen und essen zusamen Herzliche Grüße Tobias",
        "metadata": {
            "corpus": "MERLIN_DE"
        },
        "NP_info": {
            "len_np": 1,
            "coordination": null
        },
        "HEAD_info": {
            "head": {
                "H_TOK1": {
                    "word_type": "N",
                    "word_form": "Grüße",
                    "lemma": "Gruß",
                    "POS_STTS": "NN",
                    "index": "44",
                    "dep_rel": "app",
                    "head_index": "42",
                    "parser_morph_features": "Masc|Acc|Pl"
                }
            },
            "super_head": {
                "SH_TOK1": {
                    "word_type": "N",
                    "word_form": "zusamen",
                    "lemma": "zusamen",
                    "POS_STTS": "NE",
                    "index": "42",
                    "dep_rel": "obja",
                    "head_index": "41",
                    "parser_morph_features": "Masc|Acc|Pl"
                }
            }
        },
        "POST_info": {},
        "TOK_info": {
            "TOK1": {
                "word_type": "N",
                "word_form": "Tobias",
                "lemma": "Tobias",
                "POS_STTS": "NE",
                "index": "45",
                "dep_rel": "app",
                "head_index": "44",
                "parser_morph_features": "Masc|Acc|Sg",
                "possible_morph_features": []
            }
        },
        "relations": {}
    }
]