[
    {
        "file_ID": "1061_0120433",
        "sent_NP_ID": "1_1",
        "sentence": "Lieber Michael , Stadt X , 12.03.2012 viele Danke für diene Breif , ch wünsche Dir Alles gutes neuen jahr und gehsundheit , bei mir an die Arbeit ich habe neu chf und ich habe ander Büro neu mobil mit frish geschtrichen .",
        "metadata": {
            "corpus": "MERLIN_DE"
        },
        "NP_info": {
            "len_np": 1,
            "coordination": null
        },
        "HEAD_info": {
            "head": {},
            "super_head": {}
        },
        "POST_info": {
            "P_TOK1": {
                "word_type": "N",
                "word_form": "Michael",
                "lemma": "Michael",
                "POS_STTS": "NE",
                "index": "2",
                "dep_rel": "app",
                "head_index": "1",
                "parser_morph_features": "Masc|_|Sg"
            }
        },
        "TOK_info": {
            "TOK1": {
                "word_type": "N",
                "word_form": "Lieber",
                "lemma": "Liebe",
                "POS_STTS": "NN",
                "index": "1",
                "dep_rel": "root",
                "head_index": "0",
                "parser_morph_features": "_|_|_",
                "possible_morph_features": []
            }
        },
        "relations": {}
    },
    {
        "file_ID": "1061_0120433",
        "sent_NP_ID": "1_2",
        "sentence": "Lieber Michael , Stadt X , 12.03.2012 viele Danke für diene Breif , ch wünsche Dir Alles gutes neuen jahr und gehsundheit , bei mir an die Arbeit ich habe neu chf und ich habe ander Büro neu mobil mit frish geschtrichen .",
        "metadata": {
            "corpus": "MERLIN_DE"
        },
        "NP_info": {
            "len_np": 1,
            "coordination": null
        },
        "HEAD_info": {
            "head": {
                "H_TOK1": {
                    "word_type": "N",
                    "word_form": "Lieber",
                    "lemma": "Liebe",
                    "POS_STTS": "NN",
                    "index": "1",
                    "dep_rel": "root",
                    "head_index": "0",
                    "parser_morph_features": "_|_|_"
                }
            },
            "super_head": {}
        },
        "POST_info": {
            "P_TOK1": {
                "word_type": "N",
                "word_form": "Stadt",
                "lemma": "Stadt",
                "POS_STTS": "NN",
                "index": "4",
                "dep_rel": "app",
                "head_index": "2",
                "parser_morph_features": "Fem|_|Sg"
            }
        },
        "TOK_info": {
            "TOK1": {
                "word_type": "N",
                "word_form": "Michael",
                "lemma": "Michael",
                "POS_STTS": "NE",
                "index": "2",
                "dep_rel": "app",
                "head_index": "1",
                "parser_morph_features": "Masc|_|Sg",
                "possible_morph_features": []
            }
        },
        "relations": {}
    },
    {
        "file_ID": "1061_0120433",
        "sent_NP_ID": "1_3",
        "sentence": "Lieber Michael , Stadt X , 12.03.2012 viele Danke für diene Breif , ch wünsche Dir Alles gutes neuen jahr und gehsundheit , bei mir an die Arbeit ich habe neu chf und ich habe ander Büro neu mobil mit frish geschtrichen .",
        "metadata": {
            "corpus": "MERLIN_DE"
        },
        "NP_info": {
            "len_np": 1,
            "coordination": null
        },
        "HEAD_info": {
            "head": {
                "H_TOK1": {
                    "word_type": "N",
                    "word_form": "Michael",
                    "lemma": "Michael",
                    "POS_STTS": "NE",
                    "index": "2",
                    "dep_rel": "app",
                    "head_index": "1",
                    "parser_morph_features": "Masc|_|Sg"
                }
            },
            "super_head": {
                "SH_TOK1": {
                    "word_type": "N",
                    "word_form": "Lieber",
                    "lemma": "Liebe",
                    "POS_STTS": "NN",
                    "index": "1",
                    "dep_rel": "root",
                    "head_index": "0",
                    "parser_morph_features": "_|_|_"
                }
            }
        },
        "POST_info": {
            "P_TOK1": {
                "word_type": "N",
                "word_form": "X",
                "lemma": "X",
                "POS_STTS": "NE",
                "index": "5",
                "dep_rel": "app",
                "head_index": "4",
                "parser_morph_features": "Fem|_|Sg"
            }
        },
        "TOK_info": {
            "TOK1": {
                "word_type": "N",
                "word_form": "Stadt",
                "lemma": "Stadt",
                "POS_STTS": "NN",
                "index": "4",
                "dep_rel": "app",
                "head_index": "2",
                "parser_morph_features": "Fem|_|Sg",
                "possible_morph_features": []
            }
        },
        "relations": {}
    },
    {
        "file_ID": "1061_0120433",
        "sent_NP_ID": "1_4",
        "sentence": "Lieber Michael , Stadt X , 12.03.2012 viele Danke für diene Breif , ch wünsche Dir Alles gutes neuen jahr und gehsundheit , bei mir an die Arbeit ich habe neu chf und ich habe ander Büro neu mobil mit frish geschtrichen .",
        "metadata": {
            "corpus": "MERLIN_DE"
        },
        "NP_info": {
            "len_np": 1,
            "coordination": null
        },
        "HEAD_info": {
            "head": {
                "H_TOK1": {
                    "word_type": "N",
                    "word_form": "Stadt",
                    "lemma": "Stadt",
                    "POS_STTS": "NN",
                    "index": "4",
                    "dep_rel": "app",
                    "head_index": "2",
                    "parser_morph_features": "Fem|_|Sg"
                }
            },
            "super_head": {
                "SH_TOK1": {
                    "word_type": "N",
                    "word_form": "Michael",
                    "lemma": "Michael",
                    "POS_STTS": "NE",
                    "index": "2",
                    "dep_rel": "app",
                    "head_index": "1",
                    "parser_morph_features": "Masc|_|Sg"
                }
            }
        },
        "POST_info": {},
        "TOK_info": {
            "TOK1": {
                "word_type": "N",
                "word_form": "X",
                "lemma": "X",
                "POS_STTS": "NE",
                "index": "5",
                "dep_rel": "app",
                "head_index": "4",
                "parser_morph_features": "Fem|_|Sg",
                "possible_morph_features": []
            }
        },
        "relations": {}
    },
    {
        "file_ID": "1061_0120433",
        "sent_NP_ID": "1_5",
        "sentence": "Lieber Michael , Stadt X , 12.03.2012 viele Danke für diene Breif , ch wünsche Dir Alles gutes neuen jahr und gehsundheit , bei mir an die Arbeit ich habe neu chf und ich habe ander Büro neu mobil mit frish geschtrichen .",
        "metadata": {
            "corpus": "MERLIN_DE"
        },
        "NP_info": {
            "len_np": 2,
            "coordination": null
        },
        "HEAD_info": {
            "head": {},
            "super_head": {}
        },
        "POST_info": {
            "P_TOK1": {
                "word_type": "PREP",
                "word_form": "für",
                "lemma": "für",
                "POS_STTS": "APPR",
                "index": "10",
                "dep_rel": "pp",
                "head_index": "9",
                "parser_morph_features": "Acc"
            }
        },
        "TOK_info": {
            "TOK1": {
                "word_type": "ART",
                "word_form": "viele",
                "lemma": "viele",
                "POS_STTS": "PIDAT",
                "index": "8",
                "dep_rel": "det",
                "head_index": "9",
                "parser_morph_features": "_|_|_",
                "possible_morph_features": []
            },
            "TOK2": {
                "word_type": "N",
                "word_form": "Danke",
                "lemma": "Dank",
                "POS_STTS": "NN",
                "index": "9",
                "dep_rel": "root",
                "head_index": "0",
                "parser_morph_features": "Masc|Dat|Sg",
                "possible_morph_features": []
            }
        },
        "relations": {
            "rel_1": {
                "rel_type": "must_agree",
                "involved": [
                    "TOK2",
                    "TOK1"
                ],
                "ruler": "TOK2",
                "possible_agreement": null
            }
        }
    },
    {
        "file_ID": "1061_0120433",
        "sent_NP_ID": "1_6",
        "sentence": "Lieber Michael , Stadt X , 12.03.2012 viele Danke für diene Breif , ch wünsche Dir Alles gutes neuen jahr und gehsundheit , bei mir an die Arbeit ich habe neu chf und ich habe ander Büro neu mobil mit frish geschtrichen .",
        "metadata": {
            "corpus": "MERLIN_DE"
        },
        "NP_info": {
            "len_np": 2,
            "coordination": null
        },
        "HEAD_info": {
            "head": {
                "H_TOK1": {
                    "word_type": "PREP",
                    "word_form": "für",
                    "lemma": "für",
                    "POS_STTS": "APPR",
                    "index": "10",
                    "dep_rel": "pp",
                    "head_index": "9",
                    "parser_morph_features": "Acc"
                }
            },
            "super_head": {
                "SH_TOK1": {
                    "word_type": "N",
                    "word_form": "Danke",
                    "lemma": "Dank",
                    "POS_STTS": "NN",
                    "index": "9",
                    "dep_rel": "root",
                    "head_index": "0",
                    "parser_morph_features": "Masc|Dat|Sg"
                }
            }
        },
        "POST_info": {},
        "TOK_info": {
            "TOK1": {
                "word_type": "ADJA",
                "word_form": "diene",
                "lemma": "diene",
                "POS_STTS": "ADJA",
                "index": "11",
                "dep_rel": "attr",
                "head_index": "12",
                "parser_morph_features": "_",
                "possible_morph_features": []
            },
            "TOK2": {
                "word_type": "N",
                "word_form": "Breif",
                "lemma": "Breif",
                "POS_STTS": "NN",
                "index": "12",
                "dep_rel": "pn",
                "head_index": "10",
                "parser_morph_features": "_|Acc|_",
                "possible_morph_features": []
            }
        },
        "relations": {
            "rel_1": {
                "rel_type": "must_agree",
                "involved": [
                    "TOK2",
                    "TOK1"
                ],
                "ruler": "TOK2",
                "possible_agreement": null
            }
        }
    },
    {
        "file_ID": "1061_0120433",
        "sent_NP_ID": "1_7",
        "sentence": "Lieber Michael , Stadt X , 12.03.2012 viele Danke für diene Breif , ch wünsche Dir Alles gutes neuen jahr und gehsundheit , bei mir an die Arbeit ich habe neu chf und ich habe ander Büro neu mobil mit frish geschtrichen .",
        "metadata": {
            "corpus": "MERLIN_DE"
        },
        "NP_info": {
            "len_np": 1,
            "coordination": null
        },
        "HEAD_info": {
            "head": {
                "H_TOK1": {
                    "word_type": "V",
                    "word_form": "wünsche",
                    "lemma": "wünschen",
                    "POS_STTS": "VVFIN",
                    "index": "15",
                    "dep_rel": "root",
                    "head_index": "0",
                    "parser_morph_features": "3|Sg|Pres|Subj"
                }
            },
            "super_head": {}
        },
        "POST_info": {},
        "TOK_info": {
            "TOK1": {
                "word_type": "N",
                "word_form": "ch",
                "lemma": "ch",
                "POS_STTS": "NE",
                "index": "14",
                "dep_rel": "subj",
                "head_index": "15",
                "parser_morph_features": "_|Nom|Sg",
                "possible_morph_features": []
            }
        },
        "relations": {}
    },
    {
        "file_ID": "1061_0120433",
        "sent_NP_ID": "1_8",
        "sentence": "Lieber Michael , Stadt X , 12.03.2012 viele Danke für diene Breif , ch wünsche Dir Alles gutes neuen jahr und gehsundheit , bei mir an die Arbeit ich habe neu chf und ich habe ander Büro neu mobil mit frish geschtrichen .",
        "metadata": {
            "corpus": "MERLIN_DE"
        },
        "NP_info": {
            "len_np": 1,
            "coordination": null
        },
        "HEAD_info": {
            "head": {
                "H_TOK1": {
                    "word_type": "N",
                    "word_form": "jahr",
                    "lemma": "jahr",
                    "POS_STTS": "NN",
                    "index": "20",
                    "dep_rel": "obja",
                    "head_index": "15",
                    "parser_morph_features": "_|Acc|_"
                }
            },
            "super_head": {
                "SH_TOK1": {
                    "word_type": "V",
                    "word_form": "wünsche",
                    "lemma": "wünschen",
                    "POS_STTS": "VVFIN",
                    "index": "15",
                    "dep_rel": "root",
                    "head_index": "0",
                    "parser_morph_features": "3|Sg|Pres|Subj"
                }
            }
        },
        "POST_info": {},
        "TOK_info": {
            "TOK1": {
                "word_type": "N",
                "word_form": "Alles",
                "lemma": "Alles",
                "POS_STTS": "NE",
                "index": "17",
                "dep_rel": "gmod",
                "head_index": "20",
                "parser_morph_features": "_|Gen|_",
                "possible_morph_features": []
            }
        },
        "relations": {}
    },
    {
        "file_ID": "1061_0120433",
        "sent_NP_ID": "1_9",
        "sentence": "Lieber Michael , Stadt X , 12.03.2012 viele Danke für diene Breif , ch wünsche Dir Alles gutes neuen jahr und gehsundheit , bei mir an die Arbeit ich habe neu chf und ich habe ander Büro neu mobil mit frish geschtrichen .",
        "metadata": {
            "corpus": "MERLIN_DE"
        },
        "NP_info": {
            "len_np": 1,
            "coordination": null
        },
        "HEAD_info": {
            "head": {
                "H_TOK1": {
                    "word_type": "V",
                    "word_form": "wünsche",
                    "lemma": "wünschen",
                    "POS_STTS": "VVFIN",
                    "index": "15",
                    "dep_rel": "root",
                    "head_index": "0",
                    "parser_morph_features": "3|Sg|Pres|Subj"
                }
            },
            "super_head": {}
        },
        "POST_info": {
            "P_TOK1": {
                "word_type": "ADJA",
                "word_form": "gutes",
                "lemma": "gut",
                "POS_STTS": "ADJA",
                "index": "18",
                "dep_rel": "attr",
                "head_index": "20",
                "parser_morph_features": "Pos|Neut|_|Sg|St|"
            },
            "P_TOK2": {
                "word_type": "ADJA",
                "word_form": "neuen",
                "lemma": "neu",
                "POS_STTS": "ADJA",
                "index": "19",
                "dep_rel": "attr",
                "head_index": "20",
                "parser_morph_features": "Pos|_|Acc|_|_|"
            },
            "P_TOK3": {
                "word_type": "N",
                "word_form": "jahr",
                "lemma": "jahr",
                "POS_STTS": "NN",
                "index": "20",
                "dep_rel": "obja",
                "head_index": "15",
                "parser_morph_features": "_|Acc|_"
            }
        },
        "TOK_info": {
            "TOK1": {
                "word_type": "N",
                "word_form": "Alles",
                "lemma": "Alles",
                "POS_STTS": "NE",
                "index": "17",
                "dep_rel": "gmod",
                "head_index": "20",
                "parser_morph_features": "_|Gen|_",
                "possible_morph_features": []
            }
        },
        "relations": {}
    },
    {
        "file_ID": "1061_0120433",
        "sent_NP_ID": "1_10",
        "sentence": "Lieber Michael , Stadt X , 12.03.2012 viele Danke für diene Breif , ch wünsche Dir Alles gutes neuen jahr und gehsundheit , bei mir an die Arbeit ich habe neu chf und ich habe ander Büro neu mobil mit frish geschtrichen .",
        "metadata": {
            "corpus": "MERLIN_DE"
        },
        "NP_info": {
            "len_np": 2,
            "coordination": null
        },
        "HEAD_info": {
            "head": {
                "H_TOK1": {
                    "word_type": "PREP",
                    "word_form": "an",
                    "lemma": "an",
                    "POS_STTS": "APPR",
                    "index": "26",
                    "dep_rel": "pp",
                    "head_index": "25",
                    "parser_morph_features": "Acc"
                }
            },
            "super_head": {
                "SH_TOK1": {
                    "word_type": "PRO",
                    "word_form": "mir",
                    "lemma": "ich",
                    "POS_STTS": "PPER",
                    "index": "25",
                    "dep_rel": "pn",
                    "head_index": "24",
                    "parser_morph_features": "1|Sg|_|Dat"
                }
            }
        },
        "POST_info": {},
        "TOK_info": {
            "TOK1": {
                "word_type": "ART",
                "word_form": "die",
                "lemma": "die",
                "POS_STTS": "ART",
                "index": "27",
                "dep_rel": "det",
                "head_index": "28",
                "parser_morph_features": "Def|Fem|Acc|Sg",
                "possible_morph_features": []
            },
            "TOK2": {
                "word_type": "N",
                "word_form": "Arbeit",
                "lemma": "Arbeit",
                "POS_STTS": "NN",
                "index": "28",
                "dep_rel": "pn",
                "head_index": "26",
                "parser_morph_features": "Fem|Acc|Sg",
                "possible_morph_features": []
            }
        },
        "relations": {
            "rel_1": {
                "rel_type": "must_agree",
                "involved": [
                    "TOK2",
                    "TOK1"
                ],
                "ruler": "TOK2",
                "possible_agreement": null
            }
        }
    },
    {
        "file_ID": "1061_0120433",
        "sent_NP_ID": "1_11",
        "sentence": "Lieber Michael , Stadt X , 12.03.2012 viele Danke für diene Breif , ch wünsche Dir Alles gutes neuen jahr und gehsundheit , bei mir an die Arbeit ich habe neu chf und ich habe ander Büro neu mobil mit frish geschtrichen .",
        "metadata": {
            "corpus": "MERLIN_DE"
        },
        "NP_info": {
            "len_np": 2,
            "coordination": null
        },
        "HEAD_info": {
            "head": {
                "H_TOK1": {
                    "word_type": "V",
                    "word_form": "habe",
                    "lemma": "haben",
                    "POS_STTS": "VAFIN",
                    "index": "35",
                    "dep_rel": "cj",
                    "head_index": "33",
                    "parser_morph_features": "1|Sg|Pres|_"
                }
            },
            "super_head": {
                "SH_TOK1": {
                    "word_type": "KON",
                    "word_form": "und",
                    "lemma": "und",
                    "POS_STTS": "KON",
                    "index": "33",
                    "dep_rel": "kon",
                    "head_index": "30",
                    "parser_morph_features": "_"
                }
            }
        },
        "POST_info": {},
        "TOK_info": {
            "TOK1": {
                "word_type": "ADJA",
                "word_form": "ander",
                "lemma": "ander",
                "POS_STTS": "ADJA",
                "index": "36",
                "dep_rel": "attr",
                "head_index": "37",
                "parser_morph_features": "_|Neut|Acc|Sg|_",
                "possible_morph_features": []
            },
            "TOK2": {
                "word_type": "N",
                "word_form": "Büro",
                "lemma": "Büro",
                "POS_STTS": "NN",
                "index": "37",
                "dep_rel": "obja",
                "head_index": "35",
                "parser_morph_features": "Neut|Acc|Sg",
                "possible_morph_features": []
            }
        },
        "relations": {
            "rel_1": {
                "rel_type": "must_agree",
                "involved": [
                    "TOK2",
                    "TOK1"
                ],
                "ruler": "TOK2",
                "possible_agreement": null
            }
        }
    },
    {
        "file_ID": "1061_0120433",
        "sent_NP_ID": "2_12",
        "sentence": "und hute ich treffen mit michael bei eine Kafftref in stadt um zwei Uhr mittag , wie warn in Silvester beim eine freunden privat party gamacht , und das wär sehr schön und da noch wir sind in stadt gegangen , zu Fuss zum feuerwerk ansehen , und war sehr schön .",
        "metadata": {
            "corpus": "MERLIN_DE"
        },
        "NP_info": {
            "len_np": 1,
            "coordination": null
        },
        "HEAD_info": {
            "head": {
                "H_TOK1": {
                    "word_type": "PREP",
                    "word_form": "mit",
                    "lemma": "mit",
                    "POS_STTS": "APPR",
                    "index": "5",
                    "dep_rel": "pp",
                    "head_index": "4",
                    "parser_morph_features": "Dat"
                }
            },
            "super_head": {
                "SH_TOK1": {
                    "word_type": "V",
                    "word_form": "treffen",
                    "lemma": "treffen",
                    "POS_STTS": "VVFIN",
                    "index": "4",
                    "dep_rel": "root",
                    "head_index": "0",
                    "parser_morph_features": "_|Pl|Pres|_"
                }
            }
        },
        "POST_info": {},
        "TOK_info": {
            "TOK1": {
                "word_type": "N",
                "word_form": "michael",
                "lemma": "michael",
                "POS_STTS": "NE",
                "index": "6",
                "dep_rel": "pn",
                "head_index": "5",
                "parser_morph_features": "_|Dat|_",
                "possible_morph_features": []
            }
        },
        "relations": {}
    },
    {
        "file_ID": "1061_0120433",
        "sent_NP_ID": "2_13",
        "sentence": "und hute ich treffen mit michael bei eine Kafftref in stadt um zwei Uhr mittag , wie warn in Silvester beim eine freunden privat party gamacht , und das wär sehr schön und da noch wir sind in stadt gegangen , zu Fuss zum feuerwerk ansehen , und war sehr schön .",
        "metadata": {
            "corpus": "MERLIN_DE"
        },
        "NP_info": {
            "len_np": 2,
            "coordination": null
        },
        "HEAD_info": {
            "head": {
                "H_TOK1": {
                    "word_type": "PREP",
                    "word_form": "bei",
                    "lemma": "bei",
                    "POS_STTS": "APPR",
                    "index": "7",
                    "dep_rel": "pp",
                    "head_index": "4",
                    "parser_morph_features": "Dat"
                }
            },
            "super_head": {
                "SH_TOK1": {
                    "word_type": "V",
                    "word_form": "treffen",
                    "lemma": "treffen",
                    "POS_STTS": "VVFIN",
                    "index": "4",
                    "dep_rel": "root",
                    "head_index": "0",
                    "parser_morph_features": "_|Pl|Pres|_"
                }
            }
        },
        "POST_info": {},
        "TOK_info": {
            "TOK1": {
                "word_type": "ART",
                "word_form": "eine",
                "lemma": "eine",
                "POS_STTS": "ART",
                "index": "8",
                "dep_rel": "det",
                "head_index": "9",
                "parser_morph_features": "Indef|Fem|_|Sg",
                "possible_morph_features": []
            },
            "TOK2": {
                "word_type": "N",
                "word_form": "Kafftref",
                "lemma": "Kafftref",
                "POS_STTS": "NN",
                "index": "9",
                "dep_rel": "pn",
                "head_index": "7",
                "parser_morph_features": "Fem|_|Sg",
                "possible_morph_features": []
            }
        },
        "relations": {
            "rel_1": {
                "rel_type": "must_agree",
                "involved": [
                    "TOK2",
                    "TOK1"
                ],
                "ruler": "TOK2",
                "possible_agreement": null
            }
        }
    },
    {
        "file_ID": "1061_0120433",
        "sent_NP_ID": "2_14",
        "sentence": "und hute ich treffen mit michael bei eine Kafftref in stadt um zwei Uhr mittag , wie warn in Silvester beim eine freunden privat party gamacht , und das wär sehr schön und da noch wir sind in stadt gegangen , zu Fuss zum feuerwerk ansehen , und war sehr schön .",
        "metadata": {
            "corpus": "MERLIN_DE"
        },
        "NP_info": {
            "len_np": 1,
            "coordination": null
        },
        "HEAD_info": {
            "head": {
                "H_TOK1": {
                    "word_type": "PREP",
                    "word_form": "in",
                    "lemma": "in",
                    "POS_STTS": "APPR",
                    "index": "10",
                    "dep_rel": "pp",
                    "head_index": "4",
                    "parser_morph_features": "_"
                }
            },
            "super_head": {
                "SH_TOK1": {
                    "word_type": "V",
                    "word_form": "treffen",
                    "lemma": "treffen",
                    "POS_STTS": "VVFIN",
                    "index": "4",
                    "dep_rel": "root",
                    "head_index": "0",
                    "parser_morph_features": "_|Pl|Pres|_"
                }
            }
        },
        "POST_info": {},
        "TOK_info": {
            "TOK1": {
                "word_type": "N",
                "word_form": "stadt",
                "lemma": "stadt",
                "POS_STTS": "NN",
                "index": "11",
                "dep_rel": "pn",
                "head_index": "10",
                "parser_morph_features": "_|_|_",
                "possible_morph_features": []
            }
        },
        "relations": {}
    },
    {
        "file_ID": "1061_0120433",
        "sent_NP_ID": "2_15",
        "sentence": "und hute ich treffen mit michael bei eine Kafftref in stadt um zwei Uhr mittag , wie warn in Silvester beim eine freunden privat party gamacht , und das wär sehr schön und da noch wir sind in stadt gegangen , zu Fuss zum feuerwerk ansehen , und war sehr schön .",
        "metadata": {
            "corpus": "MERLIN_DE"
        },
        "NP_info": {
            "len_np": 2,
            "coordination": null
        },
        "HEAD_info": {
            "head": {
                "H_TOK1": {
                    "word_type": "PREP",
                    "word_form": "um",
                    "lemma": "um",
                    "POS_STTS": "APPR",
                    "index": "12",
                    "dep_rel": "pp",
                    "head_index": "4",
                    "parser_morph_features": "_"
                }
            },
            "super_head": {
                "SH_TOK1": {
                    "word_type": "V",
                    "word_form": "treffen",
                    "lemma": "treffen",
                    "POS_STTS": "VVFIN",
                    "index": "4",
                    "dep_rel": "root",
                    "head_index": "0",
                    "parser_morph_features": "_|Pl|Pres|_"
                }
            }
        },
        "POST_info": {},
        "TOK_info": {
            "TOK1": {
                "word_type": "CARD",
                "word_form": "zwei",
                "lemma": "zwei",
                "POS_STTS": "CARD",
                "index": "13",
                "dep_rel": "attr",
                "head_index": "14",
                "parser_morph_features": "_",
                "possible_morph_features": []
            },
            "TOK2": {
                "word_type": "N",
                "word_form": "Uhr",
                "lemma": "Uhr",
                "POS_STTS": "NN",
                "index": "14",
                "dep_rel": "pn",
                "head_index": "12",
                "parser_morph_features": "Fem|_|Sg",
                "possible_morph_features": []
            }
        },
        "relations": {}
    },
    {
        "file_ID": "1061_0120433",
        "sent_NP_ID": "2_16",
        "sentence": "und hute ich treffen mit michael bei eine Kafftref in stadt um zwei Uhr mittag , wie warn in Silvester beim eine freunden privat party gamacht , und das wär sehr schön und da noch wir sind in stadt gegangen , zu Fuss zum feuerwerk ansehen , und war sehr schön .",
        "metadata": {
            "corpus": "MERLIN_DE"
        },
        "NP_info": {
            "len_np": 1,
            "coordination": null
        },
        "HEAD_info": {
            "head": {
                "H_TOK1": {
                    "word_type": "V",
                    "word_form": "freunden",
                    "lemma": "freunden",
                    "POS_STTS": "VVFIN",
                    "index": "23",
                    "dep_rel": "root",
                    "head_index": "0",
                    "parser_morph_features": "3|Pl|Pres|_"
                }
            },
            "super_head": {}
        },
        "POST_info": {},
        "TOK_info": {
            "TOK1": {
                "word_type": "N",
                "word_form": "warn",
                "lemma": "warn",
                "POS_STTS": "NE",
                "index": "18",
                "dep_rel": "subj",
                "head_index": "23",
                "parser_morph_features": "_|Nom|Pl",
                "possible_morph_features": []
            }
        },
        "relations": {}
    },
    {
        "file_ID": "1061_0120433",
        "sent_NP_ID": "2_17",
        "sentence": "und hute ich treffen mit michael bei eine Kafftref in stadt um zwei Uhr mittag , wie warn in Silvester beim eine freunden privat party gamacht , und das wär sehr schön und da noch wir sind in stadt gegangen , zu Fuss zum feuerwerk ansehen , und war sehr schön .",
        "metadata": {
            "corpus": "MERLIN_DE"
        },
        "NP_info": {
            "len_np": 1,
            "coordination": null
        },
        "HEAD_info": {
            "head": {
                "H_TOK1": {
                    "word_type": "PREP",
                    "word_form": "in",
                    "lemma": "in",
                    "POS_STTS": "APPR",
                    "index": "19",
                    "dep_rel": "pp",
                    "head_index": "23",
                    "parser_morph_features": "_"
                }
            },
            "super_head": {
                "SH_TOK1": {
                    "word_type": "V",
                    "word_form": "freunden",
                    "lemma": "freunden",
                    "POS_STTS": "VVFIN",
                    "index": "23",
                    "dep_rel": "root",
                    "head_index": "0",
                    "parser_morph_features": "3|Pl|Pres|_"
                }
            }
        },
        "POST_info": {},
        "TOK_info": {
            "TOK1": {
                "word_type": "N",
                "word_form": "Silvester",
                "lemma": "Silvester",
                "POS_STTS": "NN",
                "index": "20",
                "dep_rel": "pn",
                "head_index": "19",
                "parser_morph_features": "_|_|_",
                "possible_morph_features": []
            }
        },
        "relations": {}
    },
    {
        "file_ID": "1061_0120433",
        "sent_NP_ID": "2_18",
        "sentence": "und hute ich treffen mit michael bei eine Kafftref in stadt um zwei Uhr mittag , wie warn in Silvester beim eine freunden privat party gamacht , und das wär sehr schön und da noch wir sind in stadt gegangen , zu Fuss zum feuerwerk ansehen , und war sehr schön .",
        "metadata": {
            "corpus": "MERLIN_DE"
        },
        "NP_info": {
            "len_np": 3,
            "coordination": null
        },
        "HEAD_info": {
            "head": {
                "H_TOK1": {
                    "word_type": "V",
                    "word_form": "freunden",
                    "lemma": "freunden",
                    "POS_STTS": "VVFIN",
                    "index": "23",
                    "dep_rel": "root",
                    "head_index": "0",
                    "parser_morph_features": "3|Pl|Pres|_"
                }
            },
            "super_head": {}
        },
        "POST_info": {},
        "TOK_info": {
            "TOK1": {
                "word_type": "ADV",
                "word_form": "privat",
                "lemma": "privat",
                "POS_STTS": "ADJD",
                "index": "24",
                "dep_rel": "adv",
                "head_index": "25",
                "parser_morph_features": "Pos|",
                "possible_morph_features": []
            },
            "TOK2": {
                "word_type": "ADJA",
                "word_form": "party",
                "lemma": "party",
                "POS_STTS": "ADJA",
                "index": "25",
                "dep_rel": "attr",
                "head_index": "26",
                "parser_morph_features": "_",
                "possible_morph_features": []
            },
            "TOK3": {
                "word_type": "N",
                "word_form": "gamacht",
                "lemma": "gamacht",
                "POS_STTS": "NN",
                "index": "26",
                "dep_rel": "obja",
                "head_index": "23",
                "parser_morph_features": "_|_|_",
                "possible_morph_features": []
            }
        },
        "relations": {
            "rel_1": {
                "rel_type": "must_agree",
                "involved": [
                    "TOK3",
                    "TOK2"
                ],
                "ruler": "TOK3",
                "possible_agreement": null
            }
        }
    },
    {
        "file_ID": "1061_0120433",
        "sent_NP_ID": "2_19",
        "sentence": "und hute ich treffen mit michael bei eine Kafftref in stadt um zwei Uhr mittag , wie warn in Silvester beim eine freunden privat party gamacht , und das wär sehr schön und da noch wir sind in stadt gegangen , zu Fuss zum feuerwerk ansehen , und war sehr schön .",
        "metadata": {
            "corpus": "MERLIN_DE"
        },
        "NP_info": {
            "len_np": 1,
            "coordination": null
        },
        "HEAD_info": {
            "head": {
                "H_TOK1": {
                    "word_type": "PREP",
                    "word_form": "in",
                    "lemma": "in",
                    "POS_STTS": "APPR",
                    "index": "38",
                    "dep_rel": "pp",
                    "head_index": "40",
                    "parser_morph_features": "_"
                }
            },
            "super_head": {
                "SH_TOK1": {
                    "word_type": "V",
                    "word_form": "gegangen",
                    "lemma": "gehen",
                    "POS_STTS": "VVPP",
                    "index": "40",
                    "dep_rel": "aux",
                    "head_index": "37",
                    "parser_morph_features": "_"
                }
            }
        },
        "POST_info": {},
        "TOK_info": {
            "TOK1": {
                "word_type": "N",
                "word_form": "stadt",
                "lemma": "stadt",
                "POS_STTS": "NN",
                "index": "39",
                "dep_rel": "pn",
                "head_index": "38",
                "parser_morph_features": "_|_|_",
                "possible_morph_features": []
            }
        },
        "relations": {}
    },
    {
        "file_ID": "1061_0120433",
        "sent_NP_ID": "2_20",
        "sentence": "und hute ich treffen mit michael bei eine Kafftref in stadt um zwei Uhr mittag , wie warn in Silvester beim eine freunden privat party gamacht , und das wär sehr schön und da noch wir sind in stadt gegangen , zu Fuss zum feuerwerk ansehen , und war sehr schön .",
        "metadata": {
            "corpus": "MERLIN_DE"
        },
        "NP_info": {
            "len_np": 1,
            "coordination": null
        },
        "HEAD_info": {
            "head": {
                "H_TOK1": {
                    "word_type": "PREP",
                    "word_form": "zu",
                    "lemma": "zu",
                    "POS_STTS": "APPR",
                    "index": "42",
                    "dep_rel": "pp",
                    "head_index": "46",
                    "parser_morph_features": "Dat"
                }
            },
            "super_head": {
                "SH_TOK1": {
                    "word_type": "V",
                    "word_form": "ansehen",
                    "lemma": "ansehen",
                    "POS_STTS": "VVINF",
                    "index": "46",
                    "dep_rel": "root",
                    "head_index": "0",
                    "parser_morph_features": "_"
                }
            }
        },
        "POST_info": {},
        "TOK_info": {
            "TOK1": {
                "word_type": "N",
                "word_form": "Fuss",
                "lemma": "Fuss",
                "POS_STTS": "NN",
                "index": "43",
                "dep_rel": "pn",
                "head_index": "42",
                "parser_morph_features": "Masc|Dat|Sg",
                "possible_morph_features": []
            }
        },
        "relations": {}
    },
    {
        "file_ID": "1061_0120433",
        "sent_NP_ID": "2_21",
        "sentence": "und hute ich treffen mit michael bei eine Kafftref in stadt um zwei Uhr mittag , wie warn in Silvester beim eine freunden privat party gamacht , und das wär sehr schön und da noch wir sind in stadt gegangen , zu Fuss zum feuerwerk ansehen , und war sehr schön .",
        "metadata": {
            "corpus": "MERLIN_DE"
        },
        "NP_info": {
            "len_np": 1,
            "coordination": null
        },
        "HEAD_info": {
            "head": {
                "H_TOK1": {
                    "word_type": "PREP",
                    "word_form": "zum",
                    "lemma": "zu",
                    "POS_STTS": "APPRART",
                    "index": "44",
                    "dep_rel": "pp",
                    "head_index": "46",
                    "parser_morph_features": "Dat"
                }
            },
            "super_head": {
                "SH_TOK1": {
                    "word_type": "V",
                    "word_form": "ansehen",
                    "lemma": "ansehen",
                    "POS_STTS": "VVINF",
                    "index": "46",
                    "dep_rel": "root",
                    "head_index": "0",
                    "parser_morph_features": "_"
                }
            }
        },
        "POST_info": {},
        "TOK_info": {
            "TOK1": {
                "word_type": "N",
                "word_form": "feuerwerk",
                "lemma": "feuerwerk",
                "POS_STTS": "NN",
                "index": "45",
                "dep_rel": "pn",
                "head_index": "44",
                "parser_morph_features": "_|Dat|_",
                "possible_morph_features": []
            }
        },
        "relations": {
            "rel_1": {
                "rel_type": "must_agree",
                "involved": [
                    "TOK1",
                    "H_TOK1"
                ],
                "ruler": "TOK1",
                "possible_agreement": null
            }
        }
    },
    {
        "file_ID": "1061_0120433",
        "sent_NP_ID": "3_22",
        "sentence": "Ich warte auf deine Antwort Danke .",
        "metadata": {
            "corpus": "MERLIN_DE"
        },
        "NP_info": {
            "len_np": 2,
            "coordination": null
        },
        "HEAD_info": {
            "head": {
                "H_TOK1": {
                    "word_type": "PREP",
                    "word_form": "auf",
                    "lemma": "auf",
                    "POS_STTS": "APPR",
                    "index": "3",
                    "dep_rel": "pp",
                    "head_index": "2",
                    "parser_morph_features": "Acc"
                }
            },
            "super_head": {
                "SH_TOK1": {
                    "word_type": "V",
                    "word_form": "warte",
                    "lemma": "warten",
                    "POS_STTS": "VVFIN",
                    "index": "2",
                    "dep_rel": "root",
                    "head_index": "0",
                    "parser_morph_features": "1|Sg|Pres|_"
                }
            }
        },
        "POST_info": {},
        "TOK_info": {
            "TOK1": {
                "word_type": "ART",
                "word_form": "deine",
                "lemma": "deine",
                "POS_STTS": "PPOSAT",
                "index": "4",
                "dep_rel": "det",
                "head_index": "5",
                "parser_morph_features": "Fem|Acc|Sg",
                "possible_morph_features": []
            },
            "TOK2": {
                "word_type": "N",
                "word_form": "Antwort",
                "lemma": "Antwort",
                "POS_STTS": "NN",
                "index": "5",
                "dep_rel": "pn",
                "head_index": "3",
                "parser_morph_features": "Fem|Acc|Sg",
                "possible_morph_features": []
            }
        },
        "relations": {
            "rel_1": {
                "rel_type": "must_agree",
                "involved": [
                    "TOK2",
                    "TOK1"
                ],
                "ruler": "TOK2",
                "possible_agreement": null
            }
        }
    },
    {
        "file_ID": "1061_0120433",
        "sent_NP_ID": "3_23",
        "sentence": "Ich warte auf deine Antwort Danke .",
        "metadata": {
            "corpus": "MERLIN_DE"
        },
        "NP_info": {
            "len_np": 1,
            "coordination": null
        },
        "HEAD_info": {
            "head": {
                "H_TOK1": {
                    "word_type": "V",
                    "word_form": "warte",
                    "lemma": "warten",
                    "POS_STTS": "VVFIN",
                    "index": "2",
                    "dep_rel": "root",
                    "head_index": "0",
                    "parser_morph_features": "1|Sg|Pres|_"
                }
            },
            "super_head": {}
        },
        "POST_info": {},
        "TOK_info": {
            "TOK1": {
                "word_type": "N",
                "word_form": "Danke",
                "lemma": "Dank",
                "POS_STTS": "NN",
                "index": "6",
                "dep_rel": "objd",
                "head_index": "2",
                "parser_morph_features": "Masc|Dat|Sg",
                "possible_morph_features": []
            }
        },
        "relations": {}
    },
    {
        "file_ID": "1061_0120433",
        "sent_NP_ID": "4_24",
        "sentence": "Liebe Grüße Tobias",
        "metadata": {
            "corpus": "MERLIN_DE"
        },
        "NP_info": {
            "len_np": 2,
            "coordination": null
        },
        "HEAD_info": {
            "head": {},
            "super_head": {}
        },
        "POST_info": {
            "P_TOK1": {
                "word_type": "N",
                "word_form": "Tobias",
                "lemma": "Tobias",
                "POS_STTS": "NE",
                "index": "3",
                "dep_rel": "app",
                "head_index": "2",
                "parser_morph_features": "Masc|_|Sg"
            }
        },
        "TOK_info": {
            "TOK1": {
                "word_type": "ADJA",
                "word_form": "Liebe",
                "lemma": "lieb",
                "POS_STTS": "ADJA",
                "index": "1",
                "dep_rel": "attr",
                "head_index": "2",
                "parser_morph_features": "Pos|Masc|_|Pl|St|",
                "possible_morph_features": []
            },
            "TOK2": {
                "word_type": "N",
                "word_form": "Grüße",
                "lemma": "Gruß",
                "POS_STTS": "NN",
                "index": "2",
                "dep_rel": "root",
                "head_index": "0",
                "parser_morph_features": "Masc|_|Pl",
                "possible_morph_features": []
            }
        },
        "relations": {
            "rel_1": {
                "rel_type": "must_agree",
                "involved": [
                    "TOK2",
                    "TOK1"
                ],
                "ruler": "TOK2",
                "possible_agreement": null
            }
        }
    },
    {
        "file_ID": "1061_0120433",
        "sent_NP_ID": "4_25",
        "sentence": "Liebe Grüße Tobias",
        "metadata": {
            "corpus": "MERLIN_DE"
        },
        "NP_info": {
            "len_np": 1,
            "coordination": null
        },
        "HEAD_info": {
            "head": {
                "H_TOK1": {
                    "word_type": "N",
                    "word_form": "Grüße",
                    "lemma": "Gruß",
                    "POS_STTS": "NN",
                    "index": "2",
                    "dep_rel": "root",
                    "head_index": "0",
                    "parser_morph_features": "Masc|_|Pl"
                }
            },
            "super_head": {}
        },
        "POST_info": {},
        "TOK_info": {
            "TOK1": {
                "word_type": "N",
                "word_form": "Tobias",
                "lemma": "Tobias",
                "POS_STTS": "NE",
                "index": "3",
                "dep_rel": "app",
                "head_index": "2",
                "parser_morph_features": "Masc|_|Sg",
                "possible_morph_features": []
            }
        },
        "relations": {}
    }
]