[
    {
        "file_ID": "1061_1202918",
        "sent_NP_ID": "1_1",
        "sentence": "Deutschland , den 28.02.2012 Liebe Dana , Dein Brief habe ich bekommt und schon gelesen .",
        "metadata": {
            "corpus": "MERLIN_DE"
        },
        "NP_info": {
            "len_np": 1,
            "coordination": null
        },
        "HEAD_info": {
            "head": {
                "H_TOK1": {
                    "word_type": "V",
                    "word_form": "habe",
                    "lemma": "haben",
                    "POS_STTS": "VAFIN",
                    "index": "10",
                    "dep_rel": "root",
                    "head_index": "0",
                    "parser_morph_features": "3|Sg|Pres|Subj"
                }
            },
            "super_head": {}
        },
        "POST_info": {
            "P_TOK1": {
                "word_type": "N",
                "word_form": "Liebe",
                "lemma": "Liebe",
                "POS_STTS": "NN",
                "index": "5",
                "dep_rel": "app",
                "head_index": "1",
                "parser_morph_features": "_|_|_"
            }
        },
        "TOK_info": {
            "TOK1": {
                "word_type": "N",
                "word_form": "Deutschland",
                "lemma": "Deutschland",
                "POS_STTS": "NE",
                "index": "1",
                "dep_rel": "vok",
                "head_index": "10",
                "parser_morph_features": "Neut|_|Sg",
                "possible_morph_features": []
            }
        },
        "relations": {}
    },
    {
        "file_ID": "1061_1202918",
        "sent_NP_ID": "1_2",
        "sentence": "Deutschland , den 28.02.2012 Liebe Dana , Dein Brief habe ich bekommt und schon gelesen .",
        "metadata": {
            "corpus": "MERLIN_DE"
        },
        "NP_info": {
            "len_np": 3,
            "coordination": null
        },
        "HEAD_info": {
            "head": {
                "H_TOK1": {
                    "word_type": "N",
                    "word_form": "Deutschland",
                    "lemma": "Deutschland",
                    "POS_STTS": "NE",
                    "index": "1",
                    "dep_rel": "vok",
                    "head_index": "10",
                    "parser_morph_features": "Neut|_|Sg"
                }
            },
            "super_head": {
                "SH_TOK1": {
                    "word_type": "V",
                    "word_form": "habe",
                    "lemma": "haben",
                    "POS_STTS": "VAFIN",
                    "index": "10",
                    "dep_rel": "root",
                    "head_index": "0",
                    "parser_morph_features": "3|Sg|Pres|Subj"
                }
            }
        },
        "POST_info": {
            "P_TOK1": {
                "word_type": "N",
                "word_form": "Dana",
                "lemma": "Dana",
                "POS_STTS": "NE",
                "index": "6",
                "dep_rel": "app",
                "head_index": "5",
                "parser_morph_features": "_|_|_"
            }
        },
        "TOK_info": {
            "TOK1": {
                "word_type": "ART",
                "word_form": "den",
                "lemma": "die",
                "POS_STTS": "ART",
                "index": "3",
                "dep_rel": "det",
                "head_index": "5",
                "parser_morph_features": "Def|_|_|_",
                "possible_morph_features": []
            },
            "TOK2": {
                "word_type": "CARD",
                "word_form": "28.02.2012",
                "lemma": "28.02.2012",
                "POS_STTS": "CARD",
                "index": "4",
                "dep_rel": "attr",
                "head_index": "5",
                "parser_morph_features": "_",
                "possible_morph_features": []
            },
            "TOK3": {
                "word_type": "N",
                "word_form": "Liebe",
                "lemma": "Liebe",
                "POS_STTS": "NN",
                "index": "5",
                "dep_rel": "app",
                "head_index": "1",
                "parser_morph_features": "_|_|_",
                "possible_morph_features": []
            }
        },
        "relations": {
            "rel_1": {
                "rel_type": "must_agree",
                "involved": [
                    "TOK3",
                    "TOK1"
                ],
                "ruler": "TOK3",
                "possible_agreement": null
            }
        }
    },
    {
        "file_ID": "1061_1202918",
        "sent_NP_ID": "1_3",
        "sentence": "Deutschland , den 28.02.2012 Liebe Dana , Dein Brief habe ich bekommt und schon gelesen .",
        "metadata": {
            "corpus": "MERLIN_DE"
        },
        "NP_info": {
            "len_np": 1,
            "coordination": null
        },
        "HEAD_info": {
            "head": {
                "H_TOK1": {
                    "word_type": "N",
                    "word_form": "Liebe",
                    "lemma": "Liebe",
                    "POS_STTS": "NN",
                    "index": "5",
                    "dep_rel": "app",
                    "head_index": "1",
                    "parser_morph_features": "_|_|_"
                }
            },
            "super_head": {
                "SH_TOK1": {
                    "word_type": "N",
                    "word_form": "Deutschland",
                    "lemma": "Deutschland",
                    "POS_STTS": "NE",
                    "index": "1",
                    "dep_rel": "vok",
                    "head_index": "10",
                    "parser_morph_features": "Neut|_|Sg"
                }
            }
        },
        "POST_info": {},
        "TOK_info": {
            "TOK1": {
                "word_type": "N",
                "word_form": "Dana",
                "lemma": "Dana",
                "POS_STTS": "NE",
                "index": "6",
                "dep_rel": "app",
                "head_index": "5",
                "parser_morph_features": "_|_|_",
                "possible_morph_features": []
            }
        },
        "relations": {}
    },
    {
        "file_ID": "1061_1202918",
        "sent_NP_ID": "1_4",
        "sentence": "Deutschland , den 28.02.2012 Liebe Dana , Dein Brief habe ich bekommt und schon gelesen .",
        "metadata": {
            "corpus": "MERLIN_DE"
        },
        "NP_info": {
            "len_np": 2,
            "coordination": null
        },
        "HEAD_info": {
            "head": {
                "H_TOK1": {
                    "word_type": "V",
                    "word_form": "habe",
                    "lemma": "haben",
                    "POS_STTS": "VAFIN",
                    "index": "10",
                    "dep_rel": "root",
                    "head_index": "0",
                    "parser_morph_features": "3|Sg|Pres|Subj"
                }
            },
            "super_head": {}
        },
        "POST_info": {},
        "TOK_info": {
            "TOK1": {
                "word_type": "ART",
                "word_form": "Dein",
                "lemma": "deine",
                "POS_STTS": "PPOSAT",
                "index": "8",
                "dep_rel": "det",
                "head_index": "9",
                "parser_morph_features": "Masc|Nom|Sg",
                "possible_morph_features": []
            },
            "TOK2": {
                "word_type": "N",
                "word_form": "Brief",
                "lemma": "Brief",
                "POS_STTS": "NN",
                "index": "9",
                "dep_rel": "subj",
                "head_index": "10",
                "parser_morph_features": "Masc|Nom|Sg",
                "possible_morph_features": []
            }
        },
        "relations": {
            "rel_1": {
                "rel_type": "must_agree",
                "involved": [
                    "TOK2",
                    "TOK1"
                ],
                "ruler": "TOK2",
                "possible_agreement": null
            }
        }
    },
    {
        "file_ID": "1061_1202918",
        "sent_NP_ID": "2_5",
        "sentence": "Zuerst sage ich dir Glückwunsch zur prüfung bestanden .",
        "metadata": {
            "corpus": "MERLIN_DE"
        },
        "NP_info": {
            "len_np": 1,
            "coordination": null
        },
        "HEAD_info": {
            "head": {
                "H_TOK1": {
                    "word_type": "V",
                    "word_form": "bestanden",
                    "lemma": "bestehen",
                    "POS_STTS": "VVPP",
                    "index": "8",
                    "dep_rel": "neb",
                    "head_index": "2",
                    "parser_morph_features": "_"
                }
            },
            "super_head": {
                "SH_TOK1": {
                    "word_type": "V",
                    "word_form": "sage",
                    "lemma": "sagen",
                    "POS_STTS": "VVFIN",
                    "index": "2",
                    "dep_rel": "root",
                    "head_index": "0",
                    "parser_morph_features": "1|Sg|Pres|_"
                }
            }
        },
        "POST_info": {
            "P_TOK1": {
                "word_type": "PREP",
                "word_form": "zur",
                "lemma": "zu",
                "POS_STTS": "APPRART",
                "index": "6",
                "dep_rel": "pp",
                "head_index": "5",
                "parser_morph_features": "Dat"
            }
        },
        "TOK_info": {
            "TOK1": {
                "word_type": "N",
                "word_form": "Glückwunsch",
                "lemma": "Glückwunsch",
                "POS_STTS": "NN",
                "index": "5",
                "dep_rel": "subj",
                "head_index": "8",
                "parser_morph_features": "Masc|Nom|Sg",
                "possible_morph_features": []
            }
        },
        "relations": {}
    },
    {
        "file_ID": "1061_1202918",
        "sent_NP_ID": "2_6",
        "sentence": "Zuerst sage ich dir Glückwunsch zur prüfung bestanden .",
        "metadata": {
            "corpus": "MERLIN_DE"
        },
        "NP_info": {
            "len_np": 1,
            "coordination": null
        },
        "HEAD_info": {
            "head": {
                "H_TOK1": {
                    "word_type": "PREP",
                    "word_form": "zur",
                    "lemma": "zu",
                    "POS_STTS": "APPRART",
                    "index": "6",
                    "dep_rel": "pp",
                    "head_index": "5",
                    "parser_morph_features": "Dat"
                }
            },
            "super_head": {
                "SH_TOK1": {
                    "word_type": "N",
                    "word_form": "Glückwunsch",
                    "lemma": "Glückwunsch",
                    "POS_STTS": "NN",
                    "index": "5",
                    "dep_rel": "subj",
                    "head_index": "8",
                    "parser_morph_features": "Masc|Nom|Sg"
                }
            }
        },
        "POST_info": {},
        "TOK_info": {
            "TOK1": {
                "word_type": "N",
                "word_form": "prüfung",
                "lemma": "prüfung",
                "POS_STTS": "NN",
                "index": "7",
                "dep_rel": "pn",
                "head_index": "6",
                "parser_morph_features": "_|Dat|_",
                "possible_morph_features": []
            }
        },
        "relations": {
            "rel_1": {
                "rel_type": "must_agree",
                "involved": [
                    "TOK1",
                    "H_TOK1"
                ],
                "ruler": "TOK1",
                "possible_agreement": null
            }
        }
    },
    {
        "file_ID": "1061_1202918",
        "sent_NP_ID": "4_7",
        "sentence": "Ich würde aus Instanbul etwas suverieren habe .",
        "metadata": {
            "corpus": "MERLIN_DE"
        },
        "NP_info": {
            "len_np": 1,
            "coordination": null
        },
        "HEAD_info": {
            "head": {
                "H_TOK1": {
                    "word_type": "PREP",
                    "word_form": "aus",
                    "lemma": "aus",
                    "POS_STTS": "APPR",
                    "index": "3",
                    "dep_rel": "pp",
                    "head_index": "6",
                    "parser_morph_features": "Dat"
                }
            },
            "super_head": {
                "SH_TOK1": {
                    "word_type": "V",
                    "word_form": "suverieren",
                    "lemma": "suverieren",
                    "POS_STTS": "VVPP",
                    "index": "6",
                    "dep_rel": "aux",
                    "head_index": "2",
                    "parser_morph_features": "_"
                }
            }
        },
        "POST_info": {},
        "TOK_info": {
            "TOK1": {
                "word_type": "N",
                "word_form": "Instanbul",
                "lemma": "Instanbul",
                "POS_STTS": "NE",
                "index": "4",
                "dep_rel": "pn",
                "head_index": "3",
                "parser_morph_features": "_|Dat|_",
                "possible_morph_features": []
            }
        },
        "relations": {}
    },
    {
        "file_ID": "1061_1202918",
        "sent_NP_ID": "5_8",
        "sentence": "Bringst du mir mit wann du hier in Deutschland kommen .",
        "metadata": {
            "corpus": "MERLIN_DE"
        },
        "NP_info": {
            "len_np": 1,
            "coordination": null
        },
        "HEAD_info": {
            "head": {
                "H_TOK1": {
                    "word_type": "PREP",
                    "word_form": "in",
                    "lemma": "in",
                    "POS_STTS": "APPR",
                    "index": "8",
                    "dep_rel": "pp",
                    "head_index": "10",
                    "parser_morph_features": "_"
                }
            },
            "super_head": {
                "SH_TOK1": {
                    "word_type": "V",
                    "word_form": "kommen",
                    "lemma": "kommen",
                    "POS_STTS": "VVFIN",
                    "index": "10",
                    "dep_rel": "objc",
                    "head_index": "1",
                    "parser_morph_features": "_|Pl|Pres|_"
                }
            }
        },
        "POST_info": {},
        "TOK_info": {
            "TOK1": {
                "word_type": "N",
                "word_form": "Deutschland",
                "lemma": "Deutschland",
                "POS_STTS": "NE",
                "index": "9",
                "dep_rel": "pn",
                "head_index": "8",
                "parser_morph_features": "Neut|_|Sg",
                "possible_morph_features": []
            }
        },
        "relations": {}
    },
    {
        "file_ID": "1061_1202918",
        "sent_NP_ID": "6_9",
        "sentence": "Dann , habe ich auch Verwandte in Ausland .",
        "metadata": {
            "corpus": "MERLIN_DE"
        },
        "NP_info": {
            "len_np": 1,
            "coordination": null
        },
        "HEAD_info": {
            "head": {
                "H_TOK1": {
                    "word_type": "V",
                    "word_form": "habe",
                    "lemma": "haben",
                    "POS_STTS": "VAFIN",
                    "index": "3",
                    "dep_rel": "root",
                    "head_index": "0",
                    "parser_morph_features": "1|Sg|Pres|_"
                }
            },
            "super_head": {}
        },
        "POST_info": {},
        "TOK_info": {
            "TOK1": {
                "word_type": "N",
                "word_form": "Verwandte",
                "lemma": "Verwandte",
                "POS_STTS": "NN",
                "index": "6",
                "dep_rel": "obja",
                "head_index": "3",
                "parser_morph_features": "_|Acc|_",
                "possible_morph_features": []
            }
        },
        "relations": {}
    },
    {
        "file_ID": "1061_1202918",
        "sent_NP_ID": "6_10",
        "sentence": "Dann , habe ich auch Verwandte in Ausland .",
        "metadata": {
            "corpus": "MERLIN_DE"
        },
        "NP_info": {
            "len_np": 1,
            "coordination": null
        },
        "HEAD_info": {
            "head": {
                "H_TOK1": {
                    "word_type": "PREP",
                    "word_form": "in",
                    "lemma": "in",
                    "POS_STTS": "APPR",
                    "index": "7",
                    "dep_rel": "pp",
                    "head_index": "3",
                    "parser_morph_features": "_"
                }
            },
            "super_head": {
                "SH_TOK1": {
                    "word_type": "V",
                    "word_form": "habe",
                    "lemma": "haben",
                    "POS_STTS": "VAFIN",
                    "index": "3",
                    "dep_rel": "root",
                    "head_index": "0",
                    "parser_morph_features": "1|Sg|Pres|_"
                }
            }
        },
        "POST_info": {},
        "TOK_info": {
            "TOK1": {
                "word_type": "N",
                "word_form": "Ausland",
                "lemma": "Ausland",
                "POS_STTS": "NN",
                "index": "8",
                "dep_rel": "pn",
                "head_index": "7",
                "parser_morph_features": "Neut|_|Sg",
                "possible_morph_features": []
            }
        },
        "relations": {}
    },
    {
        "file_ID": "1061_1202918",
        "sent_NP_ID": "7_11",
        "sentence": "Mein Onkel lebt in Italien und meine Kusine lebt in Grischland .",
        "metadata": {
            "corpus": "MERLIN_DE"
        },
        "NP_info": {
            "len_np": 2,
            "coordination": null
        },
        "HEAD_info": {
            "head": {
                "H_TOK1": {
                    "word_type": "V",
                    "word_form": "lebt",
                    "lemma": "leben",
                    "POS_STTS": "VVFIN",
                    "index": "3",
                    "dep_rel": "root",
                    "head_index": "0",
                    "parser_morph_features": "3|Sg|Pres|Ind"
                }
            },
            "super_head": {}
        },
        "POST_info": {},
        "TOK_info": {
            "TOK1": {
                "word_type": "ART",
                "word_form": "Mein",
                "lemma": "meine",
                "POS_STTS": "PPOSAT",
                "index": "1",
                "dep_rel": "det",
                "head_index": "2",
                "parser_morph_features": "Masc|Nom|Sg",
                "possible_morph_features": []
            },
            "TOK2": {
                "word_type": "N",
                "word_form": "Onkel",
                "lemma": "Onkel",
                "POS_STTS": "NN",
                "index": "2",
                "dep_rel": "subj",
                "head_index": "3",
                "parser_morph_features": "Masc|Nom|Sg",
                "possible_morph_features": []
            }
        },
        "relations": {
            "rel_1": {
                "rel_type": "must_agree",
                "involved": [
                    "TOK2",
                    "TOK1"
                ],
                "ruler": "TOK2",
                "possible_agreement": null
            }
        }
    },
    {
        "file_ID": "1061_1202918",
        "sent_NP_ID": "7_12",
        "sentence": "Mein Onkel lebt in Italien und meine Kusine lebt in Grischland .",
        "metadata": {
            "corpus": "MERLIN_DE"
        },
        "NP_info": {
            "len_np": 1,
            "coordination": null
        },
        "HEAD_info": {
            "head": {
                "H_TOK1": {
                    "word_type": "PREP",
                    "word_form": "in",
                    "lemma": "in",
                    "POS_STTS": "APPR",
                    "index": "4",
                    "dep_rel": "pp",
                    "head_index": "3",
                    "parser_morph_features": "_"
                }
            },
            "super_head": {
                "SH_TOK1": {
                    "word_type": "V",
                    "word_form": "lebt",
                    "lemma": "leben",
                    "POS_STTS": "VVFIN",
                    "index": "3",
                    "dep_rel": "root",
                    "head_index": "0",
                    "parser_morph_features": "3|Sg|Pres|Ind"
                }
            }
        },
        "POST_info": {},
        "TOK_info": {
            "TOK1": {
                "word_type": "N",
                "word_form": "Italien",
                "lemma": "Italien",
                "POS_STTS": "NE",
                "index": "5",
                "dep_rel": "pn",
                "head_index": "4",
                "parser_morph_features": "Neut|_|Sg",
                "possible_morph_features": []
            }
        },
        "relations": {}
    },
    {
        "file_ID": "1061_1202918",
        "sent_NP_ID": "7_13",
        "sentence": "Mein Onkel lebt in Italien und meine Kusine lebt in Grischland .",
        "metadata": {
            "corpus": "MERLIN_DE"
        },
        "NP_info": {
            "len_np": 2,
            "coordination": null
        },
        "HEAD_info": {
            "head": {
                "H_TOK1": {
                    "word_type": "V",
                    "word_form": "lebt",
                    "lemma": "leben",
                    "POS_STTS": "VVFIN",
                    "index": "9",
                    "dep_rel": "cj",
                    "head_index": "6",
                    "parser_morph_features": "3|Sg|Pres|Ind"
                }
            },
            "super_head": {
                "SH_TOK1": {
                    "word_type": "KON",
                    "word_form": "und",
                    "lemma": "und",
                    "POS_STTS": "KON",
                    "index": "6",
                    "dep_rel": "kon",
                    "head_index": "3",
                    "parser_morph_features": "_"
                }
            }
        },
        "POST_info": {},
        "TOK_info": {
            "TOK1": {
                "word_type": "ART",
                "word_form": "meine",
                "lemma": "meine",
                "POS_STTS": "PPOSAT",
                "index": "7",
                "dep_rel": "det",
                "head_index": "8",
                "parser_morph_features": "Fem|Nom|Sg",
                "possible_morph_features": []
            },
            "TOK2": {
                "word_type": "N",
                "word_form": "Kusine",
                "lemma": "Kusine",
                "POS_STTS": "NN",
                "index": "8",
                "dep_rel": "subj",
                "head_index": "9",
                "parser_morph_features": "Fem|Nom|Sg",
                "possible_morph_features": []
            }
        },
        "relations": {
            "rel_1": {
                "rel_type": "must_agree",
                "involved": [
                    "TOK2",
                    "TOK1"
                ],
                "ruler": "TOK2",
                "possible_agreement": null
            }
        }
    },
    {
        "file_ID": "1061_1202918",
        "sent_NP_ID": "7_14",
        "sentence": "Mein Onkel lebt in Italien und meine Kusine lebt in Grischland .",
        "metadata": {
            "corpus": "MERLIN_DE"
        },
        "NP_info": {
            "len_np": 1,
            "coordination": null
        },
        "HEAD_info": {
            "head": {
                "H_TOK1": {
                    "word_type": "PREP",
                    "word_form": "in",
                    "lemma": "in",
                    "POS_STTS": "APPR",
                    "index": "10",
                    "dep_rel": "pp",
                    "head_index": "9",
                    "parser_morph_features": "_"
                }
            },
            "super_head": {
                "SH_TOK1": {
                    "word_type": "V",
                    "word_form": "lebt",
                    "lemma": "leben",
                    "POS_STTS": "VVFIN",
                    "index": "9",
                    "dep_rel": "cj",
                    "head_index": "6",
                    "parser_morph_features": "3|Sg|Pres|Ind"
                }
            }
        },
        "POST_info": {},
        "TOK_info": {
            "TOK1": {
                "word_type": "N",
                "word_form": "Grischland",
                "lemma": "Grischland",
                "POS_STTS": "NE",
                "index": "11",
                "dep_rel": "pn",
                "head_index": "10",
                "parser_morph_features": "_|_|_",
                "possible_morph_features": []
            }
        },
        "relations": {}
    },
    {
        "file_ID": "1061_1202918",
        "sent_NP_ID": "8_15",
        "sentence": "Ich habe auch viel lust bei mein Onkel in Italien gehen .",
        "metadata": {
            "corpus": "MERLIN_DE"
        },
        "NP_info": {
            "len_np": 2,
            "coordination": null
        },
        "HEAD_info": {
            "head": {
                "H_TOK1": {
                    "word_type": "V",
                    "word_form": "habe",
                    "lemma": "haben",
                    "POS_STTS": "VAFIN",
                    "index": "2",
                    "dep_rel": "root",
                    "head_index": "0",
                    "parser_morph_features": "1|Sg|Pres|_"
                }
            },
            "super_head": {}
        },
        "POST_info": {},
        "TOK_info": {
            "TOK1": {
                "word_type": "ART",
                "word_form": "viel",
                "lemma": "viel",
                "POS_STTS": "PIDAT",
                "index": "4",
                "dep_rel": "det",
                "head_index": "5",
                "parser_morph_features": "_|_|_",
                "possible_morph_features": []
            },
            "TOK2": {
                "word_type": "N",
                "word_form": "lust",
                "lemma": "lust",
                "POS_STTS": "NN",
                "index": "5",
                "dep_rel": "obja",
                "head_index": "2",
                "parser_morph_features": "_|_|_",
                "possible_morph_features": []
            }
        },
        "relations": {
            "rel_1": {
                "rel_type": "must_agree",
                "involved": [
                    "TOK2",
                    "TOK1"
                ],
                "ruler": "TOK2",
                "possible_agreement": null
            }
        }
    },
    {
        "file_ID": "1061_1202918",
        "sent_NP_ID": "8_16",
        "sentence": "Ich habe auch viel lust bei mein Onkel in Italien gehen .",
        "metadata": {
            "corpus": "MERLIN_DE"
        },
        "NP_info": {
            "len_np": 2,
            "coordination": null
        },
        "HEAD_info": {
            "head": {
                "H_TOK1": {
                    "word_type": "PREP",
                    "word_form": "bei",
                    "lemma": "bei",
                    "POS_STTS": "APPR",
                    "index": "6",
                    "dep_rel": "pp",
                    "head_index": "2",
                    "parser_morph_features": "Dat"
                }
            },
            "super_head": {
                "SH_TOK1": {
                    "word_type": "V",
                    "word_form": "habe",
                    "lemma": "haben",
                    "POS_STTS": "VAFIN",
                    "index": "2",
                    "dep_rel": "root",
                    "head_index": "0",
                    "parser_morph_features": "1|Sg|Pres|_"
                }
            }
        },
        "POST_info": {},
        "TOK_info": {
            "TOK1": {
                "word_type": "ART",
                "word_form": "mein",
                "lemma": "meine",
                "POS_STTS": "PPOSAT",
                "index": "7",
                "dep_rel": "det",
                "head_index": "8",
                "parser_morph_features": "Masc|Nom|Sg",
                "possible_morph_features": []
            },
            "TOK2": {
                "word_type": "N",
                "word_form": "Onkel",
                "lemma": "Onkel",
                "POS_STTS": "NN",
                "index": "8",
                "dep_rel": "pn",
                "head_index": "6",
                "parser_morph_features": "Masc|Nom|Sg",
                "possible_morph_features": []
            }
        },
        "relations": {
            "rel_1": {
                "rel_type": "must_agree",
                "involved": [
                    "TOK2",
                    "TOK1"
                ],
                "ruler": "TOK2",
                "possible_agreement": null
            }
        }
    },
    {
        "file_ID": "1061_1202918",
        "sent_NP_ID": "8_17",
        "sentence": "Ich habe auch viel lust bei mein Onkel in Italien gehen .",
        "metadata": {
            "corpus": "MERLIN_DE"
        },
        "NP_info": {
            "len_np": 1,
            "coordination": null
        },
        "HEAD_info": {
            "head": {
                "H_TOK1": {
                    "word_type": "PREP",
                    "word_form": "in",
                    "lemma": "in",
                    "POS_STTS": "APPR",
                    "index": "9",
                    "dep_rel": "pp",
                    "head_index": "2",
                    "parser_morph_features": "_"
                }
            },
            "super_head": {
                "SH_TOK1": {
                    "word_type": "V",
                    "word_form": "habe",
                    "lemma": "haben",
                    "POS_STTS": "VAFIN",
                    "index": "2",
                    "dep_rel": "root",
                    "head_index": "0",
                    "parser_morph_features": "1|Sg|Pres|_"
                }
            }
        },
        "POST_info": {},
        "TOK_info": {
            "TOK1": {
                "word_type": "N",
                "word_form": "Italien",
                "lemma": "Italien",
                "POS_STTS": "NE",
                "index": "10",
                "dep_rel": "pn",
                "head_index": "9",
                "parser_morph_features": "Neut|_|Sg",
                "possible_morph_features": []
            }
        },
        "relations": {}
    },
    {
        "file_ID": "1061_1202918",
        "sent_NP_ID": "9_18",
        "sentence": "In moment gehe ich nicht , weil ich zum Deutschkurs gehen .",
        "metadata": {
            "corpus": "MERLIN_DE"
        },
        "NP_info": {
            "len_np": 1,
            "coordination": null
        },
        "HEAD_info": {
            "head": {
                "H_TOK1": {
                    "word_type": "PREP",
                    "word_form": "zum",
                    "lemma": "zu",
                    "POS_STTS": "APPRART",
                    "index": "9",
                    "dep_rel": "objp",
                    "head_index": "11",
                    "parser_morph_features": "Dat"
                }
            },
            "super_head": {
                "SH_TOK1": {
                    "word_type": "V",
                    "word_form": "gehen",
                    "lemma": "gehen",
                    "POS_STTS": "VVFIN",
                    "index": "11",
                    "dep_rel": "root",
                    "head_index": "0",
                    "parser_morph_features": "_|Pl|Pres|_"
                }
            }
        },
        "POST_info": {},
        "TOK_info": {
            "TOK1": {
                "word_type": "N",
                "word_form": "Deutschkurs",
                "lemma": "Deutschkurs",
                "POS_STTS": "NN",
                "index": "10",
                "dep_rel": "pn",
                "head_index": "9",
                "parser_morph_features": "Masc|Dat|Sg",
                "possible_morph_features": []
            }
        },
        "relations": {
            "rel_1": {
                "rel_type": "must_agree",
                "involved": [
                    "TOK1",
                    "H_TOK1"
                ],
                "ruler": "TOK1",
                "possible_agreement": null
            }
        }
    },
    {
        "file_ID": "1061_1202918",
        "sent_NP_ID": "10_19",
        "sentence": "wenn Deutschkurs beende ist , würde ich bei mein Onkel in Italien gehen .",
        "metadata": {
            "corpus": "MERLIN_DE"
        },
        "NP_info": {
            "len_np": 1,
            "coordination": null
        },
        "HEAD_info": {
            "head": {
                "H_TOK1": {
                    "word_type": "V",
                    "word_form": "beende",
                    "lemma": "beenden",
                    "POS_STTS": "VVFIN",
                    "index": "3",
                    "dep_rel": "neb",
                    "head_index": "4",
                    "parser_morph_features": "3|Sg|Pres|Subj"
                }
            },
            "super_head": {
                "SH_TOK1": {
                    "word_type": "V",
                    "word_form": "ist",
                    "lemma": "sein",
                    "POS_STTS": "VAFIN",
                    "index": "4",
                    "dep_rel": "root",
                    "head_index": "0",
                    "parser_morph_features": "3|Sg|Pres|Ind"
                }
            }
        },
        "POST_info": {},
        "TOK_info": {
            "TOK1": {
                "word_type": "N",
                "word_form": "Deutschkurs",
                "lemma": "Deutschkurs",
                "POS_STTS": "NN",
                "index": "2",
                "dep_rel": "subj",
                "head_index": "3",
                "parser_morph_features": "Masc|Nom|Sg",
                "possible_morph_features": []
            }
        },
        "relations": {}
    },
    {
        "file_ID": "1061_1202918",
        "sent_NP_ID": "10_20",
        "sentence": "wenn Deutschkurs beende ist , würde ich bei mein Onkel in Italien gehen .",
        "metadata": {
            "corpus": "MERLIN_DE"
        },
        "NP_info": {
            "len_np": 2,
            "coordination": null
        },
        "HEAD_info": {
            "head": {
                "H_TOK1": {
                    "word_type": "PREP",
                    "word_form": "bei",
                    "lemma": "bei",
                    "POS_STTS": "APPR",
                    "index": "8",
                    "dep_rel": "pp",
                    "head_index": "13",
                    "parser_morph_features": "Dat"
                }
            },
            "super_head": {
                "SH_TOK1": {
                    "word_type": "V",
                    "word_form": "gehen",
                    "lemma": "gehen",
                    "POS_STTS": "VVINF",
                    "index": "13",
                    "dep_rel": "aux",
                    "head_index": "6",
                    "parser_morph_features": "_"
                }
            }
        },
        "POST_info": {},
        "TOK_info": {
            "TOK1": {
                "word_type": "ART",
                "word_form": "mein",
                "lemma": "meine",
                "POS_STTS": "PPOSAT",
                "index": "9",
                "dep_rel": "det",
                "head_index": "10",
                "parser_morph_features": "Masc|Nom|Sg",
                "possible_morph_features": []
            },
            "TOK2": {
                "word_type": "N",
                "word_form": "Onkel",
                "lemma": "Onkel",
                "POS_STTS": "NN",
                "index": "10",
                "dep_rel": "pn",
                "head_index": "8",
                "parser_morph_features": "Masc|Nom|Sg",
                "possible_morph_features": []
            }
        },
        "relations": {
            "rel_1": {
                "rel_type": "must_agree",
                "involved": [
                    "TOK2",
                    "TOK1"
                ],
                "ruler": "TOK2",
                "possible_agreement": null
            }
        }
    },
    {
        "file_ID": "1061_1202918",
        "sent_NP_ID": "10_21",
        "sentence": "wenn Deutschkurs beende ist , würde ich bei mein Onkel in Italien gehen .",
        "metadata": {
            "corpus": "MERLIN_DE"
        },
        "NP_info": {
            "len_np": 1,
            "coordination": null
        },
        "HEAD_info": {
            "head": {
                "H_TOK1": {
                    "word_type": "PREP",
                    "word_form": "in",
                    "lemma": "in",
                    "POS_STTS": "APPR",
                    "index": "11",
                    "dep_rel": "pp",
                    "head_index": "13",
                    "parser_morph_features": "_"
                }
            },
            "super_head": {
                "SH_TOK1": {
                    "word_type": "V",
                    "word_form": "gehen",
                    "lemma": "gehen",
                    "POS_STTS": "VVINF",
                    "index": "13",
                    "dep_rel": "aux",
                    "head_index": "6",
                    "parser_morph_features": "_"
                }
            }
        },
        "POST_info": {},
        "TOK_info": {
            "TOK1": {
                "word_type": "N",
                "word_form": "Italien",
                "lemma": "Italien",
                "POS_STTS": "NE",
                "index": "12",
                "dep_rel": "pn",
                "head_index": "11",
                "parser_morph_features": "Neut|_|Sg",
                "possible_morph_features": []
            }
        },
        "relations": {}
    },
    {
        "file_ID": "1061_1202918",
        "sent_NP_ID": "11_22",
        "sentence": "Dana , wann kommst du zu Hause nach Deutschland , komme ich gerne bei dir , weil ich viel interess habe was du in Instanbul gesehen hast .",
        "metadata": {
            "corpus": "MERLIN_DE"
        },
        "NP_info": {
            "len_np": 1,
            "coordination": null
        },
        "HEAD_info": {
            "head": {
                "H_TOK1": {
                    "word_type": "V",
                    "word_form": "komme",
                    "lemma": "kommen",
                    "POS_STTS": "VVFIN",
                    "index": "11",
                    "dep_rel": "root",
                    "head_index": "0",
                    "parser_morph_features": "1|Sg|Pres|_"
                }
            },
            "super_head": {}
        },
        "POST_info": {},
        "TOK_info": {
            "TOK1": {
                "word_type": "N",
                "word_form": "Dana",
                "lemma": "Dana",
                "POS_STTS": "NE",
                "index": "1",
                "dep_rel": "vok",
                "head_index": "11",
                "parser_morph_features": "_",
                "possible_morph_features": []
            }
        },
        "relations": {}
    },
    {
        "file_ID": "1061_1202918",
        "sent_NP_ID": "11_23",
        "sentence": "Dana , wann kommst du zu Hause nach Deutschland , komme ich gerne bei dir , weil ich viel interess habe was du in Instanbul gesehen hast .",
        "metadata": {
            "corpus": "MERLIN_DE"
        },
        "NP_info": {
            "len_np": 1,
            "coordination": null
        },
        "HEAD_info": {
            "head": {
                "H_TOK1": {
                    "word_type": "PREP",
                    "word_form": "zu",
                    "lemma": "zu",
                    "POS_STTS": "APPR",
                    "index": "6",
                    "dep_rel": "objp",
                    "head_index": "4",
                    "parser_morph_features": "Dat"
                }
            },
            "super_head": {
                "SH_TOK1": {
                    "word_type": "V",
                    "word_form": "kommst",
                    "lemma": "kommen",
                    "POS_STTS": "VVFIN",
                    "index": "4",
                    "dep_rel": "objc",
                    "head_index": "11",
                    "parser_morph_features": "2|Sg|Pres|Ind"
                }
            }
        },
        "POST_info": {
            "P_TOK1": {
                "word_type": "PREP",
                "word_form": "nach",
                "lemma": "nach",
                "POS_STTS": "APPR",
                "index": "8",
                "dep_rel": "pp",
                "head_index": "7",
                "parser_morph_features": "Dat"
            }
        },
        "TOK_info": {
            "TOK1": {
                "word_type": "N",
                "word_form": "Hause",
                "lemma": "Haus",
                "POS_STTS": "NN",
                "index": "7",
                "dep_rel": "pn",
                "head_index": "6",
                "parser_morph_features": "Neut|Dat|Sg",
                "possible_morph_features": []
            }
        },
        "relations": {}
    },
    {
        "file_ID": "1061_1202918",
        "sent_NP_ID": "11_24",
        "sentence": "Dana , wann kommst du zu Hause nach Deutschland , komme ich gerne bei dir , weil ich viel interess habe was du in Instanbul gesehen hast .",
        "metadata": {
            "corpus": "MERLIN_DE"
        },
        "NP_info": {
            "len_np": 1,
            "coordination": null
        },
        "HEAD_info": {
            "head": {
                "H_TOK1": {
                    "word_type": "PREP",
                    "word_form": "nach",
                    "lemma": "nach",
                    "POS_STTS": "APPR",
                    "index": "8",
                    "dep_rel": "pp",
                    "head_index": "7",
                    "parser_morph_features": "Dat"
                }
            },
            "super_head": {
                "SH_TOK1": {
                    "word_type": "N",
                    "word_form": "Hause",
                    "lemma": "Haus",
                    "POS_STTS": "NN",
                    "index": "7",
                    "dep_rel": "pn",
                    "head_index": "6",
                    "parser_morph_features": "Neut|Dat|Sg"
                }
            }
        },
        "POST_info": {},
        "TOK_info": {
            "TOK1": {
                "word_type": "N",
                "word_form": "Deutschland",
                "lemma": "Deutschland",
                "POS_STTS": "NE",
                "index": "9",
                "dep_rel": "pn",
                "head_index": "8",
                "parser_morph_features": "Neut|Dat|Sg",
                "possible_morph_features": []
            }
        },
        "relations": {}
    },
    {
        "file_ID": "1061_1202918",
        "sent_NP_ID": "11_25",
        "sentence": "Dana , wann kommst du zu Hause nach Deutschland , komme ich gerne bei dir , weil ich viel interess habe was du in Instanbul gesehen hast .",
        "metadata": {
            "corpus": "MERLIN_DE"
        },
        "NP_info": {
            "len_np": 1,
            "coordination": null
        },
        "HEAD_info": {
            "head": {
                "H_TOK1": {
                    "word_type": "PREP",
                    "word_form": "in",
                    "lemma": "in",
                    "POS_STTS": "APPR",
                    "index": "24",
                    "dep_rel": "pp",
                    "head_index": "23",
                    "parser_morph_features": "_"
                }
            },
            "super_head": {
                "SH_TOK1": {
                    "word_type": "PRO",
                    "word_form": "du",
                    "lemma": "du",
                    "POS_STTS": "PPER",
                    "index": "23",
                    "dep_rel": "subj",
                    "head_index": "27",
                    "parser_morph_features": "2|Sg|_|Nom"
                }
            }
        },
        "POST_info": {},
        "TOK_info": {
            "TOK1": {
                "word_type": "N",
                "word_form": "Instanbul",
                "lemma": "Instanbul",
                "POS_STTS": "NE",
                "index": "25",
                "dep_rel": "pn",
                "head_index": "24",
                "parser_morph_features": "_|_|_",
                "possible_morph_features": []
            }
        },
        "relations": {}
    },
    {
        "file_ID": "1061_1202918",
        "sent_NP_ID": "12_26",
        "sentence": "Bis bald Maria",
        "metadata": {
            "corpus": "MERLIN_DE"
        },
        "NP_info": {
            "len_np": 2,
            "coordination": null
        },
        "HEAD_info": {
            "head": {
                "H_TOK1": {
                    "word_type": "PREP",
                    "word_form": "Bis",
                    "lemma": "bis",
                    "POS_STTS": "APPR",
                    "index": "1",
                    "dep_rel": "root",
                    "head_index": "0",
                    "parser_morph_features": "Acc"
                }
            },
            "super_head": {}
        },
        "POST_info": {},
        "TOK_info": {
            "TOK1": {
                "word_type": "ADV",
                "word_form": "bald",
                "lemma": "bald",
                "POS_STTS": "ADV",
                "index": "2",
                "dep_rel": "adv",
                "head_index": "3",
                "parser_morph_features": "_",
                "possible_morph_features": []
            },
            "TOK2": {
                "word_type": "N",
                "word_form": "Maria",
                "lemma": "Maria",
                "POS_STTS": "NE",
                "index": "3",
                "dep_rel": "pn",
                "head_index": "1",
                "parser_morph_features": "_|Acc|Sg",
                "possible_morph_features": []
            }
        },
        "relations": {}
    }
]