[
    {
        "file_ID": "1061_0120403",
        "sent_NP_ID": "1_1",
        "sentence": "Stadt X , den 5.03.12 Liebe Dana , ich vermisse dich so sehr .",
        "metadata": {
            "corpus": "MERLIN_DE"
        },
        "NP_info": {
            "len_np": 1,
            "coordination": null
        },
        "HEAD_info": {
            "head": {
                "H_TOK1": {
                    "word_type": "V",
                    "word_form": "vermisse",
                    "lemma": "vermissen",
                    "POS_STTS": "VVFIN",
                    "index": "10",
                    "dep_rel": "root",
                    "head_index": "0",
                    "parser_morph_features": "1|Sg|Pres|_"
                }
            },
            "super_head": {}
        },
        "POST_info": {
            "P_TOK1": {
                "word_type": "N",
                "word_form": "X",
                "lemma": "X",
                "POS_STTS": "NE",
                "index": "2",
                "dep_rel": "app",
                "head_index": "1",
                "parser_morph_features": "_|_|_"
            }
        },
        "TOK_info": {
            "TOK1": {
                "word_type": "N",
                "word_form": "Stadt",
                "lemma": "Stadt",
                "POS_STTS": "NN",
                "index": "1",
                "dep_rel": "vok",
                "head_index": "10",
                "parser_morph_features": "Fem|_|Sg",
                "possible_morph_features": []
            }
        },
        "relations": {}
    },
    {
        "file_ID": "1061_0120403",
        "sent_NP_ID": "1_2",
        "sentence": "Stadt X , den 5.03.12 Liebe Dana , ich vermisse dich so sehr .",
        "metadata": {
            "corpus": "MERLIN_DE"
        },
        "NP_info": {
            "len_np": 1,
            "coordination": null
        },
        "HEAD_info": {
            "head": {
                "H_TOK1": {
                    "word_type": "N",
                    "word_form": "Stadt",
                    "lemma": "Stadt",
                    "POS_STTS": "NN",
                    "index": "1",
                    "dep_rel": "vok",
                    "head_index": "10",
                    "parser_morph_features": "Fem|_|Sg"
                }
            },
            "super_head": {
                "SH_TOK1": {
                    "word_type": "V",
                    "word_form": "vermisse",
                    "lemma": "vermissen",
                    "POS_STTS": "VVFIN",
                    "index": "10",
                    "dep_rel": "root",
                    "head_index": "0",
                    "parser_morph_features": "1|Sg|Pres|_"
                }
            }
        },
        "POST_info": {
            "P_TOK1": {
                "word_type": "N",
                "word_form": "Liebe",
                "lemma": "Liebe",
                "POS_STTS": "NN",
                "index": "6",
                "dep_rel": "app",
                "head_index": "2",
                "parser_morph_features": "_|_|_"
            }
        },
        "TOK_info": {
            "TOK1": {
                "word_type": "N",
                "word_form": "X",
                "lemma": "X",
                "POS_STTS": "NE",
                "index": "2",
                "dep_rel": "app",
                "head_index": "1",
                "parser_morph_features": "_|_|_",
                "possible_morph_features": []
            }
        },
        "relations": {}
    },
    {
        "file_ID": "1061_0120403",
        "sent_NP_ID": "1_3",
        "sentence": "Stadt X , den 5.03.12 Liebe Dana , ich vermisse dich so sehr .",
        "metadata": {
            "corpus": "MERLIN_DE"
        },
        "NP_info": {
            "len_np": 3,
            "coordination": null
        },
        "HEAD_info": {
            "head": {
                "H_TOK1": {
                    "word_type": "N",
                    "word_form": "X",
                    "lemma": "X",
                    "POS_STTS": "NE",
                    "index": "2",
                    "dep_rel": "app",
                    "head_index": "1",
                    "parser_morph_features": "_|_|_"
                }
            },
            "super_head": {
                "SH_TOK1": {
                    "word_type": "N",
                    "word_form": "Stadt",
                    "lemma": "Stadt",
                    "POS_STTS": "NN",
                    "index": "1",
                    "dep_rel": "vok",
                    "head_index": "10",
                    "parser_morph_features": "Fem|_|Sg"
                }
            }
        },
        "POST_info": {
            "P_TOK1": {
                "word_type": "N",
                "word_form": "Dana",
                "lemma": "Dana",
                "POS_STTS": "NE",
                "index": "7",
                "dep_rel": "app",
                "head_index": "6",
                "parser_morph_features": "_|_|_"
            }
        },
        "TOK_info": {
            "TOK1": {
                "word_type": "ART",
                "word_form": "den",
                "lemma": "die",
                "POS_STTS": "ART",
                "index": "4",
                "dep_rel": "det",
                "head_index": "6",
                "parser_morph_features": "Def|_|_|_",
                "possible_morph_features": []
            },
            "TOK2": {
                "word_type": "CARD",
                "word_form": "5.03.12",
                "lemma": "5.03.12",
                "POS_STTS": "CARD",
                "index": "5",
                "dep_rel": "attr",
                "head_index": "6",
                "parser_morph_features": "_",
                "possible_morph_features": []
            },
            "TOK3": {
                "word_type": "N",
                "word_form": "Liebe",
                "lemma": "Liebe",
                "POS_STTS": "NN",
                "index": "6",
                "dep_rel": "app",
                "head_index": "2",
                "parser_morph_features": "_|_|_",
                "possible_morph_features": []
            }
        },
        "relations": {
            "rel_1": {
                "rel_type": "must_agree",
                "involved": [
                    "TOK3",
                    "TOK1"
                ],
                "ruler": "TOK3",
                "possible_agreement": null
            }
        }
    },
    {
        "file_ID": "1061_0120403",
        "sent_NP_ID": "1_4",
        "sentence": "Stadt X , den 5.03.12 Liebe Dana , ich vermisse dich so sehr .",
        "metadata": {
            "corpus": "MERLIN_DE"
        },
        "NP_info": {
            "len_np": 1,
            "coordination": null
        },
        "HEAD_info": {
            "head": {
                "H_TOK1": {
                    "word_type": "N",
                    "word_form": "Liebe",
                    "lemma": "Liebe",
                    "POS_STTS": "NN",
                    "index": "6",
                    "dep_rel": "app",
                    "head_index": "2",
                    "parser_morph_features": "_|_|_"
                }
            },
            "super_head": {
                "SH_TOK1": {
                    "word_type": "N",
                    "word_form": "X",
                    "lemma": "X",
                    "POS_STTS": "NE",
                    "index": "2",
                    "dep_rel": "app",
                    "head_index": "1",
                    "parser_morph_features": "_|_|_"
                }
            }
        },
        "POST_info": {},
        "TOK_info": {
            "TOK1": {
                "word_type": "N",
                "word_form": "Dana",
                "lemma": "Dana",
                "POS_STTS": "NE",
                "index": "7",
                "dep_rel": "app",
                "head_index": "6",
                "parser_morph_features": "_|_|_",
                "possible_morph_features": []
            }
        },
        "relations": {}
    },
    {
        "file_ID": "1061_0120403",
        "sent_NP_ID": "2_5",
        "sentence": "Ich habe mich über deinen Brief sehr gefreut .",
        "metadata": {
            "corpus": "MERLIN_DE"
        },
        "NP_info": {
            "len_np": 2,
            "coordination": null
        },
        "HEAD_info": {
            "head": {
                "H_TOK1": {
                    "word_type": "PREP",
                    "word_form": "über",
                    "lemma": "über",
                    "POS_STTS": "APPR",
                    "index": "4",
                    "dep_rel": "pp",
                    "head_index": "8",
                    "parser_morph_features": "_"
                }
            },
            "super_head": {
                "SH_TOK1": {
                    "word_type": "V",
                    "word_form": "gefreut",
                    "lemma": "freuen",
                    "POS_STTS": "VVPP",
                    "index": "8",
                    "dep_rel": "aux",
                    "head_index": "2",
                    "parser_morph_features": "_"
                }
            }
        },
        "POST_info": {},
        "TOK_info": {
            "TOK1": {
                "word_type": "ART",
                "word_form": "deinen",
                "lemma": "deine",
                "POS_STTS": "PPOSAT",
                "index": "5",
                "dep_rel": "det",
                "head_index": "6",
                "parser_morph_features": "Masc|_|Sg",
                "possible_morph_features": []
            },
            "TOK2": {
                "word_type": "N",
                "word_form": "Brief",
                "lemma": "Brief",
                "POS_STTS": "NN",
                "index": "6",
                "dep_rel": "pn",
                "head_index": "4",
                "parser_morph_features": "Masc|_|Sg",
                "possible_morph_features": []
            }
        },
        "relations": {
            "rel_1": {
                "rel_type": "must_agree",
                "involved": [
                    "TOK2",
                    "TOK1"
                ],
                "ruler": "TOK2",
                "possible_agreement": null
            }
        }
    },
    {
        "file_ID": "1061_0120403",
        "sent_NP_ID": "3_6",
        "sentence": "Bestimmt besuche ich dich sofort nach deiner Rückkehr .",
        "metadata": {
            "corpus": "MERLIN_DE"
        },
        "NP_info": {
            "len_np": 2,
            "coordination": null
        },
        "HEAD_info": {
            "head": {
                "H_TOK1": {
                    "word_type": "PREP",
                    "word_form": "nach",
                    "lemma": "nach",
                    "POS_STTS": "APPR",
                    "index": "6",
                    "dep_rel": "pp",
                    "head_index": "2",
                    "parser_morph_features": "Dat"
                }
            },
            "super_head": {
                "SH_TOK1": {
                    "word_type": "V",
                    "word_form": "besuche",
                    "lemma": "besuchen",
                    "POS_STTS": "VVFIN",
                    "index": "2",
                    "dep_rel": "root",
                    "head_index": "0",
                    "parser_morph_features": "1|Sg|Pres|_"
                }
            }
        },
        "POST_info": {},
        "TOK_info": {
            "TOK1": {
                "word_type": "ART",
                "word_form": "deiner",
                "lemma": "deine",
                "POS_STTS": "PPOSAT",
                "index": "7",
                "dep_rel": "det",
                "head_index": "8",
                "parser_morph_features": "Fem|Dat|Sg",
                "possible_morph_features": []
            },
            "TOK2": {
                "word_type": "N",
                "word_form": "Rückkehr",
                "lemma": "Rückkehr",
                "POS_STTS": "NN",
                "index": "8",
                "dep_rel": "pn",
                "head_index": "6",
                "parser_morph_features": "Fem|Dat|Sg",
                "possible_morph_features": []
            }
        },
        "relations": {
            "rel_1": {
                "rel_type": "must_agree",
                "involved": [
                    "TOK2",
                    "TOK1"
                ],
                "ruler": "TOK2",
                "possible_agreement": null
            }
        }
    },
    {
        "file_ID": "1061_0120403",
        "sent_NP_ID": "4_7",
        "sentence": "Hertzlich Glückwunsch zur bestandenen Prüfung .",
        "metadata": {
            "corpus": "MERLIN_DE"
        },
        "NP_info": {
            "len_np": 2,
            "coordination": null
        },
        "HEAD_info": {
            "head": {},
            "super_head": {}
        },
        "POST_info": {
            "P_TOK1": {
                "word_type": "PREP",
                "word_form": "zur",
                "lemma": "zu",
                "POS_STTS": "APPRART",
                "index": "3",
                "dep_rel": "pp",
                "head_index": "2",
                "parser_morph_features": "Dat"
            }
        },
        "TOK_info": {
            "TOK1": {
                "word_type": "ADV",
                "word_form": "Hertzlich",
                "lemma": "hertzlich",
                "POS_STTS": "ADJD",
                "index": "1",
                "dep_rel": "adv",
                "head_index": "2",
                "parser_morph_features": "Pos|",
                "possible_morph_features": []
            },
            "TOK2": {
                "word_type": "N",
                "word_form": "Glückwunsch",
                "lemma": "Glückwunsch",
                "POS_STTS": "NN",
                "index": "2",
                "dep_rel": "root",
                "head_index": "0",
                "parser_morph_features": "Masc|_|Sg",
                "possible_morph_features": []
            }
        },
        "relations": {}
    },
    {
        "file_ID": "1061_0120403",
        "sent_NP_ID": "4_8",
        "sentence": "Hertzlich Glückwunsch zur bestandenen Prüfung .",
        "metadata": {
            "corpus": "MERLIN_DE"
        },
        "NP_info": {
            "len_np": 2,
            "coordination": null
        },
        "HEAD_info": {
            "head": {
                "H_TOK1": {
                    "word_type": "PREP",
                    "word_form": "zur",
                    "lemma": "zu",
                    "POS_STTS": "APPRART",
                    "index": "3",
                    "dep_rel": "pp",
                    "head_index": "2",
                    "parser_morph_features": "Dat"
                }
            },
            "super_head": {
                "SH_TOK1": {
                    "word_type": "N",
                    "word_form": "Glückwunsch",
                    "lemma": "Glückwunsch",
                    "POS_STTS": "NN",
                    "index": "2",
                    "dep_rel": "root",
                    "head_index": "0",
                    "parser_morph_features": "Masc|_|Sg"
                }
            }
        },
        "POST_info": {},
        "TOK_info": {
            "TOK1": {
                "word_type": "ADJA",
                "word_form": "bestandenen",
                "lemma": "bestanden",
                "POS_STTS": "ADJA",
                "index": "4",
                "dep_rel": "attr",
                "head_index": "5",
                "parser_morph_features": "Pos|Fem|Dat|Sg|Wk|",
                "possible_morph_features": []
            },
            "TOK2": {
                "word_type": "N",
                "word_form": "Prüfung",
                "lemma": "Prüfung",
                "POS_STTS": "NN",
                "index": "5",
                "dep_rel": "pn",
                "head_index": "3",
                "parser_morph_features": "Fem|Dat|Sg",
                "possible_morph_features": []
            }
        },
        "relations": {
            "rel_1": {
                "rel_type": "must_agree",
                "involved": [
                    "TOK1",
                    "H_TOK1"
                ],
                "ruler": null,
                "possible_agreement": null
            },
            "rel_2": {
                "rel_type": "must_agree",
                "involved": [
                    "TOK2",
                    "TOK1"
                ],
                "ruler": "TOK2",
                "possible_agreement": null
            },
            "rel_3": {
                "rel_type": "must_agree",
                "involved": [
                    "TOK2",
                    "H_TOK1"
                ],
                "ruler": "TOK2",
                "possible_agreement": null
            }
        }
    },
    {
        "file_ID": "1061_0120403",
        "sent_NP_ID": "6_9",
        "sentence": "Ich wusste das , weil du eine inteligente und aktive Schülerin bist .",
        "metadata": {
            "corpus": "MERLIN_DE"
        },
        "NP_info": {
            "len_np": 2,
            "coordination": [
                "6_9",
                "6_10"
            ]
        },
        "HEAD_info": {
            "head": {
                "H_TOK1": {
                    "word_type": "V",
                    "word_form": "bist",
                    "lemma": "sein",
                    "POS_STTS": "VAFIN",
                    "index": "12",
                    "dep_rel": "neb",
                    "head_index": "2",
                    "parser_morph_features": "2|Sg|Pres|Ind"
                }
            },
            "super_head": {
                "SH_TOK1": {
                    "word_type": "V",
                    "word_form": "wusste",
                    "lemma": "wissen",
                    "POS_STTS": "VVFIN",
                    "index": "2",
                    "dep_rel": "root",
                    "head_index": "0",
                    "parser_morph_features": "1|Sg|Past|Ind"
                }
            }
        },
        "POST_info": {},
        "TOK_info": {
            "TOK1": {
                "word_type": "ART",
                "word_form": "eine",
                "lemma": "eine",
                "POS_STTS": "ART",
                "index": "7",
                "dep_rel": "det",
                "head_index": "8",
                "parser_morph_features": "Indef|Fem|Nom|Sg",
                "possible_morph_features": []
            },
            "TOK2": {
                "word_type": "N",
                "word_form": "inteligente",
                "lemma": "inteligente",
                "POS_STTS": "NN",
                "index": "8",
                "dep_rel": "pred",
                "head_index": "12",
                "parser_morph_features": "Fem|Nom|Sg",
                "possible_morph_features": []
            }
        },
        "relations": {
            "rel_1": {
                "rel_type": "must_agree",
                "involved": [
                    "TOK2",
                    "TOK1"
                ],
                "ruler": "TOK2",
                "possible_agreement": null
            }
        }
    },
    {
        "file_ID": "1061_0120403",
        "sent_NP_ID": "6_10",
        "sentence": "Ich wusste das , weil du eine inteligente und aktive Schülerin bist .",
        "metadata": {
            "corpus": "MERLIN_DE"
        },
        "NP_info": {
            "len_np": 2,
            "coordination": [
                "6_9",
                "6_10"
            ]
        },
        "HEAD_info": {
            "head": {
                "H_TOK1": {
                    "word_type": "KON",
                    "word_form": "und",
                    "lemma": "und",
                    "POS_STTS": "KON",
                    "index": "9",
                    "dep_rel": "kon",
                    "head_index": "8",
                    "parser_morph_features": "_"
                }
            },
            "super_head": {
                "SH_TOK1": {
                    "word_type": "N",
                    "word_form": "inteligente",
                    "lemma": "inteligente",
                    "POS_STTS": "NN",
                    "index": "8",
                    "dep_rel": "pred",
                    "head_index": "12",
                    "parser_morph_features": "Fem|Nom|Sg"
                }
            }
        },
        "POST_info": {},
        "TOK_info": {
            "TOK1": {
                "word_type": "ADJA",
                "word_form": "aktive",
                "lemma": "aktiv",
                "POS_STTS": "ADJA",
                "index": "10",
                "dep_rel": "attr",
                "head_index": "11",
                "parser_morph_features": "Pos|Fem|Nom|Sg|_|",
                "possible_morph_features": []
            },
            "TOK2": {
                "word_type": "N",
                "word_form": "Schülerin",
                "lemma": "Schülerin",
                "POS_STTS": "NN",
                "index": "11",
                "dep_rel": "cj",
                "head_index": "9",
                "parser_morph_features": "Fem|Nom|Sg",
                "possible_morph_features": []
            }
        },
        "relations": {
            "rel_1": {
                "rel_type": "must_agree",
                "involved": [
                    "TOK2",
                    "TOK1"
                ],
                "ruler": "TOK2",
                "possible_agreement": null
            }
        }
    },
    {
        "file_ID": "1061_0120403",
        "sent_NP_ID": "7_11",
        "sentence": "Ich habe auch viel über Istanbul gehört Daswegen will ich einmal diese Stadt besuchen .",
        "metadata": {
            "corpus": "MERLIN_DE"
        },
        "NP_info": {
            "len_np": 1,
            "coordination": null
        },
        "HEAD_info": {
            "head": {
                "H_TOK1": {
                    "word_type": "PREP",
                    "word_form": "über",
                    "lemma": "über",
                    "POS_STTS": "APPR",
                    "index": "5",
                    "dep_rel": "pp",
                    "head_index": "7",
                    "parser_morph_features": "_"
                }
            },
            "super_head": {
                "SH_TOK1": {
                    "word_type": "V",
                    "word_form": "gehört",
                    "lemma": "gehören",
                    "POS_STTS": "VVPP",
                    "index": "7",
                    "dep_rel": "aux",
                    "head_index": "2",
                    "parser_morph_features": "_"
                }
            }
        },
        "POST_info": {},
        "TOK_info": {
            "TOK1": {
                "word_type": "N",
                "word_form": "Istanbul",
                "lemma": "Istanbul",
                "POS_STTS": "NE",
                "index": "6",
                "dep_rel": "pn",
                "head_index": "5",
                "parser_morph_features": "Neut|_|Sg",
                "possible_morph_features": []
            }
        },
        "relations": {}
    },
    {
        "file_ID": "1061_0120403",
        "sent_NP_ID": "7_12",
        "sentence": "Ich habe auch viel über Istanbul gehört Daswegen will ich einmal diese Stadt besuchen .",
        "metadata": {
            "corpus": "MERLIN_DE"
        },
        "NP_info": {
            "len_np": 1,
            "coordination": null
        },
        "HEAD_info": {
            "head": {},
            "super_head": {}
        },
        "POST_info": {},
        "TOK_info": {
            "TOK1": {
                "word_type": "N",
                "word_form": "Daswegen",
                "lemma": "Daswegen",
                "POS_STTS": "NE",
                "index": "8",
                "dep_rel": "root",
                "head_index": "0",
                "parser_morph_features": "_",
                "possible_morph_features": []
            }
        },
        "relations": {}
    },
    {
        "file_ID": "1061_0120403",
        "sent_NP_ID": "7_13",
        "sentence": "Ich habe auch viel über Istanbul gehört Daswegen will ich einmal diese Stadt besuchen .",
        "metadata": {
            "corpus": "MERLIN_DE"
        },
        "NP_info": {
            "len_np": 2,
            "coordination": null
        },
        "HEAD_info": {
            "head": {
                "H_TOK1": {
                    "word_type": "V",
                    "word_form": "besuchen",
                    "lemma": "besuchen",
                    "POS_STTS": "VVINF",
                    "index": "14",
                    "dep_rel": "aux",
                    "head_index": "9",
                    "parser_morph_features": "_"
                }
            },
            "super_head": {
                "SH_TOK1": {
                    "word_type": "V",
                    "word_form": "will",
                    "lemma": "wollen",
                    "POS_STTS": "VMFIN",
                    "index": "9",
                    "dep_rel": "root",
                    "head_index": "0",
                    "parser_morph_features": "1|Sg|Pres|Ind"
                }
            }
        },
        "POST_info": {},
        "TOK_info": {
            "TOK1": {
                "word_type": "ART",
                "word_form": "diese",
                "lemma": "diese",
                "POS_STTS": "PDAT",
                "index": "12",
                "dep_rel": "det",
                "head_index": "13",
                "parser_morph_features": "Fem|Acc|Sg",
                "possible_morph_features": []
            },
            "TOK2": {
                "word_type": "N",
                "word_form": "Stadt",
                "lemma": "Stadt",
                "POS_STTS": "NN",
                "index": "13",
                "dep_rel": "obja",
                "head_index": "14",
                "parser_morph_features": "Fem|Acc|Sg",
                "possible_morph_features": []
            }
        },
        "relations": {
            "rel_1": {
                "rel_type": "must_agree",
                "involved": [
                    "TOK2",
                    "TOK1"
                ],
                "ruler": "TOK2",
                "possible_agreement": null
            }
        }
    },
    {
        "file_ID": "1061_0120403",
        "sent_NP_ID": "8_14",
        "sentence": "Stefan ( unser Freund ) hat mir einmal erzählt , dass es in der Türkei sehr gute Tabak gibt .",
        "metadata": {
            "corpus": "MERLIN_DE"
        },
        "NP_info": {
            "len_np": 1,
            "coordination": null
        },
        "HEAD_info": {
            "head": {
                "H_TOK1": {
                    "word_type": "V",
                    "word_form": "hat",
                    "lemma": "haben",
                    "POS_STTS": "VAFIN",
                    "index": "6",
                    "dep_rel": "root",
                    "head_index": "0",
                    "parser_morph_features": "3|Sg|Pres|Ind"
                }
            },
            "super_head": {}
        },
        "POST_info": {
            "P_TOK1": {
                "word_type": "N",
                "word_form": "Freund",
                "lemma": "Freund",
                "POS_STTS": "NN",
                "index": "4",
                "dep_rel": "app",
                "head_index": "1",
                "parser_morph_features": "Masc|Nom|Sg"
            }
        },
        "TOK_info": {
            "TOK1": {
                "word_type": "N",
                "word_form": "Stefan",
                "lemma": "Stefan",
                "POS_STTS": "NE",
                "index": "1",
                "dep_rel": "subj",
                "head_index": "6",
                "parser_morph_features": "Masc|Nom|Sg",
                "possible_morph_features": []
            }
        },
        "relations": {}
    },
    {
        "file_ID": "1061_0120403",
        "sent_NP_ID": "8_15",
        "sentence": "Stefan ( unser Freund ) hat mir einmal erzählt , dass es in der Türkei sehr gute Tabak gibt .",
        "metadata": {
            "corpus": "MERLIN_DE"
        },
        "NP_info": {
            "len_np": 2,
            "coordination": null
        },
        "HEAD_info": {
            "head": {
                "H_TOK1": {
                    "word_type": "N",
                    "word_form": "Stefan",
                    "lemma": "Stefan",
                    "POS_STTS": "NE",
                    "index": "1",
                    "dep_rel": "subj",
                    "head_index": "6",
                    "parser_morph_features": "Masc|Nom|Sg"
                }
            },
            "super_head": {
                "SH_TOK1": {
                    "word_type": "V",
                    "word_form": "hat",
                    "lemma": "haben",
                    "POS_STTS": "VAFIN",
                    "index": "6",
                    "dep_rel": "root",
                    "head_index": "0",
                    "parser_morph_features": "3|Sg|Pres|Ind"
                }
            }
        },
        "POST_info": {},
        "TOK_info": {
            "TOK1": {
                "word_type": "ART",
                "word_form": "unser",
                "lemma": "unsre",
                "POS_STTS": "PPOSAT",
                "index": "3",
                "dep_rel": "det",
                "head_index": "4",
                "parser_morph_features": "Masc|Nom|Sg",
                "possible_morph_features": []
            },
            "TOK2": {
                "word_type": "N",
                "word_form": "Freund",
                "lemma": "Freund",
                "POS_STTS": "NN",
                "index": "4",
                "dep_rel": "app",
                "head_index": "1",
                "parser_morph_features": "Masc|Nom|Sg",
                "possible_morph_features": []
            }
        },
        "relations": {
            "rel_1": {
                "rel_type": "must_agree",
                "involved": [
                    "TOK2",
                    "TOK1"
                ],
                "ruler": "TOK2",
                "possible_agreement": null
            }
        }
    },
    {
        "file_ID": "1061_0120403",
        "sent_NP_ID": "8_16",
        "sentence": "Stefan ( unser Freund ) hat mir einmal erzählt , dass es in der Türkei sehr gute Tabak gibt .",
        "metadata": {
            "corpus": "MERLIN_DE"
        },
        "NP_info": {
            "len_np": 2,
            "coordination": null
        },
        "HEAD_info": {
            "head": {
                "H_TOK1": {
                    "word_type": "PREP",
                    "word_form": "in",
                    "lemma": "in",
                    "POS_STTS": "APPR",
                    "index": "13",
                    "dep_rel": "pp",
                    "head_index": "19",
                    "parser_morph_features": "Dat"
                }
            },
            "super_head": {
                "SH_TOK1": {
                    "word_type": "V",
                    "word_form": "gibt",
                    "lemma": "geben",
                    "POS_STTS": "VVFIN",
                    "index": "19",
                    "dep_rel": "objc",
                    "head_index": "9",
                    "parser_morph_features": "3|Sg|Pres|Ind"
                }
            }
        },
        "POST_info": {},
        "TOK_info": {
            "TOK1": {
                "word_type": "ART",
                "word_form": "der",
                "lemma": "die",
                "POS_STTS": "ART",
                "index": "14",
                "dep_rel": "det",
                "head_index": "15",
                "parser_morph_features": "Def|Fem|Dat|Sg",
                "possible_morph_features": []
            },
            "TOK2": {
                "word_type": "N",
                "word_form": "Türkei",
                "lemma": "Türkei",
                "POS_STTS": "NE",
                "index": "15",
                "dep_rel": "pn",
                "head_index": "13",
                "parser_morph_features": "Fem|Dat|Sg",
                "possible_morph_features": []
            }
        },
        "relations": {
            "rel_1": {
                "rel_type": "must_agree",
                "involved": [
                    "TOK2",
                    "TOK1"
                ],
                "ruler": "TOK2",
                "possible_agreement": null
            }
        }
    },
    {
        "file_ID": "1061_0120403",
        "sent_NP_ID": "8_17",
        "sentence": "Stefan ( unser Freund ) hat mir einmal erzählt , dass es in der Türkei sehr gute Tabak gibt .",
        "metadata": {
            "corpus": "MERLIN_DE"
        },
        "NP_info": {
            "len_np": 3,
            "coordination": null
        },
        "HEAD_info": {
            "head": {
                "H_TOK1": {
                    "word_type": "V",
                    "word_form": "gibt",
                    "lemma": "geben",
                    "POS_STTS": "VVFIN",
                    "index": "19",
                    "dep_rel": "objc",
                    "head_index": "9",
                    "parser_morph_features": "3|Sg|Pres|Ind"
                }
            },
            "super_head": {
                "SH_TOK1": {
                    "word_type": "V",
                    "word_form": "erzählt",
                    "lemma": "erzählen",
                    "POS_STTS": "VVPP",
                    "index": "9",
                    "dep_rel": "aux",
                    "head_index": "6",
                    "parser_morph_features": "_"
                }
            }
        },
        "POST_info": {},
        "TOK_info": {
            "TOK1": {
                "word_type": "ADV",
                "word_form": "sehr",
                "lemma": "sehr",
                "POS_STTS": "ADV",
                "index": "16",
                "dep_rel": "adv",
                "head_index": "17",
                "parser_morph_features": "_",
                "possible_morph_features": []
            },
            "TOK2": {
                "word_type": "ADJA",
                "word_form": "gute",
                "lemma": "gut",
                "POS_STTS": "ADJA",
                "index": "17",
                "dep_rel": "attr",
                "head_index": "18",
                "parser_morph_features": "Pos|Masc|Nom|Sg|Wk|",
                "possible_morph_features": []
            },
            "TOK3": {
                "word_type": "N",
                "word_form": "Tabak",
                "lemma": "Tabak",
                "POS_STTS": "NN",
                "index": "18",
                "dep_rel": "subj",
                "head_index": "19",
                "parser_morph_features": "Masc|Nom|Sg",
                "possible_morph_features": []
            }
        },
        "relations": {
            "rel_1": {
                "rel_type": "must_agree",
                "involved": [
                    "TOK3",
                    "TOK2"
                ],
                "ruler": "TOK3",
                "possible_agreement": null
            }
        }
    },
    {
        "file_ID": "1061_0120403",
        "sent_NP_ID": "9_18",
        "sentence": "Vielleich könntest du eine kleine Packung mir mit bringen .",
        "metadata": {
            "corpus": "MERLIN_DE"
        },
        "NP_info": {
            "len_np": 1,
            "coordination": null
        },
        "HEAD_info": {
            "head": {},
            "super_head": {}
        },
        "POST_info": {},
        "TOK_info": {
            "TOK1": {
                "word_type": "N",
                "word_form": "Vielleich",
                "lemma": "Vielleich",
                "POS_STTS": "NN",
                "index": "1",
                "dep_rel": "root",
                "head_index": "0",
                "parser_morph_features": "Fem|_|Sg",
                "possible_morph_features": []
            }
        },
        "relations": {}
    },
    {
        "file_ID": "1061_0120403",
        "sent_NP_ID": "9_19",
        "sentence": "Vielleich könntest du eine kleine Packung mir mit bringen .",
        "metadata": {
            "corpus": "MERLIN_DE"
        },
        "NP_info": {
            "len_np": 3,
            "coordination": null
        },
        "HEAD_info": {
            "head": {
                "H_TOK1": {
                    "word_type": "V",
                    "word_form": "bringen",
                    "lemma": "bringen",
                    "POS_STTS": "VVINF",
                    "index": "9",
                    "dep_rel": "aux",
                    "head_index": "2",
                    "parser_morph_features": "_"
                }
            },
            "super_head": {
                "SH_TOK1": {
                    "word_type": "V",
                    "word_form": "könntest",
                    "lemma": "können",
                    "POS_STTS": "VMFIN",
                    "index": "2",
                    "dep_rel": "root",
                    "head_index": "0",
                    "parser_morph_features": "2|Sg|Past|Subj"
                }
            }
        },
        "POST_info": {},
        "TOK_info": {
            "TOK1": {
                "word_type": "ART",
                "word_form": "eine",
                "lemma": "eine",
                "POS_STTS": "ART",
                "index": "4",
                "dep_rel": "det",
                "head_index": "6",
                "parser_morph_features": "Indef|Fem|Acc|Sg",
                "possible_morph_features": []
            },
            "TOK2": {
                "word_type": "ADJA",
                "word_form": "kleine",
                "lemma": "klein",
                "POS_STTS": "ADJA",
                "index": "5",
                "dep_rel": "attr",
                "head_index": "6",
                "parser_morph_features": "Pos|Fem|Acc|Sg|_|",
                "possible_morph_features": []
            },
            "TOK3": {
                "word_type": "N",
                "word_form": "Packung",
                "lemma": "Packung",
                "POS_STTS": "NN",
                "index": "6",
                "dep_rel": "obja",
                "head_index": "9",
                "parser_morph_features": "Fem|Acc|Sg",
                "possible_morph_features": []
            }
        },
        "relations": {
            "rel_1": {
                "rel_type": "must_agree",
                "involved": [
                    "TOK1",
                    "TOK2"
                ],
                "ruler": null,
                "possible_agreement": null
            },
            "rel_2": {
                "rel_type": "must_agree",
                "involved": [
                    "TOK3",
                    "TOK1"
                ],
                "ruler": "TOK3",
                "possible_agreement": null
            },
            "rel_3": {
                "rel_type": "must_agree",
                "involved": [
                    "TOK3",
                    "TOK2"
                ],
                "ruler": "TOK3",
                "possible_agreement": null
            }
        }
    },
    {
        "file_ID": "1061_0120403",
        "sent_NP_ID": "10_20",
        "sentence": "Du weiß , dass meine Verwandten im Iran leben .",
        "metadata": {
            "corpus": "MERLIN_DE"
        },
        "NP_info": {
            "len_np": 2,
            "coordination": null
        },
        "HEAD_info": {
            "head": {
                "H_TOK1": {
                    "word_type": "V",
                    "word_form": "leben",
                    "lemma": "leben",
                    "POS_STTS": "VVFIN",
                    "index": "9",
                    "dep_rel": "objc",
                    "head_index": "2",
                    "parser_morph_features": "3|Pl|Pres|_"
                }
            },
            "super_head": {
                "SH_TOK1": {
                    "word_type": "V",
                    "word_form": "weiß",
                    "lemma": "wissen",
                    "POS_STTS": "VVFIN",
                    "index": "2",
                    "dep_rel": "root",
                    "head_index": "0",
                    "parser_morph_features": "_|Sg|Pres|Ind"
                }
            }
        },
        "POST_info": {},
        "TOK_info": {
            "TOK1": {
                "word_type": "ART",
                "word_form": "meine",
                "lemma": "meine",
                "POS_STTS": "PPOSAT",
                "index": "5",
                "dep_rel": "det",
                "head_index": "6",
                "parser_morph_features": "_|Nom|Pl",
                "possible_morph_features": []
            },
            "TOK2": {
                "word_type": "N",
                "word_form": "Verwandten",
                "lemma": "Verwandte",
                "POS_STTS": "NN",
                "index": "6",
                "dep_rel": "subj",
                "head_index": "9",
                "parser_morph_features": "_|Nom|Pl",
                "possible_morph_features": []
            }
        },
        "relations": {
            "rel_1": {
                "rel_type": "must_agree",
                "involved": [
                    "TOK2",
                    "TOK1"
                ],
                "ruler": "TOK2",
                "possible_agreement": null
            }
        }
    },
    {
        "file_ID": "1061_0120403",
        "sent_NP_ID": "10_21",
        "sentence": "Du weiß , dass meine Verwandten im Iran leben .",
        "metadata": {
            "corpus": "MERLIN_DE"
        },
        "NP_info": {
            "len_np": 1,
            "coordination": null
        },
        "HEAD_info": {
            "head": {
                "H_TOK1": {
                    "word_type": "PREP",
                    "word_form": "im",
                    "lemma": "in",
                    "POS_STTS": "APPRART",
                    "index": "7",
                    "dep_rel": "pp",
                    "head_index": "9",
                    "parser_morph_features": "Dat"
                }
            },
            "super_head": {
                "SH_TOK1": {
                    "word_type": "V",
                    "word_form": "leben",
                    "lemma": "leben",
                    "POS_STTS": "VVFIN",
                    "index": "9",
                    "dep_rel": "objc",
                    "head_index": "2",
                    "parser_morph_features": "3|Pl|Pres|_"
                }
            }
        },
        "POST_info": {},
        "TOK_info": {
            "TOK1": {
                "word_type": "N",
                "word_form": "Iran",
                "lemma": "Iran",
                "POS_STTS": "NE",
                "index": "8",
                "dep_rel": "pn",
                "head_index": "7",
                "parser_morph_features": "Neut|Dat|Sg",
                "possible_morph_features": []
            }
        },
        "relations": {
            "rel_1": {
                "rel_type": "must_agree",
                "involved": [
                    "TOK1",
                    "H_TOK1"
                ],
                "ruler": "TOK1",
                "possible_agreement": null
            }
        }
    },
    {
        "file_ID": "1061_0120403",
        "sent_NP_ID": "11_22",
        "sentence": "Wenn ich in nächsten Sommer Zeit habe , besuche ich sie .",
        "metadata": {
            "corpus": "MERLIN_DE"
        },
        "NP_info": {
            "len_np": 2,
            "coordination": null
        },
        "HEAD_info": {
            "head": {
                "H_TOK1": {
                    "word_type": "PREP",
                    "word_form": "in",
                    "lemma": "in",
                    "POS_STTS": "APPR",
                    "index": "3",
                    "dep_rel": "pp",
                    "head_index": "7",
                    "parser_morph_features": "_"
                }
            },
            "super_head": {
                "SH_TOK1": {
                    "word_type": "V",
                    "word_form": "habe",
                    "lemma": "haben",
                    "POS_STTS": "VAFIN",
                    "index": "7",
                    "dep_rel": "neb",
                    "head_index": "9",
                    "parser_morph_features": "1|Sg|Pres|_"
                }
            }
        },
        "POST_info": {},
        "TOK_info": {
            "TOK1": {
                "word_type": "ADJA",
                "word_form": "nächsten",
                "lemma": "nah",
                "POS_STTS": "ADJA",
                "index": "4",
                "dep_rel": "attr",
                "head_index": "5",
                "parser_morph_features": "_|Masc|_|_|_|",
                "possible_morph_features": []
            },
            "TOK2": {
                "word_type": "N",
                "word_form": "Sommer",
                "lemma": "Sommer",
                "POS_STTS": "NN",
                "index": "5",
                "dep_rel": "pn",
                "head_index": "3",
                "parser_morph_features": "Masc|_|_",
                "possible_morph_features": []
            }
        },
        "relations": {
            "rel_1": {
                "rel_type": "must_agree",
                "involved": [
                    "TOK2",
                    "TOK1"
                ],
                "ruler": "TOK2",
                "possible_agreement": null
            }
        }
    },
    {
        "file_ID": "1061_0120403",
        "sent_NP_ID": "11_23",
        "sentence": "Wenn ich in nächsten Sommer Zeit habe , besuche ich sie .",
        "metadata": {
            "corpus": "MERLIN_DE"
        },
        "NP_info": {
            "len_np": 1,
            "coordination": null
        },
        "HEAD_info": {
            "head": {
                "H_TOK1": {
                    "word_type": "V",
                    "word_form": "habe",
                    "lemma": "haben",
                    "POS_STTS": "VAFIN",
                    "index": "7",
                    "dep_rel": "neb",
                    "head_index": "9",
                    "parser_morph_features": "1|Sg|Pres|_"
                }
            },
            "super_head": {
                "SH_TOK1": {
                    "word_type": "V",
                    "word_form": "besuche",
                    "lemma": "besuchen",
                    "POS_STTS": "VVFIN",
                    "index": "9",
                    "dep_rel": "root",
                    "head_index": "0",
                    "parser_morph_features": "1|Sg|Pres|_"
                }
            }
        },
        "POST_info": {},
        "TOK_info": {
            "TOK1": {
                "word_type": "N",
                "word_form": "Zeit",
                "lemma": "Zeit",
                "POS_STTS": "NN",
                "index": "6",
                "dep_rel": "obja",
                "head_index": "7",
                "parser_morph_features": "Fem|Acc|Sg",
                "possible_morph_features": []
            }
        },
        "relations": {}
    },
    {
        "file_ID": "1061_0120403",
        "sent_NP_ID": "12_24",
        "sentence": "Ich wünsch dir sehr gute Reise .",
        "metadata": {
            "corpus": "MERLIN_DE"
        },
        "NP_info": {
            "len_np": 3,
            "coordination": null
        },
        "HEAD_info": {
            "head": {
                "H_TOK1": {
                    "word_type": "V",
                    "word_form": "wünsch",
                    "lemma": "wünsch",
                    "POS_STTS": "VVFIN",
                    "index": "2",
                    "dep_rel": "root",
                    "head_index": "0",
                    "parser_morph_features": "1|Sg|_|_"
                }
            },
            "super_head": {}
        },
        "POST_info": {},
        "TOK_info": {
            "TOK1": {
                "word_type": "ADV",
                "word_form": "sehr",
                "lemma": "sehr",
                "POS_STTS": "ADV",
                "index": "4",
                "dep_rel": "adv",
                "head_index": "5",
                "parser_morph_features": "_",
                "possible_morph_features": []
            },
            "TOK2": {
                "word_type": "ADJA",
                "word_form": "gute",
                "lemma": "gut",
                "POS_STTS": "ADJA",
                "index": "5",
                "dep_rel": "attr",
                "head_index": "6",
                "parser_morph_features": "Pos|_|Acc|_|_|",
                "possible_morph_features": []
            },
            "TOK3": {
                "word_type": "N",
                "word_form": "Reise",
                "lemma": "Reis",
                "POS_STTS": "NN",
                "index": "6",
                "dep_rel": "obja",
                "head_index": "2",
                "parser_morph_features": "_|Acc|_",
                "possible_morph_features": []
            }
        },
        "relations": {
            "rel_1": {
                "rel_type": "must_agree",
                "involved": [
                    "TOK3",
                    "TOK2"
                ],
                "ruler": "TOK3",
                "possible_agreement": null
            }
        }
    },
    {
        "file_ID": "1061_0120403",
        "sent_NP_ID": "13_25",
        "sentence": "Viele Grüße Michael",
        "metadata": {
            "corpus": "MERLIN_DE"
        },
        "NP_info": {
            "len_np": 2,
            "coordination": null
        },
        "HEAD_info": {
            "head": {},
            "super_head": {}
        },
        "POST_info": {
            "P_TOK1": {
                "word_type": "N",
                "word_form": "Michael",
                "lemma": "Michael",
                "POS_STTS": "NE",
                "index": "3",
                "dep_rel": "app",
                "head_index": "2",
                "parser_morph_features": "Masc|_|Sg"
            }
        },
        "TOK_info": {
            "TOK1": {
                "word_type": "ART",
                "word_form": "Viele",
                "lemma": "viele",
                "POS_STTS": "PIDAT",
                "index": "1",
                "dep_rel": "det",
                "head_index": "2",
                "parser_morph_features": "Masc|_|Pl",
                "possible_morph_features": []
            },
            "TOK2": {
                "word_type": "N",
                "word_form": "Grüße",
                "lemma": "Gruß",
                "POS_STTS": "NN",
                "index": "2",
                "dep_rel": "root",
                "head_index": "0",
                "parser_morph_features": "Masc|_|Pl",
                "possible_morph_features": []
            }
        },
        "relations": {
            "rel_1": {
                "rel_type": "must_agree",
                "involved": [
                    "TOK2",
                    "TOK1"
                ],
                "ruler": "TOK2",
                "possible_agreement": null
            }
        }
    },
    {
        "file_ID": "1061_0120403",
        "sent_NP_ID": "13_26",
        "sentence": "Viele Grüße Michael",
        "metadata": {
            "corpus": "MERLIN_DE"
        },
        "NP_info": {
            "len_np": 1,
            "coordination": null
        },
        "HEAD_info": {
            "head": {
                "H_TOK1": {
                    "word_type": "N",
                    "word_form": "Grüße",
                    "lemma": "Gruß",
                    "POS_STTS": "NN",
                    "index": "2",
                    "dep_rel": "root",
                    "head_index": "0",
                    "parser_morph_features": "Masc|_|Pl"
                }
            },
            "super_head": {}
        },
        "POST_info": {},
        "TOK_info": {
            "TOK1": {
                "word_type": "N",
                "word_form": "Michael",
                "lemma": "Michael",
                "POS_STTS": "NE",
                "index": "3",
                "dep_rel": "app",
                "head_index": "2",
                "parser_morph_features": "Masc|_|Sg",
                "possible_morph_features": []
            }
        },
        "relations": {}
    }
]