[
    {
        "file_ID": "1061_0120415",
        "sent_NP_ID": "1_1",
        "sentence": "Stadt X den 05.03.2012 Liebe Dana , Vielen Dank für deinen Brief .",
        "metadata": {
            "corpus": "MERLIN_DE"
        },
        "NP_info": {
            "len_np": 1,
            "coordination": null
        },
        "HEAD_info": {
            "head": {},
            "super_head": {}
        },
        "POST_info": {
            "P_TOK1": {
                "word_type": "N",
                "word_form": "X",
                "lemma": "X",
                "POS_STTS": "NE",
                "index": "2",
                "dep_rel": "app",
                "head_index": "1",
                "parser_morph_features": "Fem|_|Sg"
            }
        },
        "TOK_info": {
            "TOK1": {
                "word_type": "N",
                "word_form": "Stadt",
                "lemma": "Stadt",
                "POS_STTS": "NN",
                "index": "1",
                "dep_rel": "root",
                "head_index": "0",
                "parser_morph_features": "Fem|_|Sg",
                "possible_morph_features": []
            }
        },
        "relations": {}
    },
    {
        "file_ID": "1061_0120415",
        "sent_NP_ID": "1_2",
        "sentence": "Stadt X den 05.03.2012 Liebe Dana , Vielen Dank für deinen Brief .",
        "metadata": {
            "corpus": "MERLIN_DE"
        },
        "NP_info": {
            "len_np": 1,
            "coordination": null
        },
        "HEAD_info": {
            "head": {
                "H_TOK1": {
                    "word_type": "N",
                    "word_form": "Stadt",
                    "lemma": "Stadt",
                    "POS_STTS": "NN",
                    "index": "1",
                    "dep_rel": "root",
                    "head_index": "0",
                    "parser_morph_features": "Fem|_|Sg"
                }
            },
            "super_head": {}
        },
        "POST_info": {},
        "TOK_info": {
            "TOK1": {
                "word_type": "N",
                "word_form": "X",
                "lemma": "X",
                "POS_STTS": "NE",
                "index": "2",
                "dep_rel": "app",
                "head_index": "1",
                "parser_morph_features": "Fem|_|Sg",
                "possible_morph_features": []
            }
        },
        "relations": {}
    },
    {
        "file_ID": "1061_0120415",
        "sent_NP_ID": "1_3",
        "sentence": "Stadt X den 05.03.2012 Liebe Dana , Vielen Dank für deinen Brief .",
        "metadata": {
            "corpus": "MERLIN_DE"
        },
        "NP_info": {
            "len_np": 3,
            "coordination": null
        },
        "HEAD_info": {
            "head": {},
            "super_head": {}
        },
        "POST_info": {
            "P_TOK1": {
                "word_type": "N",
                "word_form": "Dana",
                "lemma": "Dana",
                "POS_STTS": "NE",
                "index": "6",
                "dep_rel": "app",
                "head_index": "5",
                "parser_morph_features": "Masc|_|Sg"
            }
        },
        "TOK_info": {
            "TOK1": {
                "word_type": "ART",
                "word_form": "den",
                "lemma": "die",
                "POS_STTS": "ART",
                "index": "3",
                "dep_rel": "det",
                "head_index": "5",
                "parser_morph_features": "Def|_|_|_",
                "possible_morph_features": []
            },
            "TOK2": {
                "word_type": "CARD",
                "word_form": "05.03.2012",
                "lemma": "05.03.2012",
                "POS_STTS": "CARD",
                "index": "4",
                "dep_rel": "attr",
                "head_index": "5",
                "parser_morph_features": "_",
                "possible_morph_features": []
            },
            "TOK3": {
                "word_type": "N",
                "word_form": "Liebe",
                "lemma": "Liebe",
                "POS_STTS": "NN",
                "index": "5",
                "dep_rel": "root",
                "head_index": "0",
                "parser_morph_features": "_|_|_",
                "possible_morph_features": []
            }
        },
        "relations": {
            "rel_1": {
                "rel_type": "must_agree",
                "involved": [
                    "TOK3",
                    "TOK1"
                ],
                "ruler": "TOK3",
                "possible_agreement": null
            }
        }
    },
    {
        "file_ID": "1061_0120415",
        "sent_NP_ID": "1_4",
        "sentence": "Stadt X den 05.03.2012 Liebe Dana , Vielen Dank für deinen Brief .",
        "metadata": {
            "corpus": "MERLIN_DE"
        },
        "NP_info": {
            "len_np": 1,
            "coordination": null
        },
        "HEAD_info": {
            "head": {
                "H_TOK1": {
                    "word_type": "N",
                    "word_form": "Liebe",
                    "lemma": "Liebe",
                    "POS_STTS": "NN",
                    "index": "5",
                    "dep_rel": "root",
                    "head_index": "0",
                    "parser_morph_features": "_|_|_"
                }
            },
            "super_head": {}
        },
        "POST_info": {
            "P_TOK1": {
                "word_type": "N",
                "word_form": "Dank",
                "lemma": "Dank",
                "POS_STTS": "NN",
                "index": "9",
                "dep_rel": "app",
                "head_index": "6",
                "parser_morph_features": "Masc|_|Sg"
            }
        },
        "TOK_info": {
            "TOK1": {
                "word_type": "N",
                "word_form": "Dana",
                "lemma": "Dana",
                "POS_STTS": "NE",
                "index": "6",
                "dep_rel": "app",
                "head_index": "5",
                "parser_morph_features": "Masc|_|Sg",
                "possible_morph_features": []
            }
        },
        "relations": {}
    },
    {
        "file_ID": "1061_0120415",
        "sent_NP_ID": "1_5",
        "sentence": "Stadt X den 05.03.2012 Liebe Dana , Vielen Dank für deinen Brief .",
        "metadata": {
            "corpus": "MERLIN_DE"
        },
        "NP_info": {
            "len_np": 2,
            "coordination": null
        },
        "HEAD_info": {
            "head": {
                "H_TOK1": {
                    "word_type": "N",
                    "word_form": "Dana",
                    "lemma": "Dana",
                    "POS_STTS": "NE",
                    "index": "6",
                    "dep_rel": "app",
                    "head_index": "5",
                    "parser_morph_features": "Masc|_|Sg"
                }
            },
            "super_head": {
                "SH_TOK1": {
                    "word_type": "N",
                    "word_form": "Liebe",
                    "lemma": "Liebe",
                    "POS_STTS": "NN",
                    "index": "5",
                    "dep_rel": "root",
                    "head_index": "0",
                    "parser_morph_features": "_|_|_"
                }
            }
        },
        "POST_info": {
            "P_TOK1": {
                "word_type": "PREP",
                "word_form": "für",
                "lemma": "für",
                "POS_STTS": "APPR",
                "index": "10",
                "dep_rel": "pp",
                "head_index": "9",
                "parser_morph_features": "Acc"
            }
        },
        "TOK_info": {
            "TOK1": {
                "word_type": "ART",
                "word_form": "Vielen",
                "lemma": "viele",
                "POS_STTS": "PIDAT",
                "index": "8",
                "dep_rel": "det",
                "head_index": "9",
                "parser_morph_features": "Masc|_|Sg",
                "possible_morph_features": []
            },
            "TOK2": {
                "word_type": "N",
                "word_form": "Dank",
                "lemma": "Dank",
                "POS_STTS": "NN",
                "index": "9",
                "dep_rel": "app",
                "head_index": "6",
                "parser_morph_features": "Masc|_|Sg",
                "possible_morph_features": []
            }
        },
        "relations": {
            "rel_1": {
                "rel_type": "must_agree",
                "involved": [
                    "TOK2",
                    "TOK1"
                ],
                "ruler": "TOK2",
                "possible_agreement": null
            }
        }
    },
    {
        "file_ID": "1061_0120415",
        "sent_NP_ID": "1_6",
        "sentence": "Stadt X den 05.03.2012 Liebe Dana , Vielen Dank für deinen Brief .",
        "metadata": {
            "corpus": "MERLIN_DE"
        },
        "NP_info": {
            "len_np": 2,
            "coordination": null
        },
        "HEAD_info": {
            "head": {
                "H_TOK1": {
                    "word_type": "PREP",
                    "word_form": "für",
                    "lemma": "für",
                    "POS_STTS": "APPR",
                    "index": "10",
                    "dep_rel": "pp",
                    "head_index": "9",
                    "parser_morph_features": "Acc"
                }
            },
            "super_head": {
                "SH_TOK1": {
                    "word_type": "N",
                    "word_form": "Dank",
                    "lemma": "Dank",
                    "POS_STTS": "NN",
                    "index": "9",
                    "dep_rel": "app",
                    "head_index": "6",
                    "parser_morph_features": "Masc|_|Sg"
                }
            }
        },
        "POST_info": {},
        "TOK_info": {
            "TOK1": {
                "word_type": "ART",
                "word_form": "deinen",
                "lemma": "deine",
                "POS_STTS": "PPOSAT",
                "index": "11",
                "dep_rel": "det",
                "head_index": "12",
                "parser_morph_features": "Masc|Acc|Sg",
                "possible_morph_features": []
            },
            "TOK2": {
                "word_type": "N",
                "word_form": "Brief",
                "lemma": "Brief",
                "POS_STTS": "NN",
                "index": "12",
                "dep_rel": "pn",
                "head_index": "10",
                "parser_morph_features": "Masc|Acc|Sg",
                "possible_morph_features": []
            }
        },
        "relations": {
            "rel_1": {
                "rel_type": "must_agree",
                "involved": [
                    "TOK2",
                    "TOK1"
                ],
                "ruler": "TOK2",
                "possible_agreement": null
            }
        }
    },
    {
        "file_ID": "1061_0120415",
        "sent_NP_ID": "2_7",
        "sentence": "Ich bin sehr fröh dass du deine Prüfung bestanden hast .",
        "metadata": {
            "corpus": "MERLIN_DE"
        },
        "NP_info": {
            "len_np": 2,
            "coordination": null
        },
        "HEAD_info": {
            "head": {},
            "super_head": {}
        },
        "POST_info": {},
        "TOK_info": {
            "TOK1": {
                "word_type": "ART",
                "word_form": "deine",
                "lemma": "deine",
                "POS_STTS": "PPOSAT",
                "index": "7",
                "dep_rel": "det",
                "head_index": "8",
                "parser_morph_features": "Fem|_|Sg",
                "possible_morph_features": []
            },
            "TOK2": {
                "word_type": "N",
                "word_form": "Prüfung",
                "lemma": "Prüfung",
                "POS_STTS": "NN",
                "index": "8",
                "dep_rel": "root",
                "head_index": "0",
                "parser_morph_features": "Fem|_|Sg",
                "possible_morph_features": []
            }
        },
        "relations": {
            "rel_1": {
                "rel_type": "must_agree",
                "involved": [
                    "TOK2",
                    "TOK1"
                ],
                "ruler": "TOK2",
                "possible_agreement": null
            }
        }
    },
    {
        "file_ID": "1061_0120415",
        "sent_NP_ID": "4_8",
        "sentence": "Ich besuche meine Eltern die in Deutschland lebt .",
        "metadata": {
            "corpus": "MERLIN_DE"
        },
        "NP_info": {
            "len_np": 2,
            "coordination": null
        },
        "HEAD_info": {
            "head": {
                "H_TOK1": {
                    "word_type": "V",
                    "word_form": "besuche",
                    "lemma": "besuchen",
                    "POS_STTS": "VVFIN",
                    "index": "2",
                    "dep_rel": "root",
                    "head_index": "0",
                    "parser_morph_features": "1|Sg|Pres|_"
                }
            },
            "super_head": {}
        },
        "POST_info": {},
        "TOK_info": {
            "TOK1": {
                "word_type": "ART",
                "word_form": "meine",
                "lemma": "meine",
                "POS_STTS": "PPOSAT",
                "index": "3",
                "dep_rel": "det",
                "head_index": "4",
                "parser_morph_features": "_|Acc|Pl",
                "possible_morph_features": []
            },
            "TOK2": {
                "word_type": "N",
                "word_form": "Eltern",
                "lemma": "Elter",
                "POS_STTS": "NN",
                "index": "4",
                "dep_rel": "obja",
                "head_index": "2",
                "parser_morph_features": "_|Acc|Pl",
                "possible_morph_features": []
            }
        },
        "relations": {
            "rel_1": {
                "rel_type": "must_agree",
                "involved": [
                    "TOK2",
                    "TOK1"
                ],
                "ruler": "TOK2",
                "possible_agreement": null
            }
        }
    },
    {
        "file_ID": "1061_0120415",
        "sent_NP_ID": "4_9",
        "sentence": "Ich besuche meine Eltern die in Deutschland lebt .",
        "metadata": {
            "corpus": "MERLIN_DE"
        },
        "NP_info": {
            "len_np": 1,
            "coordination": null
        },
        "HEAD_info": {
            "head": {
                "H_TOK1": {
                    "word_type": "PREP",
                    "word_form": "in",
                    "lemma": "in",
                    "POS_STTS": "APPR",
                    "index": "6",
                    "dep_rel": "pp",
                    "head_index": "8",
                    "parser_morph_features": "_"
                }
            },
            "super_head": {
                "SH_TOK1": {
                    "word_type": "V",
                    "word_form": "lebt",
                    "lemma": "leben",
                    "POS_STTS": "VVFIN",
                    "index": "8",
                    "dep_rel": "root",
                    "head_index": "0",
                    "parser_morph_features": "_|_|Pres|Ind"
                }
            }
        },
        "POST_info": {},
        "TOK_info": {
            "TOK1": {
                "word_type": "N",
                "word_form": "Deutschland",
                "lemma": "Deutschland",
                "POS_STTS": "NE",
                "index": "7",
                "dep_rel": "pn",
                "head_index": "6",
                "parser_morph_features": "Neut|_|Sg",
                "possible_morph_features": []
            }
        },
        "relations": {}
    },
    {
        "file_ID": "1061_0120415",
        "sent_NP_ID": "5_10",
        "sentence": "Ich bin viele interessante Städte in Deutschland besucht .",
        "metadata": {
            "corpus": "MERLIN_DE"
        },
        "NP_info": {
            "len_np": 3,
            "coordination": null
        },
        "HEAD_info": {
            "head": {},
            "super_head": {}
        },
        "POST_info": {
            "P_TOK1": {
                "word_type": "PREP",
                "word_form": "in",
                "lemma": "in",
                "POS_STTS": "APPR",
                "index": "6",
                "dep_rel": "pp",
                "head_index": "5",
                "parser_morph_features": "_"
            }
        },
        "TOK_info": {
            "TOK1": {
                "word_type": "ART",
                "word_form": "viele",
                "lemma": "viele",
                "POS_STTS": "PIDAT",
                "index": "3",
                "dep_rel": "det",
                "head_index": "5",
                "parser_morph_features": "Fem|_|Pl",
                "possible_morph_features": []
            },
            "TOK2": {
                "word_type": "ADJA",
                "word_form": "interessante",
                "lemma": "interessant",
                "POS_STTS": "ADJA",
                "index": "4",
                "dep_rel": "attr",
                "head_index": "5",
                "parser_morph_features": "Pos|Fem|_|Pl|St|",
                "possible_morph_features": []
            },
            "TOK3": {
                "word_type": "N",
                "word_form": "Städte",
                "lemma": "Stadt",
                "POS_STTS": "NN",
                "index": "5",
                "dep_rel": "root",
                "head_index": "0",
                "parser_morph_features": "Fem|_|Pl",
                "possible_morph_features": []
            }
        },
        "relations": {
            "rel_1": {
                "rel_type": "must_agree",
                "involved": [
                    "TOK1",
                    "TOK2"
                ],
                "ruler": null,
                "possible_agreement": null
            },
            "rel_2": {
                "rel_type": "must_agree",
                "involved": [
                    "TOK3",
                    "TOK1"
                ],
                "ruler": "TOK3",
                "possible_agreement": null
            },
            "rel_3": {
                "rel_type": "must_agree",
                "involved": [
                    "TOK3",
                    "TOK2"
                ],
                "ruler": "TOK3",
                "possible_agreement": null
            }
        }
    },
    {
        "file_ID": "1061_0120415",
        "sent_NP_ID": "5_11",
        "sentence": "Ich bin viele interessante Städte in Deutschland besucht .",
        "metadata": {
            "corpus": "MERLIN_DE"
        },
        "NP_info": {
            "len_np": 1,
            "coordination": null
        },
        "HEAD_info": {
            "head": {
                "H_TOK1": {
                    "word_type": "PREP",
                    "word_form": "in",
                    "lemma": "in",
                    "POS_STTS": "APPR",
                    "index": "6",
                    "dep_rel": "pp",
                    "head_index": "5",
                    "parser_morph_features": "_"
                }
            },
            "super_head": {
                "SH_TOK1": {
                    "word_type": "N",
                    "word_form": "Städte",
                    "lemma": "Stadt",
                    "POS_STTS": "NN",
                    "index": "5",
                    "dep_rel": "root",
                    "head_index": "0",
                    "parser_morph_features": "Fem|_|Pl"
                }
            }
        },
        "POST_info": {},
        "TOK_info": {
            "TOK1": {
                "word_type": "N",
                "word_form": "Deutschland",
                "lemma": "Deutschland",
                "POS_STTS": "NE",
                "index": "7",
                "dep_rel": "pn",
                "head_index": "6",
                "parser_morph_features": "Neut|_|Sg",
                "possible_morph_features": []
            }
        },
        "relations": {}
    },
    {
        "file_ID": "1061_0120415",
        "sent_NP_ID": "6_12",
        "sentence": "Wir haben auch Schiffsfahrt gemacht .",
        "metadata": {
            "corpus": "MERLIN_DE"
        },
        "NP_info": {
            "len_np": 1,
            "coordination": null
        },
        "HEAD_info": {
            "head": {
                "H_TOK1": {
                    "word_type": "V",
                    "word_form": "gemacht",
                    "lemma": "machen",
                    "POS_STTS": "VVPP",
                    "index": "5",
                    "dep_rel": "aux",
                    "head_index": "2",
                    "parser_morph_features": "_"
                }
            },
            "super_head": {
                "SH_TOK1": {
                    "word_type": "V",
                    "word_form": "haben",
                    "lemma": "haben",
                    "POS_STTS": "VAFIN",
                    "index": "2",
                    "dep_rel": "root",
                    "head_index": "0",
                    "parser_morph_features": "1|Pl|Pres|_"
                }
            }
        },
        "POST_info": {},
        "TOK_info": {
            "TOK1": {
                "word_type": "N",
                "word_form": "Schiffsfahrt",
                "lemma": "Schiffsfahrt",
                "POS_STTS": "NN",
                "index": "4",
                "dep_rel": "obja",
                "head_index": "5",
                "parser_morph_features": "Fem|Acc|Sg",
                "possible_morph_features": []
            }
        },
        "relations": {}
    },
    {
        "file_ID": "1061_0120415",
        "sent_NP_ID": "8_13",
        "sentence": "Ich wunsche mir viele süsigkeiten aus Instanbul , weil ich sehr mag .",
        "metadata": {
            "corpus": "MERLIN_DE"
        },
        "NP_info": {
            "len_np": 2,
            "coordination": null
        },
        "HEAD_info": {
            "head": {
                "H_TOK1": {
                    "word_type": "V",
                    "word_form": "wunsche",
                    "lemma": "wunsche",
                    "POS_STTS": "VVFIN",
                    "index": "2",
                    "dep_rel": "root",
                    "head_index": "0",
                    "parser_morph_features": "1|Sg|_|_"
                }
            },
            "super_head": {}
        },
        "POST_info": {},
        "TOK_info": {
            "TOK1": {
                "word_type": "ART",
                "word_form": "viele",
                "lemma": "viele",
                "POS_STTS": "PIDAT",
                "index": "4",
                "dep_rel": "det",
                "head_index": "5",
                "parser_morph_features": "_|Acc|_",
                "possible_morph_features": []
            },
            "TOK2": {
                "word_type": "N",
                "word_form": "süsigkeiten",
                "lemma": "süsigkeiten",
                "POS_STTS": "NN",
                "index": "5",
                "dep_rel": "obja",
                "head_index": "2",
                "parser_morph_features": "_|Acc|_",
                "possible_morph_features": []
            }
        },
        "relations": {
            "rel_1": {
                "rel_type": "must_agree",
                "involved": [
                    "TOK2",
                    "TOK1"
                ],
                "ruler": "TOK2",
                "possible_agreement": null
            }
        }
    },
    {
        "file_ID": "1061_0120415",
        "sent_NP_ID": "8_14",
        "sentence": "Ich wunsche mir viele süsigkeiten aus Instanbul , weil ich sehr mag .",
        "metadata": {
            "corpus": "MERLIN_DE"
        },
        "NP_info": {
            "len_np": 1,
            "coordination": null
        },
        "HEAD_info": {
            "head": {
                "H_TOK1": {
                    "word_type": "PREP",
                    "word_form": "aus",
                    "lemma": "aus",
                    "POS_STTS": "APPR",
                    "index": "6",
                    "dep_rel": "pp",
                    "head_index": "2",
                    "parser_morph_features": "Dat"
                }
            },
            "super_head": {
                "SH_TOK1": {
                    "word_type": "V",
                    "word_form": "wunsche",
                    "lemma": "wunsche",
                    "POS_STTS": "VVFIN",
                    "index": "2",
                    "dep_rel": "root",
                    "head_index": "0",
                    "parser_morph_features": "1|Sg|_|_"
                }
            }
        },
        "POST_info": {},
        "TOK_info": {
            "TOK1": {
                "word_type": "N",
                "word_form": "Instanbul",
                "lemma": "Instanbul",
                "POS_STTS": "NN",
                "index": "7",
                "dep_rel": "pn",
                "head_index": "6",
                "parser_morph_features": "_|Dat|_",
                "possible_morph_features": []
            }
        },
        "relations": {}
    },
    {
        "file_ID": "1061_0120415",
        "sent_NP_ID": "10_15",
        "sentence": "Viele Spass in Instambul Freundlische grüsse Eva",
        "metadata": {
            "corpus": "MERLIN_DE"
        },
        "NP_info": {
            "len_np": 2,
            "coordination": null
        },
        "HEAD_info": {
            "head": {
                "H_TOK1": {
                    "word_type": "V",
                    "word_form": "grüsse",
                    "lemma": "grüssen",
                    "POS_STTS": "VVFIN",
                    "index": "6",
                    "dep_rel": "root",
                    "head_index": "0",
                    "parser_morph_features": "3|Sg|Pres|Subj"
                }
            },
            "super_head": {}
        },
        "POST_info": {
            "P_TOK1": {
                "word_type": "PREP",
                "word_form": "in",
                "lemma": "in",
                "POS_STTS": "APPR",
                "index": "3",
                "dep_rel": "pp",
                "head_index": "2",
                "parser_morph_features": "_"
            }
        },
        "TOK_info": {
            "TOK1": {
                "word_type": "ART",
                "word_form": "Viele",
                "lemma": "viele",
                "POS_STTS": "PIDAT",
                "index": "1",
                "dep_rel": "det",
                "head_index": "2",
                "parser_morph_features": "Masc|Nom|Sg",
                "possible_morph_features": []
            },
            "TOK2": {
                "word_type": "N",
                "word_form": "Spass",
                "lemma": "Spass",
                "POS_STTS": "NN",
                "index": "2",
                "dep_rel": "subj",
                "head_index": "6",
                "parser_morph_features": "Masc|Nom|Sg",
                "possible_morph_features": []
            }
        },
        "relations": {
            "rel_1": {
                "rel_type": "must_agree",
                "involved": [
                    "TOK2",
                    "TOK1"
                ],
                "ruler": "TOK2",
                "possible_agreement": null
            }
        }
    },
    {
        "file_ID": "1061_0120415",
        "sent_NP_ID": "10_16",
        "sentence": "Viele Spass in Instambul Freundlische grüsse Eva",
        "metadata": {
            "corpus": "MERLIN_DE"
        },
        "NP_info": {
            "len_np": 1,
            "coordination": null
        },
        "HEAD_info": {
            "head": {
                "H_TOK1": {
                    "word_type": "PREP",
                    "word_form": "in",
                    "lemma": "in",
                    "POS_STTS": "APPR",
                    "index": "3",
                    "dep_rel": "pp",
                    "head_index": "2",
                    "parser_morph_features": "_"
                }
            },
            "super_head": {
                "SH_TOK1": {
                    "word_type": "N",
                    "word_form": "Spass",
                    "lemma": "Spass",
                    "POS_STTS": "NN",
                    "index": "2",
                    "dep_rel": "subj",
                    "head_index": "6",
                    "parser_morph_features": "Masc|Nom|Sg"
                }
            }
        },
        "POST_info": {
            "P_TOK1": {
                "word_type": "N",
                "word_form": "Freundlische",
                "lemma": "Freundlische",
                "POS_STTS": "NE",
                "index": "5",
                "dep_rel": "app",
                "head_index": "4",
                "parser_morph_features": "_|_|_"
            }
        },
        "TOK_info": {
            "TOK1": {
                "word_type": "N",
                "word_form": "Instambul",
                "lemma": "Instambul",
                "POS_STTS": "NE",
                "index": "4",
                "dep_rel": "pn",
                "head_index": "3",
                "parser_morph_features": "_|_|_",
                "possible_morph_features": []
            }
        },
        "relations": {}
    },
    {
        "file_ID": "1061_0120415",
        "sent_NP_ID": "10_17",
        "sentence": "Viele Spass in Instambul Freundlische grüsse Eva",
        "metadata": {
            "corpus": "MERLIN_DE"
        },
        "NP_info": {
            "len_np": 1,
            "coordination": null
        },
        "HEAD_info": {
            "head": {
                "H_TOK1": {
                    "word_type": "N",
                    "word_form": "Instambul",
                    "lemma": "Instambul",
                    "POS_STTS": "NE",
                    "index": "4",
                    "dep_rel": "pn",
                    "head_index": "3",
                    "parser_morph_features": "_|_|_"
                }
            },
            "super_head": {
                "SH_TOK1": {
                    "word_type": "PREP",
                    "word_form": "in",
                    "lemma": "in",
                    "POS_STTS": "APPR",
                    "index": "3",
                    "dep_rel": "pp",
                    "head_index": "2",
                    "parser_morph_features": "_"
                }
            }
        },
        "POST_info": {},
        "TOK_info": {
            "TOK1": {
                "word_type": "N",
                "word_form": "Freundlische",
                "lemma": "Freundlische",
                "POS_STTS": "NE",
                "index": "5",
                "dep_rel": "app",
                "head_index": "4",
                "parser_morph_features": "_|_|_",
                "possible_morph_features": []
            }
        },
        "relations": {}
    },
    {
        "file_ID": "1061_0120415",
        "sent_NP_ID": "10_18",
        "sentence": "Viele Spass in Instambul Freundlische grüsse Eva",
        "metadata": {
            "corpus": "MERLIN_DE"
        },
        "NP_info": {
            "len_np": 1,
            "coordination": null
        },
        "HEAD_info": {
            "head": {
                "H_TOK1": {
                    "word_type": "V",
                    "word_form": "grüsse",
                    "lemma": "grüssen",
                    "POS_STTS": "VVFIN",
                    "index": "6",
                    "dep_rel": "root",
                    "head_index": "0",
                    "parser_morph_features": "3|Sg|Pres|Subj"
                }
            },
            "super_head": {}
        },
        "POST_info": {},
        "TOK_info": {
            "TOK1": {
                "word_type": "N",
                "word_form": "Eva",
                "lemma": "Eva",
                "POS_STTS": "NE",
                "index": "7",
                "dep_rel": "obja",
                "head_index": "6",
                "parser_morph_features": "Fem|Acc|Sg",
                "possible_morph_features": []
            }
        },
        "relations": {}
    }
]