[
    {
        "file_ID": "1061_0120274",
        "sent_NP_ID": "1_1",
        "sentence": "Stadt X , den 22.2.2012 Liebe Dana , Es ist schön , wenn du mir Brief schicken hat .",
        "metadata": {
            "corpus": "MERLIN_DE"
        },
        "NP_info": {
            "len_np": 1,
            "coordination": null
        },
        "HEAD_info": {
            "head": {
                "H_TOK1": {
                    "word_type": "V",
                    "word_form": "ist",
                    "lemma": "sein",
                    "POS_STTS": "VAFIN",
                    "index": "10",
                    "dep_rel": "root",
                    "head_index": "0",
                    "parser_morph_features": "3|Sg|Pres|Ind"
                }
            },
            "super_head": {}
        },
        "POST_info": {
            "P_TOK1": {
                "word_type": "N",
                "word_form": "X",
                "lemma": "X",
                "POS_STTS": "NE",
                "index": "2",
                "dep_rel": "app",
                "head_index": "1",
                "parser_morph_features": "_|_|_"
            }
        },
        "TOK_info": {
            "TOK1": {
                "word_type": "N",
                "word_form": "Stadt",
                "lemma": "Stadt",
                "POS_STTS": "NN",
                "index": "1",
                "dep_rel": "vok",
                "head_index": "10",
                "parser_morph_features": "Fem|_|Sg",
                "possible_morph_features": []
            }
        },
        "relations": {}
    },
    {
        "file_ID": "1061_0120274",
        "sent_NP_ID": "1_2",
        "sentence": "Stadt X , den 22.2.2012 Liebe Dana , Es ist schön , wenn du mir Brief schicken hat .",
        "metadata": {
            "corpus": "MERLIN_DE"
        },
        "NP_info": {
            "len_np": 1,
            "coordination": null
        },
        "HEAD_info": {
            "head": {
                "H_TOK1": {
                    "word_type": "N",
                    "word_form": "Stadt",
                    "lemma": "Stadt",
                    "POS_STTS": "NN",
                    "index": "1",
                    "dep_rel": "vok",
                    "head_index": "10",
                    "parser_morph_features": "Fem|_|Sg"
                }
            },
            "super_head": {
                "SH_TOK1": {
                    "word_type": "V",
                    "word_form": "ist",
                    "lemma": "sein",
                    "POS_STTS": "VAFIN",
                    "index": "10",
                    "dep_rel": "root",
                    "head_index": "0",
                    "parser_morph_features": "3|Sg|Pres|Ind"
                }
            }
        },
        "POST_info": {
            "P_TOK1": {
                "word_type": "N",
                "word_form": "Liebe",
                "lemma": "Liebe",
                "POS_STTS": "NN",
                "index": "6",
                "dep_rel": "app",
                "head_index": "2",
                "parser_morph_features": "_|_|_"
            }
        },
        "TOK_info": {
            "TOK1": {
                "word_type": "N",
                "word_form": "X",
                "lemma": "X",
                "POS_STTS": "NE",
                "index": "2",
                "dep_rel": "app",
                "head_index": "1",
                "parser_morph_features": "_|_|_",
                "possible_morph_features": []
            }
        },
        "relations": {}
    },
    {
        "file_ID": "1061_0120274",
        "sent_NP_ID": "1_3",
        "sentence": "Stadt X , den 22.2.2012 Liebe Dana , Es ist schön , wenn du mir Brief schicken hat .",
        "metadata": {
            "corpus": "MERLIN_DE"
        },
        "NP_info": {
            "len_np": 3,
            "coordination": null
        },
        "HEAD_info": {
            "head": {
                "H_TOK1": {
                    "word_type": "N",
                    "word_form": "X",
                    "lemma": "X",
                    "POS_STTS": "NE",
                    "index": "2",
                    "dep_rel": "app",
                    "head_index": "1",
                    "parser_morph_features": "_|_|_"
                }
            },
            "super_head": {
                "SH_TOK1": {
                    "word_type": "N",
                    "word_form": "Stadt",
                    "lemma": "Stadt",
                    "POS_STTS": "NN",
                    "index": "1",
                    "dep_rel": "vok",
                    "head_index": "10",
                    "parser_morph_features": "Fem|_|Sg"
                }
            }
        },
        "POST_info": {
            "P_TOK1": {
                "word_type": "N",
                "word_form": "Dana",
                "lemma": "Dana",
                "POS_STTS": "NE",
                "index": "7",
                "dep_rel": "app",
                "head_index": "6",
                "parser_morph_features": "_|_|_"
            }
        },
        "TOK_info": {
            "TOK1": {
                "word_type": "ART",
                "word_form": "den",
                "lemma": "die",
                "POS_STTS": "ART",
                "index": "4",
                "dep_rel": "det",
                "head_index": "6",
                "parser_morph_features": "Def|_|_|_",
                "possible_morph_features": []
            },
            "TOK2": {
                "word_type": "CARD",
                "word_form": "22.2.2012",
                "lemma": "22.2.2012",
                "POS_STTS": "CARD",
                "index": "5",
                "dep_rel": "attr",
                "head_index": "6",
                "parser_morph_features": "_",
                "possible_morph_features": []
            },
            "TOK3": {
                "word_type": "N",
                "word_form": "Liebe",
                "lemma": "Liebe",
                "POS_STTS": "NN",
                "index": "6",
                "dep_rel": "app",
                "head_index": "2",
                "parser_morph_features": "_|_|_",
                "possible_morph_features": []
            }
        },
        "relations": {
            "rel_1": {
                "rel_type": "must_agree",
                "involved": [
                    "TOK3",
                    "TOK1"
                ],
                "ruler": "TOK3",
                "possible_agreement": null
            }
        }
    },
    {
        "file_ID": "1061_0120274",
        "sent_NP_ID": "1_4",
        "sentence": "Stadt X , den 22.2.2012 Liebe Dana , Es ist schön , wenn du mir Brief schicken hat .",
        "metadata": {
            "corpus": "MERLIN_DE"
        },
        "NP_info": {
            "len_np": 1,
            "coordination": null
        },
        "HEAD_info": {
            "head": {
                "H_TOK1": {
                    "word_type": "N",
                    "word_form": "Liebe",
                    "lemma": "Liebe",
                    "POS_STTS": "NN",
                    "index": "6",
                    "dep_rel": "app",
                    "head_index": "2",
                    "parser_morph_features": "_|_|_"
                }
            },
            "super_head": {
                "SH_TOK1": {
                    "word_type": "N",
                    "word_form": "X",
                    "lemma": "X",
                    "POS_STTS": "NE",
                    "index": "2",
                    "dep_rel": "app",
                    "head_index": "1",
                    "parser_morph_features": "_|_|_"
                }
            }
        },
        "POST_info": {},
        "TOK_info": {
            "TOK1": {
                "word_type": "N",
                "word_form": "Dana",
                "lemma": "Dana",
                "POS_STTS": "NE",
                "index": "7",
                "dep_rel": "app",
                "head_index": "6",
                "parser_morph_features": "_|_|_",
                "possible_morph_features": []
            }
        },
        "relations": {}
    },
    {
        "file_ID": "1061_0120274",
        "sent_NP_ID": "1_5",
        "sentence": "Stadt X , den 22.2.2012 Liebe Dana , Es ist schön , wenn du mir Brief schicken hat .",
        "metadata": {
            "corpus": "MERLIN_DE"
        },
        "NP_info": {
            "len_np": 1,
            "coordination": null
        },
        "HEAD_info": {
            "head": {
                "H_TOK1": {
                    "word_type": "V",
                    "word_form": "schicken",
                    "lemma": "schicken",
                    "POS_STTS": "VVINF",
                    "index": "17",
                    "dep_rel": "root",
                    "head_index": "0",
                    "parser_morph_features": "_"
                }
            },
            "super_head": {}
        },
        "POST_info": {},
        "TOK_info": {
            "TOK1": {
                "word_type": "N",
                "word_form": "Brief",
                "lemma": "Brief",
                "POS_STTS": "NN",
                "index": "16",
                "dep_rel": "obja",
                "head_index": "17",
                "parser_morph_features": "Masc|Acc|Sg",
                "possible_morph_features": []
            }
        },
        "relations": {}
    },
    {
        "file_ID": "1061_0120274",
        "sent_NP_ID": "2_6",
        "sentence": "Herzliche Glück wunsch zum bestande Prüfung Du hatte toll gemach !",
        "metadata": {
            "corpus": "MERLIN_DE"
        },
        "NP_info": {
            "len_np": 2,
            "coordination": null
        },
        "HEAD_info": {
            "head": {},
            "super_head": {}
        },
        "POST_info": {
            "P_TOK1": {
                "word_type": "N",
                "word_form": "wunsch",
                "lemma": "wunsch",
                "POS_STTS": "NE",
                "index": "3",
                "dep_rel": "app",
                "head_index": "2",
                "parser_morph_features": "Neut|_|Sg"
            }
        },
        "TOK_info": {
            "TOK1": {
                "word_type": "ADJA",
                "word_form": "Herzliche",
                "lemma": "herzlich",
                "POS_STTS": "ADJA",
                "index": "1",
                "dep_rel": "attr",
                "head_index": "2",
                "parser_morph_features": "Pos|Neut|_|Sg|Wk|",
                "possible_morph_features": []
            },
            "TOK2": {
                "word_type": "N",
                "word_form": "Glück",
                "lemma": "Glück",
                "POS_STTS": "NN",
                "index": "2",
                "dep_rel": "root",
                "head_index": "0",
                "parser_morph_features": "Neut|_|Sg",
                "possible_morph_features": []
            }
        },
        "relations": {
            "rel_1": {
                "rel_type": "must_agree",
                "involved": [
                    "TOK2",
                    "TOK1"
                ],
                "ruler": "TOK2",
                "possible_agreement": null
            }
        }
    },
    {
        "file_ID": "1061_0120274",
        "sent_NP_ID": "2_7",
        "sentence": "Herzliche Glück wunsch zum bestande Prüfung Du hatte toll gemach !",
        "metadata": {
            "corpus": "MERLIN_DE"
        },
        "NP_info": {
            "len_np": 1,
            "coordination": null
        },
        "HEAD_info": {
            "head": {
                "H_TOK1": {
                    "word_type": "N",
                    "word_form": "Glück",
                    "lemma": "Glück",
                    "POS_STTS": "NN",
                    "index": "2",
                    "dep_rel": "root",
                    "head_index": "0",
                    "parser_morph_features": "Neut|_|Sg"
                }
            },
            "super_head": {}
        },
        "POST_info": {
            "P_TOK1": {
                "word_type": "PREP",
                "word_form": "zum",
                "lemma": "zu",
                "POS_STTS": "APPRART",
                "index": "4",
                "dep_rel": "pp",
                "head_index": "3",
                "parser_morph_features": "Dat"
            }
        },
        "TOK_info": {
            "TOK1": {
                "word_type": "N",
                "word_form": "wunsch",
                "lemma": "wunsch",
                "POS_STTS": "NE",
                "index": "3",
                "dep_rel": "app",
                "head_index": "2",
                "parser_morph_features": "Neut|_|Sg",
                "possible_morph_features": []
            }
        },
        "relations": {}
    },
    {
        "file_ID": "1061_0120274",
        "sent_NP_ID": "2_8",
        "sentence": "Herzliche Glück wunsch zum bestande Prüfung Du hatte toll gemach !",
        "metadata": {
            "corpus": "MERLIN_DE"
        },
        "NP_info": {
            "len_np": 2,
            "coordination": null
        },
        "HEAD_info": {
            "head": {
                "H_TOK1": {
                    "word_type": "PREP",
                    "word_form": "zum",
                    "lemma": "zu",
                    "POS_STTS": "APPRART",
                    "index": "4",
                    "dep_rel": "pp",
                    "head_index": "3",
                    "parser_morph_features": "Dat"
                }
            },
            "super_head": {
                "SH_TOK1": {
                    "word_type": "N",
                    "word_form": "wunsch",
                    "lemma": "wunsch",
                    "POS_STTS": "NE",
                    "index": "3",
                    "dep_rel": "app",
                    "head_index": "2",
                    "parser_morph_features": "Neut|_|Sg"
                }
            }
        },
        "POST_info": {},
        "TOK_info": {
            "TOK1": {
                "word_type": "ADJA",
                "word_form": "bestande",
                "lemma": "bestande",
                "POS_STTS": "ADJA",
                "index": "5",
                "dep_rel": "attr",
                "head_index": "6",
                "parser_morph_features": "_|Fem|_|Sg|_",
                "possible_morph_features": []
            },
            "TOK2": {
                "word_type": "N",
                "word_form": "Prüfung",
                "lemma": "Prüfung",
                "POS_STTS": "NN",
                "index": "6",
                "dep_rel": "pn",
                "head_index": "4",
                "parser_morph_features": "Fem|_|Sg",
                "possible_morph_features": []
            }
        },
        "relations": {
            "rel_1": {
                "rel_type": "must_agree",
                "involved": [
                    "TOK1",
                    "H_TOK1"
                ],
                "ruler": null,
                "possible_agreement": null
            },
            "rel_2": {
                "rel_type": "must_agree",
                "involved": [
                    "TOK2",
                    "TOK1"
                ],
                "ruler": "TOK2",
                "possible_agreement": null
            },
            "rel_3": {
                "rel_type": "must_agree",
                "involved": [
                    "TOK2",
                    "H_TOK1"
                ],
                "ruler": "TOK2",
                "possible_agreement": null
            }
        }
    },
    {
        "file_ID": "1061_0120274",
        "sent_NP_ID": "3_9",
        "sentence": "Ich kann nicht bei dir besuchen , weil ich Deutsch lernen muss .",
        "metadata": {
            "corpus": "MERLIN_DE"
        },
        "NP_info": {
            "len_np": 1,
            "coordination": null
        },
        "HEAD_info": {
            "head": {
                "H_TOK1": {
                    "word_type": "V",
                    "word_form": "lernen",
                    "lemma": "lernen",
                    "POS_STTS": "VVINF",
                    "index": "11",
                    "dep_rel": "aux",
                    "head_index": "12",
                    "parser_morph_features": "_"
                }
            },
            "super_head": {
                "SH_TOK1": {
                    "word_type": "V",
                    "word_form": "muss",
                    "lemma": "müssen",
                    "POS_STTS": "VMFIN",
                    "index": "12",
                    "dep_rel": "neb",
                    "head_index": "2",
                    "parser_morph_features": "1|Sg|Pres|Ind"
                }
            }
        },
        "POST_info": {},
        "TOK_info": {
            "TOK1": {
                "word_type": "N",
                "word_form": "Deutsch",
                "lemma": "Deutsch",
                "POS_STTS": "NN",
                "index": "10",
                "dep_rel": "obja",
                "head_index": "11",
                "parser_morph_features": "Neut|Acc|Sg",
                "possible_morph_features": []
            }
        },
        "relations": {}
    },
    {
        "file_ID": "1061_0120274",
        "sent_NP_ID": "4_10",
        "sentence": "Mein Mutte wohn noch in Viet nam , deshalf ich immer besuchen kann .",
        "metadata": {
            "corpus": "MERLIN_DE"
        },
        "NP_info": {
            "len_np": 2,
            "coordination": null
        },
        "HEAD_info": {
            "head": {},
            "super_head": {}
        },
        "POST_info": {
            "P_TOK1": {
                "word_type": "N",
                "word_form": "wohn",
                "lemma": "wohn",
                "POS_STTS": "NE",
                "index": "3",
                "dep_rel": "app",
                "head_index": "2",
                "parser_morph_features": "_|_|Sg"
            },
            "P_TOK2": {
                "word_type": "PREP",
                "word_form": "in",
                "lemma": "in",
                "POS_STTS": "APPR",
                "index": "5",
                "dep_rel": "pp",
                "head_index": "2",
                "parser_morph_features": "_"
            }
        },
        "TOK_info": {
            "TOK1": {
                "word_type": "ART",
                "word_form": "Mein",
                "lemma": "meine",
                "POS_STTS": "PPOSAT",
                "index": "1",
                "dep_rel": "det",
                "head_index": "2",
                "parser_morph_features": "_|_|Sg",
                "possible_morph_features": []
            },
            "TOK2": {
                "word_type": "N",
                "word_form": "Mutte",
                "lemma": "Mutte",
                "POS_STTS": "NN",
                "index": "2",
                "dep_rel": "root",
                "head_index": "0",
                "parser_morph_features": "_|_|Sg",
                "possible_morph_features": []
            }
        },
        "relations": {
            "rel_1": {
                "rel_type": "must_agree",
                "involved": [
                    "TOK2",
                    "TOK1"
                ],
                "ruler": "TOK2",
                "possible_agreement": null
            }
        }
    },
    {
        "file_ID": "1061_0120274",
        "sent_NP_ID": "4_11",
        "sentence": "Mein Mutte wohn noch in Viet nam , deshalf ich immer besuchen kann .",
        "metadata": {
            "corpus": "MERLIN_DE"
        },
        "NP_info": {
            "len_np": 1,
            "coordination": null
        },
        "HEAD_info": {
            "head": {
                "H_TOK1": {
                    "word_type": "N",
                    "word_form": "Mutte",
                    "lemma": "Mutte",
                    "POS_STTS": "NN",
                    "index": "2",
                    "dep_rel": "root",
                    "head_index": "0",
                    "parser_morph_features": "_|_|Sg"
                }
            },
            "super_head": {}
        },
        "POST_info": {
            "P_TOK1": {
                "word_type": "ADV",
                "word_form": "noch",
                "lemma": "noch",
                "POS_STTS": "ADV",
                "index": "4",
                "dep_rel": "adv",
                "head_index": "3",
                "parser_morph_features": "_"
            }
        },
        "TOK_info": {
            "TOK1": {
                "word_type": "N",
                "word_form": "wohn",
                "lemma": "wohn",
                "POS_STTS": "NE",
                "index": "3",
                "dep_rel": "app",
                "head_index": "2",
                "parser_morph_features": "_|_|Sg",
                "possible_morph_features": []
            }
        },
        "relations": {}
    },
    {
        "file_ID": "1061_0120274",
        "sent_NP_ID": "4_12",
        "sentence": "Mein Mutte wohn noch in Viet nam , deshalf ich immer besuchen kann .",
        "metadata": {
            "corpus": "MERLIN_DE"
        },
        "NP_info": {
            "len_np": 1,
            "coordination": null
        },
        "HEAD_info": {
            "head": {
                "H_TOK1": {
                    "word_type": "PREP",
                    "word_form": "in",
                    "lemma": "in",
                    "POS_STTS": "APPR",
                    "index": "5",
                    "dep_rel": "pp",
                    "head_index": "2",
                    "parser_morph_features": "_"
                }
            },
            "super_head": {
                "SH_TOK1": {
                    "word_type": "N",
                    "word_form": "Mutte",
                    "lemma": "Mutte",
                    "POS_STTS": "NN",
                    "index": "2",
                    "dep_rel": "root",
                    "head_index": "0",
                    "parser_morph_features": "_|_|Sg"
                }
            }
        },
        "POST_info": {
            "P_TOK1": {
                "word_type": "N",
                "word_form": "nam",
                "lemma": "nam",
                "POS_STTS": "NE",
                "index": "7",
                "dep_rel": "app",
                "head_index": "6",
                "parser_morph_features": "_|_|_"
            }
        },
        "TOK_info": {
            "TOK1": {
                "word_type": "N",
                "word_form": "Viet",
                "lemma": "Viet",
                "POS_STTS": "NE",
                "index": "6",
                "dep_rel": "pn",
                "head_index": "5",
                "parser_morph_features": "_|_|_",
                "possible_morph_features": []
            }
        },
        "relations": {}
    },
    {
        "file_ID": "1061_0120274",
        "sent_NP_ID": "4_13",
        "sentence": "Mein Mutte wohn noch in Viet nam , deshalf ich immer besuchen kann .",
        "metadata": {
            "corpus": "MERLIN_DE"
        },
        "NP_info": {
            "len_np": 1,
            "coordination": null
        },
        "HEAD_info": {
            "head": {
                "H_TOK1": {
                    "word_type": "N",
                    "word_form": "Viet",
                    "lemma": "Viet",
                    "POS_STTS": "NE",
                    "index": "6",
                    "dep_rel": "pn",
                    "head_index": "5",
                    "parser_morph_features": "_|_|_"
                }
            },
            "super_head": {
                "SH_TOK1": {
                    "word_type": "PREP",
                    "word_form": "in",
                    "lemma": "in",
                    "POS_STTS": "APPR",
                    "index": "5",
                    "dep_rel": "pp",
                    "head_index": "2",
                    "parser_morph_features": "_"
                }
            }
        },
        "POST_info": {},
        "TOK_info": {
            "TOK1": {
                "word_type": "N",
                "word_form": "nam",
                "lemma": "nam",
                "POS_STTS": "NE",
                "index": "7",
                "dep_rel": "app",
                "head_index": "6",
                "parser_morph_features": "_|_|_",
                "possible_morph_features": []
            }
        },
        "relations": {}
    },
    {
        "file_ID": "1061_0120274",
        "sent_NP_ID": "5_14",
        "sentence": "Kann du mir von Instalbul ein postcard schicken .",
        "metadata": {
            "corpus": "MERLIN_DE"
        },
        "NP_info": {
            "len_np": 1,
            "coordination": null
        },
        "HEAD_info": {
            "head": {
                "H_TOK1": {
                    "word_type": "PREP",
                    "word_form": "von",
                    "lemma": "von",
                    "POS_STTS": "APPR",
                    "index": "4",
                    "dep_rel": "pp",
                    "head_index": "7",
                    "parser_morph_features": "_"
                }
            },
            "super_head": {
                "SH_TOK1": {
                    "word_type": "N",
                    "word_form": "postcard",
                    "lemma": "postcard",
                    "POS_STTS": "NN",
                    "index": "7",
                    "dep_rel": "root",
                    "head_index": "0",
                    "parser_morph_features": "_|_|Sg"
                }
            }
        },
        "POST_info": {},
        "TOK_info": {
            "TOK1": {
                "word_type": "N",
                "word_form": "Instalbul",
                "lemma": "Instalbul",
                "POS_STTS": "NE",
                "index": "5",
                "dep_rel": "pn",
                "head_index": "4",
                "parser_morph_features": "_|_|_",
                "possible_morph_features": []
            }
        },
        "relations": {}
    },
    {
        "file_ID": "1061_0120274",
        "sent_NP_ID": "5_15",
        "sentence": "Kann du mir von Instalbul ein postcard schicken .",
        "metadata": {
            "corpus": "MERLIN_DE"
        },
        "NP_info": {
            "len_np": 3,
            "coordination": null
        },
        "HEAD_info": {
            "head": {},
            "super_head": {}
        },
        "POST_info": {},
        "TOK_info": {
            "TOK1": {
                "word_type": "PREP",
                "word_form": "von",
                "lemma": "von",
                "POS_STTS": "APPR",
                "index": "4",
                "dep_rel": "pp",
                "head_index": "7",
                "parser_morph_features": "_",
                "possible_morph_features": []
            },
            "TOK2": {
                "word_type": "ART",
                "word_form": "ein",
                "lemma": "eine",
                "POS_STTS": "ART",
                "index": "6",
                "dep_rel": "det",
                "head_index": "7",
                "parser_morph_features": "Indef|_|_|Sg",
                "possible_morph_features": []
            },
            "TOK3": {
                "word_type": "N",
                "word_form": "postcard",
                "lemma": "postcard",
                "POS_STTS": "NN",
                "index": "7",
                "dep_rel": "root",
                "head_index": "0",
                "parser_morph_features": "_|_|Sg",
                "possible_morph_features": []
            }
        },
        "relations": {
            "rel_1": {
                "rel_type": "must_agree",
                "involved": [
                    "TOK3",
                    "TOK2"
                ],
                "ruler": "TOK3",
                "possible_agreement": null
            }
        }
    },
    {
        "file_ID": "1061_0120274",
        "sent_NP_ID": "6_16",
        "sentence": "wünsche dir schön zeit im Istalbul !",
        "metadata": {
            "corpus": "MERLIN_DE"
        },
        "NP_info": {
            "len_np": 1,
            "coordination": null
        },
        "HEAD_info": {
            "head": {
                "H_TOK1": {
                    "word_type": "PREP",
                    "word_form": "im",
                    "lemma": "in",
                    "POS_STTS": "APPRART",
                    "index": "5",
                    "dep_rel": "pp",
                    "head_index": "1",
                    "parser_morph_features": "Dat"
                }
            },
            "super_head": {
                "SH_TOK1": {
                    "word_type": "V",
                    "word_form": "wünsche",
                    "lemma": "wünschen",
                    "POS_STTS": "VVFIN",
                    "index": "1",
                    "dep_rel": "root",
                    "head_index": "0",
                    "parser_morph_features": "_|Sg|Pres|_"
                }
            }
        },
        "POST_info": {},
        "TOK_info": {
            "TOK1": {
                "word_type": "N",
                "word_form": "Istalbul",
                "lemma": "Istalbul",
                "POS_STTS": "NN",
                "index": "6",
                "dep_rel": "pn",
                "head_index": "5",
                "parser_morph_features": "_|Dat|_",
                "possible_morph_features": []
            }
        },
        "relations": {
            "rel_1": {
                "rel_type": "must_agree",
                "involved": [
                    "TOK1",
                    "H_TOK1"
                ],
                "ruler": "TOK1",
                "possible_agreement": null
            }
        }
    },
    {
        "file_ID": "1061_0120274",
        "sent_NP_ID": "7_17",
        "sentence": "viele Grüße Maria",
        "metadata": {
            "corpus": "MERLIN_DE"
        },
        "NP_info": {
            "len_np": 2,
            "coordination": null
        },
        "HEAD_info": {
            "head": {},
            "super_head": {}
        },
        "POST_info": {
            "P_TOK1": {
                "word_type": "N",
                "word_form": "Maria",
                "lemma": "Maria",
                "POS_STTS": "NE",
                "index": "3",
                "dep_rel": "app",
                "head_index": "2",
                "parser_morph_features": "_|_|Sg"
            }
        },
        "TOK_info": {
            "TOK1": {
                "word_type": "ART",
                "word_form": "viele",
                "lemma": "viele",
                "POS_STTS": "PIDAT",
                "index": "1",
                "dep_rel": "det",
                "head_index": "2",
                "parser_morph_features": "Masc|_|Pl",
                "possible_morph_features": []
            },
            "TOK2": {
                "word_type": "N",
                "word_form": "Grüße",
                "lemma": "Gruß",
                "POS_STTS": "NN",
                "index": "2",
                "dep_rel": "root",
                "head_index": "0",
                "parser_morph_features": "Masc|_|Pl",
                "possible_morph_features": []
            }
        },
        "relations": {
            "rel_1": {
                "rel_type": "must_agree",
                "involved": [
                    "TOK2",
                    "TOK1"
                ],
                "ruler": "TOK2",
                "possible_agreement": null
            }
        }
    },
    {
        "file_ID": "1061_0120274",
        "sent_NP_ID": "7_18",
        "sentence": "viele Grüße Maria",
        "metadata": {
            "corpus": "MERLIN_DE"
        },
        "NP_info": {
            "len_np": 1,
            "coordination": null
        },
        "HEAD_info": {
            "head": {
                "H_TOK1": {
                    "word_type": "N",
                    "word_form": "Grüße",
                    "lemma": "Gruß",
                    "POS_STTS": "NN",
                    "index": "2",
                    "dep_rel": "root",
                    "head_index": "0",
                    "parser_morph_features": "Masc|_|Pl"
                }
            },
            "super_head": {}
        },
        "POST_info": {},
        "TOK_info": {
            "TOK1": {
                "word_type": "N",
                "word_form": "Maria",
                "lemma": "Maria",
                "POS_STTS": "NE",
                "index": "3",
                "dep_rel": "app",
                "head_index": "2",
                "parser_morph_features": "_|_|Sg",
                "possible_morph_features": []
            }
        },
        "relations": {}
    }
]