[
    {
        "file_ID": "1071_0024681",
        "sent_NP_ID": "1_1",
        "sentence": "Liebe Ingo !",
        "metadata": {
            "corpus": "MERLIN_DE"
        },
        "NP_info": {
            "len_np": 1,
            "coordination": null
        },
        "HEAD_info": {
            "head": {},
            "super_head": {}
        },
        "POST_info": {
            "P_TOK1": {
                "word_type": "N",
                "word_form": "Ingo",
                "lemma": "Ingo",
                "POS_STTS": "NE",
                "index": "2",
                "dep_rel": "app",
                "head_index": "1",
                "parser_morph_features": "Masc|_|Sg"
            }
        },
        "TOK_info": {
            "TOK1": {
                "word_type": "N",
                "word_form": "Liebe",
                "lemma": "Liebe",
                "POS_STTS": "NN",
                "index": "1",
                "dep_rel": "root",
                "head_index": "0",
                "parser_morph_features": "_|_|_",
                "possible_morph_features": []
            }
        },
        "relations": {}
    },
    {
        "file_ID": "1071_0024681",
        "sent_NP_ID": "1_2",
        "sentence": "Liebe Ingo !",
        "metadata": {
            "corpus": "MERLIN_DE"
        },
        "NP_info": {
            "len_np": 1,
            "coordination": null
        },
        "HEAD_info": {
            "head": {
                "H_TOK1": {
                    "word_type": "N",
                    "word_form": "Liebe",
                    "lemma": "Liebe",
                    "POS_STTS": "NN",
                    "index": "1",
                    "dep_rel": "root",
                    "head_index": "0",
                    "parser_morph_features": "_|_|_"
                }
            },
            "super_head": {}
        },
        "POST_info": {},
        "TOK_info": {
            "TOK1": {
                "word_type": "N",
                "word_form": "Ingo",
                "lemma": "Ingo",
                "POS_STTS": "NE",
                "index": "2",
                "dep_rel": "app",
                "head_index": "1",
                "parser_morph_features": "Masc|_|Sg",
                "possible_morph_features": []
            }
        },
        "relations": {}
    },
    {
        "file_ID": "1071_0024681",
        "sent_NP_ID": "2_3",
        "sentence": "Ich habe neue Arbeit in Neuburg gefunden .",
        "metadata": {
            "corpus": "MERLIN_DE"
        },
        "NP_info": {
            "len_np": 2,
            "coordination": null
        },
        "HEAD_info": {
            "head": {
                "H_TOK1": {
                    "word_type": "V",
                    "word_form": "gefunden",
                    "lemma": "finden",
                    "POS_STTS": "VVPP",
                    "index": "7",
                    "dep_rel": "aux",
                    "head_index": "2",
                    "parser_morph_features": "_"
                }
            },
            "super_head": {
                "SH_TOK1": {
                    "word_type": "V",
                    "word_form": "habe",
                    "lemma": "haben",
                    "POS_STTS": "VAFIN",
                    "index": "2",
                    "dep_rel": "root",
                    "head_index": "0",
                    "parser_morph_features": "1|Sg|Pres|_"
                }
            }
        },
        "POST_info": {},
        "TOK_info": {
            "TOK1": {
                "word_type": "ADJA",
                "word_form": "neue",
                "lemma": "neu",
                "POS_STTS": "ADJA",
                "index": "3",
                "dep_rel": "attr",
                "head_index": "4",
                "parser_morph_features": "Pos|Fem|Acc|Sg|_|",
                "possible_morph_features": []
            },
            "TOK2": {
                "word_type": "N",
                "word_form": "Arbeit",
                "lemma": "Arbeit",
                "POS_STTS": "NN",
                "index": "4",
                "dep_rel": "obja",
                "head_index": "7",
                "parser_morph_features": "Fem|Acc|Sg",
                "possible_morph_features": []
            }
        },
        "relations": {
            "rel_1": {
                "rel_type": "must_agree",
                "involved": [
                    "TOK2",
                    "TOK1"
                ],
                "ruler": "TOK2",
                "possible_agreement": null
            }
        }
    },
    {
        "file_ID": "1071_0024681",
        "sent_NP_ID": "2_4",
        "sentence": "Ich habe neue Arbeit in Neuburg gefunden .",
        "metadata": {
            "corpus": "MERLIN_DE"
        },
        "NP_info": {
            "len_np": 1,
            "coordination": null
        },
        "HEAD_info": {
            "head": {
                "H_TOK1": {
                    "word_type": "PREP",
                    "word_form": "in",
                    "lemma": "in",
                    "POS_STTS": "APPR",
                    "index": "5",
                    "dep_rel": "pp",
                    "head_index": "7",
                    "parser_morph_features": "_"
                }
            },
            "super_head": {
                "SH_TOK1": {
                    "word_type": "V",
                    "word_form": "gefunden",
                    "lemma": "finden",
                    "POS_STTS": "VVPP",
                    "index": "7",
                    "dep_rel": "aux",
                    "head_index": "2",
                    "parser_morph_features": "_"
                }
            }
        },
        "POST_info": {},
        "TOK_info": {
            "TOK1": {
                "word_type": "N",
                "word_form": "Neuburg",
                "lemma": "Neuburg",
                "POS_STTS": "NN",
                "index": "6",
                "dep_rel": "pn",
                "head_index": "5",
                "parser_morph_features": "Fem|_|Sg",
                "possible_morph_features": []
            }
        },
        "relations": {}
    },
    {
        "file_ID": "1071_0024681",
        "sent_NP_ID": "3_5",
        "sentence": "Das ist gut Arbeit für mich und ich bin glücklich jetzt .",
        "metadata": {
            "corpus": "MERLIN_DE"
        },
        "NP_info": {
            "len_np": 1,
            "coordination": null
        },
        "HEAD_info": {
            "head": {
                "H_TOK1": {
                    "word_type": "V",
                    "word_form": "ist",
                    "lemma": "sein",
                    "POS_STTS": "VAFIN",
                    "index": "2",
                    "dep_rel": "root",
                    "head_index": "0",
                    "parser_morph_features": "3|Sg|Pres|Ind"
                }
            },
            "super_head": {}
        },
        "POST_info": {
            "P_TOK1": {
                "word_type": "PREP",
                "word_form": "für",
                "lemma": "für",
                "POS_STTS": "APPR",
                "index": "5",
                "dep_rel": "pp",
                "head_index": "4",
                "parser_morph_features": "Acc"
            }
        },
        "TOK_info": {
            "TOK1": {
                "word_type": "N",
                "word_form": "Arbeit",
                "lemma": "Arbeit",
                "POS_STTS": "NN",
                "index": "4",
                "dep_rel": "pred",
                "head_index": "2",
                "parser_morph_features": "Fem|Nom|Sg",
                "possible_morph_features": []
            }
        },
        "relations": {}
    },
    {
        "file_ID": "1071_0024681",
        "sent_NP_ID": "4_6",
        "sentence": "Aber meine neue Arbeit sehr lange von meine Wohnung und deshalb muss ich neue Wohnung finden .",
        "metadata": {
            "corpus": "MERLIN_DE"
        },
        "NP_info": {
            "len_np": 3,
            "coordination": null
        },
        "HEAD_info": {
            "head": {
                "H_TOK1": {
                    "word_type": "V",
                    "word_form": "muss",
                    "lemma": "müssen",
                    "POS_STTS": "VMFIN",
                    "index": "12",
                    "dep_rel": "cj",
                    "head_index": "1",
                    "parser_morph_features": "_|Sg|Pres|Ind"
                }
            },
            "super_head": {
                "SH_TOK1": {
                    "word_type": "KON",
                    "word_form": "Aber",
                    "lemma": "aber",
                    "POS_STTS": "KON",
                    "index": "1",
                    "dep_rel": "root",
                    "head_index": "0",
                    "parser_morph_features": "_"
                }
            }
        },
        "POST_info": {
            "P_TOK1": {
                "word_type": "PREP",
                "word_form": "von",
                "lemma": "von",
                "POS_STTS": "APPR",
                "index": "7",
                "dep_rel": "pp",
                "head_index": "4",
                "parser_morph_features": "_"
            }
        },
        "TOK_info": {
            "TOK1": {
                "word_type": "ART",
                "word_form": "meine",
                "lemma": "meine",
                "POS_STTS": "PPOSAT",
                "index": "2",
                "dep_rel": "det",
                "head_index": "4",
                "parser_morph_features": "Fem|Nom|Sg",
                "possible_morph_features": []
            },
            "TOK2": {
                "word_type": "ADJA",
                "word_form": "neue",
                "lemma": "neu",
                "POS_STTS": "ADJA",
                "index": "3",
                "dep_rel": "attr",
                "head_index": "4",
                "parser_morph_features": "Pos|Fem|Nom|Sg|_|",
                "possible_morph_features": []
            },
            "TOK3": {
                "word_type": "N",
                "word_form": "Arbeit",
                "lemma": "Arbeit",
                "POS_STTS": "NN",
                "index": "4",
                "dep_rel": "subj",
                "head_index": "12",
                "parser_morph_features": "Fem|Nom|Sg",
                "possible_morph_features": []
            }
        },
        "relations": {
            "rel_1": {
                "rel_type": "must_agree",
                "involved": [
                    "TOK1",
                    "TOK2"
                ],
                "ruler": null,
                "possible_agreement": null
            },
            "rel_2": {
                "rel_type": "must_agree",
                "involved": [
                    "TOK3",
                    "TOK1"
                ],
                "ruler": "TOK3",
                "possible_agreement": null
            },
            "rel_3": {
                "rel_type": "must_agree",
                "involved": [
                    "TOK3",
                    "TOK2"
                ],
                "ruler": "TOK3",
                "possible_agreement": null
            }
        }
    },
    {
        "file_ID": "1071_0024681",
        "sent_NP_ID": "4_7",
        "sentence": "Aber meine neue Arbeit sehr lange von meine Wohnung und deshalb muss ich neue Wohnung finden .",
        "metadata": {
            "corpus": "MERLIN_DE"
        },
        "NP_info": {
            "len_np": 2,
            "coordination": null
        },
        "HEAD_info": {
            "head": {
                "H_TOK1": {
                    "word_type": "PREP",
                    "word_form": "von",
                    "lemma": "von",
                    "POS_STTS": "APPR",
                    "index": "7",
                    "dep_rel": "pp",
                    "head_index": "4",
                    "parser_morph_features": "_"
                }
            },
            "super_head": {
                "SH_TOK1": {
                    "word_type": "N",
                    "word_form": "Arbeit",
                    "lemma": "Arbeit",
                    "POS_STTS": "NN",
                    "index": "4",
                    "dep_rel": "subj",
                    "head_index": "12",
                    "parser_morph_features": "Fem|Nom|Sg"
                }
            }
        },
        "POST_info": {},
        "TOK_info": {
            "TOK1": {
                "word_type": "ART",
                "word_form": "meine",
                "lemma": "meine",
                "POS_STTS": "PPOSAT",
                "index": "8",
                "dep_rel": "det",
                "head_index": "9",
                "parser_morph_features": "Fem|_|Sg",
                "possible_morph_features": []
            },
            "TOK2": {
                "word_type": "N",
                "word_form": "Wohnung",
                "lemma": "Wohnung",
                "POS_STTS": "NN",
                "index": "9",
                "dep_rel": "pn",
                "head_index": "7",
                "parser_morph_features": "Fem|_|Sg",
                "possible_morph_features": []
            }
        },
        "relations": {
            "rel_1": {
                "rel_type": "must_agree",
                "involved": [
                    "TOK2",
                    "TOK1"
                ],
                "ruler": "TOK2",
                "possible_agreement": null
            }
        }
    },
    {
        "file_ID": "1071_0024681",
        "sent_NP_ID": "4_8",
        "sentence": "Aber meine neue Arbeit sehr lange von meine Wohnung und deshalb muss ich neue Wohnung finden .",
        "metadata": {
            "corpus": "MERLIN_DE"
        },
        "NP_info": {
            "len_np": 2,
            "coordination": null
        },
        "HEAD_info": {
            "head": {
                "H_TOK1": {
                    "word_type": "V",
                    "word_form": "finden",
                    "lemma": "finden",
                    "POS_STTS": "VVINF",
                    "index": "16",
                    "dep_rel": "aux",
                    "head_index": "12",
                    "parser_morph_features": "_"
                }
            },
            "super_head": {
                "SH_TOK1": {
                    "word_type": "V",
                    "word_form": "muss",
                    "lemma": "müssen",
                    "POS_STTS": "VMFIN",
                    "index": "12",
                    "dep_rel": "cj",
                    "head_index": "1",
                    "parser_morph_features": "_|Sg|Pres|Ind"
                }
            }
        },
        "POST_info": {},
        "TOK_info": {
            "TOK1": {
                "word_type": "ADJA",
                "word_form": "neue",
                "lemma": "neu",
                "POS_STTS": "ADJA",
                "index": "14",
                "dep_rel": "attr",
                "head_index": "15",
                "parser_morph_features": "Pos|Fem|Acc|Sg|_|",
                "possible_morph_features": []
            },
            "TOK2": {
                "word_type": "N",
                "word_form": "Wohnung",
                "lemma": "Wohnung",
                "POS_STTS": "NN",
                "index": "15",
                "dep_rel": "obja",
                "head_index": "16",
                "parser_morph_features": "Fem|Acc|Sg",
                "possible_morph_features": []
            }
        },
        "relations": {
            "rel_1": {
                "rel_type": "must_agree",
                "involved": [
                    "TOK2",
                    "TOK1"
                ],
                "ruler": "TOK2",
                "possible_agreement": null
            }
        }
    },
    {
        "file_ID": "1071_0024681",
        "sent_NP_ID": "5_9",
        "sentence": "Du wohnst in diesem Stadt und vielleicht du hilfst mir Meine Arbeit Start am 20-te Märzt , dann wir haben noch frei zwei Woche .",
        "metadata": {
            "corpus": "MERLIN_DE"
        },
        "NP_info": {
            "len_np": 2,
            "coordination": null
        },
        "HEAD_info": {
            "head": {
                "H_TOK1": {
                    "word_type": "PREP",
                    "word_form": "in",
                    "lemma": "in",
                    "POS_STTS": "APPR",
                    "index": "3",
                    "dep_rel": "pp",
                    "head_index": "9",
                    "parser_morph_features": "Dat"
                }
            },
            "super_head": {
                "SH_TOK1": {
                    "word_type": "V",
                    "word_form": "hilfst",
                    "lemma": "helfen",
                    "POS_STTS": "VVFIN",
                    "index": "9",
                    "dep_rel": "root",
                    "head_index": "0",
                    "parser_morph_features": "2|Sg|Pres|Ind"
                }
            }
        },
        "POST_info": {},
        "TOK_info": {
            "TOK1": {
                "word_type": "ART",
                "word_form": "diesem",
                "lemma": "diese",
                "POS_STTS": "PDAT",
                "index": "4",
                "dep_rel": "det",
                "head_index": "5",
                "parser_morph_features": "_|Dat|Sg",
                "possible_morph_features": []
            },
            "TOK2": {
                "word_type": "N",
                "word_form": "Stadt",
                "lemma": "Stadt",
                "POS_STTS": "NN",
                "index": "5",
                "dep_rel": "pn",
                "head_index": "3",
                "parser_morph_features": "_|Dat|Sg",
                "possible_morph_features": []
            }
        },
        "relations": {
            "rel_1": {
                "rel_type": "must_agree",
                "involved": [
                    "TOK2",
                    "TOK1"
                ],
                "ruler": "TOK2",
                "possible_agreement": null
            }
        }
    },
    {
        "file_ID": "1071_0024681",
        "sent_NP_ID": "5_10",
        "sentence": "Du wohnst in diesem Stadt und vielleicht du hilfst mir Meine Arbeit Start am 20-te Märzt , dann wir haben noch frei zwei Woche .",
        "metadata": {
            "corpus": "MERLIN_DE"
        },
        "NP_info": {
            "len_np": 2,
            "coordination": null
        },
        "HEAD_info": {
            "head": {
                "H_TOK1": {
                    "word_type": "V",
                    "word_form": "hilfst",
                    "lemma": "helfen",
                    "POS_STTS": "VVFIN",
                    "index": "9",
                    "dep_rel": "root",
                    "head_index": "0",
                    "parser_morph_features": "2|Sg|Pres|Ind"
                }
            },
            "super_head": {}
        },
        "POST_info": {
            "P_TOK1": {
                "word_type": "N",
                "word_form": "Start",
                "lemma": "Start",
                "POS_STTS": "NN",
                "index": "13",
                "dep_rel": "app",
                "head_index": "12",
                "parser_morph_features": "Masc|Nom|Sg"
            },
            "P_TOK2": {
                "word_type": "PREP",
                "word_form": "am",
                "lemma": "an",
                "POS_STTS": "APPRART",
                "index": "14",
                "dep_rel": "pp",
                "head_index": "12",
                "parser_morph_features": "Dat"
            }
        },
        "TOK_info": {
            "TOK1": {
                "word_type": "ART",
                "word_form": "Meine",
                "lemma": "meine",
                "POS_STTS": "PPOSAT",
                "index": "11",
                "dep_rel": "det",
                "head_index": "12",
                "parser_morph_features": "Masc|Nom|Sg",
                "possible_morph_features": []
            },
            "TOK2": {
                "word_type": "N",
                "word_form": "Arbeit",
                "lemma": "Arbeit",
                "POS_STTS": "NN",
                "index": "12",
                "dep_rel": "subj",
                "head_index": "9",
                "parser_morph_features": "Masc|Nom|Sg",
                "possible_morph_features": []
            }
        },
        "relations": {
            "rel_1": {
                "rel_type": "must_agree",
                "involved": [
                    "TOK2",
                    "TOK1"
                ],
                "ruler": "TOK2",
                "possible_agreement": null
            }
        }
    },
    {
        "file_ID": "1071_0024681",
        "sent_NP_ID": "5_11",
        "sentence": "Du wohnst in diesem Stadt und vielleicht du hilfst mir Meine Arbeit Start am 20-te Märzt , dann wir haben noch frei zwei Woche .",
        "metadata": {
            "corpus": "MERLIN_DE"
        },
        "NP_info": {
            "len_np": 1,
            "coordination": null
        },
        "HEAD_info": {
            "head": {
                "H_TOK1": {
                    "word_type": "N",
                    "word_form": "Arbeit",
                    "lemma": "Arbeit",
                    "POS_STTS": "NN",
                    "index": "12",
                    "dep_rel": "subj",
                    "head_index": "9",
                    "parser_morph_features": "Masc|Nom|Sg"
                }
            },
            "super_head": {
                "SH_TOK1": {
                    "word_type": "V",
                    "word_form": "hilfst",
                    "lemma": "helfen",
                    "POS_STTS": "VVFIN",
                    "index": "9",
                    "dep_rel": "root",
                    "head_index": "0",
                    "parser_morph_features": "2|Sg|Pres|Ind"
                }
            }
        },
        "POST_info": {},
        "TOK_info": {
            "TOK1": {
                "word_type": "N",
                "word_form": "Start",
                "lemma": "Start",
                "POS_STTS": "NN",
                "index": "13",
                "dep_rel": "app",
                "head_index": "12",
                "parser_morph_features": "Masc|Nom|Sg",
                "possible_morph_features": []
            }
        },
        "relations": {}
    },
    {
        "file_ID": "1071_0024681",
        "sent_NP_ID": "5_12",
        "sentence": "Du wohnst in diesem Stadt und vielleicht du hilfst mir Meine Arbeit Start am 20-te Märzt , dann wir haben noch frei zwei Woche .",
        "metadata": {
            "corpus": "MERLIN_DE"
        },
        "NP_info": {
            "len_np": 2,
            "coordination": null
        },
        "HEAD_info": {
            "head": {
                "H_TOK1": {
                    "word_type": "PREP",
                    "word_form": "am",
                    "lemma": "an",
                    "POS_STTS": "APPRART",
                    "index": "14",
                    "dep_rel": "pp",
                    "head_index": "12",
                    "parser_morph_features": "Dat"
                }
            },
            "super_head": {
                "SH_TOK1": {
                    "word_type": "N",
                    "word_form": "Arbeit",
                    "lemma": "Arbeit",
                    "POS_STTS": "NN",
                    "index": "12",
                    "dep_rel": "subj",
                    "head_index": "9",
                    "parser_morph_features": "Masc|Nom|Sg"
                }
            }
        },
        "POST_info": {},
        "TOK_info": {
            "TOK1": {
                "word_type": "ADJA",
                "word_form": "20-te",
                "lemma": "20-te",
                "POS_STTS": "ADJA",
                "index": "15",
                "dep_rel": "attr",
                "head_index": "16",
                "parser_morph_features": "_|_|Nom|Pl|_",
                "possible_morph_features": []
            },
            "TOK2": {
                "word_type": "N",
                "word_form": "Märzt",
                "lemma": "Märzt",
                "POS_STTS": "NN",
                "index": "16",
                "dep_rel": "pn",
                "head_index": "14",
                "parser_morph_features": "_|Nom|Pl",
                "possible_morph_features": []
            }
        },
        "relations": {
            "rel_1": {
                "rel_type": "must_agree",
                "involved": [
                    "TOK1",
                    "H_TOK1"
                ],
                "ruler": null,
                "possible_agreement": null
            },
            "rel_2": {
                "rel_type": "must_agree",
                "involved": [
                    "TOK2",
                    "TOK1"
                ],
                "ruler": "TOK2",
                "possible_agreement": null
            },
            "rel_3": {
                "rel_type": "must_agree",
                "involved": [
                    "TOK2",
                    "H_TOK1"
                ],
                "ruler": "TOK2",
                "possible_agreement": null
            }
        }
    },
    {
        "file_ID": "1071_0024681",
        "sent_NP_ID": "5_13",
        "sentence": "Du wohnst in diesem Stadt und vielleicht du hilfst mir Meine Arbeit Start am 20-te Märzt , dann wir haben noch frei zwei Woche .",
        "metadata": {
            "corpus": "MERLIN_DE"
        },
        "NP_info": {
            "len_np": 1,
            "coordination": null
        },
        "HEAD_info": {
            "head": {},
            "super_head": {}
        },
        "POST_info": {},
        "TOK_info": {
            "TOK1": {
                "word_type": "N",
                "word_form": "Woche",
                "lemma": "Woche",
                "POS_STTS": "NN",
                "index": "24",
                "dep_rel": "root",
                "head_index": "0",
                "parser_morph_features": "Fem|_|Sg",
                "possible_morph_features": []
            }
        },
        "relations": {}
    },
    {
        "file_ID": "1071_0024681",
        "sent_NP_ID": "6_14",
        "sentence": "Ich möchte schöne Wohnung mit zwei Zimmer , mit größer Küche und mit größem Badzimmer .",
        "metadata": {
            "corpus": "MERLIN_DE"
        },
        "NP_info": {
            "len_np": 2,
            "coordination": null
        },
        "HEAD_info": {
            "head": {
                "H_TOK1": {
                    "word_type": "V",
                    "word_form": "möchte",
                    "lemma": "mögen",
                    "POS_STTS": "VMFIN",
                    "index": "2",
                    "dep_rel": "root",
                    "head_index": "0",
                    "parser_morph_features": "1|Sg|Past|Subj"
                }
            },
            "super_head": {}
        },
        "POST_info": {},
        "TOK_info": {
            "TOK1": {
                "word_type": "ADJA",
                "word_form": "schöne",
                "lemma": "schön",
                "POS_STTS": "ADJA",
                "index": "3",
                "dep_rel": "attr",
                "head_index": "4",
                "parser_morph_features": "Pos|Fem|Acc|Sg|_|",
                "possible_morph_features": []
            },
            "TOK2": {
                "word_type": "N",
                "word_form": "Wohnung",
                "lemma": "Wohnung",
                "POS_STTS": "NN",
                "index": "4",
                "dep_rel": "obja",
                "head_index": "2",
                "parser_morph_features": "Fem|Acc|Sg",
                "possible_morph_features": []
            }
        },
        "relations": {
            "rel_1": {
                "rel_type": "must_agree",
                "involved": [
                    "TOK2",
                    "TOK1"
                ],
                "ruler": "TOK2",
                "possible_agreement": null
            }
        }
    },
    {
        "file_ID": "1071_0024681",
        "sent_NP_ID": "6_15",
        "sentence": "Ich möchte schöne Wohnung mit zwei Zimmer , mit größer Küche und mit größem Badzimmer .",
        "metadata": {
            "corpus": "MERLIN_DE"
        },
        "NP_info": {
            "len_np": 2,
            "coordination": null
        },
        "HEAD_info": {
            "head": {
                "H_TOK1": {
                    "word_type": "PREP",
                    "word_form": "mit",
                    "lemma": "mit",
                    "POS_STTS": "APPR",
                    "index": "5",
                    "dep_rel": "objp",
                    "head_index": "2",
                    "parser_morph_features": "Dat"
                }
            },
            "super_head": {
                "SH_TOK1": {
                    "word_type": "V",
                    "word_form": "möchte",
                    "lemma": "mögen",
                    "POS_STTS": "VMFIN",
                    "index": "2",
                    "dep_rel": "root",
                    "head_index": "0",
                    "parser_morph_features": "1|Sg|Past|Subj"
                }
            }
        },
        "POST_info": {},
        "TOK_info": {
            "TOK1": {
                "word_type": "CARD",
                "word_form": "zwei",
                "lemma": "zwei",
                "POS_STTS": "CARD",
                "index": "6",
                "dep_rel": "attr",
                "head_index": "7",
                "parser_morph_features": "_",
                "possible_morph_features": []
            },
            "TOK2": {
                "word_type": "N",
                "word_form": "Zimmer",
                "lemma": "Zimmer",
                "POS_STTS": "NN",
                "index": "7",
                "dep_rel": "pn",
                "head_index": "5",
                "parser_morph_features": "Neut|_|Pl",
                "possible_morph_features": []
            }
        },
        "relations": {}
    },
    {
        "file_ID": "1071_0024681",
        "sent_NP_ID": "6_16",
        "sentence": "Ich möchte schöne Wohnung mit zwei Zimmer , mit größer Küche und mit größem Badzimmer .",
        "metadata": {
            "corpus": "MERLIN_DE"
        },
        "NP_info": {
            "len_np": 2,
            "coordination": null
        },
        "HEAD_info": {
            "head": {
                "H_TOK1": {
                    "word_type": "PREP",
                    "word_form": "mit",
                    "lemma": "mit",
                    "POS_STTS": "APPR",
                    "index": "9",
                    "dep_rel": "kon",
                    "head_index": "5",
                    "parser_morph_features": "Dat"
                }
            },
            "super_head": {
                "SH_TOK1": {
                    "word_type": "PREP",
                    "word_form": "mit",
                    "lemma": "mit",
                    "POS_STTS": "APPR",
                    "index": "5",
                    "dep_rel": "objp",
                    "head_index": "2",
                    "parser_morph_features": "Dat"
                }
            }
        },
        "POST_info": {},
        "TOK_info": {
            "TOK1": {
                "word_type": "ADV",
                "word_form": "größer",
                "lemma": "groß",
                "POS_STTS": "ADJD",
                "index": "10",
                "dep_rel": "adv",
                "head_index": "11",
                "parser_morph_features": "Comp|",
                "possible_morph_features": []
            },
            "TOK2": {
                "word_type": "N",
                "word_form": "Küche",
                "lemma": "Küche",
                "POS_STTS": "NN",
                "index": "11",
                "dep_rel": "pn",
                "head_index": "9",
                "parser_morph_features": "Fem|Dat|Sg",
                "possible_morph_features": []
            }
        },
        "relations": {}
    },
    {
        "file_ID": "1071_0024681",
        "sent_NP_ID": "6_17",
        "sentence": "Ich möchte schöne Wohnung mit zwei Zimmer , mit größer Küche und mit größem Badzimmer .",
        "metadata": {
            "corpus": "MERLIN_DE"
        },
        "NP_info": {
            "len_np": 2,
            "coordination": null
        },
        "HEAD_info": {
            "head": {
                "H_TOK1": {
                    "word_type": "PREP",
                    "word_form": "mit",
                    "lemma": "mit",
                    "POS_STTS": "APPR",
                    "index": "13",
                    "dep_rel": "cj",
                    "head_index": "12",
                    "parser_morph_features": "Dat"
                }
            },
            "super_head": {
                "SH_TOK1": {
                    "word_type": "KON",
                    "word_form": "und",
                    "lemma": "und",
                    "POS_STTS": "KON",
                    "index": "12",
                    "dep_rel": "kon",
                    "head_index": "9",
                    "parser_morph_features": "_"
                }
            }
        },
        "POST_info": {},
        "TOK_info": {
            "TOK1": {
                "word_type": "ADJA",
                "word_form": "größem",
                "lemma": "größem",
                "POS_STTS": "ADJA",
                "index": "14",
                "dep_rel": "attr",
                "head_index": "15",
                "parser_morph_features": "_|Neut|Dat|Sg|_",
                "possible_morph_features": []
            },
            "TOK2": {
                "word_type": "N",
                "word_form": "Badzimmer",
                "lemma": "Badzimmer",
                "POS_STTS": "NN",
                "index": "15",
                "dep_rel": "pn",
                "head_index": "13",
                "parser_morph_features": "Neut|Dat|Sg",
                "possible_morph_features": []
            }
        },
        "relations": {
            "rel_1": {
                "rel_type": "must_agree",
                "involved": [
                    "TOK2",
                    "TOK1"
                ],
                "ruler": "TOK2",
                "possible_agreement": null
            }
        }
    },
    {
        "file_ID": "1071_0024681",
        "sent_NP_ID": "8_18",
        "sentence": "Könntest du mir helfen , ob du frei Zeit haben .",
        "metadata": {
            "corpus": "MERLIN_DE"
        },
        "NP_info": {
            "len_np": 1,
            "coordination": null
        },
        "HEAD_info": {
            "head": {
                "H_TOK1": {
                    "word_type": "V",
                    "word_form": "haben",
                    "lemma": "haben",
                    "POS_STTS": "VAFIN",
                    "index": "10",
                    "dep_rel": "root",
                    "head_index": "0",
                    "parser_morph_features": "_|Pl|Pres|_"
                }
            },
            "super_head": {}
        },
        "POST_info": {},
        "TOK_info": {
            "TOK1": {
                "word_type": "N",
                "word_form": "Zeit",
                "lemma": "Zeit",
                "POS_STTS": "NN",
                "index": "9",
                "dep_rel": "obja",
                "head_index": "10",
                "parser_morph_features": "Fem|Acc|Sg",
                "possible_morph_features": []
            }
        },
        "relations": {}
    },
    {
        "file_ID": "1071_0024681",
        "sent_NP_ID": "9_19",
        "sentence": "Meine neue Arbeit befindet sich im Zentrum Neuburg .",
        "metadata": {
            "corpus": "MERLIN_DE"
        },
        "NP_info": {
            "len_np": 3,
            "coordination": null
        },
        "HEAD_info": {
            "head": {
                "H_TOK1": {
                    "word_type": "V",
                    "word_form": "befindet",
                    "lemma": "befinden",
                    "POS_STTS": "VVFIN",
                    "index": "4",
                    "dep_rel": "root",
                    "head_index": "0",
                    "parser_morph_features": "3|Sg|Pres|Ind"
                }
            },
            "super_head": {}
        },
        "POST_info": {},
        "TOK_info": {
            "TOK1": {
                "word_type": "ART",
                "word_form": "Meine",
                "lemma": "meine",
                "POS_STTS": "PPOSAT",
                "index": "1",
                "dep_rel": "det",
                "head_index": "3",
                "parser_morph_features": "Fem|Nom|Sg",
                "possible_morph_features": []
            },
            "TOK2": {
                "word_type": "ADJA",
                "word_form": "neue",
                "lemma": "neu",
                "POS_STTS": "ADJA",
                "index": "2",
                "dep_rel": "attr",
                "head_index": "3",
                "parser_morph_features": "Pos|Fem|Nom|Sg|_|",
                "possible_morph_features": []
            },
            "TOK3": {
                "word_type": "N",
                "word_form": "Arbeit",
                "lemma": "Arbeit",
                "POS_STTS": "NN",
                "index": "3",
                "dep_rel": "subj",
                "head_index": "4",
                "parser_morph_features": "Fem|Nom|Sg",
                "possible_morph_features": []
            }
        },
        "relations": {
            "rel_1": {
                "rel_type": "must_agree",
                "involved": [
                    "TOK1",
                    "TOK2"
                ],
                "ruler": null,
                "possible_agreement": null
            },
            "rel_2": {
                "rel_type": "must_agree",
                "involved": [
                    "TOK3",
                    "TOK1"
                ],
                "ruler": "TOK3",
                "possible_agreement": null
            },
            "rel_3": {
                "rel_type": "must_agree",
                "involved": [
                    "TOK3",
                    "TOK2"
                ],
                "ruler": "TOK3",
                "possible_agreement": null
            }
        }
    },
    {
        "file_ID": "1071_0024681",
        "sent_NP_ID": "9_20",
        "sentence": "Meine neue Arbeit befindet sich im Zentrum Neuburg .",
        "metadata": {
            "corpus": "MERLIN_DE"
        },
        "NP_info": {
            "len_np": 1,
            "coordination": null
        },
        "HEAD_info": {
            "head": {
                "H_TOK1": {
                    "word_type": "PREP",
                    "word_form": "im",
                    "lemma": "in",
                    "POS_STTS": "APPRART",
                    "index": "6",
                    "dep_rel": "objp",
                    "head_index": "4",
                    "parser_morph_features": "Dat"
                }
            },
            "super_head": {
                "SH_TOK1": {
                    "word_type": "V",
                    "word_form": "befindet",
                    "lemma": "befinden",
                    "POS_STTS": "VVFIN",
                    "index": "4",
                    "dep_rel": "root",
                    "head_index": "0",
                    "parser_morph_features": "3|Sg|Pres|Ind"
                }
            }
        },
        "POST_info": {
            "P_TOK1": {
                "word_type": "N",
                "word_form": "Neuburg",
                "lemma": "Neuburg",
                "POS_STTS": "NE",
                "index": "8",
                "dep_rel": "app",
                "head_index": "7",
                "parser_morph_features": "_|Dat|Sg"
            }
        },
        "TOK_info": {
            "TOK1": {
                "word_type": "N",
                "word_form": "Zentrum",
                "lemma": "Zentrum",
                "POS_STTS": "NN",
                "index": "7",
                "dep_rel": "pn",
                "head_index": "6",
                "parser_morph_features": "_|Dat|Sg",
                "possible_morph_features": []
            }
        },
        "relations": {
            "rel_1": {
                "rel_type": "must_agree",
                "involved": [
                    "TOK1",
                    "H_TOK1"
                ],
                "ruler": "TOK1",
                "possible_agreement": null
            }
        }
    },
    {
        "file_ID": "1071_0024681",
        "sent_NP_ID": "9_21",
        "sentence": "Meine neue Arbeit befindet sich im Zentrum Neuburg .",
        "metadata": {
            "corpus": "MERLIN_DE"
        },
        "NP_info": {
            "len_np": 1,
            "coordination": null
        },
        "HEAD_info": {
            "head": {
                "H_TOK1": {
                    "word_type": "N",
                    "word_form": "Zentrum",
                    "lemma": "Zentrum",
                    "POS_STTS": "NN",
                    "index": "7",
                    "dep_rel": "pn",
                    "head_index": "6",
                    "parser_morph_features": "_|Dat|Sg"
                }
            },
            "super_head": {
                "SH_TOK1": {
                    "word_type": "PREP",
                    "word_form": "im",
                    "lemma": "in",
                    "POS_STTS": "APPRART",
                    "index": "6",
                    "dep_rel": "objp",
                    "head_index": "4",
                    "parser_morph_features": "Dat"
                }
            }
        },
        "POST_info": {},
        "TOK_info": {
            "TOK1": {
                "word_type": "N",
                "word_form": "Neuburg",
                "lemma": "Neuburg",
                "POS_STTS": "NE",
                "index": "8",
                "dep_rel": "app",
                "head_index": "7",
                "parser_morph_features": "_|Dat|Sg",
                "possible_morph_features": []
            }
        },
        "relations": {}
    },
    {
        "file_ID": "1071_0024681",
        "sent_NP_ID": "10_22",
        "sentence": "Ich habe keine Auto , deshalb möchte ich meine Wohnung in Zentrum haben .",
        "metadata": {
            "corpus": "MERLIN_DE"
        },
        "NP_info": {
            "len_np": 2,
            "coordination": null
        },
        "HEAD_info": {
            "head": {
                "H_TOK1": {
                    "word_type": "V",
                    "word_form": "habe",
                    "lemma": "haben",
                    "POS_STTS": "VAFIN",
                    "index": "2",
                    "dep_rel": "root",
                    "head_index": "0",
                    "parser_morph_features": "1|Sg|Pres|_"
                }
            },
            "super_head": {}
        },
        "POST_info": {},
        "TOK_info": {
            "TOK1": {
                "word_type": "ART",
                "word_form": "keine",
                "lemma": "keine",
                "POS_STTS": "PIAT",
                "index": "3",
                "dep_rel": "det",
                "head_index": "4",
                "parser_morph_features": "_|_|_",
                "possible_morph_features": []
            },
            "TOK2": {
                "word_type": "N",
                "word_form": "Auto",
                "lemma": "Auto",
                "POS_STTS": "NN",
                "index": "4",
                "dep_rel": "obja",
                "head_index": "2",
                "parser_morph_features": "Neut|Acc|Sg",
                "possible_morph_features": []
            }
        },
        "relations": {
            "rel_1": {
                "rel_type": "must_agree",
                "involved": [
                    "TOK2",
                    "TOK1"
                ],
                "ruler": "TOK2",
                "possible_agreement": null
            }
        }
    },
    {
        "file_ID": "1071_0024681",
        "sent_NP_ID": "10_23",
        "sentence": "Ich habe keine Auto , deshalb möchte ich meine Wohnung in Zentrum haben .",
        "metadata": {
            "corpus": "MERLIN_DE"
        },
        "NP_info": {
            "len_np": 2,
            "coordination": null
        },
        "HEAD_info": {
            "head": {
                "H_TOK1": {
                    "word_type": "V",
                    "word_form": "haben",
                    "lemma": "haben",
                    "POS_STTS": "VAINF",
                    "index": "13",
                    "dep_rel": "aux",
                    "head_index": "7",
                    "parser_morph_features": "_"
                }
            },
            "super_head": {
                "SH_TOK1": {
                    "word_type": "V",
                    "word_form": "möchte",
                    "lemma": "mögen",
                    "POS_STTS": "VMFIN",
                    "index": "7",
                    "dep_rel": "kon",
                    "head_index": "2",
                    "parser_morph_features": "1|Sg|Past|Subj"
                }
            }
        },
        "POST_info": {},
        "TOK_info": {
            "TOK1": {
                "word_type": "ART",
                "word_form": "meine",
                "lemma": "meine",
                "POS_STTS": "PPOSAT",
                "index": "9",
                "dep_rel": "det",
                "head_index": "10",
                "parser_morph_features": "Fem|Acc|Sg",
                "possible_morph_features": []
            },
            "TOK2": {
                "word_type": "N",
                "word_form": "Wohnung",
                "lemma": "Wohnung",
                "POS_STTS": "NN",
                "index": "10",
                "dep_rel": "obja",
                "head_index": "13",
                "parser_morph_features": "Fem|Acc|Sg",
                "possible_morph_features": []
            }
        },
        "relations": {
            "rel_1": {
                "rel_type": "must_agree",
                "involved": [
                    "TOK2",
                    "TOK1"
                ],
                "ruler": "TOK2",
                "possible_agreement": null
            }
        }
    },
    {
        "file_ID": "1071_0024681",
        "sent_NP_ID": "10_24",
        "sentence": "Ich habe keine Auto , deshalb möchte ich meine Wohnung in Zentrum haben .",
        "metadata": {
            "corpus": "MERLIN_DE"
        },
        "NP_info": {
            "len_np": 1,
            "coordination": null
        },
        "HEAD_info": {
            "head": {
                "H_TOK1": {
                    "word_type": "PREP",
                    "word_form": "in",
                    "lemma": "in",
                    "POS_STTS": "APPR",
                    "index": "11",
                    "dep_rel": "pp",
                    "head_index": "13",
                    "parser_morph_features": "_"
                }
            },
            "super_head": {
                "SH_TOK1": {
                    "word_type": "V",
                    "word_form": "haben",
                    "lemma": "haben",
                    "POS_STTS": "VAINF",
                    "index": "13",
                    "dep_rel": "aux",
                    "head_index": "7",
                    "parser_morph_features": "_"
                }
            }
        },
        "POST_info": {},
        "TOK_info": {
            "TOK1": {
                "word_type": "N",
                "word_form": "Zentrum",
                "lemma": "Zentrum",
                "POS_STTS": "NN",
                "index": "12",
                "dep_rel": "pn",
                "head_index": "11",
                "parser_morph_features": "_|_|Sg",
                "possible_morph_features": []
            }
        },
        "relations": {}
    },
    {
        "file_ID": "1071_0024681",
        "sent_NP_ID": "11_25",
        "sentence": "Vielen Dank .",
        "metadata": {
            "corpus": "MERLIN_DE"
        },
        "NP_info": {
            "len_np": 2,
            "coordination": null
        },
        "HEAD_info": {
            "head": {},
            "super_head": {}
        },
        "POST_info": {},
        "TOK_info": {
            "TOK1": {
                "word_type": "ART",
                "word_form": "Vielen",
                "lemma": "viele",
                "POS_STTS": "PIDAT",
                "index": "1",
                "dep_rel": "det",
                "head_index": "2",
                "parser_morph_features": "Masc|_|Sg",
                "possible_morph_features": []
            },
            "TOK2": {
                "word_type": "N",
                "word_form": "Dank",
                "lemma": "Dank",
                "POS_STTS": "NN",
                "index": "2",
                "dep_rel": "root",
                "head_index": "0",
                "parser_morph_features": "Masc|_|Sg",
                "possible_morph_features": []
            }
        },
        "relations": {
            "rel_1": {
                "rel_type": "must_agree",
                "involved": [
                    "TOK2",
                    "TOK1"
                ],
                "ruler": "TOK2",
                "possible_agreement": null
            }
        }
    },
    {
        "file_ID": "1071_0024681",
        "sent_NP_ID": "12_26",
        "sentence": "mit Freundlichen Grüßen",
        "metadata": {
            "corpus": "MERLIN_DE"
        },
        "NP_info": {
            "len_np": 2,
            "coordination": null
        },
        "HEAD_info": {
            "head": {
                "H_TOK1": {
                    "word_type": "PREP",
                    "word_form": "mit",
                    "lemma": "mit",
                    "POS_STTS": "APPR",
                    "index": "1",
                    "dep_rel": "root",
                    "head_index": "0",
                    "parser_morph_features": "Dat"
                }
            },
            "super_head": {}
        },
        "POST_info": {},
        "TOK_info": {
            "TOK1": {
                "word_type": "ADJA",
                "word_form": "Freundlichen",
                "lemma": "freundlich",
                "POS_STTS": "ADJA",
                "index": "2",
                "dep_rel": "attr",
                "head_index": "3",
                "parser_morph_features": "Pos|_|Dat|_|_|",
                "possible_morph_features": []
            },
            "TOK2": {
                "word_type": "N",
                "word_form": "Grüßen",
                "lemma": "Gruß",
                "POS_STTS": "NN",
                "index": "3",
                "dep_rel": "pn",
                "head_index": "1",
                "parser_morph_features": "_|Dat|_",
                "possible_morph_features": []
            }
        },
        "relations": {
            "rel_1": {
                "rel_type": "must_agree",
                "involved": [
                    "TOK2",
                    "TOK1"
                ],
                "ruler": "TOK2",
                "possible_agreement": null
            }
        }
    }
]