[
    {
        "file_ID": "1091_0000192",
        "sent_NP_ID": "1_1",
        "sentence": "Michael Friedrich Meier Stadt X Akademie Klausenhof Bahnhofsstraße 123 12345 Stadt X „ Das Wohnungsamt ( u. adresse ) “ Eine Wohnung Suche Sehr Geerhte Damen und Herren , Suche ich gerne auf eine neue Wohnung , und habe ich Interesse mit ihre Anzeige in FR vom 09.03.2012 .",
        "metadata": {
            "corpus": "MERLIN_DE"
        },
        "NP_info": {
            "len_np": 1,
            "coordination": null
        },
        "HEAD_info": {
            "head": {},
            "super_head": {}
        },
        "POST_info": {
            "P_TOK1": {
                "word_type": "N",
                "word_form": "Friedrich",
                "lemma": "Friedrich",
                "POS_STTS": "NE",
                "index": "2",
                "dep_rel": "app",
                "head_index": "1",
                "parser_morph_features": "Fem|_|Sg"
            }
        },
        "TOK_info": {
            "TOK1": {
                "word_type": "N",
                "word_form": "Michael",
                "lemma": "Michael",
                "POS_STTS": "NE",
                "index": "1",
                "dep_rel": "root",
                "head_index": "0",
                "parser_morph_features": "Fem|_|Sg",
                "possible_morph_features": []
            }
        },
        "relations": {}
    },
    {
        "file_ID": "1091_0000192",
        "sent_NP_ID": "1_2",
        "sentence": "Michael Friedrich Meier Stadt X Akademie Klausenhof Bahnhofsstraße 123 12345 Stadt X „ Das Wohnungsamt ( u. adresse ) “ Eine Wohnung Suche Sehr Geerhte Damen und Herren , Suche ich gerne auf eine neue Wohnung , und habe ich Interesse mit ihre Anzeige in FR vom 09.03.2012 .",
        "metadata": {
            "corpus": "MERLIN_DE"
        },
        "NP_info": {
            "len_np": 1,
            "coordination": null
        },
        "HEAD_info": {
            "head": {
                "H_TOK1": {
                    "word_type": "N",
                    "word_form": "Michael",
                    "lemma": "Michael",
                    "POS_STTS": "NE",
                    "index": "1",
                    "dep_rel": "root",
                    "head_index": "0",
                    "parser_morph_features": "Fem|_|Sg"
                }
            },
            "super_head": {}
        },
        "POST_info": {
            "P_TOK1": {
                "word_type": "N",
                "word_form": "Meier",
                "lemma": "Meier",
                "POS_STTS": "NE",
                "index": "3",
                "dep_rel": "app",
                "head_index": "2",
                "parser_morph_features": "Fem|_|Sg"
            }
        },
        "TOK_info": {
            "TOK1": {
                "word_type": "N",
                "word_form": "Friedrich",
                "lemma": "Friedrich",
                "POS_STTS": "NE",
                "index": "2",
                "dep_rel": "app",
                "head_index": "1",
                "parser_morph_features": "Fem|_|Sg",
                "possible_morph_features": []
            }
        },
        "relations": {}
    },
    {
        "file_ID": "1091_0000192",
        "sent_NP_ID": "1_3",
        "sentence": "Michael Friedrich Meier Stadt X Akademie Klausenhof Bahnhofsstraße 123 12345 Stadt X „ Das Wohnungsamt ( u. adresse ) “ Eine Wohnung Suche Sehr Geerhte Damen und Herren , Suche ich gerne auf eine neue Wohnung , und habe ich Interesse mit ihre Anzeige in FR vom 09.03.2012 .",
        "metadata": {
            "corpus": "MERLIN_DE"
        },
        "NP_info": {
            "len_np": 1,
            "coordination": null
        },
        "HEAD_info": {
            "head": {
                "H_TOK1": {
                    "word_type": "N",
                    "word_form": "Friedrich",
                    "lemma": "Friedrich",
                    "POS_STTS": "NE",
                    "index": "2",
                    "dep_rel": "app",
                    "head_index": "1",
                    "parser_morph_features": "Fem|_|Sg"
                }
            },
            "super_head": {
                "SH_TOK1": {
                    "word_type": "N",
                    "word_form": "Michael",
                    "lemma": "Michael",
                    "POS_STTS": "NE",
                    "index": "1",
                    "dep_rel": "root",
                    "head_index": "0",
                    "parser_morph_features": "Fem|_|Sg"
                }
            }
        },
        "POST_info": {
            "P_TOK1": {
                "word_type": "N",
                "word_form": "Stadt",
                "lemma": "Stadt",
                "POS_STTS": "NN",
                "index": "4",
                "dep_rel": "app",
                "head_index": "3",
                "parser_morph_features": "Fem|_|Sg"
            }
        },
        "TOK_info": {
            "TOK1": {
                "word_type": "N",
                "word_form": "Meier",
                "lemma": "Meier",
                "POS_STTS": "NE",
                "index": "3",
                "dep_rel": "app",
                "head_index": "2",
                "parser_morph_features": "Fem|_|Sg",
                "possible_morph_features": []
            }
        },
        "relations": {}
    },
    {
        "file_ID": "1091_0000192",
        "sent_NP_ID": "1_4",
        "sentence": "Michael Friedrich Meier Stadt X Akademie Klausenhof Bahnhofsstraße 123 12345 Stadt X „ Das Wohnungsamt ( u. adresse ) “ Eine Wohnung Suche Sehr Geerhte Damen und Herren , Suche ich gerne auf eine neue Wohnung , und habe ich Interesse mit ihre Anzeige in FR vom 09.03.2012 .",
        "metadata": {
            "corpus": "MERLIN_DE"
        },
        "NP_info": {
            "len_np": 1,
            "coordination": null
        },
        "HEAD_info": {
            "head": {
                "H_TOK1": {
                    "word_type": "N",
                    "word_form": "Meier",
                    "lemma": "Meier",
                    "POS_STTS": "NE",
                    "index": "3",
                    "dep_rel": "app",
                    "head_index": "2",
                    "parser_morph_features": "Fem|_|Sg"
                }
            },
            "super_head": {
                "SH_TOK1": {
                    "word_type": "N",
                    "word_form": "Friedrich",
                    "lemma": "Friedrich",
                    "POS_STTS": "NE",
                    "index": "2",
                    "dep_rel": "app",
                    "head_index": "1",
                    "parser_morph_features": "Fem|_|Sg"
                }
            }
        },
        "POST_info": {
            "P_TOK1": {
                "word_type": "N",
                "word_form": "Akademie",
                "lemma": "Akademie",
                "POS_STTS": "NN",
                "index": "6",
                "dep_rel": "app",
                "head_index": "4",
                "parser_morph_features": "Masc|_|Pl"
            }
        },
        "TOK_info": {
            "TOK1": {
                "word_type": "N",
                "word_form": "Stadt",
                "lemma": "Stadt",
                "POS_STTS": "NN",
                "index": "4",
                "dep_rel": "app",
                "head_index": "3",
                "parser_morph_features": "Fem|_|Sg",
                "possible_morph_features": []
            }
        },
        "relations": {}
    },
    {
        "file_ID": "1091_0000192",
        "sent_NP_ID": "1_5",
        "sentence": "Michael Friedrich Meier Stadt X Akademie Klausenhof Bahnhofsstraße 123 12345 Stadt X „ Das Wohnungsamt ( u. adresse ) “ Eine Wohnung Suche Sehr Geerhte Damen und Herren , Suche ich gerne auf eine neue Wohnung , und habe ich Interesse mit ihre Anzeige in FR vom 09.03.2012 .",
        "metadata": {
            "corpus": "MERLIN_DE"
        },
        "NP_info": {
            "len_np": 2,
            "coordination": null
        },
        "HEAD_info": {
            "head": {
                "H_TOK1": {
                    "word_type": "N",
                    "word_form": "Stadt",
                    "lemma": "Stadt",
                    "POS_STTS": "NN",
                    "index": "4",
                    "dep_rel": "app",
                    "head_index": "3",
                    "parser_morph_features": "Fem|_|Sg"
                }
            },
            "super_head": {
                "SH_TOK1": {
                    "word_type": "N",
                    "word_form": "Meier",
                    "lemma": "Meier",
                    "POS_STTS": "NE",
                    "index": "3",
                    "dep_rel": "app",
                    "head_index": "2",
                    "parser_morph_features": "Fem|_|Sg"
                }
            }
        },
        "POST_info": {
            "P_TOK1": {
                "word_type": "N",
                "word_form": "Klausenhof",
                "lemma": "Klausenhof",
                "POS_STTS": "NN",
                "index": "7",
                "dep_rel": "app",
                "head_index": "6",
                "parser_morph_features": "_|_|_"
            }
        },
        "TOK_info": {
            "TOK1": {
                "word_type": "CARD",
                "word_form": "X",
                "lemma": "X",
                "POS_STTS": "CARD",
                "index": "5",
                "dep_rel": "attr",
                "head_index": "6",
                "parser_morph_features": "_",
                "possible_morph_features": []
            },
            "TOK2": {
                "word_type": "N",
                "word_form": "Akademie",
                "lemma": "Akademie",
                "POS_STTS": "NN",
                "index": "6",
                "dep_rel": "app",
                "head_index": "4",
                "parser_morph_features": "Masc|_|Pl",
                "possible_morph_features": []
            }
        },
        "relations": {}
    },
    {
        "file_ID": "1091_0000192",
        "sent_NP_ID": "1_6",
        "sentence": "Michael Friedrich Meier Stadt X Akademie Klausenhof Bahnhofsstraße 123 12345 Stadt X „ Das Wohnungsamt ( u. adresse ) “ Eine Wohnung Suche Sehr Geerhte Damen und Herren , Suche ich gerne auf eine neue Wohnung , und habe ich Interesse mit ihre Anzeige in FR vom 09.03.2012 .",
        "metadata": {
            "corpus": "MERLIN_DE"
        },
        "NP_info": {
            "len_np": 1,
            "coordination": null
        },
        "HEAD_info": {
            "head": {
                "H_TOK1": {
                    "word_type": "N",
                    "word_form": "Akademie",
                    "lemma": "Akademie",
                    "POS_STTS": "NN",
                    "index": "6",
                    "dep_rel": "app",
                    "head_index": "4",
                    "parser_morph_features": "Masc|_|Pl"
                }
            },
            "super_head": {
                "SH_TOK1": {
                    "word_type": "N",
                    "word_form": "Stadt",
                    "lemma": "Stadt",
                    "POS_STTS": "NN",
                    "index": "4",
                    "dep_rel": "app",
                    "head_index": "3",
                    "parser_morph_features": "Fem|_|Sg"
                }
            }
        },
        "POST_info": {
            "P_TOK1": {
                "word_type": "N",
                "word_form": "Bahnhofsstraße",
                "lemma": "Bahnhofsstraß",
                "POS_STTS": "NN",
                "index": "8",
                "dep_rel": "app",
                "head_index": "7",
                "parser_morph_features": "_|_|_"
            }
        },
        "TOK_info": {
            "TOK1": {
                "word_type": "N",
                "word_form": "Klausenhof",
                "lemma": "Klausenhof",
                "POS_STTS": "NN",
                "index": "7",
                "dep_rel": "app",
                "head_index": "6",
                "parser_morph_features": "_|_|_",
                "possible_morph_features": []
            }
        },
        "relations": {}
    },
    {
        "file_ID": "1091_0000192",
        "sent_NP_ID": "1_7",
        "sentence": "Michael Friedrich Meier Stadt X Akademie Klausenhof Bahnhofsstraße 123 12345 Stadt X „ Das Wohnungsamt ( u. adresse ) “ Eine Wohnung Suche Sehr Geerhte Damen und Herren , Suche ich gerne auf eine neue Wohnung , und habe ich Interesse mit ihre Anzeige in FR vom 09.03.2012 .",
        "metadata": {
            "corpus": "MERLIN_DE"
        },
        "NP_info": {
            "len_np": 1,
            "coordination": null
        },
        "HEAD_info": {
            "head": {
                "H_TOK1": {
                    "word_type": "N",
                    "word_form": "Klausenhof",
                    "lemma": "Klausenhof",
                    "POS_STTS": "NN",
                    "index": "7",
                    "dep_rel": "app",
                    "head_index": "6",
                    "parser_morph_features": "_|_|_"
                }
            },
            "super_head": {
                "SH_TOK1": {
                    "word_type": "N",
                    "word_form": "Akademie",
                    "lemma": "Akademie",
                    "POS_STTS": "NN",
                    "index": "6",
                    "dep_rel": "app",
                    "head_index": "4",
                    "parser_morph_features": "Masc|_|Pl"
                }
            }
        },
        "POST_info": {
            "P_TOK1": {
                "word_type": "CARD",
                "word_form": "123",
                "lemma": "123",
                "POS_STTS": "CARD",
                "index": "9",
                "dep_rel": "app",
                "head_index": "8",
                "parser_morph_features": "_"
            }
        },
        "TOK_info": {
            "TOK1": {
                "word_type": "N",
                "word_form": "Bahnhofsstraße",
                "lemma": "Bahnhofsstraß",
                "POS_STTS": "NN",
                "index": "8",
                "dep_rel": "app",
                "head_index": "7",
                "parser_morph_features": "_|_|_",
                "possible_morph_features": []
            }
        },
        "relations": {}
    },
    {
        "file_ID": "1091_0000192",
        "sent_NP_ID": "1_8",
        "sentence": "Michael Friedrich Meier Stadt X Akademie Klausenhof Bahnhofsstraße 123 12345 Stadt X „ Das Wohnungsamt ( u. adresse ) “ Eine Wohnung Suche Sehr Geerhte Damen und Herren , Suche ich gerne auf eine neue Wohnung , und habe ich Interesse mit ihre Anzeige in FR vom 09.03.2012 .",
        "metadata": {
            "corpus": "MERLIN_DE"
        },
        "NP_info": {
            "len_np": 1,
            "coordination": null
        },
        "HEAD_info": {
            "head": {},
            "super_head": {}
        },
        "POST_info": {
            "P_TOK1": {
                "word_type": "N",
                "word_form": "X",
                "lemma": "X",
                "POS_STTS": "NE",
                "index": "12",
                "dep_rel": "app",
                "head_index": "11",
                "parser_morph_features": "Fem|_|Sg"
            }
        },
        "TOK_info": {
            "TOK1": {
                "word_type": "N",
                "word_form": "Stadt",
                "lemma": "Stadt",
                "POS_STTS": "NN",
                "index": "11",
                "dep_rel": "root",
                "head_index": "0",
                "parser_morph_features": "Fem|_|Sg",
                "possible_morph_features": []
            }
        },
        "relations": {}
    },
    {
        "file_ID": "1091_0000192",
        "sent_NP_ID": "1_9",
        "sentence": "Michael Friedrich Meier Stadt X Akademie Klausenhof Bahnhofsstraße 123 12345 Stadt X „ Das Wohnungsamt ( u. adresse ) “ Eine Wohnung Suche Sehr Geerhte Damen und Herren , Suche ich gerne auf eine neue Wohnung , und habe ich Interesse mit ihre Anzeige in FR vom 09.03.2012 .",
        "metadata": {
            "corpus": "MERLIN_DE"
        },
        "NP_info": {
            "len_np": 1,
            "coordination": null
        },
        "HEAD_info": {
            "head": {
                "H_TOK1": {
                    "word_type": "N",
                    "word_form": "Stadt",
                    "lemma": "Stadt",
                    "POS_STTS": "NN",
                    "index": "11",
                    "dep_rel": "root",
                    "head_index": "0",
                    "parser_morph_features": "Fem|_|Sg"
                }
            },
            "super_head": {}
        },
        "POST_info": {
            "P_TOK1": {
                "word_type": "N",
                "word_form": "„",
                "lemma": "„",
                "POS_STTS": "NE",
                "index": "13",
                "dep_rel": "app",
                "head_index": "12",
                "parser_morph_features": "Fem|_|Sg"
            }
        },
        "TOK_info": {
            "TOK1": {
                "word_type": "N",
                "word_form": "X",
                "lemma": "X",
                "POS_STTS": "NE",
                "index": "12",
                "dep_rel": "app",
                "head_index": "11",
                "parser_morph_features": "Fem|_|Sg",
                "possible_morph_features": []
            }
        },
        "relations": {}
    },
    {
        "file_ID": "1091_0000192",
        "sent_NP_ID": "1_10",
        "sentence": "Michael Friedrich Meier Stadt X Akademie Klausenhof Bahnhofsstraße 123 12345 Stadt X „ Das Wohnungsamt ( u. adresse ) “ Eine Wohnung Suche Sehr Geerhte Damen und Herren , Suche ich gerne auf eine neue Wohnung , und habe ich Interesse mit ihre Anzeige in FR vom 09.03.2012 .",
        "metadata": {
            "corpus": "MERLIN_DE"
        },
        "NP_info": {
            "len_np": 1,
            "coordination": null
        },
        "HEAD_info": {
            "head": {
                "H_TOK1": {
                    "word_type": "N",
                    "word_form": "X",
                    "lemma": "X",
                    "POS_STTS": "NE",
                    "index": "12",
                    "dep_rel": "app",
                    "head_index": "11",
                    "parser_morph_features": "Fem|_|Sg"
                }
            },
            "super_head": {
                "SH_TOK1": {
                    "word_type": "N",
                    "word_form": "Stadt",
                    "lemma": "Stadt",
                    "POS_STTS": "NN",
                    "index": "11",
                    "dep_rel": "root",
                    "head_index": "0",
                    "parser_morph_features": "Fem|_|Sg"
                }
            }
        },
        "POST_info": {},
        "TOK_info": {
            "TOK1": {
                "word_type": "N",
                "word_form": "„",
                "lemma": "„",
                "POS_STTS": "NE",
                "index": "13",
                "dep_rel": "app",
                "head_index": "12",
                "parser_morph_features": "Fem|_|Sg",
                "possible_morph_features": []
            }
        },
        "relations": {}
    },
    {
        "file_ID": "1091_0000192",
        "sent_NP_ID": "1_11",
        "sentence": "Michael Friedrich Meier Stadt X Akademie Klausenhof Bahnhofsstraße 123 12345 Stadt X „ Das Wohnungsamt ( u. adresse ) “ Eine Wohnung Suche Sehr Geerhte Damen und Herren , Suche ich gerne auf eine neue Wohnung , und habe ich Interesse mit ihre Anzeige in FR vom 09.03.2012 .",
        "metadata": {
            "corpus": "MERLIN_DE"
        },
        "NP_info": {
            "len_np": 2,
            "coordination": null
        },
        "HEAD_info": {
            "head": {},
            "super_head": {}
        },
        "POST_info": {
            "P_TOK1": {
                "word_type": "PREP",
                "word_form": "u.",
                "lemma": "u.",
                "POS_STTS": "APPR",
                "index": "17",
                "dep_rel": "pp",
                "head_index": "15",
                "parser_morph_features": "_"
            }
        },
        "TOK_info": {
            "TOK1": {
                "word_type": "ART",
                "word_form": "Das",
                "lemma": "die",
                "POS_STTS": "ART",
                "index": "14",
                "dep_rel": "det",
                "head_index": "15",
                "parser_morph_features": "Def|Neut|_|Sg",
                "possible_morph_features": []
            },
            "TOK2": {
                "word_type": "N",
                "word_form": "Wohnungsamt",
                "lemma": "Wohnungsamt",
                "POS_STTS": "NN",
                "index": "15",
                "dep_rel": "root",
                "head_index": "0",
                "parser_morph_features": "Neut|_|Sg",
                "possible_morph_features": []
            }
        },
        "relations": {
            "rel_1": {
                "rel_type": "must_agree",
                "involved": [
                    "TOK2",
                    "TOK1"
                ],
                "ruler": "TOK2",
                "possible_agreement": null
            }
        }
    },
    {
        "file_ID": "1091_0000192",
        "sent_NP_ID": "1_12",
        "sentence": "Michael Friedrich Meier Stadt X Akademie Klausenhof Bahnhofsstraße 123 12345 Stadt X „ Das Wohnungsamt ( u. adresse ) “ Eine Wohnung Suche Sehr Geerhte Damen und Herren , Suche ich gerne auf eine neue Wohnung , und habe ich Interesse mit ihre Anzeige in FR vom 09.03.2012 .",
        "metadata": {
            "corpus": "MERLIN_DE"
        },
        "NP_info": {
            "len_np": 1,
            "coordination": null
        },
        "HEAD_info": {
            "head": {
                "H_TOK1": {
                    "word_type": "PREP",
                    "word_form": "u.",
                    "lemma": "u.",
                    "POS_STTS": "APPR",
                    "index": "17",
                    "dep_rel": "pp",
                    "head_index": "15",
                    "parser_morph_features": "_"
                }
            },
            "super_head": {
                "SH_TOK1": {
                    "word_type": "N",
                    "word_form": "Wohnungsamt",
                    "lemma": "Wohnungsamt",
                    "POS_STTS": "NN",
                    "index": "15",
                    "dep_rel": "root",
                    "head_index": "0",
                    "parser_morph_features": "Neut|_|Sg"
                }
            }
        },
        "POST_info": {},
        "TOK_info": {
            "TOK1": {
                "word_type": "N",
                "word_form": "adresse",
                "lemma": "adresse",
                "POS_STTS": "NE",
                "index": "18",
                "dep_rel": "pn",
                "head_index": "17",
                "parser_morph_features": "_|_|_",
                "possible_morph_features": []
            }
        },
        "relations": {}
    },
    {
        "file_ID": "1091_0000192",
        "sent_NP_ID": "1_13",
        "sentence": "Michael Friedrich Meier Stadt X Akademie Klausenhof Bahnhofsstraße 123 12345 Stadt X „ Das Wohnungsamt ( u. adresse ) “ Eine Wohnung Suche Sehr Geerhte Damen und Herren , Suche ich gerne auf eine neue Wohnung , und habe ich Interesse mit ihre Anzeige in FR vom 09.03.2012 .",
        "metadata": {
            "corpus": "MERLIN_DE"
        },
        "NP_info": {
            "len_np": 2,
            "coordination": null
        },
        "HEAD_info": {
            "head": {},
            "super_head": {}
        },
        "POST_info": {
            "P_TOK1": {
                "word_type": "N",
                "word_form": "Suche",
                "lemma": "Suche",
                "POS_STTS": "NN",
                "index": "23",
                "dep_rel": "app",
                "head_index": "22",
                "parser_morph_features": "Fem|_|Pl"
            }
        },
        "TOK_info": {
            "TOK1": {
                "word_type": "ART",
                "word_form": "Eine",
                "lemma": "eine",
                "POS_STTS": "ART",
                "index": "21",
                "dep_rel": "det",
                "head_index": "22",
                "parser_morph_features": "Indef|Fem|_|Sg",
                "possible_morph_features": []
            },
            "TOK2": {
                "word_type": "N",
                "word_form": "Wohnung",
                "lemma": "Wohnung",
                "POS_STTS": "NN",
                "index": "22",
                "dep_rel": "root",
                "head_index": "0",
                "parser_morph_features": "Fem|_|Pl",
                "possible_morph_features": []
            }
        },
        "relations": {
            "rel_1": {
                "rel_type": "must_agree",
                "involved": [
                    "TOK2",
                    "TOK1"
                ],
                "ruler": "TOK2",
                "possible_agreement": null
            }
        }
    },
    {
        "file_ID": "1091_0000192",
        "sent_NP_ID": "1_14",
        "sentence": "Michael Friedrich Meier Stadt X Akademie Klausenhof Bahnhofsstraße 123 12345 Stadt X „ Das Wohnungsamt ( u. adresse ) “ Eine Wohnung Suche Sehr Geerhte Damen und Herren , Suche ich gerne auf eine neue Wohnung , und habe ich Interesse mit ihre Anzeige in FR vom 09.03.2012 .",
        "metadata": {
            "corpus": "MERLIN_DE"
        },
        "NP_info": {
            "len_np": 1,
            "coordination": null
        },
        "HEAD_info": {
            "head": {
                "H_TOK1": {
                    "word_type": "N",
                    "word_form": "Wohnung",
                    "lemma": "Wohnung",
                    "POS_STTS": "NN",
                    "index": "22",
                    "dep_rel": "root",
                    "head_index": "0",
                    "parser_morph_features": "Fem|_|Pl"
                }
            },
            "super_head": {}
        },
        "POST_info": {
            "P_TOK1": {
                "word_type": "N",
                "word_form": "Geerhte",
                "lemma": "Geerhte",
                "POS_STTS": "NN",
                "index": "25",
                "dep_rel": "app",
                "head_index": "23",
                "parser_morph_features": "Fem|_|Pl"
            }
        },
        "TOK_info": {
            "TOK1": {
                "word_type": "N",
                "word_form": "Suche",
                "lemma": "Suche",
                "POS_STTS": "NN",
                "index": "23",
                "dep_rel": "app",
                "head_index": "22",
                "parser_morph_features": "Fem|_|Pl",
                "possible_morph_features": []
            }
        },
        "relations": {}
    },
    {
        "file_ID": "1091_0000192",
        "sent_NP_ID": "1_15",
        "sentence": "Michael Friedrich Meier Stadt X Akademie Klausenhof Bahnhofsstraße 123 12345 Stadt X „ Das Wohnungsamt ( u. adresse ) “ Eine Wohnung Suche Sehr Geerhte Damen und Herren , Suche ich gerne auf eine neue Wohnung , und habe ich Interesse mit ihre Anzeige in FR vom 09.03.2012 .",
        "metadata": {
            "corpus": "MERLIN_DE"
        },
        "NP_info": {
            "len_np": 2,
            "coordination": [
                "1_15",
                "1_16",
                "1_17"
            ]
        },
        "HEAD_info": {
            "head": {
                "H_TOK1": {
                    "word_type": "N",
                    "word_form": "Suche",
                    "lemma": "Suche",
                    "POS_STTS": "NN",
                    "index": "23",
                    "dep_rel": "app",
                    "head_index": "22",
                    "parser_morph_features": "Fem|_|Pl"
                }
            },
            "super_head": {
                "SH_TOK1": {
                    "word_type": "N",
                    "word_form": "Wohnung",
                    "lemma": "Wohnung",
                    "POS_STTS": "NN",
                    "index": "22",
                    "dep_rel": "root",
                    "head_index": "0",
                    "parser_morph_features": "Fem|_|Pl"
                }
            }
        },
        "POST_info": {
            "P_TOK1": {
                "word_type": "N",
                "word_form": "Damen",
                "lemma": "Dame",
                "POS_STTS": "NN",
                "index": "26",
                "dep_rel": "app",
                "head_index": "25",
                "parser_morph_features": "Fem|_|Pl"
            }
        },
        "TOK_info": {
            "TOK1": {
                "word_type": "ADV",
                "word_form": "Sehr",
                "lemma": "sehr",
                "POS_STTS": "ADV",
                "index": "24",
                "dep_rel": "adv",
                "head_index": "25",
                "parser_morph_features": "_",
                "possible_morph_features": []
            },
            "TOK2": {
                "word_type": "N",
                "word_form": "Geerhte",
                "lemma": "Geerhte",
                "POS_STTS": "NN",
                "index": "25",
                "dep_rel": "app",
                "head_index": "23",
                "parser_morph_features": "Fem|_|Pl",
                "possible_morph_features": []
            }
        },
        "relations": {}
    },
    {
        "file_ID": "1091_0000192",
        "sent_NP_ID": "1_16",
        "sentence": "Michael Friedrich Meier Stadt X Akademie Klausenhof Bahnhofsstraße 123 12345 Stadt X „ Das Wohnungsamt ( u. adresse ) “ Eine Wohnung Suche Sehr Geerhte Damen und Herren , Suche ich gerne auf eine neue Wohnung , und habe ich Interesse mit ihre Anzeige in FR vom 09.03.2012 .",
        "metadata": {
            "corpus": "MERLIN_DE"
        },
        "NP_info": {
            "len_np": 1,
            "coordination": [
                "1_15",
                "1_16",
                "1_17"
            ]
        },
        "HEAD_info": {
            "head": {
                "H_TOK1": {
                    "word_type": "N",
                    "word_form": "Geerhte",
                    "lemma": "Geerhte",
                    "POS_STTS": "NN",
                    "index": "25",
                    "dep_rel": "app",
                    "head_index": "23",
                    "parser_morph_features": "Fem|_|Pl"
                }
            },
            "super_head": {
                "SH_TOK1": {
                    "word_type": "N",
                    "word_form": "Suche",
                    "lemma": "Suche",
                    "POS_STTS": "NN",
                    "index": "23",
                    "dep_rel": "app",
                    "head_index": "22",
                    "parser_morph_features": "Fem|_|Pl"
                }
            }
        },
        "POST_info": {},
        "TOK_info": {
            "TOK1": {
                "word_type": "N",
                "word_form": "Damen",
                "lemma": "Dame",
                "POS_STTS": "NN",
                "index": "26",
                "dep_rel": "app",
                "head_index": "25",
                "parser_morph_features": "Fem|_|Pl",
                "possible_morph_features": []
            }
        },
        "relations": {}
    },
    {
        "file_ID": "1091_0000192",
        "sent_NP_ID": "1_17",
        "sentence": "Michael Friedrich Meier Stadt X Akademie Klausenhof Bahnhofsstraße 123 12345 Stadt X „ Das Wohnungsamt ( u. adresse ) “ Eine Wohnung Suche Sehr Geerhte Damen und Herren , Suche ich gerne auf eine neue Wohnung , und habe ich Interesse mit ihre Anzeige in FR vom 09.03.2012 .",
        "metadata": {
            "corpus": "MERLIN_DE"
        },
        "NP_info": {
            "len_np": 1,
            "coordination": [
                "1_15",
                "1_16",
                "1_17"
            ]
        },
        "HEAD_info": {
            "head": {
                "H_TOK1": {
                    "word_type": "KON",
                    "word_form": "und",
                    "lemma": "und",
                    "POS_STTS": "KON",
                    "index": "27",
                    "dep_rel": "kon",
                    "head_index": "26",
                    "parser_morph_features": "_"
                }
            },
            "super_head": {
                "SH_TOK1": {
                    "word_type": "N",
                    "word_form": "Damen",
                    "lemma": "Dame",
                    "POS_STTS": "NN",
                    "index": "26",
                    "dep_rel": "app",
                    "head_index": "25",
                    "parser_morph_features": "Fem|_|Pl"
                }
            }
        },
        "POST_info": {},
        "TOK_info": {
            "TOK1": {
                "word_type": "N",
                "word_form": "Herren",
                "lemma": "Herr",
                "POS_STTS": "NN",
                "index": "28",
                "dep_rel": "cj",
                "head_index": "27",
                "parser_morph_features": "Masc|_|_",
                "possible_morph_features": []
            }
        },
        "relations": {}
    },
    {
        "file_ID": "1091_0000192",
        "sent_NP_ID": "1_18",
        "sentence": "Michael Friedrich Meier Stadt X Akademie Klausenhof Bahnhofsstraße 123 12345 Stadt X „ Das Wohnungsamt ( u. adresse ) “ Eine Wohnung Suche Sehr Geerhte Damen und Herren , Suche ich gerne auf eine neue Wohnung , und habe ich Interesse mit ihre Anzeige in FR vom 09.03.2012 .",
        "metadata": {
            "corpus": "MERLIN_DE"
        },
        "NP_info": {
            "len_np": 3,
            "coordination": null
        },
        "HEAD_info": {
            "head": {
                "H_TOK1": {
                    "word_type": "PREP",
                    "word_form": "auf",
                    "lemma": "auf",
                    "POS_STTS": "APPR",
                    "index": "33",
                    "dep_rel": "pp",
                    "head_index": "30",
                    "parser_morph_features": "Acc"
                }
            },
            "super_head": {
                "SH_TOK1": {
                    "word_type": "V",
                    "word_form": "Suche",
                    "lemma": "suchen",
                    "POS_STTS": "VVFIN",
                    "index": "30",
                    "dep_rel": "root",
                    "head_index": "0",
                    "parser_morph_features": "1|Sg|Pres|_"
                }
            }
        },
        "POST_info": {},
        "TOK_info": {
            "TOK1": {
                "word_type": "ART",
                "word_form": "eine",
                "lemma": "eine",
                "POS_STTS": "ART",
                "index": "34",
                "dep_rel": "det",
                "head_index": "36",
                "parser_morph_features": "Indef|Fem|Acc|Sg",
                "possible_morph_features": []
            },
            "TOK2": {
                "word_type": "ADJA",
                "word_form": "neue",
                "lemma": "neu",
                "POS_STTS": "ADJA",
                "index": "35",
                "dep_rel": "attr",
                "head_index": "36",
                "parser_morph_features": "Pos|Fem|Acc|Sg|_|",
                "possible_morph_features": []
            },
            "TOK3": {
                "word_type": "N",
                "word_form": "Wohnung",
                "lemma": "Wohnung",
                "POS_STTS": "NN",
                "index": "36",
                "dep_rel": "pn",
                "head_index": "33",
                "parser_morph_features": "Fem|Acc|Sg",
                "possible_morph_features": []
            }
        },
        "relations": {
            "rel_1": {
                "rel_type": "must_agree",
                "involved": [
                    "TOK1",
                    "TOK2"
                ],
                "ruler": null,
                "possible_agreement": null
            },
            "rel_2": {
                "rel_type": "must_agree",
                "involved": [
                    "TOK3",
                    "TOK1"
                ],
                "ruler": "TOK3",
                "possible_agreement": null
            },
            "rel_3": {
                "rel_type": "must_agree",
                "involved": [
                    "TOK3",
                    "TOK2"
                ],
                "ruler": "TOK3",
                "possible_agreement": null
            }
        }
    },
    {
        "file_ID": "1091_0000192",
        "sent_NP_ID": "1_19",
        "sentence": "Michael Friedrich Meier Stadt X Akademie Klausenhof Bahnhofsstraße 123 12345 Stadt X „ Das Wohnungsamt ( u. adresse ) “ Eine Wohnung Suche Sehr Geerhte Damen und Herren , Suche ich gerne auf eine neue Wohnung , und habe ich Interesse mit ihre Anzeige in FR vom 09.03.2012 .",
        "metadata": {
            "corpus": "MERLIN_DE"
        },
        "NP_info": {
            "len_np": 1,
            "coordination": null
        },
        "HEAD_info": {
            "head": {
                "H_TOK1": {
                    "word_type": "V",
                    "word_form": "habe",
                    "lemma": "haben",
                    "POS_STTS": "VAFIN",
                    "index": "39",
                    "dep_rel": "cj",
                    "head_index": "38",
                    "parser_morph_features": "1|Sg|Pres|_"
                }
            },
            "super_head": {
                "SH_TOK1": {
                    "word_type": "KON",
                    "word_form": "und",
                    "lemma": "und",
                    "POS_STTS": "KON",
                    "index": "38",
                    "dep_rel": "kon",
                    "head_index": "30",
                    "parser_morph_features": "_"
                }
            }
        },
        "POST_info": {},
        "TOK_info": {
            "TOK1": {
                "word_type": "N",
                "word_form": "Interesse",
                "lemma": "Interesse",
                "POS_STTS": "NN",
                "index": "41",
                "dep_rel": "obja",
                "head_index": "39",
                "parser_morph_features": "_|Acc|Sg",
                "possible_morph_features": []
            }
        },
        "relations": {}
    },
    {
        "file_ID": "1091_0000192",
        "sent_NP_ID": "1_20",
        "sentence": "Michael Friedrich Meier Stadt X Akademie Klausenhof Bahnhofsstraße 123 12345 Stadt X „ Das Wohnungsamt ( u. adresse ) “ Eine Wohnung Suche Sehr Geerhte Damen und Herren , Suche ich gerne auf eine neue Wohnung , und habe ich Interesse mit ihre Anzeige in FR vom 09.03.2012 .",
        "metadata": {
            "corpus": "MERLIN_DE"
        },
        "NP_info": {
            "len_np": 2,
            "coordination": null
        },
        "HEAD_info": {
            "head": {
                "H_TOK1": {
                    "word_type": "PREP",
                    "word_form": "mit",
                    "lemma": "mit",
                    "POS_STTS": "APPR",
                    "index": "42",
                    "dep_rel": "pp",
                    "head_index": "39",
                    "parser_morph_features": "Dat"
                }
            },
            "super_head": {
                "SH_TOK1": {
                    "word_type": "V",
                    "word_form": "habe",
                    "lemma": "haben",
                    "POS_STTS": "VAFIN",
                    "index": "39",
                    "dep_rel": "cj",
                    "head_index": "38",
                    "parser_morph_features": "1|Sg|Pres|_"
                }
            }
        },
        "POST_info": {},
        "TOK_info": {
            "TOK1": {
                "word_type": "ART",
                "word_form": "ihre",
                "lemma": "ihre",
                "POS_STTS": "PPOSAT",
                "index": "43",
                "dep_rel": "det",
                "head_index": "44",
                "parser_morph_features": "Fem|_|Sg",
                "possible_morph_features": []
            },
            "TOK2": {
                "word_type": "N",
                "word_form": "Anzeige",
                "lemma": "Anzeige",
                "POS_STTS": "NN",
                "index": "44",
                "dep_rel": "pn",
                "head_index": "42",
                "parser_morph_features": "Fem|_|Sg",
                "possible_morph_features": []
            }
        },
        "relations": {
            "rel_1": {
                "rel_type": "must_agree",
                "involved": [
                    "TOK2",
                    "TOK1"
                ],
                "ruler": "TOK2",
                "possible_agreement": null
            }
        }
    },
    {
        "file_ID": "1091_0000192",
        "sent_NP_ID": "1_21",
        "sentence": "Michael Friedrich Meier Stadt X Akademie Klausenhof Bahnhofsstraße 123 12345 Stadt X „ Das Wohnungsamt ( u. adresse ) “ Eine Wohnung Suche Sehr Geerhte Damen und Herren , Suche ich gerne auf eine neue Wohnung , und habe ich Interesse mit ihre Anzeige in FR vom 09.03.2012 .",
        "metadata": {
            "corpus": "MERLIN_DE"
        },
        "NP_info": {
            "len_np": 1,
            "coordination": null
        },
        "HEAD_info": {
            "head": {
                "H_TOK1": {
                    "word_type": "PREP",
                    "word_form": "in",
                    "lemma": "in",
                    "POS_STTS": "APPR",
                    "index": "45",
                    "dep_rel": "pp",
                    "head_index": "39",
                    "parser_morph_features": "_"
                }
            },
            "super_head": {
                "SH_TOK1": {
                    "word_type": "V",
                    "word_form": "habe",
                    "lemma": "haben",
                    "POS_STTS": "VAFIN",
                    "index": "39",
                    "dep_rel": "cj",
                    "head_index": "38",
                    "parser_morph_features": "1|Sg|Pres|_"
                }
            }
        },
        "POST_info": {
            "P_TOK1": {
                "word_type": "PREP",
                "word_form": "vom",
                "lemma": "von",
                "POS_STTS": "APPRART",
                "index": "47",
                "dep_rel": "pp",
                "head_index": "46",
                "parser_morph_features": "Dat"
            }
        },
        "TOK_info": {
            "TOK1": {
                "word_type": "N",
                "word_form": "FR",
                "lemma": "FR",
                "POS_STTS": "NN",
                "index": "46",
                "dep_rel": "pn",
                "head_index": "45",
                "parser_morph_features": "Neut|_|Sg",
                "possible_morph_features": []
            }
        },
        "relations": {}
    },
    {
        "file_ID": "1091_0000192",
        "sent_NP_ID": "2_22",
        "sentence": "Hätte ich noch nähere Informationen , zum beispiel wie viele Zimmer die Wohnung hat .",
        "metadata": {
            "corpus": "MERLIN_DE"
        },
        "NP_info": {
            "len_np": 3,
            "coordination": null
        },
        "HEAD_info": {
            "head": {
                "H_TOK1": {
                    "word_type": "V",
                    "word_form": "Hätte",
                    "lemma": "haben",
                    "POS_STTS": "VAFIN",
                    "index": "1",
                    "dep_rel": "root",
                    "head_index": "0",
                    "parser_morph_features": "1|Sg|Past|Subj"
                }
            },
            "super_head": {}
        },
        "POST_info": {},
        "TOK_info": {
            "TOK1": {
                "word_type": "ADV",
                "word_form": "noch",
                "lemma": "noch",
                "POS_STTS": "ADV",
                "index": "3",
                "dep_rel": "adv",
                "head_index": "4",
                "parser_morph_features": "_",
                "possible_morph_features": []
            },
            "TOK2": {
                "word_type": "ADJA",
                "word_form": "nähere",
                "lemma": "nah",
                "POS_STTS": "ADJA",
                "index": "4",
                "dep_rel": "attr",
                "head_index": "5",
                "parser_morph_features": "Comp|_|Acc|Pl|St|",
                "possible_morph_features": []
            },
            "TOK3": {
                "word_type": "N",
                "word_form": "Informationen",
                "lemma": "Information",
                "POS_STTS": "NN",
                "index": "5",
                "dep_rel": "obja",
                "head_index": "1",
                "parser_morph_features": "_|Acc|Pl",
                "possible_morph_features": []
            }
        },
        "relations": {
            "rel_1": {
                "rel_type": "must_agree",
                "involved": [
                    "TOK3",
                    "TOK2"
                ],
                "ruler": "TOK3",
                "possible_agreement": null
            }
        }
    },
    {
        "file_ID": "1091_0000192",
        "sent_NP_ID": "2_23",
        "sentence": "Hätte ich noch nähere Informationen , zum beispiel wie viele Zimmer die Wohnung hat .",
        "metadata": {
            "corpus": "MERLIN_DE"
        },
        "NP_info": {
            "len_np": 1,
            "coordination": [
                "2_23",
                "2_24"
            ]
        },
        "HEAD_info": {
            "head": {
                "H_TOK1": {
                    "word_type": "PREP",
                    "word_form": "zum",
                    "lemma": "zu",
                    "POS_STTS": "APPRART",
                    "index": "7",
                    "dep_rel": "pp",
                    "head_index": "13",
                    "parser_morph_features": "Dat"
                }
            },
            "super_head": {
                "SH_TOK1": {
                    "word_type": "N",
                    "word_form": "Wohnung",
                    "lemma": "Wohnung",
                    "POS_STTS": "NN",
                    "index": "13",
                    "dep_rel": "subj",
                    "head_index": "14",
                    "parser_morph_features": "Fem|Nom|Sg"
                }
            }
        },
        "POST_info": {
            "P_TOK1": {
                "word_type": "KOKOM",
                "word_form": "wie",
                "lemma": "wie",
                "POS_STTS": "KOKOM",
                "index": "9",
                "dep_rel": "kom",
                "head_index": "8",
                "parser_morph_features": "_"
            }
        },
        "TOK_info": {
            "TOK1": {
                "word_type": "N",
                "word_form": "beispiel",
                "lemma": "beispiel",
                "POS_STTS": "NN",
                "index": "8",
                "dep_rel": "pn",
                "head_index": "7",
                "parser_morph_features": "_|Dat|_",
                "possible_morph_features": []
            }
        },
        "relations": {
            "rel_1": {
                "rel_type": "must_agree",
                "involved": [
                    "TOK1",
                    "H_TOK1"
                ],
                "ruler": "TOK1",
                "possible_agreement": null
            }
        }
    },
    {
        "file_ID": "1091_0000192",
        "sent_NP_ID": "2_24",
        "sentence": "Hätte ich noch nähere Informationen , zum beispiel wie viele Zimmer die Wohnung hat .",
        "metadata": {
            "corpus": "MERLIN_DE"
        },
        "NP_info": {
            "len_np": 2,
            "coordination": [
                "2_23",
                "2_24"
            ]
        },
        "HEAD_info": {
            "head": {
                "H_TOK1": {
                    "word_type": "KOKOM",
                    "word_form": "wie",
                    "lemma": "wie",
                    "POS_STTS": "KOKOM",
                    "index": "9",
                    "dep_rel": "kom",
                    "head_index": "8",
                    "parser_morph_features": "_"
                }
            },
            "super_head": {
                "SH_TOK1": {
                    "word_type": "N",
                    "word_form": "beispiel",
                    "lemma": "beispiel",
                    "POS_STTS": "NN",
                    "index": "8",
                    "dep_rel": "pn",
                    "head_index": "7",
                    "parser_morph_features": "_|Dat|_"
                }
            }
        },
        "POST_info": {},
        "TOK_info": {
            "TOK1": {
                "word_type": "ART",
                "word_form": "viele",
                "lemma": "viele",
                "POS_STTS": "PIDAT",
                "index": "10",
                "dep_rel": "det",
                "head_index": "11",
                "parser_morph_features": "Neut|_|_",
                "possible_morph_features": []
            },
            "TOK2": {
                "word_type": "N",
                "word_form": "Zimmer",
                "lemma": "Zimmer",
                "POS_STTS": "NN",
                "index": "11",
                "dep_rel": "cj",
                "head_index": "9",
                "parser_morph_features": "Neut|_|_",
                "possible_morph_features": []
            }
        },
        "relations": {
            "rel_1": {
                "rel_type": "must_agree",
                "involved": [
                    "TOK2",
                    "TOK1"
                ],
                "ruler": "TOK2",
                "possible_agreement": null
            }
        }
    },
    {
        "file_ID": "1091_0000192",
        "sent_NP_ID": "2_25",
        "sentence": "Hätte ich noch nähere Informationen , zum beispiel wie viele Zimmer die Wohnung hat .",
        "metadata": {
            "corpus": "MERLIN_DE"
        },
        "NP_info": {
            "len_np": 3,
            "coordination": null
        },
        "HEAD_info": {
            "head": {
                "H_TOK1": {
                    "word_type": "V",
                    "word_form": "hat",
                    "lemma": "haben",
                    "POS_STTS": "VAFIN",
                    "index": "14",
                    "dep_rel": "kon",
                    "head_index": "1",
                    "parser_morph_features": "3|Sg|Pres|Ind"
                }
            },
            "super_head": {
                "SH_TOK1": {
                    "word_type": "V",
                    "word_form": "Hätte",
                    "lemma": "haben",
                    "POS_STTS": "VAFIN",
                    "index": "1",
                    "dep_rel": "root",
                    "head_index": "0",
                    "parser_morph_features": "1|Sg|Past|Subj"
                }
            }
        },
        "POST_info": {},
        "TOK_info": {
            "TOK1": {
                "word_type": "PREP",
                "word_form": "zum",
                "lemma": "zu",
                "POS_STTS": "APPRART",
                "index": "7",
                "dep_rel": "pp",
                "head_index": "13",
                "parser_morph_features": "Dat",
                "possible_morph_features": []
            },
            "TOK2": {
                "word_type": "ART",
                "word_form": "die",
                "lemma": "die",
                "POS_STTS": "ART",
                "index": "12",
                "dep_rel": "det",
                "head_index": "13",
                "parser_morph_features": "Def|Fem|Nom|Sg",
                "possible_morph_features": []
            },
            "TOK3": {
                "word_type": "N",
                "word_form": "Wohnung",
                "lemma": "Wohnung",
                "POS_STTS": "NN",
                "index": "13",
                "dep_rel": "subj",
                "head_index": "14",
                "parser_morph_features": "Fem|Nom|Sg",
                "possible_morph_features": []
            }
        },
        "relations": {
            "rel_1": {
                "rel_type": "must_agree",
                "involved": [
                    "TOK3",
                    "TOK2"
                ],
                "ruler": "TOK3",
                "possible_agreement": null
            }
        }
    },
    {
        "file_ID": "1091_0000192",
        "sent_NP_ID": "3_26",
        "sentence": "Gibt es ein Balkon oder nicht ?",
        "metadata": {
            "corpus": "MERLIN_DE"
        },
        "NP_info": {
            "len_np": 2,
            "coordination": null
        },
        "HEAD_info": {
            "head": {
                "H_TOK1": {
                    "word_type": "V",
                    "word_form": "Gibt",
                    "lemma": "geben",
                    "POS_STTS": "VVFIN",
                    "index": "1",
                    "dep_rel": "root",
                    "head_index": "0",
                    "parser_morph_features": "3|Sg|Pres|Ind"
                }
            },
            "super_head": {}
        },
        "POST_info": {},
        "TOK_info": {
            "TOK1": {
                "word_type": "ART",
                "word_form": "ein",
                "lemma": "eine",
                "POS_STTS": "ART",
                "index": "3",
                "dep_rel": "det",
                "head_index": "4",
                "parser_morph_features": "Indef|Masc|Nom|Sg",
                "possible_morph_features": []
            },
            "TOK2": {
                "word_type": "N",
                "word_form": "Balkon",
                "lemma": "Balkon",
                "POS_STTS": "NN",
                "index": "4",
                "dep_rel": "subj",
                "head_index": "1",
                "parser_morph_features": "Masc|Nom|Sg",
                "possible_morph_features": []
            }
        },
        "relations": {
            "rel_1": {
                "rel_type": "must_agree",
                "involved": [
                    "TOK2",
                    "TOK1"
                ],
                "ruler": "TOK2",
                "possible_agreement": null
            }
        }
    },
    {
        "file_ID": "1091_0000192",
        "sent_NP_ID": "4_27",
        "sentence": "Am endsten , wie viel ist das Miete ?",
        "metadata": {
            "corpus": "MERLIN_DE"
        },
        "NP_info": {
            "len_np": 2,
            "coordination": null
        },
        "HEAD_info": {
            "head": {
                "H_TOK1": {
                    "word_type": "V",
                    "word_form": "ist",
                    "lemma": "sein",
                    "POS_STTS": "VAFIN",
                    "index": "6",
                    "dep_rel": "root",
                    "head_index": "0",
                    "parser_morph_features": "3|Sg|Pres|Ind"
                }
            },
            "super_head": {}
        },
        "POST_info": {},
        "TOK_info": {
            "TOK1": {
                "word_type": "ART",
                "word_form": "das",
                "lemma": "die",
                "POS_STTS": "ART",
                "index": "7",
                "dep_rel": "det",
                "head_index": "8",
                "parser_morph_features": "Def|Neut|_|Sg",
                "possible_morph_features": []
            },
            "TOK2": {
                "word_type": "N",
                "word_form": "Miete",
                "lemma": "Miete",
                "POS_STTS": "NN",
                "index": "8",
                "dep_rel": "pred",
                "head_index": "6",
                "parser_morph_features": "Neut|Nom|Sg",
                "possible_morph_features": []
            }
        },
        "relations": {
            "rel_1": {
                "rel_type": "must_agree",
                "involved": [
                    "TOK2",
                    "TOK1"
                ],
                "ruler": "TOK2",
                "possible_agreement": null
            }
        }
    },
    {
        "file_ID": "1091_0000192",
        "sent_NP_ID": "5_28",
        "sentence": "Ich hoffe eine bäldige Information .",
        "metadata": {
            "corpus": "MERLIN_DE"
        },
        "NP_info": {
            "len_np": 3,
            "coordination": null
        },
        "HEAD_info": {
            "head": {
                "H_TOK1": {
                    "word_type": "V",
                    "word_form": "hoffe",
                    "lemma": "hoffen",
                    "POS_STTS": "VVFIN",
                    "index": "2",
                    "dep_rel": "root",
                    "head_index": "0",
                    "parser_morph_features": "3|Sg|Pres|Subj"
                }
            },
            "super_head": {}
        },
        "POST_info": {},
        "TOK_info": {
            "TOK1": {
                "word_type": "ART",
                "word_form": "eine",
                "lemma": "eine",
                "POS_STTS": "ART",
                "index": "3",
                "dep_rel": "det",
                "head_index": "5",
                "parser_morph_features": "Indef|Fem|Nom|Sg",
                "possible_morph_features": []
            },
            "TOK2": {
                "word_type": "ADJA",
                "word_form": "bäldige",
                "lemma": "bäldige",
                "POS_STTS": "ADJA",
                "index": "4",
                "dep_rel": "attr",
                "head_index": "5",
                "parser_morph_features": "_|Fem|Nom|Sg|_",
                "possible_morph_features": []
            },
            "TOK3": {
                "word_type": "N",
                "word_form": "Information",
                "lemma": "Information",
                "POS_STTS": "NN",
                "index": "5",
                "dep_rel": "subj",
                "head_index": "2",
                "parser_morph_features": "Fem|Nom|Sg",
                "possible_morph_features": []
            }
        },
        "relations": {
            "rel_1": {
                "rel_type": "must_agree",
                "involved": [
                    "TOK1",
                    "TOK2"
                ],
                "ruler": null,
                "possible_agreement": null
            },
            "rel_2": {
                "rel_type": "must_agree",
                "involved": [
                    "TOK3",
                    "TOK1"
                ],
                "ruler": "TOK3",
                "possible_agreement": null
            },
            "rel_3": {
                "rel_type": "must_agree",
                "involved": [
                    "TOK3",
                    "TOK2"
                ],
                "ruler": "TOK3",
                "possible_agreement": null
            }
        }
    },
    {
        "file_ID": "1091_0000192",
        "sent_NP_ID": "6_29",
        "sentence": "Freundlichen Grüßen Michael Friedrich Meier",
        "metadata": {
            "corpus": "MERLIN_DE"
        },
        "NP_info": {
            "len_np": 2,
            "coordination": null
        },
        "HEAD_info": {
            "head": {},
            "super_head": {}
        },
        "POST_info": {
            "P_TOK1": {
                "word_type": "N",
                "word_form": "Michael",
                "lemma": "Michael",
                "POS_STTS": "NE",
                "index": "3",
                "dep_rel": "app",
                "head_index": "2",
                "parser_morph_features": "_|Dat|Sg"
            }
        },
        "TOK_info": {
            "TOK1": {
                "word_type": "ADJA",
                "word_form": "Freundlichen",
                "lemma": "freundlich",
                "POS_STTS": "ADJA",
                "index": "1",
                "dep_rel": "attr",
                "head_index": "2",
                "parser_morph_features": "Pos|_|Dat|_|_|",
                "possible_morph_features": []
            },
            "TOK2": {
                "word_type": "N",
                "word_form": "Grüßen",
                "lemma": "Gruß",
                "POS_STTS": "NN",
                "index": "2",
                "dep_rel": "root",
                "head_index": "0",
                "parser_morph_features": "_|Dat|_",
                "possible_morph_features": []
            }
        },
        "relations": {
            "rel_1": {
                "rel_type": "must_agree",
                "involved": [
                    "TOK2",
                    "TOK1"
                ],
                "ruler": "TOK2",
                "possible_agreement": null
            }
        }
    },
    {
        "file_ID": "1091_0000192",
        "sent_NP_ID": "6_30",
        "sentence": "Freundlichen Grüßen Michael Friedrich Meier",
        "metadata": {
            "corpus": "MERLIN_DE"
        },
        "NP_info": {
            "len_np": 1,
            "coordination": null
        },
        "HEAD_info": {
            "head": {
                "H_TOK1": {
                    "word_type": "N",
                    "word_form": "Grüßen",
                    "lemma": "Gruß",
                    "POS_STTS": "NN",
                    "index": "2",
                    "dep_rel": "root",
                    "head_index": "0",
                    "parser_morph_features": "_|Dat|_"
                }
            },
            "super_head": {}
        },
        "POST_info": {
            "P_TOK1": {
                "word_type": "N",
                "word_form": "Friedrich",
                "lemma": "Friedrich",
                "POS_STTS": "NE",
                "index": "4",
                "dep_rel": "app",
                "head_index": "3",
                "parser_morph_features": "_|Dat|Sg"
            }
        },
        "TOK_info": {
            "TOK1": {
                "word_type": "N",
                "word_form": "Michael",
                "lemma": "Michael",
                "POS_STTS": "NE",
                "index": "3",
                "dep_rel": "app",
                "head_index": "2",
                "parser_morph_features": "_|Dat|Sg",
                "possible_morph_features": []
            }
        },
        "relations": {}
    },
    {
        "file_ID": "1091_0000192",
        "sent_NP_ID": "6_31",
        "sentence": "Freundlichen Grüßen Michael Friedrich Meier",
        "metadata": {
            "corpus": "MERLIN_DE"
        },
        "NP_info": {
            "len_np": 1,
            "coordination": null
        },
        "HEAD_info": {
            "head": {
                "H_TOK1": {
                    "word_type": "N",
                    "word_form": "Michael",
                    "lemma": "Michael",
                    "POS_STTS": "NE",
                    "index": "3",
                    "dep_rel": "app",
                    "head_index": "2",
                    "parser_morph_features": "_|Dat|Sg"
                }
            },
            "super_head": {
                "SH_TOK1": {
                    "word_type": "N",
                    "word_form": "Grüßen",
                    "lemma": "Gruß",
                    "POS_STTS": "NN",
                    "index": "2",
                    "dep_rel": "root",
                    "head_index": "0",
                    "parser_morph_features": "_|Dat|_"
                }
            }
        },
        "POST_info": {
            "P_TOK1": {
                "word_type": "N",
                "word_form": "Meier",
                "lemma": "Meier",
                "POS_STTS": "NE",
                "index": "5",
                "dep_rel": "app",
                "head_index": "4",
                "parser_morph_features": "_|Dat|Sg"
            }
        },
        "TOK_info": {
            "TOK1": {
                "word_type": "N",
                "word_form": "Friedrich",
                "lemma": "Friedrich",
                "POS_STTS": "NE",
                "index": "4",
                "dep_rel": "app",
                "head_index": "3",
                "parser_morph_features": "_|Dat|Sg",
                "possible_morph_features": []
            }
        },
        "relations": {}
    },
    {
        "file_ID": "1091_0000192",
        "sent_NP_ID": "6_32",
        "sentence": "Freundlichen Grüßen Michael Friedrich Meier",
        "metadata": {
            "corpus": "MERLIN_DE"
        },
        "NP_info": {
            "len_np": 1,
            "coordination": null
        },
        "HEAD_info": {
            "head": {
                "H_TOK1": {
                    "word_type": "N",
                    "word_form": "Friedrich",
                    "lemma": "Friedrich",
                    "POS_STTS": "NE",
                    "index": "4",
                    "dep_rel": "app",
                    "head_index": "3",
                    "parser_morph_features": "_|Dat|Sg"
                }
            },
            "super_head": {
                "SH_TOK1": {
                    "word_type": "N",
                    "word_form": "Michael",
                    "lemma": "Michael",
                    "POS_STTS": "NE",
                    "index": "3",
                    "dep_rel": "app",
                    "head_index": "2",
                    "parser_morph_features": "_|Dat|Sg"
                }
            }
        },
        "POST_info": {},
        "TOK_info": {
            "TOK1": {
                "word_type": "N",
                "word_form": "Meier",
                "lemma": "Meier",
                "POS_STTS": "NE",
                "index": "5",
                "dep_rel": "app",
                "head_index": "4",
                "parser_morph_features": "_|Dat|Sg",
                "possible_morph_features": []
            }
        },
        "relations": {}
    }
]