[
    {
        "file_ID": "1091_0000225",
        "sent_NP_ID": "1_1",
        "sentence": "Ich habe HausTiren , eine Kätze Sie ist wonnen in Haus .",
        "metadata": {
            "corpus": "MERLIN_DE"
        },
        "NP_info": {
            "len_np": 1,
            "coordination": null
        },
        "HEAD_info": {
            "head": {
                "H_TOK1": {
                    "word_type": "V",
                    "word_form": "habe",
                    "lemma": "haben",
                    "POS_STTS": "VAFIN",
                    "index": "2",
                    "dep_rel": "root",
                    "head_index": "0",
                    "parser_morph_features": "1|Sg|Pres|_"
                }
            },
            "super_head": {}
        },
        "POST_info": {},
        "TOK_info": {
            "TOK1": {
                "word_type": "N",
                "word_form": "HausTiren",
                "lemma": "HausTiren",
                "POS_STTS": "NE",
                "index": "3",
                "dep_rel": "obja",
                "head_index": "2",
                "parser_morph_features": "_|_|_",
                "possible_morph_features": []
            }
        },
        "relations": {}
    },
    {
        "file_ID": "1091_0000225",
        "sent_NP_ID": "1_2",
        "sentence": "Ich habe HausTiren , eine Kätze Sie ist wonnen in Haus .",
        "metadata": {
            "corpus": "MERLIN_DE"
        },
        "NP_info": {
            "len_np": 2,
            "coordination": null
        },
        "HEAD_info": {
            "head": {},
            "super_head": {}
        },
        "POST_info": {},
        "TOK_info": {
            "TOK1": {
                "word_type": "ART",
                "word_form": "eine",
                "lemma": "eine",
                "POS_STTS": "ART",
                "index": "5",
                "dep_rel": "det",
                "head_index": "6",
                "parser_morph_features": "Indef|Fem|_|Sg",
                "possible_morph_features": []
            },
            "TOK2": {
                "word_type": "N",
                "word_form": "Kätze",
                "lemma": "Kätze",
                "POS_STTS": "NE",
                "index": "6",
                "dep_rel": "root",
                "head_index": "0",
                "parser_morph_features": "Fem|_|Sg",
                "possible_morph_features": []
            }
        },
        "relations": {
            "rel_1": {
                "rel_type": "must_agree",
                "involved": [
                    "TOK2",
                    "TOK1"
                ],
                "ruler": "TOK2",
                "possible_agreement": null
            }
        }
    },
    {
        "file_ID": "1091_0000225",
        "sent_NP_ID": "1_3",
        "sentence": "Ich habe HausTiren , eine Kätze Sie ist wonnen in Haus .",
        "metadata": {
            "corpus": "MERLIN_DE"
        },
        "NP_info": {
            "len_np": 1,
            "coordination": null
        },
        "HEAD_info": {
            "head": {
                "H_TOK1": {
                    "word_type": "PREP",
                    "word_form": "in",
                    "lemma": "in",
                    "POS_STTS": "APPR",
                    "index": "10",
                    "dep_rel": "pp",
                    "head_index": "8",
                    "parser_morph_features": "_"
                }
            },
            "super_head": {
                "SH_TOK1": {
                    "word_type": "V",
                    "word_form": "ist",
                    "lemma": "sein",
                    "POS_STTS": "VAFIN",
                    "index": "8",
                    "dep_rel": "root",
                    "head_index": "0",
                    "parser_morph_features": "3|Sg|Pres|Ind"
                }
            }
        },
        "POST_info": {},
        "TOK_info": {
            "TOK1": {
                "word_type": "N",
                "word_form": "Haus",
                "lemma": "Haus",
                "POS_STTS": "NN",
                "index": "11",
                "dep_rel": "pn",
                "head_index": "10",
                "parser_morph_features": "Neut|_|Sg",
                "possible_morph_features": []
            }
        },
        "relations": {}
    },
    {
        "file_ID": "1091_0000225",
        "sent_NP_ID": "2_4",
        "sentence": "Morgen ich fahre in Urlaub und Kätze bleiben in das Haus Ich habe Freundin , ich ihr bitte brauche meine Kätze für zwei wochen , und dann ich abholen zürük .",
        "metadata": {
            "corpus": "MERLIN_DE"
        },
        "NP_info": {
            "len_np": 1,
            "coordination": null
        },
        "HEAD_info": {
            "head": {
                "H_TOK1": {
                    "word_type": "PREP",
                    "word_form": "in",
                    "lemma": "in",
                    "POS_STTS": "APPR",
                    "index": "4",
                    "dep_rel": "pp",
                    "head_index": "3",
                    "parser_morph_features": "_"
                }
            },
            "super_head": {
                "SH_TOK1": {
                    "word_type": "V",
                    "word_form": "fahre",
                    "lemma": "fahren",
                    "POS_STTS": "VVFIN",
                    "index": "3",
                    "dep_rel": "root",
                    "head_index": "0",
                    "parser_morph_features": "1|Sg|Pres|_"
                }
            }
        },
        "POST_info": {},
        "TOK_info": {
            "TOK1": {
                "word_type": "N",
                "word_form": "Urlaub",
                "lemma": "Urlaub",
                "POS_STTS": "NN",
                "index": "5",
                "dep_rel": "pn",
                "head_index": "4",
                "parser_morph_features": "_|_|Sg",
                "possible_morph_features": []
            }
        },
        "relations": {}
    },
    {
        "file_ID": "1091_0000225",
        "sent_NP_ID": "2_5",
        "sentence": "Morgen ich fahre in Urlaub und Kätze bleiben in das Haus Ich habe Freundin , ich ihr bitte brauche meine Kätze für zwei wochen , und dann ich abholen zürük .",
        "metadata": {
            "corpus": "MERLIN_DE"
        },
        "NP_info": {
            "len_np": 1,
            "coordination": null
        },
        "HEAD_info": {
            "head": {
                "H_TOK1": {
                    "word_type": "V",
                    "word_form": "bleiben",
                    "lemma": "bleiben",
                    "POS_STTS": "VVFIN",
                    "index": "8",
                    "dep_rel": "cj",
                    "head_index": "6",
                    "parser_morph_features": "3|Pl|Pres|_"
                }
            },
            "super_head": {
                "SH_TOK1": {
                    "word_type": "KON",
                    "word_form": "und",
                    "lemma": "und",
                    "POS_STTS": "KON",
                    "index": "6",
                    "dep_rel": "kon",
                    "head_index": "3",
                    "parser_morph_features": "_"
                }
            }
        },
        "POST_info": {},
        "TOK_info": {
            "TOK1": {
                "word_type": "N",
                "word_form": "Kätze",
                "lemma": "Kätze",
                "POS_STTS": "NE",
                "index": "7",
                "dep_rel": "subj",
                "head_index": "8",
                "parser_morph_features": "_|Nom|Pl",
                "possible_morph_features": []
            }
        },
        "relations": {}
    },
    {
        "file_ID": "1091_0000225",
        "sent_NP_ID": "2_6",
        "sentence": "Morgen ich fahre in Urlaub und Kätze bleiben in das Haus Ich habe Freundin , ich ihr bitte brauche meine Kätze für zwei wochen , und dann ich abholen zürük .",
        "metadata": {
            "corpus": "MERLIN_DE"
        },
        "NP_info": {
            "len_np": 2,
            "coordination": null
        },
        "HEAD_info": {
            "head": {
                "H_TOK1": {
                    "word_type": "PREP",
                    "word_form": "in",
                    "lemma": "in",
                    "POS_STTS": "APPR",
                    "index": "9",
                    "dep_rel": "pp",
                    "head_index": "8",
                    "parser_morph_features": "Acc"
                }
            },
            "super_head": {
                "SH_TOK1": {
                    "word_type": "V",
                    "word_form": "bleiben",
                    "lemma": "bleiben",
                    "POS_STTS": "VVFIN",
                    "index": "8",
                    "dep_rel": "cj",
                    "head_index": "6",
                    "parser_morph_features": "3|Pl|Pres|_"
                }
            }
        },
        "POST_info": {},
        "TOK_info": {
            "TOK1": {
                "word_type": "ART",
                "word_form": "das",
                "lemma": "die",
                "POS_STTS": "ART",
                "index": "10",
                "dep_rel": "det",
                "head_index": "11",
                "parser_morph_features": "Def|Neut|Acc|Sg",
                "possible_morph_features": []
            },
            "TOK2": {
                "word_type": "N",
                "word_form": "Haus",
                "lemma": "Haus",
                "POS_STTS": "NN",
                "index": "11",
                "dep_rel": "pn",
                "head_index": "9",
                "parser_morph_features": "Neut|Acc|Sg",
                "possible_morph_features": []
            }
        },
        "relations": {
            "rel_1": {
                "rel_type": "must_agree",
                "involved": [
                    "TOK2",
                    "TOK1"
                ],
                "ruler": "TOK2",
                "possible_agreement": null
            }
        }
    },
    {
        "file_ID": "1091_0000225",
        "sent_NP_ID": "2_7",
        "sentence": "Morgen ich fahre in Urlaub und Kätze bleiben in das Haus Ich habe Freundin , ich ihr bitte brauche meine Kätze für zwei wochen , und dann ich abholen zürük .",
        "metadata": {
            "corpus": "MERLIN_DE"
        },
        "NP_info": {
            "len_np": 1,
            "coordination": null
        },
        "HEAD_info": {
            "head": {
                "H_TOK1": {
                    "word_type": "V",
                    "word_form": "habe",
                    "lemma": "haben",
                    "POS_STTS": "VAFIN",
                    "index": "13",
                    "dep_rel": "s",
                    "head_index": "8",
                    "parser_morph_features": "1|Sg|Pres|_"
                }
            },
            "super_head": {
                "SH_TOK1": {
                    "word_type": "V",
                    "word_form": "bleiben",
                    "lemma": "bleiben",
                    "POS_STTS": "VVFIN",
                    "index": "8",
                    "dep_rel": "cj",
                    "head_index": "6",
                    "parser_morph_features": "3|Pl|Pres|_"
                }
            }
        },
        "POST_info": {},
        "TOK_info": {
            "TOK1": {
                "word_type": "N",
                "word_form": "Freundin",
                "lemma": "Freundin",
                "POS_STTS": "NN",
                "index": "14",
                "dep_rel": "obja",
                "head_index": "13",
                "parser_morph_features": "Fem|Acc|Sg",
                "possible_morph_features": []
            }
        },
        "relations": {}
    },
    {
        "file_ID": "1091_0000225",
        "sent_NP_ID": "2_8",
        "sentence": "Morgen ich fahre in Urlaub und Kätze bleiben in das Haus Ich habe Freundin , ich ihr bitte brauche meine Kätze für zwei wochen , und dann ich abholen zürük .",
        "metadata": {
            "corpus": "MERLIN_DE"
        },
        "NP_info": {
            "len_np": 2,
            "coordination": null
        },
        "HEAD_info": {
            "head": {
                "H_TOK1": {
                    "word_type": "V",
                    "word_form": "brauche",
                    "lemma": "brauchen",
                    "POS_STTS": "VVFIN",
                    "index": "19",
                    "dep_rel": "root",
                    "head_index": "0",
                    "parser_morph_features": "1|Sg|Pres|_"
                }
            },
            "super_head": {}
        },
        "POST_info": {},
        "TOK_info": {
            "TOK1": {
                "word_type": "ART",
                "word_form": "meine",
                "lemma": "meine",
                "POS_STTS": "PPOSAT",
                "index": "20",
                "dep_rel": "det",
                "head_index": "21",
                "parser_morph_features": "_|Acc|_",
                "possible_morph_features": []
            },
            "TOK2": {
                "word_type": "N",
                "word_form": "Kätze",
                "lemma": "Kätze",
                "POS_STTS": "NN",
                "index": "21",
                "dep_rel": "obja",
                "head_index": "19",
                "parser_morph_features": "_|Acc|_",
                "possible_morph_features": []
            }
        },
        "relations": {
            "rel_1": {
                "rel_type": "must_agree",
                "involved": [
                    "TOK2",
                    "TOK1"
                ],
                "ruler": "TOK2",
                "possible_agreement": null
            }
        }
    },
    {
        "file_ID": "1091_0000225",
        "sent_NP_ID": "2_9",
        "sentence": "Morgen ich fahre in Urlaub und Kätze bleiben in das Haus Ich habe Freundin , ich ihr bitte brauche meine Kätze für zwei wochen , und dann ich abholen zürük .",
        "metadata": {
            "corpus": "MERLIN_DE"
        },
        "NP_info": {
            "len_np": 2,
            "coordination": null
        },
        "HEAD_info": {
            "head": {
                "H_TOK1": {
                    "word_type": "PREP",
                    "word_form": "für",
                    "lemma": "für",
                    "POS_STTS": "APPR",
                    "index": "22",
                    "dep_rel": "pp",
                    "head_index": "19",
                    "parser_morph_features": "Acc"
                }
            },
            "super_head": {
                "SH_TOK1": {
                    "word_type": "V",
                    "word_form": "brauche",
                    "lemma": "brauchen",
                    "POS_STTS": "VVFIN",
                    "index": "19",
                    "dep_rel": "root",
                    "head_index": "0",
                    "parser_morph_features": "1|Sg|Pres|_"
                }
            }
        },
        "POST_info": {},
        "TOK_info": {
            "TOK1": {
                "word_type": "CARD",
                "word_form": "zwei",
                "lemma": "zwei",
                "POS_STTS": "CARD",
                "index": "23",
                "dep_rel": "attr",
                "head_index": "24",
                "parser_morph_features": "_",
                "possible_morph_features": []
            },
            "TOK2": {
                "word_type": "N",
                "word_form": "wochen",
                "lemma": "wochen",
                "POS_STTS": "NN",
                "index": "24",
                "dep_rel": "pn",
                "head_index": "22",
                "parser_morph_features": "_|Acc|Pl",
                "possible_morph_features": []
            }
        },
        "relations": {}
    },
    {
        "file_ID": "1091_0000225",
        "sent_NP_ID": "2_10",
        "sentence": "Morgen ich fahre in Urlaub und Kätze bleiben in das Haus Ich habe Freundin , ich ihr bitte brauche meine Kätze für zwei wochen , und dann ich abholen zürük .",
        "metadata": {
            "corpus": "MERLIN_DE"
        },
        "NP_info": {
            "len_np": 1,
            "coordination": null
        },
        "HEAD_info": {
            "head": {
                "H_TOK1": {
                    "word_type": "V",
                    "word_form": "abholen",
                    "lemma": "abholen",
                    "POS_STTS": "VVFIN",
                    "index": "29",
                    "dep_rel": "root",
                    "head_index": "0",
                    "parser_morph_features": "3|Pl|Pres|_"
                }
            },
            "super_head": {}
        },
        "POST_info": {},
        "TOK_info": {
            "TOK1": {
                "word_type": "N",
                "word_form": "zürük",
                "lemma": "zürük",
                "POS_STTS": "NE",
                "index": "30",
                "dep_rel": "subj",
                "head_index": "29",
                "parser_morph_features": "_|Nom|Pl",
                "possible_morph_features": []
            }
        },
        "relations": {}
    }
]