[
    {
        "file_ID": "1091_0000029",
        "sent_NP_ID": "1_1",
        "sentence": "Stadt X , 04.01.2012 Sehr geehrte Damen und Herren , ich suche eine Zweizimmerwohnung mit groß und hell Wohnzimmer und mit dem Balkon richtung nach Süd .",
        "metadata": {
            "corpus": "MERLIN_DE"
        },
        "NP_info": {
            "len_np": 1,
            "coordination": [
                "1_1",
                "1_2",
                "1_3",
                "1_4"
            ]
        },
        "HEAD_info": {
            "head": {
                "H_TOK1": {
                    "word_type": "V",
                    "word_form": "suche",
                    "lemma": "suchen",
                    "POS_STTS": "VVFIN",
                    "index": "12",
                    "dep_rel": "root",
                    "head_index": "0",
                    "parser_morph_features": "1|Sg|Pres|_"
                }
            },
            "super_head": {}
        },
        "POST_info": {
            "P_TOK1": {
                "word_type": "N",
                "word_form": "X",
                "lemma": "X",
                "POS_STTS": "NE",
                "index": "2",
                "dep_rel": "app",
                "head_index": "1",
                "parser_morph_features": "Fem|_|Pl"
            }
        },
        "TOK_info": {
            "TOK1": {
                "word_type": "N",
                "word_form": "Stadt",
                "lemma": "Stadt",
                "POS_STTS": "NN",
                "index": "1",
                "dep_rel": "vok",
                "head_index": "12",
                "parser_morph_features": "Fem|_|Sg",
                "possible_morph_features": []
            }
        },
        "relations": {}
    },
    {
        "file_ID": "1091_0000029",
        "sent_NP_ID": "1_2",
        "sentence": "Stadt X , 04.01.2012 Sehr geehrte Damen und Herren , ich suche eine Zweizimmerwohnung mit groß und hell Wohnzimmer und mit dem Balkon richtung nach Süd .",
        "metadata": {
            "corpus": "MERLIN_DE"
        },
        "NP_info": {
            "len_np": 1,
            "coordination": [
                "1_1",
                "1_2",
                "1_3",
                "1_4"
            ]
        },
        "HEAD_info": {
            "head": {
                "H_TOK1": {
                    "word_type": "N",
                    "word_form": "Stadt",
                    "lemma": "Stadt",
                    "POS_STTS": "NN",
                    "index": "1",
                    "dep_rel": "vok",
                    "head_index": "12",
                    "parser_morph_features": "Fem|_|Sg"
                }
            },
            "super_head": {
                "SH_TOK1": {
                    "word_type": "V",
                    "word_form": "suche",
                    "lemma": "suchen",
                    "POS_STTS": "VVFIN",
                    "index": "12",
                    "dep_rel": "root",
                    "head_index": "0",
                    "parser_morph_features": "1|Sg|Pres|_"
                }
            }
        },
        "POST_info": {},
        "TOK_info": {
            "TOK1": {
                "word_type": "N",
                "word_form": "X",
                "lemma": "X",
                "POS_STTS": "NE",
                "index": "2",
                "dep_rel": "app",
                "head_index": "1",
                "parser_morph_features": "Fem|_|Pl",
                "possible_morph_features": []
            }
        },
        "relations": {}
    },
    {
        "file_ID": "1091_0000029",
        "sent_NP_ID": "1_3",
        "sentence": "Stadt X , 04.01.2012 Sehr geehrte Damen und Herren , ich suche eine Zweizimmerwohnung mit groß und hell Wohnzimmer und mit dem Balkon richtung nach Süd .",
        "metadata": {
            "corpus": "MERLIN_DE"
        },
        "NP_info": {
            "len_np": 4,
            "coordination": [
                "1_1",
                "1_2",
                "1_3",
                "1_4"
            ]
        },
        "HEAD_info": {
            "head": {
                "H_TOK1": {
                    "word_type": "N",
                    "word_form": "X",
                    "lemma": "X",
                    "POS_STTS": "NE",
                    "index": "2",
                    "dep_rel": "app",
                    "head_index": "1",
                    "parser_morph_features": "Fem|_|Pl"
                }
            },
            "super_head": {
                "SH_TOK1": {
                    "word_type": "N",
                    "word_form": "Stadt",
                    "lemma": "Stadt",
                    "POS_STTS": "NN",
                    "index": "1",
                    "dep_rel": "vok",
                    "head_index": "12",
                    "parser_morph_features": "Fem|_|Sg"
                }
            }
        },
        "POST_info": {},
        "TOK_info": {
            "TOK1": {
                "word_type": "CARD",
                "word_form": "04.01.2012",
                "lemma": "04.01.2012",
                "POS_STTS": "CARD",
                "index": "4",
                "dep_rel": "attr",
                "head_index": "7",
                "parser_morph_features": "_",
                "possible_morph_features": []
            },
            "TOK2": {
                "word_type": "ADV",
                "word_form": "Sehr",
                "lemma": "sehr",
                "POS_STTS": "ADV",
                "index": "5",
                "dep_rel": "adv",
                "head_index": "6",
                "parser_morph_features": "_",
                "possible_morph_features": []
            },
            "TOK3": {
                "word_type": "ADJA",
                "word_form": "geehrte",
                "lemma": "geehrt",
                "POS_STTS": "ADJA",
                "index": "6",
                "dep_rel": "attr",
                "head_index": "7",
                "parser_morph_features": "Pos|Fem|_|Pl|St|",
                "possible_morph_features": []
            },
            "TOK4": {
                "word_type": "N",
                "word_form": "Damen",
                "lemma": "Dame",
                "POS_STTS": "NN",
                "index": "7",
                "dep_rel": "kon",
                "head_index": "2",
                "parser_morph_features": "Fem|_|Pl",
                "possible_morph_features": []
            }
        },
        "relations": {
            "rel_1": {
                "rel_type": "must_agree",
                "involved": [
                    "TOK4",
                    "TOK3"
                ],
                "ruler": "TOK4",
                "possible_agreement": null
            }
        }
    },
    {
        "file_ID": "1091_0000029",
        "sent_NP_ID": "1_4",
        "sentence": "Stadt X , 04.01.2012 Sehr geehrte Damen und Herren , ich suche eine Zweizimmerwohnung mit groß und hell Wohnzimmer und mit dem Balkon richtung nach Süd .",
        "metadata": {
            "corpus": "MERLIN_DE"
        },
        "NP_info": {
            "len_np": 1,
            "coordination": [
                "1_1",
                "1_2",
                "1_3",
                "1_4"
            ]
        },
        "HEAD_info": {
            "head": {
                "H_TOK1": {
                    "word_type": "KON",
                    "word_form": "und",
                    "lemma": "und",
                    "POS_STTS": "KON",
                    "index": "8",
                    "dep_rel": "kon",
                    "head_index": "7",
                    "parser_morph_features": "_"
                }
            },
            "super_head": {
                "SH_TOK1": {
                    "word_type": "N",
                    "word_form": "Damen",
                    "lemma": "Dame",
                    "POS_STTS": "NN",
                    "index": "7",
                    "dep_rel": "kon",
                    "head_index": "2",
                    "parser_morph_features": "Fem|_|Pl"
                }
            }
        },
        "POST_info": {},
        "TOK_info": {
            "TOK1": {
                "word_type": "N",
                "word_form": "Herren",
                "lemma": "Herr",
                "POS_STTS": "NN",
                "index": "9",
                "dep_rel": "cj",
                "head_index": "8",
                "parser_morph_features": "Masc|_|_",
                "possible_morph_features": []
            }
        },
        "relations": {}
    },
    {
        "file_ID": "1091_0000029",
        "sent_NP_ID": "1_5",
        "sentence": "Stadt X , 04.01.2012 Sehr geehrte Damen und Herren , ich suche eine Zweizimmerwohnung mit groß und hell Wohnzimmer und mit dem Balkon richtung nach Süd .",
        "metadata": {
            "corpus": "MERLIN_DE"
        },
        "NP_info": {
            "len_np": 2,
            "coordination": null
        },
        "HEAD_info": {
            "head": {
                "H_TOK1": {
                    "word_type": "V",
                    "word_form": "suche",
                    "lemma": "suchen",
                    "POS_STTS": "VVFIN",
                    "index": "12",
                    "dep_rel": "root",
                    "head_index": "0",
                    "parser_morph_features": "1|Sg|Pres|_"
                }
            },
            "super_head": {}
        },
        "POST_info": {},
        "TOK_info": {
            "TOK1": {
                "word_type": "ART",
                "word_form": "eine",
                "lemma": "eine",
                "POS_STTS": "ART",
                "index": "13",
                "dep_rel": "det",
                "head_index": "14",
                "parser_morph_features": "Indef|Fem|Acc|Sg",
                "possible_morph_features": []
            },
            "TOK2": {
                "word_type": "N",
                "word_form": "Zweizimmerwohnung",
                "lemma": "Zweizimmerwohnung",
                "POS_STTS": "NN",
                "index": "14",
                "dep_rel": "obja",
                "head_index": "12",
                "parser_morph_features": "Fem|Acc|Sg",
                "possible_morph_features": []
            }
        },
        "relations": {
            "rel_1": {
                "rel_type": "must_agree",
                "involved": [
                    "TOK2",
                    "TOK1"
                ],
                "ruler": "TOK2",
                "possible_agreement": null
            }
        }
    },
    {
        "file_ID": "1091_0000029",
        "sent_NP_ID": "1_6",
        "sentence": "Stadt X , 04.01.2012 Sehr geehrte Damen und Herren , ich suche eine Zweizimmerwohnung mit groß und hell Wohnzimmer und mit dem Balkon richtung nach Süd .",
        "metadata": {
            "corpus": "MERLIN_DE"
        },
        "NP_info": {
            "len_np": 2,
            "coordination": null
        },
        "HEAD_info": {
            "head": {
                "H_TOK1": {
                    "word_type": "PREP",
                    "word_form": "mit",
                    "lemma": "mit",
                    "POS_STTS": "APPR",
                    "index": "15",
                    "dep_rel": "pp",
                    "head_index": "12",
                    "parser_morph_features": "Dat"
                }
            },
            "super_head": {
                "SH_TOK1": {
                    "word_type": "V",
                    "word_form": "suche",
                    "lemma": "suchen",
                    "POS_STTS": "VVFIN",
                    "index": "12",
                    "dep_rel": "root",
                    "head_index": "0",
                    "parser_morph_features": "1|Sg|Pres|_"
                }
            }
        },
        "POST_info": {},
        "TOK_info": {
            "TOK1": {
                "word_type": "ADV",
                "word_form": "groß",
                "lemma": "groß",
                "POS_STTS": "ADJD",
                "index": "16",
                "dep_rel": "adv",
                "head_index": "19",
                "parser_morph_features": "Pos|",
                "possible_morph_features": []
            },
            "TOK2": {
                "word_type": "N",
                "word_form": "Wohnzimmer",
                "lemma": "Wohnzimmer",
                "POS_STTS": "NN",
                "index": "19",
                "dep_rel": "pn",
                "head_index": "15",
                "parser_morph_features": "Neut|Dat|Sg",
                "possible_morph_features": []
            }
        },
        "relations": {}
    },
    {
        "file_ID": "1091_0000029",
        "sent_NP_ID": "1_7",
        "sentence": "Stadt X , 04.01.2012 Sehr geehrte Damen und Herren , ich suche eine Zweizimmerwohnung mit groß und hell Wohnzimmer und mit dem Balkon richtung nach Süd .",
        "metadata": {
            "corpus": "MERLIN_DE"
        },
        "NP_info": {
            "len_np": 2,
            "coordination": null
        },
        "HEAD_info": {
            "head": {
                "H_TOK1": {
                    "word_type": "PREP",
                    "word_form": "mit",
                    "lemma": "mit",
                    "POS_STTS": "APPR",
                    "index": "21",
                    "dep_rel": "cj",
                    "head_index": "20",
                    "parser_morph_features": "Dat"
                }
            },
            "super_head": {
                "SH_TOK1": {
                    "word_type": "KON",
                    "word_form": "und",
                    "lemma": "und",
                    "POS_STTS": "KON",
                    "index": "20",
                    "dep_rel": "kon",
                    "head_index": "15",
                    "parser_morph_features": "_"
                }
            }
        },
        "POST_info": {
            "P_TOK1": {
                "word_type": "N",
                "word_form": "richtung",
                "lemma": "richtung",
                "POS_STTS": "NE",
                "index": "24",
                "dep_rel": "app",
                "head_index": "23",
                "parser_morph_features": "Masc|Dat|Sg"
            }
        },
        "TOK_info": {
            "TOK1": {
                "word_type": "ART",
                "word_form": "dem",
                "lemma": "die",
                "POS_STTS": "ART",
                "index": "22",
                "dep_rel": "det",
                "head_index": "23",
                "parser_morph_features": "Def|Masc|Dat|Sg",
                "possible_morph_features": []
            },
            "TOK2": {
                "word_type": "N",
                "word_form": "Balkon",
                "lemma": "Balkon",
                "POS_STTS": "NN",
                "index": "23",
                "dep_rel": "pn",
                "head_index": "21",
                "parser_morph_features": "Masc|Dat|Sg",
                "possible_morph_features": []
            }
        },
        "relations": {
            "rel_1": {
                "rel_type": "must_agree",
                "involved": [
                    "TOK2",
                    "TOK1"
                ],
                "ruler": "TOK2",
                "possible_agreement": null
            }
        }
    },
    {
        "file_ID": "1091_0000029",
        "sent_NP_ID": "1_8",
        "sentence": "Stadt X , 04.01.2012 Sehr geehrte Damen und Herren , ich suche eine Zweizimmerwohnung mit groß und hell Wohnzimmer und mit dem Balkon richtung nach Süd .",
        "metadata": {
            "corpus": "MERLIN_DE"
        },
        "NP_info": {
            "len_np": 1,
            "coordination": null
        },
        "HEAD_info": {
            "head": {
                "H_TOK1": {
                    "word_type": "N",
                    "word_form": "Balkon",
                    "lemma": "Balkon",
                    "POS_STTS": "NN",
                    "index": "23",
                    "dep_rel": "pn",
                    "head_index": "21",
                    "parser_morph_features": "Masc|Dat|Sg"
                }
            },
            "super_head": {
                "SH_TOK1": {
                    "word_type": "PREP",
                    "word_form": "mit",
                    "lemma": "mit",
                    "POS_STTS": "APPR",
                    "index": "21",
                    "dep_rel": "cj",
                    "head_index": "20",
                    "parser_morph_features": "Dat"
                }
            }
        },
        "POST_info": {},
        "TOK_info": {
            "TOK1": {
                "word_type": "N",
                "word_form": "richtung",
                "lemma": "richtung",
                "POS_STTS": "NE",
                "index": "24",
                "dep_rel": "app",
                "head_index": "23",
                "parser_morph_features": "Masc|Dat|Sg",
                "possible_morph_features": []
            }
        },
        "relations": {}
    },
    {
        "file_ID": "1091_0000029",
        "sent_NP_ID": "1_9",
        "sentence": "Stadt X , 04.01.2012 Sehr geehrte Damen und Herren , ich suche eine Zweizimmerwohnung mit groß und hell Wohnzimmer und mit dem Balkon richtung nach Süd .",
        "metadata": {
            "corpus": "MERLIN_DE"
        },
        "NP_info": {
            "len_np": 1,
            "coordination": null
        },
        "HEAD_info": {
            "head": {
                "H_TOK1": {
                    "word_type": "PREP",
                    "word_form": "nach",
                    "lemma": "nach",
                    "POS_STTS": "APPR",
                    "index": "25",
                    "dep_rel": "pp",
                    "head_index": "12",
                    "parser_morph_features": "Dat"
                }
            },
            "super_head": {
                "SH_TOK1": {
                    "word_type": "V",
                    "word_form": "suche",
                    "lemma": "suchen",
                    "POS_STTS": "VVFIN",
                    "index": "12",
                    "dep_rel": "root",
                    "head_index": "0",
                    "parser_morph_features": "1|Sg|Pres|_"
                }
            }
        },
        "POST_info": {},
        "TOK_info": {
            "TOK1": {
                "word_type": "N",
                "word_form": "Süd",
                "lemma": "Süd",
                "POS_STTS": "NN",
                "index": "26",
                "dep_rel": "pn",
                "head_index": "25",
                "parser_morph_features": "Masc|Dat|Sg",
                "possible_morph_features": []
            }
        },
        "relations": {}
    },
    {
        "file_ID": "1091_0000029",
        "sent_NP_ID": "2_10",
        "sentence": "Ich brauche Wohnung ab 60m ² mit schöner Küche und ein Bad und eine Gästetualette Ich danke Ihnen im voraus Mit freundlichen Grüßen Müller P.S : Kontakt Telefon 0345-11111111",
        "metadata": {
            "corpus": "MERLIN_DE"
        },
        "NP_info": {
            "len_np": 1,
            "coordination": null
        },
        "HEAD_info": {
            "head": {
                "H_TOK1": {
                    "word_type": "V",
                    "word_form": "brauche",
                    "lemma": "brauchen",
                    "POS_STTS": "VVFIN",
                    "index": "2",
                    "dep_rel": "root",
                    "head_index": "0",
                    "parser_morph_features": "1|Sg|Pres|_"
                }
            },
            "super_head": {}
        },
        "POST_info": {},
        "TOK_info": {
            "TOK1": {
                "word_type": "N",
                "word_form": "Wohnung",
                "lemma": "Wohnung",
                "POS_STTS": "NN",
                "index": "3",
                "dep_rel": "obja",
                "head_index": "2",
                "parser_morph_features": "Fem|Acc|Sg",
                "possible_morph_features": []
            }
        },
        "relations": {}
    },
    {
        "file_ID": "1091_0000029",
        "sent_NP_ID": "2_11",
        "sentence": "Ich brauche Wohnung ab 60m ² mit schöner Küche und ein Bad und eine Gästetualette Ich danke Ihnen im voraus Mit freundlichen Grüßen Müller P.S : Kontakt Telefon 0345-11111111",
        "metadata": {
            "corpus": "MERLIN_DE"
        },
        "NP_info": {
            "len_np": 2,
            "coordination": null
        },
        "HEAD_info": {
            "head": {
                "H_TOK1": {
                    "word_type": "PREP",
                    "word_form": "mit",
                    "lemma": "mit",
                    "POS_STTS": "APPR",
                    "index": "7",
                    "dep_rel": "pp",
                    "head_index": "6",
                    "parser_morph_features": "Dat"
                }
            },
            "super_head": {
                "SH_TOK1": {
                    "word_type": "FM",
                    "word_form": "²",
                    "lemma": "²",
                    "POS_STTS": "FM",
                    "index": "6",
                    "dep_rel": "app",
                    "head_index": "5",
                    "parser_morph_features": "Neut|_|Sg"
                }
            }
        },
        "POST_info": {},
        "TOK_info": {
            "TOK1": {
                "word_type": "ADJA",
                "word_form": "schöner",
                "lemma": "schön",
                "POS_STTS": "ADJA",
                "index": "8",
                "dep_rel": "attr",
                "head_index": "9",
                "parser_morph_features": "Pos|Fem|Dat|Sg|St|",
                "possible_morph_features": []
            },
            "TOK2": {
                "word_type": "N",
                "word_form": "Küche",
                "lemma": "Küche",
                "POS_STTS": "NN",
                "index": "9",
                "dep_rel": "pn",
                "head_index": "7",
                "parser_morph_features": "Fem|Dat|Sg",
                "possible_morph_features": []
            }
        },
        "relations": {
            "rel_1": {
                "rel_type": "must_agree",
                "involved": [
                    "TOK2",
                    "TOK1"
                ],
                "ruler": "TOK2",
                "possible_agreement": null
            }
        }
    },
    {
        "file_ID": "1091_0000029",
        "sent_NP_ID": "2_12",
        "sentence": "Ich brauche Wohnung ab 60m ² mit schöner Küche und ein Bad und eine Gästetualette Ich danke Ihnen im voraus Mit freundlichen Grüßen Müller P.S : Kontakt Telefon 0345-11111111",
        "metadata": {
            "corpus": "MERLIN_DE"
        },
        "NP_info": {
            "len_np": 2,
            "coordination": [
                "2_12",
                "2_13"
            ]
        },
        "HEAD_info": {
            "head": {
                "H_TOK1": {
                    "word_type": "KON",
                    "word_form": "und",
                    "lemma": "und",
                    "POS_STTS": "KON",
                    "index": "10",
                    "dep_rel": "kon",
                    "head_index": "6",
                    "parser_morph_features": "_"
                }
            },
            "super_head": {
                "SH_TOK1": {
                    "word_type": "FM",
                    "word_form": "²",
                    "lemma": "²",
                    "POS_STTS": "FM",
                    "index": "6",
                    "dep_rel": "app",
                    "head_index": "5",
                    "parser_morph_features": "Neut|_|Sg"
                }
            }
        },
        "POST_info": {},
        "TOK_info": {
            "TOK1": {
                "word_type": "ART",
                "word_form": "ein",
                "lemma": "eine",
                "POS_STTS": "ART",
                "index": "11",
                "dep_rel": "det",
                "head_index": "12",
                "parser_morph_features": "Indef|Neut|_|Sg",
                "possible_morph_features": []
            },
            "TOK2": {
                "word_type": "N",
                "word_form": "Bad",
                "lemma": "Bad",
                "POS_STTS": "NN",
                "index": "12",
                "dep_rel": "cj",
                "head_index": "10",
                "parser_morph_features": "Neut|_|Sg",
                "possible_morph_features": []
            }
        },
        "relations": {
            "rel_1": {
                "rel_type": "must_agree",
                "involved": [
                    "TOK2",
                    "TOK1"
                ],
                "ruler": "TOK2",
                "possible_agreement": null
            }
        }
    },
    {
        "file_ID": "1091_0000029",
        "sent_NP_ID": "2_13",
        "sentence": "Ich brauche Wohnung ab 60m ² mit schöner Küche und ein Bad und eine Gästetualette Ich danke Ihnen im voraus Mit freundlichen Grüßen Müller P.S : Kontakt Telefon 0345-11111111",
        "metadata": {
            "corpus": "MERLIN_DE"
        },
        "NP_info": {
            "len_np": 2,
            "coordination": [
                "2_12",
                "2_13"
            ]
        },
        "HEAD_info": {
            "head": {
                "H_TOK1": {
                    "word_type": "KON",
                    "word_form": "und",
                    "lemma": "und",
                    "POS_STTS": "KON",
                    "index": "13",
                    "dep_rel": "kon",
                    "head_index": "12",
                    "parser_morph_features": "_"
                }
            },
            "super_head": {
                "SH_TOK1": {
                    "word_type": "N",
                    "word_form": "Bad",
                    "lemma": "Bad",
                    "POS_STTS": "NN",
                    "index": "12",
                    "dep_rel": "cj",
                    "head_index": "10",
                    "parser_morph_features": "Neut|_|Sg"
                }
            }
        },
        "POST_info": {},
        "TOK_info": {
            "TOK1": {
                "word_type": "ART",
                "word_form": "eine",
                "lemma": "eine",
                "POS_STTS": "ART",
                "index": "14",
                "dep_rel": "det",
                "head_index": "15",
                "parser_morph_features": "Indef|Fem|_|Sg",
                "possible_morph_features": []
            },
            "TOK2": {
                "word_type": "N",
                "word_form": "Gästetualette",
                "lemma": "Gästetualette",
                "POS_STTS": "NN",
                "index": "15",
                "dep_rel": "cj",
                "head_index": "13",
                "parser_morph_features": "Fem|_|Sg",
                "possible_morph_features": []
            }
        },
        "relations": {
            "rel_1": {
                "rel_type": "must_agree",
                "involved": [
                    "TOK2",
                    "TOK1"
                ],
                "ruler": "TOK2",
                "possible_agreement": null
            }
        }
    },
    {
        "file_ID": "1091_0000029",
        "sent_NP_ID": "2_14",
        "sentence": "Ich brauche Wohnung ab 60m ² mit schöner Küche und ein Bad und eine Gästetualette Ich danke Ihnen im voraus Mit freundlichen Grüßen Müller P.S : Kontakt Telefon 0345-11111111",
        "metadata": {
            "corpus": "MERLIN_DE"
        },
        "NP_info": {
            "len_np": 2,
            "coordination": null
        },
        "HEAD_info": {
            "head": {
                "H_TOK1": {
                    "word_type": "PREP",
                    "word_form": "Mit",
                    "lemma": "mit",
                    "POS_STTS": "APPR",
                    "index": "21",
                    "dep_rel": "pp",
                    "head_index": "17",
                    "parser_morph_features": "Dat"
                }
            },
            "super_head": {
                "SH_TOK1": {
                    "word_type": "V",
                    "word_form": "danke",
                    "lemma": "danken",
                    "POS_STTS": "VVFIN",
                    "index": "17",
                    "dep_rel": "root",
                    "head_index": "0",
                    "parser_morph_features": "1|Sg|Pres|_"
                }
            }
        },
        "POST_info": {
            "P_TOK1": {
                "word_type": "N",
                "word_form": "Müller",
                "lemma": "Müller",
                "POS_STTS": "NE",
                "index": "24",
                "dep_rel": "app",
                "head_index": "23",
                "parser_morph_features": "_|Dat|_"
            }
        },
        "TOK_info": {
            "TOK1": {
                "word_type": "ADJA",
                "word_form": "freundlichen",
                "lemma": "freundlich",
                "POS_STTS": "ADJA",
                "index": "22",
                "dep_rel": "attr",
                "head_index": "23",
                "parser_morph_features": "Pos|_|Dat|_|_|",
                "possible_morph_features": []
            },
            "TOK2": {
                "word_type": "N",
                "word_form": "Grüßen",
                "lemma": "Gruß",
                "POS_STTS": "NN",
                "index": "23",
                "dep_rel": "pn",
                "head_index": "21",
                "parser_morph_features": "_|Dat|_",
                "possible_morph_features": []
            }
        },
        "relations": {
            "rel_1": {
                "rel_type": "must_agree",
                "involved": [
                    "TOK2",
                    "TOK1"
                ],
                "ruler": "TOK2",
                "possible_agreement": null
            }
        }
    },
    {
        "file_ID": "1091_0000029",
        "sent_NP_ID": "2_15",
        "sentence": "Ich brauche Wohnung ab 60m ² mit schöner Küche und ein Bad und eine Gästetualette Ich danke Ihnen im voraus Mit freundlichen Grüßen Müller P.S : Kontakt Telefon 0345-11111111",
        "metadata": {
            "corpus": "MERLIN_DE"
        },
        "NP_info": {
            "len_np": 1,
            "coordination": null
        },
        "HEAD_info": {
            "head": {
                "H_TOK1": {
                    "word_type": "N",
                    "word_form": "Grüßen",
                    "lemma": "Gruß",
                    "POS_STTS": "NN",
                    "index": "23",
                    "dep_rel": "pn",
                    "head_index": "21",
                    "parser_morph_features": "_|Dat|_"
                }
            },
            "super_head": {
                "SH_TOK1": {
                    "word_type": "PREP",
                    "word_form": "Mit",
                    "lemma": "mit",
                    "POS_STTS": "APPR",
                    "index": "21",
                    "dep_rel": "pp",
                    "head_index": "17",
                    "parser_morph_features": "Dat"
                }
            }
        },
        "POST_info": {
            "P_TOK1": {
                "word_type": "N",
                "word_form": "P.S",
                "lemma": "P.S",
                "POS_STTS": "NE",
                "index": "25",
                "dep_rel": "app",
                "head_index": "24",
                "parser_morph_features": "_|Dat|_"
            }
        },
        "TOK_info": {
            "TOK1": {
                "word_type": "N",
                "word_form": "Müller",
                "lemma": "Müller",
                "POS_STTS": "NE",
                "index": "24",
                "dep_rel": "app",
                "head_index": "23",
                "parser_morph_features": "_|Dat|_",
                "possible_morph_features": []
            }
        },
        "relations": {}
    },
    {
        "file_ID": "1091_0000029",
        "sent_NP_ID": "2_16",
        "sentence": "Ich brauche Wohnung ab 60m ² mit schöner Küche und ein Bad und eine Gästetualette Ich danke Ihnen im voraus Mit freundlichen Grüßen Müller P.S : Kontakt Telefon 0345-11111111",
        "metadata": {
            "corpus": "MERLIN_DE"
        },
        "NP_info": {
            "len_np": 1,
            "coordination": null
        },
        "HEAD_info": {
            "head": {
                "H_TOK1": {
                    "word_type": "N",
                    "word_form": "Müller",
                    "lemma": "Müller",
                    "POS_STTS": "NE",
                    "index": "24",
                    "dep_rel": "app",
                    "head_index": "23",
                    "parser_morph_features": "_|Dat|_"
                }
            },
            "super_head": {
                "SH_TOK1": {
                    "word_type": "N",
                    "word_form": "Grüßen",
                    "lemma": "Gruß",
                    "POS_STTS": "NN",
                    "index": "23",
                    "dep_rel": "pn",
                    "head_index": "21",
                    "parser_morph_features": "_|Dat|_"
                }
            }
        },
        "POST_info": {},
        "TOK_info": {
            "TOK1": {
                "word_type": "N",
                "word_form": "P.S",
                "lemma": "P.S",
                "POS_STTS": "NE",
                "index": "25",
                "dep_rel": "app",
                "head_index": "24",
                "parser_morph_features": "_|Dat|_",
                "possible_morph_features": []
            }
        },
        "relations": {}
    },
    {
        "file_ID": "1091_0000029",
        "sent_NP_ID": "2_17",
        "sentence": "Ich brauche Wohnung ab 60m ² mit schöner Küche und ein Bad und eine Gästetualette Ich danke Ihnen im voraus Mit freundlichen Grüßen Müller P.S : Kontakt Telefon 0345-11111111",
        "metadata": {
            "corpus": "MERLIN_DE"
        },
        "NP_info": {
            "len_np": 1,
            "coordination": null
        },
        "HEAD_info": {
            "head": {},
            "super_head": {}
        },
        "POST_info": {
            "P_TOK1": {
                "word_type": "N",
                "word_form": "Telefon",
                "lemma": "Telefon",
                "POS_STTS": "NN",
                "index": "28",
                "dep_rel": "app",
                "head_index": "27",
                "parser_morph_features": "_|_|_"
            }
        },
        "TOK_info": {
            "TOK1": {
                "word_type": "N",
                "word_form": "Kontakt",
                "lemma": "Kontakt",
                "POS_STTS": "NN",
                "index": "27",
                "dep_rel": "root",
                "head_index": "0",
                "parser_morph_features": "_|_|_",
                "possible_morph_features": []
            }
        },
        "relations": {}
    },
    {
        "file_ID": "1091_0000029",
        "sent_NP_ID": "2_18",
        "sentence": "Ich brauche Wohnung ab 60m ² mit schöner Küche und ein Bad und eine Gästetualette Ich danke Ihnen im voraus Mit freundlichen Grüßen Müller P.S : Kontakt Telefon 0345-11111111",
        "metadata": {
            "corpus": "MERLIN_DE"
        },
        "NP_info": {
            "len_np": 1,
            "coordination": null
        },
        "HEAD_info": {
            "head": {
                "H_TOK1": {
                    "word_type": "N",
                    "word_form": "Kontakt",
                    "lemma": "Kontakt",
                    "POS_STTS": "NN",
                    "index": "27",
                    "dep_rel": "root",
                    "head_index": "0",
                    "parser_morph_features": "_|_|_"
                }
            },
            "super_head": {}
        },
        "POST_info": {
            "P_TOK1": {
                "word_type": "N",
                "word_form": "0345-11111111",
                "lemma": "0345-11111111",
                "POS_STTS": "NE",
                "index": "29",
                "dep_rel": "app",
                "head_index": "28",
                "parser_morph_features": "_|_|_"
            }
        },
        "TOK_info": {
            "TOK1": {
                "word_type": "N",
                "word_form": "Telefon",
                "lemma": "Telefon",
                "POS_STTS": "NN",
                "index": "28",
                "dep_rel": "app",
                "head_index": "27",
                "parser_morph_features": "_|_|_",
                "possible_morph_features": []
            }
        },
        "relations": {}
    },
    {
        "file_ID": "1091_0000029",
        "sent_NP_ID": "2_19",
        "sentence": "Ich brauche Wohnung ab 60m ² mit schöner Küche und ein Bad und eine Gästetualette Ich danke Ihnen im voraus Mit freundlichen Grüßen Müller P.S : Kontakt Telefon 0345-11111111",
        "metadata": {
            "corpus": "MERLIN_DE"
        },
        "NP_info": {
            "len_np": 1,
            "coordination": null
        },
        "HEAD_info": {
            "head": {
                "H_TOK1": {
                    "word_type": "N",
                    "word_form": "Telefon",
                    "lemma": "Telefon",
                    "POS_STTS": "NN",
                    "index": "28",
                    "dep_rel": "app",
                    "head_index": "27",
                    "parser_morph_features": "_|_|_"
                }
            },
            "super_head": {
                "SH_TOK1": {
                    "word_type": "N",
                    "word_form": "Kontakt",
                    "lemma": "Kontakt",
                    "POS_STTS": "NN",
                    "index": "27",
                    "dep_rel": "root",
                    "head_index": "0",
                    "parser_morph_features": "_|_|_"
                }
            }
        },
        "POST_info": {},
        "TOK_info": {
            "TOK1": {
                "word_type": "N",
                "word_form": "0345-11111111",
                "lemma": "0345-11111111",
                "POS_STTS": "NE",
                "index": "29",
                "dep_rel": "app",
                "head_index": "28",
                "parser_morph_features": "_|_|_",
                "possible_morph_features": []
            }
        },
        "relations": {}
    }
]