[
    {
        "file_ID": "1091_0000028",
        "sent_NP_ID": "1_1",
        "sentence": "Stadt X , 04.01.2012 Sehr geehrte Damen und Herren , Ich suche eine Wonung , funf Zimmer 130 m ² , mit dem Balkon , mit dem Garage , Bis 1000 , - warm .",
        "metadata": {
            "corpus": "MERLIN_DE"
        },
        "NP_info": {
            "len_np": 1,
            "coordination": [
                "1_1",
                "1_2",
                "1_3",
                "1_4"
            ]
        },
        "HEAD_info": {
            "head": {
                "H_TOK1": {
                    "word_type": "V",
                    "word_form": "suche",
                    "lemma": "suchen",
                    "POS_STTS": "VVFIN",
                    "index": "12",
                    "dep_rel": "root",
                    "head_index": "0",
                    "parser_morph_features": "1|Sg|Pres|_"
                }
            },
            "super_head": {}
        },
        "POST_info": {
            "P_TOK1": {
                "word_type": "N",
                "word_form": "X",
                "lemma": "X",
                "POS_STTS": "NE",
                "index": "2",
                "dep_rel": "app",
                "head_index": "1",
                "parser_morph_features": "Fem|_|Pl"
            }
        },
        "TOK_info": {
            "TOK1": {
                "word_type": "N",
                "word_form": "Stadt",
                "lemma": "Stadt",
                "POS_STTS": "NN",
                "index": "1",
                "dep_rel": "vok",
                "head_index": "12",
                "parser_morph_features": "Fem|_|Sg",
                "possible_morph_features": []
            }
        },
        "relations": {}
    },
    {
        "file_ID": "1091_0000028",
        "sent_NP_ID": "1_2",
        "sentence": "Stadt X , 04.01.2012 Sehr geehrte Damen und Herren , Ich suche eine Wonung , funf Zimmer 130 m ² , mit dem Balkon , mit dem Garage , Bis 1000 , - warm .",
        "metadata": {
            "corpus": "MERLIN_DE"
        },
        "NP_info": {
            "len_np": 1,
            "coordination": [
                "1_1",
                "1_2",
                "1_3",
                "1_4"
            ]
        },
        "HEAD_info": {
            "head": {
                "H_TOK1": {
                    "word_type": "N",
                    "word_form": "Stadt",
                    "lemma": "Stadt",
                    "POS_STTS": "NN",
                    "index": "1",
                    "dep_rel": "vok",
                    "head_index": "12",
                    "parser_morph_features": "Fem|_|Sg"
                }
            },
            "super_head": {
                "SH_TOK1": {
                    "word_type": "V",
                    "word_form": "suche",
                    "lemma": "suchen",
                    "POS_STTS": "VVFIN",
                    "index": "12",
                    "dep_rel": "root",
                    "head_index": "0",
                    "parser_morph_features": "1|Sg|Pres|_"
                }
            }
        },
        "POST_info": {},
        "TOK_info": {
            "TOK1": {
                "word_type": "N",
                "word_form": "X",
                "lemma": "X",
                "POS_STTS": "NE",
                "index": "2",
                "dep_rel": "app",
                "head_index": "1",
                "parser_morph_features": "Fem|_|Pl",
                "possible_morph_features": []
            }
        },
        "relations": {}
    },
    {
        "file_ID": "1091_0000028",
        "sent_NP_ID": "1_3",
        "sentence": "Stadt X , 04.01.2012 Sehr geehrte Damen und Herren , Ich suche eine Wonung , funf Zimmer 130 m ² , mit dem Balkon , mit dem Garage , Bis 1000 , - warm .",
        "metadata": {
            "corpus": "MERLIN_DE"
        },
        "NP_info": {
            "len_np": 4,
            "coordination": [
                "1_1",
                "1_2",
                "1_3",
                "1_4"
            ]
        },
        "HEAD_info": {
            "head": {
                "H_TOK1": {
                    "word_type": "N",
                    "word_form": "X",
                    "lemma": "X",
                    "POS_STTS": "NE",
                    "index": "2",
                    "dep_rel": "app",
                    "head_index": "1",
                    "parser_morph_features": "Fem|_|Pl"
                }
            },
            "super_head": {
                "SH_TOK1": {
                    "word_type": "N",
                    "word_form": "Stadt",
                    "lemma": "Stadt",
                    "POS_STTS": "NN",
                    "index": "1",
                    "dep_rel": "vok",
                    "head_index": "12",
                    "parser_morph_features": "Fem|_|Sg"
                }
            }
        },
        "POST_info": {},
        "TOK_info": {
            "TOK1": {
                "word_type": "CARD",
                "word_form": "04.01.2012",
                "lemma": "04.01.2012",
                "POS_STTS": "CARD",
                "index": "4",
                "dep_rel": "attr",
                "head_index": "7",
                "parser_morph_features": "_",
                "possible_morph_features": []
            },
            "TOK2": {
                "word_type": "ADV",
                "word_form": "Sehr",
                "lemma": "sehr",
                "POS_STTS": "ADV",
                "index": "5",
                "dep_rel": "adv",
                "head_index": "6",
                "parser_morph_features": "_",
                "possible_morph_features": []
            },
            "TOK3": {
                "word_type": "ADJA",
                "word_form": "geehrte",
                "lemma": "geehrt",
                "POS_STTS": "ADJA",
                "index": "6",
                "dep_rel": "attr",
                "head_index": "7",
                "parser_morph_features": "Pos|Fem|_|Pl|St|",
                "possible_morph_features": []
            },
            "TOK4": {
                "word_type": "N",
                "word_form": "Damen",
                "lemma": "Dame",
                "POS_STTS": "NN",
                "index": "7",
                "dep_rel": "kon",
                "head_index": "2",
                "parser_morph_features": "Fem|_|Pl",
                "possible_morph_features": []
            }
        },
        "relations": {
            "rel_1": {
                "rel_type": "must_agree",
                "involved": [
                    "TOK4",
                    "TOK3"
                ],
                "ruler": "TOK4",
                "possible_agreement": null
            }
        }
    },
    {
        "file_ID": "1091_0000028",
        "sent_NP_ID": "1_4",
        "sentence": "Stadt X , 04.01.2012 Sehr geehrte Damen und Herren , Ich suche eine Wonung , funf Zimmer 130 m ² , mit dem Balkon , mit dem Garage , Bis 1000 , - warm .",
        "metadata": {
            "corpus": "MERLIN_DE"
        },
        "NP_info": {
            "len_np": 1,
            "coordination": [
                "1_1",
                "1_2",
                "1_3",
                "1_4"
            ]
        },
        "HEAD_info": {
            "head": {
                "H_TOK1": {
                    "word_type": "KON",
                    "word_form": "und",
                    "lemma": "und",
                    "POS_STTS": "KON",
                    "index": "8",
                    "dep_rel": "kon",
                    "head_index": "7",
                    "parser_morph_features": "_"
                }
            },
            "super_head": {
                "SH_TOK1": {
                    "word_type": "N",
                    "word_form": "Damen",
                    "lemma": "Dame",
                    "POS_STTS": "NN",
                    "index": "7",
                    "dep_rel": "kon",
                    "head_index": "2",
                    "parser_morph_features": "Fem|_|Pl"
                }
            }
        },
        "POST_info": {},
        "TOK_info": {
            "TOK1": {
                "word_type": "N",
                "word_form": "Herren",
                "lemma": "Herr",
                "POS_STTS": "NN",
                "index": "9",
                "dep_rel": "cj",
                "head_index": "8",
                "parser_morph_features": "Masc|_|_",
                "possible_morph_features": []
            }
        },
        "relations": {}
    },
    {
        "file_ID": "1091_0000028",
        "sent_NP_ID": "1_5",
        "sentence": "Stadt X , 04.01.2012 Sehr geehrte Damen und Herren , Ich suche eine Wonung , funf Zimmer 130 m ² , mit dem Balkon , mit dem Garage , Bis 1000 , - warm .",
        "metadata": {
            "corpus": "MERLIN_DE"
        },
        "NP_info": {
            "len_np": 2,
            "coordination": null
        },
        "HEAD_info": {
            "head": {
                "H_TOK1": {
                    "word_type": "V",
                    "word_form": "suche",
                    "lemma": "suchen",
                    "POS_STTS": "VVFIN",
                    "index": "12",
                    "dep_rel": "root",
                    "head_index": "0",
                    "parser_morph_features": "1|Sg|Pres|_"
                }
            },
            "super_head": {}
        },
        "POST_info": {
            "P_TOK1": {
                "word_type": "N",
                "word_form": "Zimmer",
                "lemma": "Zimmer",
                "POS_STTS": "NN",
                "index": "17",
                "dep_rel": "app",
                "head_index": "14",
                "parser_morph_features": "Neut|Acc|_"
            }
        },
        "TOK_info": {
            "TOK1": {
                "word_type": "ART",
                "word_form": "eine",
                "lemma": "eine",
                "POS_STTS": "ART",
                "index": "13",
                "dep_rel": "det",
                "head_index": "14",
                "parser_morph_features": "Indef|Fem|Acc|Sg",
                "possible_morph_features": []
            },
            "TOK2": {
                "word_type": "N",
                "word_form": "Wonung",
                "lemma": "Wonung",
                "POS_STTS": "NN",
                "index": "14",
                "dep_rel": "obja",
                "head_index": "12",
                "parser_morph_features": "Fem|Acc|Sg",
                "possible_morph_features": []
            }
        },
        "relations": {
            "rel_1": {
                "rel_type": "must_agree",
                "involved": [
                    "TOK2",
                    "TOK1"
                ],
                "ruler": "TOK2",
                "possible_agreement": null
            }
        }
    },
    {
        "file_ID": "1091_0000028",
        "sent_NP_ID": "1_6",
        "sentence": "Stadt X , 04.01.2012 Sehr geehrte Damen und Herren , Ich suche eine Wonung , funf Zimmer 130 m ² , mit dem Balkon , mit dem Garage , Bis 1000 , - warm .",
        "metadata": {
            "corpus": "MERLIN_DE"
        },
        "NP_info": {
            "len_np": 2,
            "coordination": null
        },
        "HEAD_info": {
            "head": {
                "H_TOK1": {
                    "word_type": "N",
                    "word_form": "Wonung",
                    "lemma": "Wonung",
                    "POS_STTS": "NN",
                    "index": "14",
                    "dep_rel": "obja",
                    "head_index": "12",
                    "parser_morph_features": "Fem|Acc|Sg"
                }
            },
            "super_head": {
                "SH_TOK1": {
                    "word_type": "V",
                    "word_form": "suche",
                    "lemma": "suchen",
                    "POS_STTS": "VVFIN",
                    "index": "12",
                    "dep_rel": "root",
                    "head_index": "0",
                    "parser_morph_features": "1|Sg|Pres|_"
                }
            }
        },
        "POST_info": {
            "P_TOK1": {
                "word_type": "N",
                "word_form": "m",
                "lemma": "m",
                "POS_STTS": "NN",
                "index": "19",
                "dep_rel": "gmod",
                "head_index": "17",
                "parser_morph_features": "_|Gen|Pl"
            }
        },
        "TOK_info": {
            "TOK1": {
                "word_type": "ADJA",
                "word_form": "funf",
                "lemma": "funf",
                "POS_STTS": "ADJA",
                "index": "16",
                "dep_rel": "attr",
                "head_index": "17",
                "parser_morph_features": "_|Neut|Acc|_|_",
                "possible_morph_features": []
            },
            "TOK2": {
                "word_type": "N",
                "word_form": "Zimmer",
                "lemma": "Zimmer",
                "POS_STTS": "NN",
                "index": "17",
                "dep_rel": "app",
                "head_index": "14",
                "parser_morph_features": "Neut|Acc|_",
                "possible_morph_features": []
            }
        },
        "relations": {
            "rel_1": {
                "rel_type": "must_agree",
                "involved": [
                    "TOK2",
                    "TOK1"
                ],
                "ruler": "TOK2",
                "possible_agreement": null
            }
        }
    },
    {
        "file_ID": "1091_0000028",
        "sent_NP_ID": "1_7",
        "sentence": "Stadt X , 04.01.2012 Sehr geehrte Damen und Herren , Ich suche eine Wonung , funf Zimmer 130 m ² , mit dem Balkon , mit dem Garage , Bis 1000 , - warm .",
        "metadata": {
            "corpus": "MERLIN_DE"
        },
        "NP_info": {
            "len_np": 2,
            "coordination": null
        },
        "HEAD_info": {
            "head": {
                "H_TOK1": {
                    "word_type": "N",
                    "word_form": "Zimmer",
                    "lemma": "Zimmer",
                    "POS_STTS": "NN",
                    "index": "17",
                    "dep_rel": "app",
                    "head_index": "14",
                    "parser_morph_features": "Neut|Acc|_"
                }
            },
            "super_head": {
                "SH_TOK1": {
                    "word_type": "N",
                    "word_form": "Wonung",
                    "lemma": "Wonung",
                    "POS_STTS": "NN",
                    "index": "14",
                    "dep_rel": "obja",
                    "head_index": "12",
                    "parser_morph_features": "Fem|Acc|Sg"
                }
            }
        },
        "POST_info": {
            "P_TOK1": {
                "word_type": "N",
                "word_form": "²",
                "lemma": "²",
                "POS_STTS": "NE",
                "index": "20",
                "dep_rel": "app",
                "head_index": "19",
                "parser_morph_features": "_|Gen|Pl"
            }
        },
        "TOK_info": {
            "TOK1": {
                "word_type": "CARD",
                "word_form": "130",
                "lemma": "130",
                "POS_STTS": "CARD",
                "index": "18",
                "dep_rel": "attr",
                "head_index": "19",
                "parser_morph_features": "_",
                "possible_morph_features": []
            },
            "TOK2": {
                "word_type": "N",
                "word_form": "m",
                "lemma": "m",
                "POS_STTS": "NN",
                "index": "19",
                "dep_rel": "gmod",
                "head_index": "17",
                "parser_morph_features": "_|Gen|Pl",
                "possible_morph_features": []
            }
        },
        "relations": {}
    },
    {
        "file_ID": "1091_0000028",
        "sent_NP_ID": "1_8",
        "sentence": "Stadt X , 04.01.2012 Sehr geehrte Damen und Herren , Ich suche eine Wonung , funf Zimmer 130 m ² , mit dem Balkon , mit dem Garage , Bis 1000 , - warm .",
        "metadata": {
            "corpus": "MERLIN_DE"
        },
        "NP_info": {
            "len_np": 1,
            "coordination": null
        },
        "HEAD_info": {
            "head": {
                "H_TOK1": {
                    "word_type": "N",
                    "word_form": "m",
                    "lemma": "m",
                    "POS_STTS": "NN",
                    "index": "19",
                    "dep_rel": "gmod",
                    "head_index": "17",
                    "parser_morph_features": "_|Gen|Pl"
                }
            },
            "super_head": {
                "SH_TOK1": {
                    "word_type": "N",
                    "word_form": "Zimmer",
                    "lemma": "Zimmer",
                    "POS_STTS": "NN",
                    "index": "17",
                    "dep_rel": "app",
                    "head_index": "14",
                    "parser_morph_features": "Neut|Acc|_"
                }
            }
        },
        "POST_info": {},
        "TOK_info": {
            "TOK1": {
                "word_type": "N",
                "word_form": "²",
                "lemma": "²",
                "POS_STTS": "NE",
                "index": "20",
                "dep_rel": "app",
                "head_index": "19",
                "parser_morph_features": "_|Gen|Pl",
                "possible_morph_features": []
            }
        },
        "relations": {}
    },
    {
        "file_ID": "1091_0000028",
        "sent_NP_ID": "1_9",
        "sentence": "Stadt X , 04.01.2012 Sehr geehrte Damen und Herren , Ich suche eine Wonung , funf Zimmer 130 m ² , mit dem Balkon , mit dem Garage , Bis 1000 , - warm .",
        "metadata": {
            "corpus": "MERLIN_DE"
        },
        "NP_info": {
            "len_np": 2,
            "coordination": null
        },
        "HEAD_info": {
            "head": {
                "H_TOK1": {
                    "word_type": "PREP",
                    "word_form": "mit",
                    "lemma": "mit",
                    "POS_STTS": "APPR",
                    "index": "22",
                    "dep_rel": "pp",
                    "head_index": "12",
                    "parser_morph_features": "Dat"
                }
            },
            "super_head": {
                "SH_TOK1": {
                    "word_type": "V",
                    "word_form": "suche",
                    "lemma": "suchen",
                    "POS_STTS": "VVFIN",
                    "index": "12",
                    "dep_rel": "root",
                    "head_index": "0",
                    "parser_morph_features": "1|Sg|Pres|_"
                }
            }
        },
        "POST_info": {},
        "TOK_info": {
            "TOK1": {
                "word_type": "ART",
                "word_form": "dem",
                "lemma": "die",
                "POS_STTS": "ART",
                "index": "23",
                "dep_rel": "det",
                "head_index": "24",
                "parser_morph_features": "Def|Masc|Dat|Sg",
                "possible_morph_features": []
            },
            "TOK2": {
                "word_type": "N",
                "word_form": "Balkon",
                "lemma": "Balkon",
                "POS_STTS": "NN",
                "index": "24",
                "dep_rel": "pn",
                "head_index": "22",
                "parser_morph_features": "Masc|Dat|Sg",
                "possible_morph_features": []
            }
        },
        "relations": {
            "rel_1": {
                "rel_type": "must_agree",
                "involved": [
                    "TOK2",
                    "TOK1"
                ],
                "ruler": "TOK2",
                "possible_agreement": null
            }
        }
    },
    {
        "file_ID": "1091_0000028",
        "sent_NP_ID": "1_10",
        "sentence": "Stadt X , 04.01.2012 Sehr geehrte Damen und Herren , Ich suche eine Wonung , funf Zimmer 130 m ² , mit dem Balkon , mit dem Garage , Bis 1000 , - warm .",
        "metadata": {
            "corpus": "MERLIN_DE"
        },
        "NP_info": {
            "len_np": 2,
            "coordination": null
        },
        "HEAD_info": {
            "head": {
                "H_TOK1": {
                    "word_type": "PREP",
                    "word_form": "mit",
                    "lemma": "mit",
                    "POS_STTS": "APPR",
                    "index": "26",
                    "dep_rel": "kon",
                    "head_index": "22",
                    "parser_morph_features": "Dat"
                }
            },
            "super_head": {
                "SH_TOK1": {
                    "word_type": "PREP",
                    "word_form": "mit",
                    "lemma": "mit",
                    "POS_STTS": "APPR",
                    "index": "22",
                    "dep_rel": "pp",
                    "head_index": "12",
                    "parser_morph_features": "Dat"
                }
            }
        },
        "POST_info": {},
        "TOK_info": {
            "TOK1": {
                "word_type": "ART",
                "word_form": "dem",
                "lemma": "die",
                "POS_STTS": "ART",
                "index": "27",
                "dep_rel": "det",
                "head_index": "28",
                "parser_morph_features": "Def|_|Dat|Sg",
                "possible_morph_features": []
            },
            "TOK2": {
                "word_type": "N",
                "word_form": "Garage",
                "lemma": "Garage",
                "POS_STTS": "NN",
                "index": "28",
                "dep_rel": "pn",
                "head_index": "26",
                "parser_morph_features": "_|Dat|Sg",
                "possible_morph_features": []
            }
        },
        "relations": {
            "rel_1": {
                "rel_type": "must_agree",
                "involved": [
                    "TOK2",
                    "TOK1"
                ],
                "ruler": "TOK2",
                "possible_agreement": null
            }
        }
    },
    {
        "file_ID": "1091_0000028",
        "sent_NP_ID": "2_11",
        "sentence": "Ich dante Ihnen im varaus mit freundlichen Grüßen",
        "metadata": {
            "corpus": "MERLIN_DE"
        },
        "NP_info": {
            "len_np": 1,
            "coordination": null
        },
        "HEAD_info": {
            "head": {
                "H_TOK1": {
                    "word_type": "PREP",
                    "word_form": "im",
                    "lemma": "in",
                    "POS_STTS": "APPRART",
                    "index": "4",
                    "dep_rel": "pp",
                    "head_index": "2",
                    "parser_morph_features": "Dat"
                }
            },
            "super_head": {
                "SH_TOK1": {
                    "word_type": "V",
                    "word_form": "dante",
                    "lemma": "dante",
                    "POS_STTS": "VVFIN",
                    "index": "2",
                    "dep_rel": "root",
                    "head_index": "0",
                    "parser_morph_features": "1|Sg|_|_"
                }
            }
        },
        "POST_info": {},
        "TOK_info": {
            "TOK1": {
                "word_type": "N",
                "word_form": "varaus",
                "lemma": "varaus",
                "POS_STTS": "NN",
                "index": "5",
                "dep_rel": "pn",
                "head_index": "4",
                "parser_morph_features": "_|Dat|_",
                "possible_morph_features": []
            }
        },
        "relations": {
            "rel_1": {
                "rel_type": "must_agree",
                "involved": [
                    "TOK1",
                    "H_TOK1"
                ],
                "ruler": "TOK1",
                "possible_agreement": null
            }
        }
    },
    {
        "file_ID": "1091_0000028",
        "sent_NP_ID": "2_12",
        "sentence": "Ich dante Ihnen im varaus mit freundlichen Grüßen",
        "metadata": {
            "corpus": "MERLIN_DE"
        },
        "NP_info": {
            "len_np": 2,
            "coordination": null
        },
        "HEAD_info": {
            "head": {
                "H_TOK1": {
                    "word_type": "PREP",
                    "word_form": "mit",
                    "lemma": "mit",
                    "POS_STTS": "APPR",
                    "index": "6",
                    "dep_rel": "pp",
                    "head_index": "2",
                    "parser_morph_features": "Dat"
                }
            },
            "super_head": {
                "SH_TOK1": {
                    "word_type": "V",
                    "word_form": "dante",
                    "lemma": "dante",
                    "POS_STTS": "VVFIN",
                    "index": "2",
                    "dep_rel": "root",
                    "head_index": "0",
                    "parser_morph_features": "1|Sg|_|_"
                }
            }
        },
        "POST_info": {},
        "TOK_info": {
            "TOK1": {
                "word_type": "ADJA",
                "word_form": "freundlichen",
                "lemma": "freundlich",
                "POS_STTS": "ADJA",
                "index": "7",
                "dep_rel": "attr",
                "head_index": "8",
                "parser_morph_features": "Pos|_|Dat|_|_|",
                "possible_morph_features": []
            },
            "TOK2": {
                "word_type": "N",
                "word_form": "Grüßen",
                "lemma": "Gruß",
                "POS_STTS": "NN",
                "index": "8",
                "dep_rel": "pn",
                "head_index": "6",
                "parser_morph_features": "_|Dat|_",
                "possible_morph_features": []
            }
        },
        "relations": {
            "rel_1": {
                "rel_type": "must_agree",
                "involved": [
                    "TOK2",
                    "TOK1"
                ],
                "ruler": "TOK2",
                "possible_agreement": null
            }
        }
    }
]