[
    {
        "file_ID": "1091_0000087",
        "sent_NP_ID": "1_1",
        "sentence": "Stadt X , 09,01,2012 Liebe Julia : Wie geht es dir ?",
        "metadata": {
            "corpus": "MERLIN_DE"
        },
        "NP_info": {
            "len_np": 1,
            "coordination": null
        },
        "HEAD_info": {
            "head": {},
            "super_head": {}
        },
        "POST_info": {
            "P_TOK1": {
                "word_type": "N",
                "word_form": "X",
                "lemma": "X",
                "POS_STTS": "NE",
                "index": "2",
                "dep_rel": "app",
                "head_index": "1",
                "parser_morph_features": "_|_|Pl"
            }
        },
        "TOK_info": {
            "TOK1": {
                "word_type": "N",
                "word_form": "Stadt",
                "lemma": "Stadt",
                "POS_STTS": "NN",
                "index": "1",
                "dep_rel": "root",
                "head_index": "0",
                "parser_morph_features": "Fem|_|Sg",
                "possible_morph_features": []
            }
        },
        "relations": {}
    },
    {
        "file_ID": "1091_0000087",
        "sent_NP_ID": "1_2",
        "sentence": "Stadt X , 09,01,2012 Liebe Julia : Wie geht es dir ?",
        "metadata": {
            "corpus": "MERLIN_DE"
        },
        "NP_info": {
            "len_np": 1,
            "coordination": null
        },
        "HEAD_info": {
            "head": {
                "H_TOK1": {
                    "word_type": "N",
                    "word_form": "Stadt",
                    "lemma": "Stadt",
                    "POS_STTS": "NN",
                    "index": "1",
                    "dep_rel": "root",
                    "head_index": "0",
                    "parser_morph_features": "Fem|_|Sg"
                }
            },
            "super_head": {}
        },
        "POST_info": {
            "P_TOK1": {
                "word_type": "N",
                "word_form": "Liebe",
                "lemma": "Liebe",
                "POS_STTS": "NN",
                "index": "5",
                "dep_rel": "app",
                "head_index": "2",
                "parser_morph_features": "_|_|Pl"
            }
        },
        "TOK_info": {
            "TOK1": {
                "word_type": "N",
                "word_form": "X",
                "lemma": "X",
                "POS_STTS": "NE",
                "index": "2",
                "dep_rel": "app",
                "head_index": "1",
                "parser_morph_features": "_|_|Pl",
                "possible_morph_features": []
            }
        },
        "relations": {}
    },
    {
        "file_ID": "1091_0000087",
        "sent_NP_ID": "1_3",
        "sentence": "Stadt X , 09,01,2012 Liebe Julia : Wie geht es dir ?",
        "metadata": {
            "corpus": "MERLIN_DE"
        },
        "NP_info": {
            "len_np": 2,
            "coordination": null
        },
        "HEAD_info": {
            "head": {
                "H_TOK1": {
                    "word_type": "N",
                    "word_form": "X",
                    "lemma": "X",
                    "POS_STTS": "NE",
                    "index": "2",
                    "dep_rel": "app",
                    "head_index": "1",
                    "parser_morph_features": "_|_|Pl"
                }
            },
            "super_head": {
                "SH_TOK1": {
                    "word_type": "N",
                    "word_form": "Stadt",
                    "lemma": "Stadt",
                    "POS_STTS": "NN",
                    "index": "1",
                    "dep_rel": "root",
                    "head_index": "0",
                    "parser_morph_features": "Fem|_|Sg"
                }
            }
        },
        "POST_info": {
            "P_TOK1": {
                "word_type": "N",
                "word_form": "Julia",
                "lemma": "Julia",
                "POS_STTS": "NE",
                "index": "6",
                "dep_rel": "app",
                "head_index": "5",
                "parser_morph_features": "Fem|_|Sg"
            }
        },
        "TOK_info": {
            "TOK1": {
                "word_type": "CARD",
                "word_form": "09,01,2012",
                "lemma": "09,01,2012",
                "POS_STTS": "CARD",
                "index": "4",
                "dep_rel": "attr",
                "head_index": "5",
                "parser_morph_features": "_",
                "possible_morph_features": []
            },
            "TOK2": {
                "word_type": "N",
                "word_form": "Liebe",
                "lemma": "Liebe",
                "POS_STTS": "NN",
                "index": "5",
                "dep_rel": "app",
                "head_index": "2",
                "parser_morph_features": "_|_|Pl",
                "possible_morph_features": []
            }
        },
        "relations": {}
    },
    {
        "file_ID": "1091_0000087",
        "sent_NP_ID": "1_4",
        "sentence": "Stadt X , 09,01,2012 Liebe Julia : Wie geht es dir ?",
        "metadata": {
            "corpus": "MERLIN_DE"
        },
        "NP_info": {
            "len_np": 1,
            "coordination": null
        },
        "HEAD_info": {
            "head": {
                "H_TOK1": {
                    "word_type": "N",
                    "word_form": "Liebe",
                    "lemma": "Liebe",
                    "POS_STTS": "NN",
                    "index": "5",
                    "dep_rel": "app",
                    "head_index": "2",
                    "parser_morph_features": "_|_|Pl"
                }
            },
            "super_head": {
                "SH_TOK1": {
                    "word_type": "N",
                    "word_form": "X",
                    "lemma": "X",
                    "POS_STTS": "NE",
                    "index": "2",
                    "dep_rel": "app",
                    "head_index": "1",
                    "parser_morph_features": "_|_|Pl"
                }
            }
        },
        "POST_info": {},
        "TOK_info": {
            "TOK1": {
                "word_type": "N",
                "word_form": "Julia",
                "lemma": "Julia",
                "POS_STTS": "NE",
                "index": "6",
                "dep_rel": "app",
                "head_index": "5",
                "parser_morph_features": "Fem|_|Sg",
                "possible_morph_features": []
            }
        },
        "relations": {}
    },
    {
        "file_ID": "1091_0000087",
        "sent_NP_ID": "2_5",
        "sentence": "Ich habe lange nicht gehört dein Informationenn .",
        "metadata": {
            "corpus": "MERLIN_DE"
        },
        "NP_info": {
            "len_np": 2,
            "coordination": null
        },
        "HEAD_info": {
            "head": {},
            "super_head": {}
        },
        "POST_info": {},
        "TOK_info": {
            "TOK1": {
                "word_type": "ART",
                "word_form": "dein",
                "lemma": "deine",
                "POS_STTS": "PPOSAT",
                "index": "6",
                "dep_rel": "det",
                "head_index": "7",
                "parser_morph_features": "_|_|Sg",
                "possible_morph_features": []
            },
            "TOK2": {
                "word_type": "N",
                "word_form": "Informationenn",
                "lemma": "Informationenn",
                "POS_STTS": "NN",
                "index": "7",
                "dep_rel": "root",
                "head_index": "0",
                "parser_morph_features": "_|_|Sg",
                "possible_morph_features": []
            }
        },
        "relations": {
            "rel_1": {
                "rel_type": "must_agree",
                "involved": [
                    "TOK2",
                    "TOK1"
                ],
                "ruler": "TOK2",
                "possible_agreement": null
            }
        }
    },
    {
        "file_ID": "1091_0000087",
        "sent_NP_ID": "3_6",
        "sentence": "Diese Wochenende , ich wollte nach Stadt Y fahren mit dem Zug , ich habe ein Nacht in ein Hotel reserviert aber ich kann nicht , weill ich habe ein Wichtig Termin mit mein Schef in der Tag die mein reise , ich wollte dich fragen ob die Fahrkarte haben möchte und in mein platz fahren ?",
        "metadata": {
            "corpus": "MERLIN_DE"
        },
        "NP_info": {
            "len_np": 2,
            "coordination": null
        },
        "HEAD_info": {
            "head": {},
            "super_head": {}
        },
        "POST_info": {},
        "TOK_info": {
            "TOK1": {
                "word_type": "ART",
                "word_form": "Diese",
                "lemma": "diese",
                "POS_STTS": "PDAT",
                "index": "1",
                "dep_rel": "det",
                "head_index": "2",
                "parser_morph_features": "_|_|_",
                "possible_morph_features": []
            },
            "TOK2": {
                "word_type": "N",
                "word_form": "Wochenende",
                "lemma": "Wochenende",
                "POS_STTS": "NN",
                "index": "2",
                "dep_rel": "root",
                "head_index": "0",
                "parser_morph_features": "_|_|_",
                "possible_morph_features": []
            }
        },
        "relations": {
            "rel_1": {
                "rel_type": "must_agree",
                "involved": [
                    "TOK2",
                    "TOK1"
                ],
                "ruler": "TOK2",
                "possible_agreement": null
            }
        }
    },
    {
        "file_ID": "1091_0000087",
        "sent_NP_ID": "3_7",
        "sentence": "Diese Wochenende , ich wollte nach Stadt Y fahren mit dem Zug , ich habe ein Nacht in ein Hotel reserviert aber ich kann nicht , weill ich habe ein Wichtig Termin mit mein Schef in der Tag die mein reise , ich wollte dich fragen ob die Fahrkarte haben möchte und in mein platz fahren ?",
        "metadata": {
            "corpus": "MERLIN_DE"
        },
        "NP_info": {
            "len_np": 1,
            "coordination": null
        },
        "HEAD_info": {
            "head": {
                "H_TOK1": {
                    "word_type": "PREP",
                    "word_form": "nach",
                    "lemma": "nach",
                    "POS_STTS": "APPR",
                    "index": "6",
                    "dep_rel": "pp",
                    "head_index": "9",
                    "parser_morph_features": "Dat"
                }
            },
            "super_head": {
                "SH_TOK1": {
                    "word_type": "V",
                    "word_form": "fahren",
                    "lemma": "fahren",
                    "POS_STTS": "VVINF",
                    "index": "9",
                    "dep_rel": "aux",
                    "head_index": "5",
                    "parser_morph_features": "_"
                }
            }
        },
        "POST_info": {
            "P_TOK1": {
                "word_type": "N",
                "word_form": "Y",
                "lemma": "Y",
                "POS_STTS": "NE",
                "index": "8",
                "dep_rel": "app",
                "head_index": "7",
                "parser_morph_features": "Fem|Dat|Sg"
            }
        },
        "TOK_info": {
            "TOK1": {
                "word_type": "N",
                "word_form": "Stadt",
                "lemma": "Stadt",
                "POS_STTS": "NN",
                "index": "7",
                "dep_rel": "pn",
                "head_index": "6",
                "parser_morph_features": "Fem|Dat|Sg",
                "possible_morph_features": []
            }
        },
        "relations": {}
    },
    {
        "file_ID": "1091_0000087",
        "sent_NP_ID": "3_8",
        "sentence": "Diese Wochenende , ich wollte nach Stadt Y fahren mit dem Zug , ich habe ein Nacht in ein Hotel reserviert aber ich kann nicht , weill ich habe ein Wichtig Termin mit mein Schef in der Tag die mein reise , ich wollte dich fragen ob die Fahrkarte haben möchte und in mein platz fahren ?",
        "metadata": {
            "corpus": "MERLIN_DE"
        },
        "NP_info": {
            "len_np": 1,
            "coordination": null
        },
        "HEAD_info": {
            "head": {
                "H_TOK1": {
                    "word_type": "N",
                    "word_form": "Stadt",
                    "lemma": "Stadt",
                    "POS_STTS": "NN",
                    "index": "7",
                    "dep_rel": "pn",
                    "head_index": "6",
                    "parser_morph_features": "Fem|Dat|Sg"
                }
            },
            "super_head": {
                "SH_TOK1": {
                    "word_type": "PREP",
                    "word_form": "nach",
                    "lemma": "nach",
                    "POS_STTS": "APPR",
                    "index": "6",
                    "dep_rel": "pp",
                    "head_index": "9",
                    "parser_morph_features": "Dat"
                }
            }
        },
        "POST_info": {},
        "TOK_info": {
            "TOK1": {
                "word_type": "N",
                "word_form": "Y",
                "lemma": "Y",
                "POS_STTS": "NE",
                "index": "8",
                "dep_rel": "app",
                "head_index": "7",
                "parser_morph_features": "Fem|Dat|Sg",
                "possible_morph_features": []
            }
        },
        "relations": {}
    },
    {
        "file_ID": "1091_0000087",
        "sent_NP_ID": "3_9",
        "sentence": "Diese Wochenende , ich wollte nach Stadt Y fahren mit dem Zug , ich habe ein Nacht in ein Hotel reserviert aber ich kann nicht , weill ich habe ein Wichtig Termin mit mein Schef in der Tag die mein reise , ich wollte dich fragen ob die Fahrkarte haben möchte und in mein platz fahren ?",
        "metadata": {
            "corpus": "MERLIN_DE"
        },
        "NP_info": {
            "len_np": 2,
            "coordination": null
        },
        "HEAD_info": {
            "head": {
                "H_TOK1": {
                    "word_type": "PREP",
                    "word_form": "mit",
                    "lemma": "mit",
                    "POS_STTS": "APPR",
                    "index": "10",
                    "dep_rel": "pp",
                    "head_index": "9",
                    "parser_morph_features": "Dat"
                }
            },
            "super_head": {
                "SH_TOK1": {
                    "word_type": "V",
                    "word_form": "fahren",
                    "lemma": "fahren",
                    "POS_STTS": "VVINF",
                    "index": "9",
                    "dep_rel": "aux",
                    "head_index": "5",
                    "parser_morph_features": "_"
                }
            }
        },
        "POST_info": {},
        "TOK_info": {
            "TOK1": {
                "word_type": "ART",
                "word_form": "dem",
                "lemma": "die",
                "POS_STTS": "ART",
                "index": "11",
                "dep_rel": "det",
                "head_index": "12",
                "parser_morph_features": "Def|_|Dat|Sg",
                "possible_morph_features": []
            },
            "TOK2": {
                "word_type": "N",
                "word_form": "Zug",
                "lemma": "Zug",
                "POS_STTS": "NN",
                "index": "12",
                "dep_rel": "pn",
                "head_index": "10",
                "parser_morph_features": "_|Dat|Sg",
                "possible_morph_features": []
            }
        },
        "relations": {
            "rel_1": {
                "rel_type": "must_agree",
                "involved": [
                    "TOK2",
                    "TOK1"
                ],
                "ruler": "TOK2",
                "possible_agreement": null
            }
        }
    },
    {
        "file_ID": "1091_0000087",
        "sent_NP_ID": "3_10",
        "sentence": "Diese Wochenende , ich wollte nach Stadt Y fahren mit dem Zug , ich habe ein Nacht in ein Hotel reserviert aber ich kann nicht , weill ich habe ein Wichtig Termin mit mein Schef in der Tag die mein reise , ich wollte dich fragen ob die Fahrkarte haben möchte und in mein platz fahren ?",
        "metadata": {
            "corpus": "MERLIN_DE"
        },
        "NP_info": {
            "len_np": 2,
            "coordination": null
        },
        "HEAD_info": {
            "head": {
                "H_TOK1": {
                    "word_type": "V",
                    "word_form": "reserviert",
                    "lemma": "reservieren",
                    "POS_STTS": "VVPP",
                    "index": "21",
                    "dep_rel": "aux",
                    "head_index": "15",
                    "parser_morph_features": "_"
                }
            },
            "super_head": {
                "SH_TOK1": {
                    "word_type": "V",
                    "word_form": "habe",
                    "lemma": "haben",
                    "POS_STTS": "VAFIN",
                    "index": "15",
                    "dep_rel": "kon",
                    "head_index": "5",
                    "parser_morph_features": "1|Sg|Pres|_"
                }
            }
        },
        "POST_info": {},
        "TOK_info": {
            "TOK1": {
                "word_type": "ART",
                "word_form": "ein",
                "lemma": "eine",
                "POS_STTS": "ART",
                "index": "16",
                "dep_rel": "det",
                "head_index": "17",
                "parser_morph_features": "Indef|_|_|Sg",
                "possible_morph_features": []
            },
            "TOK2": {
                "word_type": "N",
                "word_form": "Nacht",
                "lemma": "Nacht",
                "POS_STTS": "NN",
                "index": "17",
                "dep_rel": "zeit",
                "head_index": "21",
                "parser_morph_features": "Neut|Acc|Sg",
                "possible_morph_features": []
            }
        },
        "relations": {
            "rel_1": {
                "rel_type": "must_agree",
                "involved": [
                    "TOK2",
                    "TOK1"
                ],
                "ruler": "TOK2",
                "possible_agreement": null
            }
        }
    },
    {
        "file_ID": "1091_0000087",
        "sent_NP_ID": "3_11",
        "sentence": "Diese Wochenende , ich wollte nach Stadt Y fahren mit dem Zug , ich habe ein Nacht in ein Hotel reserviert aber ich kann nicht , weill ich habe ein Wichtig Termin mit mein Schef in der Tag die mein reise , ich wollte dich fragen ob die Fahrkarte haben möchte und in mein platz fahren ?",
        "metadata": {
            "corpus": "MERLIN_DE"
        },
        "NP_info": {
            "len_np": 2,
            "coordination": null
        },
        "HEAD_info": {
            "head": {
                "H_TOK1": {
                    "word_type": "PREP",
                    "word_form": "in",
                    "lemma": "in",
                    "POS_STTS": "APPR",
                    "index": "18",
                    "dep_rel": "pp",
                    "head_index": "21",
                    "parser_morph_features": "Acc"
                }
            },
            "super_head": {
                "SH_TOK1": {
                    "word_type": "V",
                    "word_form": "reserviert",
                    "lemma": "reservieren",
                    "POS_STTS": "VVPP",
                    "index": "21",
                    "dep_rel": "aux",
                    "head_index": "15",
                    "parser_morph_features": "_"
                }
            }
        },
        "POST_info": {},
        "TOK_info": {
            "TOK1": {
                "word_type": "ART",
                "word_form": "ein",
                "lemma": "eine",
                "POS_STTS": "ART",
                "index": "19",
                "dep_rel": "det",
                "head_index": "20",
                "parser_morph_features": "Indef|Neut|Acc|Sg",
                "possible_morph_features": []
            },
            "TOK2": {
                "word_type": "N",
                "word_form": "Hotel",
                "lemma": "Hotel",
                "POS_STTS": "NN",
                "index": "20",
                "dep_rel": "pn",
                "head_index": "18",
                "parser_morph_features": "Neut|Acc|Sg",
                "possible_morph_features": []
            }
        },
        "relations": {
            "rel_1": {
                "rel_type": "must_agree",
                "involved": [
                    "TOK2",
                    "TOK1"
                ],
                "ruler": "TOK2",
                "possible_agreement": null
            }
        }
    },
    {
        "file_ID": "1091_0000087",
        "sent_NP_ID": "3_12",
        "sentence": "Diese Wochenende , ich wollte nach Stadt Y fahren mit dem Zug , ich habe ein Nacht in ein Hotel reserviert aber ich kann nicht , weill ich habe ein Wichtig Termin mit mein Schef in der Tag die mein reise , ich wollte dich fragen ob die Fahrkarte haben möchte und in mein platz fahren ?",
        "metadata": {
            "corpus": "MERLIN_DE"
        },
        "NP_info": {
            "len_np": 3,
            "coordination": null
        },
        "HEAD_info": {
            "head": {
                "H_TOK1": {
                    "word_type": "V",
                    "word_form": "habe",
                    "lemma": "haben",
                    "POS_STTS": "VAFIN",
                    "index": "29",
                    "dep_rel": "root",
                    "head_index": "0",
                    "parser_morph_features": "3|Sg|Pres|Subj"
                }
            },
            "super_head": {}
        },
        "POST_info": {},
        "TOK_info": {
            "TOK1": {
                "word_type": "ART",
                "word_form": "ein",
                "lemma": "eine",
                "POS_STTS": "ART",
                "index": "30",
                "dep_rel": "det",
                "head_index": "32",
                "parser_morph_features": "Indef|Masc|Nom|Sg",
                "possible_morph_features": []
            },
            "TOK2": {
                "word_type": "ADV",
                "word_form": "Wichtig",
                "lemma": "wichtig",
                "POS_STTS": "ADJD",
                "index": "31",
                "dep_rel": "adv",
                "head_index": "32",
                "parser_morph_features": "Pos|",
                "possible_morph_features": []
            },
            "TOK3": {
                "word_type": "N",
                "word_form": "Termin",
                "lemma": "Termin",
                "POS_STTS": "NN",
                "index": "32",
                "dep_rel": "subj",
                "head_index": "29",
                "parser_morph_features": "Masc|Nom|Sg",
                "possible_morph_features": []
            }
        },
        "relations": {
            "rel_1": {
                "rel_type": "must_agree",
                "involved": [
                    "TOK3",
                    "TOK1"
                ],
                "ruler": "TOK3",
                "possible_agreement": null
            }
        }
    },
    {
        "file_ID": "1091_0000087",
        "sent_NP_ID": "3_13",
        "sentence": "Diese Wochenende , ich wollte nach Stadt Y fahren mit dem Zug , ich habe ein Nacht in ein Hotel reserviert aber ich kann nicht , weill ich habe ein Wichtig Termin mit mein Schef in der Tag die mein reise , ich wollte dich fragen ob die Fahrkarte haben möchte und in mein platz fahren ?",
        "metadata": {
            "corpus": "MERLIN_DE"
        },
        "NP_info": {
            "len_np": 2,
            "coordination": null
        },
        "HEAD_info": {
            "head": {
                "H_TOK1": {
                    "word_type": "PREP",
                    "word_form": "mit",
                    "lemma": "mit",
                    "POS_STTS": "APPR",
                    "index": "33",
                    "dep_rel": "pp",
                    "head_index": "40",
                    "parser_morph_features": "Dat"
                }
            },
            "super_head": {
                "SH_TOK1": {
                    "word_type": "N",
                    "word_form": "mein",
                    "lemma": "mein",
                    "POS_STTS": "NN",
                    "index": "40",
                    "dep_rel": "subj",
                    "head_index": "41",
                    "parser_morph_features": "Fem|Nom|Sg"
                }
            }
        },
        "POST_info": {
            "P_TOK1": {
                "word_type": "PREP",
                "word_form": "in",
                "lemma": "in",
                "POS_STTS": "APPR",
                "index": "36",
                "dep_rel": "pp",
                "head_index": "35",
                "parser_morph_features": "_"
            }
        },
        "TOK_info": {
            "TOK1": {
                "word_type": "ART",
                "word_form": "mein",
                "lemma": "meine",
                "POS_STTS": "PPOSAT",
                "index": "34",
                "dep_rel": "det",
                "head_index": "35",
                "parser_morph_features": "_|_|Sg",
                "possible_morph_features": []
            },
            "TOK2": {
                "word_type": "N",
                "word_form": "Schef",
                "lemma": "Schef",
                "POS_STTS": "NN",
                "index": "35",
                "dep_rel": "pn",
                "head_index": "33",
                "parser_morph_features": "_|_|Sg",
                "possible_morph_features": []
            }
        },
        "relations": {
            "rel_1": {
                "rel_type": "must_agree",
                "involved": [
                    "TOK2",
                    "TOK1"
                ],
                "ruler": "TOK2",
                "possible_agreement": null
            }
        }
    },
    {
        "file_ID": "1091_0000087",
        "sent_NP_ID": "3_14",
        "sentence": "Diese Wochenende , ich wollte nach Stadt Y fahren mit dem Zug , ich habe ein Nacht in ein Hotel reserviert aber ich kann nicht , weill ich habe ein Wichtig Termin mit mein Schef in der Tag die mein reise , ich wollte dich fragen ob die Fahrkarte haben möchte und in mein platz fahren ?",
        "metadata": {
            "corpus": "MERLIN_DE"
        },
        "NP_info": {
            "len_np": 2,
            "coordination": null
        },
        "HEAD_info": {
            "head": {
                "H_TOK1": {
                    "word_type": "PREP",
                    "word_form": "in",
                    "lemma": "in",
                    "POS_STTS": "APPR",
                    "index": "36",
                    "dep_rel": "pp",
                    "head_index": "35",
                    "parser_morph_features": "_"
                }
            },
            "super_head": {
                "SH_TOK1": {
                    "word_type": "N",
                    "word_form": "Schef",
                    "lemma": "Schef",
                    "POS_STTS": "NN",
                    "index": "35",
                    "dep_rel": "pn",
                    "head_index": "33",
                    "parser_morph_features": "_|_|Sg"
                }
            }
        },
        "POST_info": {},
        "TOK_info": {
            "TOK1": {
                "word_type": "ART",
                "word_form": "der",
                "lemma": "die",
                "POS_STTS": "ART",
                "index": "37",
                "dep_rel": "det",
                "head_index": "38",
                "parser_morph_features": "Def|Masc|Nom|Sg",
                "possible_morph_features": []
            },
            "TOK2": {
                "word_type": "N",
                "word_form": "Tag",
                "lemma": "Tag",
                "POS_STTS": "NN",
                "index": "38",
                "dep_rel": "pn",
                "head_index": "36",
                "parser_morph_features": "Masc|Nom|Sg",
                "possible_morph_features": []
            }
        },
        "relations": {
            "rel_1": {
                "rel_type": "must_agree",
                "involved": [
                    "TOK2",
                    "TOK1"
                ],
                "ruler": "TOK2",
                "possible_agreement": null
            }
        }
    },
    {
        "file_ID": "1091_0000087",
        "sent_NP_ID": "3_15",
        "sentence": "Diese Wochenende , ich wollte nach Stadt Y fahren mit dem Zug , ich habe ein Nacht in ein Hotel reserviert aber ich kann nicht , weill ich habe ein Wichtig Termin mit mein Schef in der Tag die mein reise , ich wollte dich fragen ob die Fahrkarte haben möchte und in mein platz fahren ?",
        "metadata": {
            "corpus": "MERLIN_DE"
        },
        "NP_info": {
            "len_np": 3,
            "coordination": null
        },
        "HEAD_info": {
            "head": {
                "H_TOK1": {
                    "word_type": "V",
                    "word_form": "reise",
                    "lemma": "reisen",
                    "POS_STTS": "VVFIN",
                    "index": "41",
                    "dep_rel": "root",
                    "head_index": "0",
                    "parser_morph_features": "3|Sg|Pres|Subj"
                }
            },
            "super_head": {}
        },
        "POST_info": {},
        "TOK_info": {
            "TOK1": {
                "word_type": "PREP",
                "word_form": "mit",
                "lemma": "mit",
                "POS_STTS": "APPR",
                "index": "33",
                "dep_rel": "pp",
                "head_index": "40",
                "parser_morph_features": "Dat",
                "possible_morph_features": []
            },
            "TOK2": {
                "word_type": "ART",
                "word_form": "die",
                "lemma": "die",
                "POS_STTS": "ART",
                "index": "39",
                "dep_rel": "det",
                "head_index": "40",
                "parser_morph_features": "Def|Fem|Nom|Sg",
                "possible_morph_features": []
            },
            "TOK3": {
                "word_type": "N",
                "word_form": "mein",
                "lemma": "mein",
                "POS_STTS": "NN",
                "index": "40",
                "dep_rel": "subj",
                "head_index": "41",
                "parser_morph_features": "Fem|Nom|Sg",
                "possible_morph_features": []
            }
        },
        "relations": {
            "rel_1": {
                "rel_type": "must_agree",
                "involved": [
                    "TOK3",
                    "TOK2"
                ],
                "ruler": "TOK3",
                "possible_agreement": null
            }
        }
    },
    {
        "file_ID": "1091_0000087",
        "sent_NP_ID": "3_16",
        "sentence": "Diese Wochenende , ich wollte nach Stadt Y fahren mit dem Zug , ich habe ein Nacht in ein Hotel reserviert aber ich kann nicht , weill ich habe ein Wichtig Termin mit mein Schef in der Tag die mein reise , ich wollte dich fragen ob die Fahrkarte haben möchte und in mein platz fahren ?",
        "metadata": {
            "corpus": "MERLIN_DE"
        },
        "NP_info": {
            "len_np": 2,
            "coordination": null
        },
        "HEAD_info": {
            "head": {
                "H_TOK1": {
                    "word_type": "V",
                    "word_form": "möchte",
                    "lemma": "mögen",
                    "POS_STTS": "VMFIN",
                    "index": "51",
                    "dep_rel": "objc",
                    "head_index": "46",
                    "parser_morph_features": "3|Sg|Past|Subj"
                }
            },
            "super_head": {
                "SH_TOK1": {
                    "word_type": "V",
                    "word_form": "fragen",
                    "lemma": "fragen",
                    "POS_STTS": "VVINF",
                    "index": "46",
                    "dep_rel": "aux",
                    "head_index": "44",
                    "parser_morph_features": "_"
                }
            }
        },
        "POST_info": {},
        "TOK_info": {
            "TOK1": {
                "word_type": "ART",
                "word_form": "die",
                "lemma": "die",
                "POS_STTS": "ART",
                "index": "48",
                "dep_rel": "det",
                "head_index": "49",
                "parser_morph_features": "Def|Fem|Nom|Sg",
                "possible_morph_features": []
            },
            "TOK2": {
                "word_type": "N",
                "word_form": "Fahrkarte",
                "lemma": "Fahrkarte",
                "POS_STTS": "NN",
                "index": "49",
                "dep_rel": "subj",
                "head_index": "51",
                "parser_morph_features": "Fem|Nom|Sg",
                "possible_morph_features": []
            }
        },
        "relations": {
            "rel_1": {
                "rel_type": "must_agree",
                "involved": [
                    "TOK2",
                    "TOK1"
                ],
                "ruler": "TOK2",
                "possible_agreement": null
            }
        }
    },
    {
        "file_ID": "1091_0000087",
        "sent_NP_ID": "3_17",
        "sentence": "Diese Wochenende , ich wollte nach Stadt Y fahren mit dem Zug , ich habe ein Nacht in ein Hotel reserviert aber ich kann nicht , weill ich habe ein Wichtig Termin mit mein Schef in der Tag die mein reise , ich wollte dich fragen ob die Fahrkarte haben möchte und in mein platz fahren ?",
        "metadata": {
            "corpus": "MERLIN_DE"
        },
        "NP_info": {
            "len_np": 2,
            "coordination": null
        },
        "HEAD_info": {
            "head": {
                "H_TOK1": {
                    "word_type": "PREP",
                    "word_form": "in",
                    "lemma": "in",
                    "POS_STTS": "APPR",
                    "index": "53",
                    "dep_rel": "pp",
                    "head_index": "56",
                    "parser_morph_features": "Acc"
                }
            },
            "super_head": {
                "SH_TOK1": {
                    "word_type": "V",
                    "word_form": "fahren",
                    "lemma": "fahren",
                    "POS_STTS": "VVFIN",
                    "index": "56",
                    "dep_rel": "cj",
                    "head_index": "52",
                    "parser_morph_features": "_|Pl|Pres|_"
                }
            }
        },
        "POST_info": {},
        "TOK_info": {
            "TOK1": {
                "word_type": "ART",
                "word_form": "mein",
                "lemma": "meine",
                "POS_STTS": "PPOSAT",
                "index": "54",
                "dep_rel": "det",
                "head_index": "55",
                "parser_morph_features": "Neut|Acc|Sg",
                "possible_morph_features": []
            },
            "TOK2": {
                "word_type": "N",
                "word_form": "platz",
                "lemma": "platz",
                "POS_STTS": "NN",
                "index": "55",
                "dep_rel": "pn",
                "head_index": "53",
                "parser_morph_features": "Neut|Acc|Sg",
                "possible_morph_features": []
            }
        },
        "relations": {
            "rel_1": {
                "rel_type": "must_agree",
                "involved": [
                    "TOK2",
                    "TOK1"
                ],
                "ruler": "TOK2",
                "possible_agreement": null
            }
        }
    },
    {
        "file_ID": "1091_0000087",
        "sent_NP_ID": "4_18",
        "sentence": "Ich schenke dich diese Fahrkarte Zum reisen und können die Kultur die Stadt Y.",
        "metadata": {
            "corpus": "MERLIN_DE"
        },
        "NP_info": {
            "len_np": 2,
            "coordination": null
        },
        "HEAD_info": {
            "head": {
                "H_TOK1": {
                    "word_type": "V",
                    "word_form": "schenke",
                    "lemma": "schenken",
                    "POS_STTS": "VVFIN",
                    "index": "2",
                    "dep_rel": "root",
                    "head_index": "0",
                    "parser_morph_features": "3|Sg|Pres|Subj"
                }
            },
            "super_head": {}
        },
        "POST_info": {},
        "TOK_info": {
            "TOK1": {
                "word_type": "ART",
                "word_form": "diese",
                "lemma": "diese",
                "POS_STTS": "PDAT",
                "index": "4",
                "dep_rel": "det",
                "head_index": "5",
                "parser_morph_features": "Fem|Nom|Sg",
                "possible_morph_features": []
            },
            "TOK2": {
                "word_type": "N",
                "word_form": "Fahrkarte",
                "lemma": "Fahrkarte",
                "POS_STTS": "NN",
                "index": "5",
                "dep_rel": "subj",
                "head_index": "2",
                "parser_morph_features": "Fem|Nom|Sg",
                "possible_morph_features": []
            }
        },
        "relations": {
            "rel_1": {
                "rel_type": "must_agree",
                "involved": [
                    "TOK2",
                    "TOK1"
                ],
                "ruler": "TOK2",
                "possible_agreement": null
            }
        }
    },
    {
        "file_ID": "1091_0000087",
        "sent_NP_ID": "4_19",
        "sentence": "Ich schenke dich diese Fahrkarte Zum reisen und können die Kultur die Stadt Y.",
        "metadata": {
            "corpus": "MERLIN_DE"
        },
        "NP_info": {
            "len_np": 2,
            "coordination": null
        },
        "HEAD_info": {
            "head": {
                "H_TOK1": {
                    "word_type": "V",
                    "word_form": "können",
                    "lemma": "können",
                    "POS_STTS": "VMFIN",
                    "index": "9",
                    "dep_rel": "cj",
                    "head_index": "8",
                    "parser_morph_features": "_|Pl|Pres|_"
                }
            },
            "super_head": {
                "SH_TOK1": {
                    "word_type": "KON",
                    "word_form": "und",
                    "lemma": "und",
                    "POS_STTS": "KON",
                    "index": "8",
                    "dep_rel": "root",
                    "head_index": "0",
                    "parser_morph_features": "_"
                }
            }
        },
        "POST_info": {},
        "TOK_info": {
            "TOK1": {
                "word_type": "ART",
                "word_form": "die",
                "lemma": "die",
                "POS_STTS": "ART",
                "index": "10",
                "dep_rel": "det",
                "head_index": "11",
                "parser_morph_features": "Def|Fem|Acc|Sg",
                "possible_morph_features": []
            },
            "TOK2": {
                "word_type": "N",
                "word_form": "Kultur",
                "lemma": "Kultur",
                "POS_STTS": "NN",
                "index": "11",
                "dep_rel": "obja",
                "head_index": "9",
                "parser_morph_features": "Fem|Acc|Sg",
                "possible_morph_features": []
            }
        },
        "relations": {
            "rel_1": {
                "rel_type": "must_agree",
                "involved": [
                    "TOK2",
                    "TOK1"
                ],
                "ruler": "TOK2",
                "possible_agreement": null
            }
        }
    },
    {
        "file_ID": "1091_0000087",
        "sent_NP_ID": "4_20",
        "sentence": "Ich schenke dich diese Fahrkarte Zum reisen und können die Kultur die Stadt Y.",
        "metadata": {
            "corpus": "MERLIN_DE"
        },
        "NP_info": {
            "len_np": 2,
            "coordination": null
        },
        "HEAD_info": {
            "head": {},
            "super_head": {}
        },
        "POST_info": {
            "P_TOK1": {
                "word_type": "N",
                "word_form": "Y.",
                "lemma": "Y.",
                "POS_STTS": "NE",
                "index": "14",
                "dep_rel": "app",
                "head_index": "13",
                "parser_morph_features": "Fem|_|Sg"
            }
        },
        "TOK_info": {
            "TOK1": {
                "word_type": "ART",
                "word_form": "die",
                "lemma": "die",
                "POS_STTS": "ART",
                "index": "12",
                "dep_rel": "det",
                "head_index": "13",
                "parser_morph_features": "Def|Fem|_|Sg",
                "possible_morph_features": []
            },
            "TOK2": {
                "word_type": "N",
                "word_form": "Stadt",
                "lemma": "Stadt",
                "POS_STTS": "NN",
                "index": "13",
                "dep_rel": "root",
                "head_index": "0",
                "parser_morph_features": "Fem|_|Sg",
                "possible_morph_features": []
            }
        },
        "relations": {
            "rel_1": {
                "rel_type": "must_agree",
                "involved": [
                    "TOK2",
                    "TOK1"
                ],
                "ruler": "TOK2",
                "possible_agreement": null
            }
        }
    },
    {
        "file_ID": "1091_0000087",
        "sent_NP_ID": "4_21",
        "sentence": "Ich schenke dich diese Fahrkarte Zum reisen und können die Kultur die Stadt Y.",
        "metadata": {
            "corpus": "MERLIN_DE"
        },
        "NP_info": {
            "len_np": 1,
            "coordination": null
        },
        "HEAD_info": {
            "head": {
                "H_TOK1": {
                    "word_type": "N",
                    "word_form": "Stadt",
                    "lemma": "Stadt",
                    "POS_STTS": "NN",
                    "index": "13",
                    "dep_rel": "root",
                    "head_index": "0",
                    "parser_morph_features": "Fem|_|Sg"
                }
            },
            "super_head": {}
        },
        "POST_info": {},
        "TOK_info": {
            "TOK1": {
                "word_type": "N",
                "word_form": "Y.",
                "lemma": "Y.",
                "POS_STTS": "NE",
                "index": "14",
                "dep_rel": "app",
                "head_index": "13",
                "parser_morph_features": "Fem|_|Sg",
                "possible_morph_features": []
            }
        },
        "relations": {}
    },
    {
        "file_ID": "1091_0000087",
        "sent_NP_ID": "5_22",
        "sentence": "Alles Liebe .",
        "metadata": {
            "corpus": "MERLIN_DE"
        },
        "NP_info": {
            "len_np": 1,
            "coordination": null
        },
        "HEAD_info": {
            "head": {
                "H_TOK1": {
                    "word_type": "PRO",
                    "word_form": "Alles",
                    "lemma": "alle",
                    "POS_STTS": "PIS",
                    "index": "1",
                    "dep_rel": "root",
                    "head_index": "0",
                    "parser_morph_features": "_|_|_"
                }
            },
            "super_head": {}
        },
        "POST_info": {},
        "TOK_info": {
            "TOK1": {
                "word_type": "N",
                "word_form": "Liebe",
                "lemma": "Liebe",
                "POS_STTS": "NN",
                "index": "2",
                "dep_rel": "app",
                "head_index": "1",
                "parser_morph_features": "_|_|_",
                "possible_morph_features": []
            }
        },
        "relations": {}
    },
    {
        "file_ID": "1091_0000087",
        "sent_NP_ID": "6_23",
        "sentence": "Stefan",
        "metadata": {
            "corpus": "MERLIN_DE"
        },
        "NP_info": {
            "len_np": 1,
            "coordination": null
        },
        "HEAD_info": {
            "head": {},
            "super_head": {}
        },
        "POST_info": {},
        "TOK_info": {
            "TOK1": {
                "word_type": "N",
                "word_form": "Stefan",
                "lemma": "Stefan",
                "POS_STTS": "NE",
                "index": "1",
                "dep_rel": "root",
                "head_index": "0",
                "parser_morph_features": "Masc|_|Sg",
                "possible_morph_features": []
            }
        },
        "relations": {}
    }
]