[
    {
        "file_ID": "1091_0000244",
        "sent_NP_ID": "1_1",
        "sentence": "Liebe Maria , wie geht es dir ?",
        "metadata": {
            "corpus": "MERLIN_DE"
        },
        "NP_info": {
            "len_np": 1,
            "coordination": null
        },
        "HEAD_info": {
            "head": {},
            "super_head": {}
        },
        "POST_info": {
            "P_TOK1": {
                "word_type": "N",
                "word_form": "Maria",
                "lemma": "Maria",
                "POS_STTS": "NE",
                "index": "2",
                "dep_rel": "app",
                "head_index": "1",
                "parser_morph_features": "_|_|Sg"
            },
            "P_TOK2": {
                "word_type": "V",
                "word_form": "geht",
                "lemma": "gehen",
                "POS_STTS": "VVFIN",
                "index": "5",
                "dep_rel": "objc",
                "head_index": "1",
                "parser_morph_features": "3|Sg|Pres|Ind"
            }
        },
        "TOK_info": {
            "TOK1": {
                "word_type": "N",
                "word_form": "Liebe",
                "lemma": "Liebe",
                "POS_STTS": "NN",
                "index": "1",
                "dep_rel": "root",
                "head_index": "0",
                "parser_morph_features": "_|_|_",
                "possible_morph_features": []
            }
        },
        "relations": {}
    },
    {
        "file_ID": "1091_0000244",
        "sent_NP_ID": "1_2",
        "sentence": "Liebe Maria , wie geht es dir ?",
        "metadata": {
            "corpus": "MERLIN_DE"
        },
        "NP_info": {
            "len_np": 1,
            "coordination": null
        },
        "HEAD_info": {
            "head": {
                "H_TOK1": {
                    "word_type": "N",
                    "word_form": "Liebe",
                    "lemma": "Liebe",
                    "POS_STTS": "NN",
                    "index": "1",
                    "dep_rel": "root",
                    "head_index": "0",
                    "parser_morph_features": "_|_|_"
                }
            },
            "super_head": {}
        },
        "POST_info": {},
        "TOK_info": {
            "TOK1": {
                "word_type": "N",
                "word_form": "Maria",
                "lemma": "Maria",
                "POS_STTS": "NE",
                "index": "2",
                "dep_rel": "app",
                "head_index": "1",
                "parser_morph_features": "_|_|Sg",
                "possible_morph_features": []
            }
        },
        "relations": {}
    },
    {
        "file_ID": "1091_0000244",
        "sent_NP_ID": "2_3",
        "sentence": "Mir geht es gut aber , ich habe ein Problem .",
        "metadata": {
            "corpus": "MERLIN_DE"
        },
        "NP_info": {
            "len_np": 2,
            "coordination": null
        },
        "HEAD_info": {
            "head": {
                "H_TOK1": {
                    "word_type": "V",
                    "word_form": "habe",
                    "lemma": "haben",
                    "POS_STTS": "VAFIN",
                    "index": "8",
                    "dep_rel": "kon",
                    "head_index": "2",
                    "parser_morph_features": "1|Sg|Pres|_"
                }
            },
            "super_head": {
                "SH_TOK1": {
                    "word_type": "V",
                    "word_form": "geht",
                    "lemma": "gehen",
                    "POS_STTS": "VVFIN",
                    "index": "2",
                    "dep_rel": "root",
                    "head_index": "0",
                    "parser_morph_features": "3|Sg|Pres|Ind"
                }
            }
        },
        "POST_info": {},
        "TOK_info": {
            "TOK1": {
                "word_type": "ART",
                "word_form": "ein",
                "lemma": "eine",
                "POS_STTS": "ART",
                "index": "9",
                "dep_rel": "det",
                "head_index": "10",
                "parser_morph_features": "Indef|Neut|Acc|Sg",
                "possible_morph_features": []
            },
            "TOK2": {
                "word_type": "N",
                "word_form": "Problem",
                "lemma": "Problem",
                "POS_STTS": "NN",
                "index": "10",
                "dep_rel": "obja",
                "head_index": "8",
                "parser_morph_features": "Neut|Acc|Sg",
                "possible_morph_features": []
            }
        },
        "relations": {
            "rel_1": {
                "rel_type": "must_agree",
                "involved": [
                    "TOK2",
                    "TOK1"
                ],
                "ruler": "TOK2",
                "possible_agreement": null
            }
        }
    },
    {
        "file_ID": "1091_0000244",
        "sent_NP_ID": "3_4",
        "sentence": "Morgen muss ich nach Köln hinfahren und ich kann nicht mein Haustier mitnehmen .",
        "metadata": {
            "corpus": "MERLIN_DE"
        },
        "NP_info": {
            "len_np": 1,
            "coordination": null
        },
        "HEAD_info": {
            "head": {
                "H_TOK1": {
                    "word_type": "PREP",
                    "word_form": "nach",
                    "lemma": "nach",
                    "POS_STTS": "APPR",
                    "index": "4",
                    "dep_rel": "pp",
                    "head_index": "6",
                    "parser_morph_features": "Dat"
                }
            },
            "super_head": {
                "SH_TOK1": {
                    "word_type": "V",
                    "word_form": "hinfahren",
                    "lemma": "hinfahren",
                    "POS_STTS": "VVINF",
                    "index": "6",
                    "dep_rel": "aux",
                    "head_index": "2",
                    "parser_morph_features": "_"
                }
            }
        },
        "POST_info": {},
        "TOK_info": {
            "TOK1": {
                "word_type": "N",
                "word_form": "Köln",
                "lemma": "Köln",
                "POS_STTS": "NE",
                "index": "5",
                "dep_rel": "pn",
                "head_index": "4",
                "parser_morph_features": "Neut|Dat|Sg",
                "possible_morph_features": []
            }
        },
        "relations": {}
    },
    {
        "file_ID": "1091_0000244",
        "sent_NP_ID": "3_5",
        "sentence": "Morgen muss ich nach Köln hinfahren und ich kann nicht mein Haustier mitnehmen .",
        "metadata": {
            "corpus": "MERLIN_DE"
        },
        "NP_info": {
            "len_np": 2,
            "coordination": null
        },
        "HEAD_info": {
            "head": {
                "H_TOK1": {
                    "word_type": "V",
                    "word_form": "mitnehmen",
                    "lemma": "mitnehmen",
                    "POS_STTS": "VVINF",
                    "index": "13",
                    "dep_rel": "aux",
                    "head_index": "9",
                    "parser_morph_features": "_"
                }
            },
            "super_head": {
                "SH_TOK1": {
                    "word_type": "V",
                    "word_form": "kann",
                    "lemma": "können",
                    "POS_STTS": "VMFIN",
                    "index": "9",
                    "dep_rel": "cj",
                    "head_index": "7",
                    "parser_morph_features": "1|Sg|Pres|Ind"
                }
            }
        },
        "POST_info": {},
        "TOK_info": {
            "TOK1": {
                "word_type": "ART",
                "word_form": "mein",
                "lemma": "meine",
                "POS_STTS": "PPOSAT",
                "index": "11",
                "dep_rel": "det",
                "head_index": "12",
                "parser_morph_features": "Neut|Acc|Sg",
                "possible_morph_features": []
            },
            "TOK2": {
                "word_type": "N",
                "word_form": "Haustier",
                "lemma": "Haustier",
                "POS_STTS": "NN",
                "index": "12",
                "dep_rel": "obja",
                "head_index": "13",
                "parser_morph_features": "Neut|Acc|Sg",
                "possible_morph_features": []
            }
        },
        "relations": {
            "rel_1": {
                "rel_type": "must_agree",
                "involved": [
                    "TOK2",
                    "TOK1"
                ],
                "ruler": "TOK2",
                "possible_agreement": null
            }
        }
    },
    {
        "file_ID": "1091_0000244",
        "sent_NP_ID": "5_6",
        "sentence": "Es ist ein Hund .",
        "metadata": {
            "corpus": "MERLIN_DE"
        },
        "NP_info": {
            "len_np": 2,
            "coordination": null
        },
        "HEAD_info": {
            "head": {
                "H_TOK1": {
                    "word_type": "V",
                    "word_form": "ist",
                    "lemma": "sein",
                    "POS_STTS": "VAFIN",
                    "index": "2",
                    "dep_rel": "root",
                    "head_index": "0",
                    "parser_morph_features": "3|Sg|Pres|Ind"
                }
            },
            "super_head": {}
        },
        "POST_info": {},
        "TOK_info": {
            "TOK1": {
                "word_type": "ART",
                "word_form": "ein",
                "lemma": "eine",
                "POS_STTS": "ART",
                "index": "3",
                "dep_rel": "det",
                "head_index": "4",
                "parser_morph_features": "Indef|Masc|Nom|Sg",
                "possible_morph_features": []
            },
            "TOK2": {
                "word_type": "N",
                "word_form": "Hund",
                "lemma": "Hund",
                "POS_STTS": "NN",
                "index": "4",
                "dep_rel": "pred",
                "head_index": "2",
                "parser_morph_features": "Masc|Nom|Sg",
                "possible_morph_features": []
            }
        },
        "relations": {
            "rel_1": {
                "rel_type": "must_agree",
                "involved": [
                    "TOK2",
                    "TOK1"
                ],
                "ruler": "TOK2",
                "possible_agreement": null
            }
        }
    },
    {
        "file_ID": "1091_0000244",
        "sent_NP_ID": "6_7",
        "sentence": "Kannst du morgen um 07 : 00 Uhr hier kommen ?",
        "metadata": {
            "corpus": "MERLIN_DE"
        },
        "NP_info": {
            "len_np": 2,
            "coordination": null
        },
        "HEAD_info": {
            "head": {
                "H_TOK1": {
                    "word_type": "ADV",
                    "word_form": "hier",
                    "lemma": "hier",
                    "POS_STTS": "ADV",
                    "index": "9",
                    "dep_rel": "adv",
                    "head_index": "10",
                    "parser_morph_features": "_"
                }
            },
            "super_head": {
                "SH_TOK1": {
                    "word_type": "V",
                    "word_form": "kommen",
                    "lemma": "kommen",
                    "POS_STTS": "VVFIN",
                    "index": "10",
                    "dep_rel": "root",
                    "head_index": "0",
                    "parser_morph_features": "_|Pl|Pres|_"
                }
            }
        },
        "POST_info": {},
        "TOK_info": {
            "TOK1": {
                "word_type": "CARD",
                "word_form": "00",
                "lemma": "00",
                "POS_STTS": "CARD",
                "index": "7",
                "dep_rel": "attr",
                "head_index": "8",
                "parser_morph_features": "_",
                "possible_morph_features": []
            },
            "TOK2": {
                "word_type": "N",
                "word_form": "Uhr",
                "lemma": "Uhr",
                "POS_STTS": "NN",
                "index": "8",
                "dep_rel": "grad",
                "head_index": "9",
                "parser_morph_features": "Fem|Acc|Sg",
                "possible_morph_features": []
            }
        },
        "relations": {}
    },
    {
        "file_ID": "1091_0000244",
        "sent_NP_ID": "8_8",
        "sentence": "Du sollst ihn nur sein Abendessen geben .",
        "metadata": {
            "corpus": "MERLIN_DE"
        },
        "NP_info": {
            "len_np": 2,
            "coordination": null
        },
        "HEAD_info": {
            "head": {},
            "super_head": {}
        },
        "POST_info": {},
        "TOK_info": {
            "TOK1": {
                "word_type": "ART",
                "word_form": "sein",
                "lemma": "seine",
                "POS_STTS": "PPOSAT",
                "index": "5",
                "dep_rel": "det",
                "head_index": "6",
                "parser_morph_features": "Neut|_|Sg",
                "possible_morph_features": []
            },
            "TOK2": {
                "word_type": "N",
                "word_form": "Abendessen",
                "lemma": "Abendessen",
                "POS_STTS": "NN",
                "index": "6",
                "dep_rel": "root",
                "head_index": "0",
                "parser_morph_features": "Neut|_|Sg",
                "possible_morph_features": []
            }
        },
        "relations": {
            "rel_1": {
                "rel_type": "must_agree",
                "involved": [
                    "TOK2",
                    "TOK1"
                ],
                "ruler": "TOK2",
                "possible_agreement": null
            }
        }
    },
    {
        "file_ID": "1091_0000244",
        "sent_NP_ID": "9_9",
        "sentence": "Vielen Dank und bis bald !",
        "metadata": {
            "corpus": "MERLIN_DE"
        },
        "NP_info": {
            "len_np": 2,
            "coordination": null
        },
        "HEAD_info": {
            "head": {},
            "super_head": {}
        },
        "POST_info": {},
        "TOK_info": {
            "TOK1": {
                "word_type": "ART",
                "word_form": "Vielen",
                "lemma": "viele",
                "POS_STTS": "PIDAT",
                "index": "1",
                "dep_rel": "det",
                "head_index": "2",
                "parser_morph_features": "Masc|_|Sg",
                "possible_morph_features": []
            },
            "TOK2": {
                "word_type": "N",
                "word_form": "Dank",
                "lemma": "Dank",
                "POS_STTS": "NN",
                "index": "2",
                "dep_rel": "root",
                "head_index": "0",
                "parser_morph_features": "Masc|_|Sg",
                "possible_morph_features": []
            }
        },
        "relations": {
            "rel_1": {
                "rel_type": "must_agree",
                "involved": [
                    "TOK2",
                    "TOK1"
                ],
                "ruler": "TOK2",
                "possible_agreement": null
            }
        }
    },
    {
        "file_ID": "1091_0000244",
        "sent_NP_ID": "10_10",
        "sentence": "Friedrich Meier",
        "metadata": {
            "corpus": "MERLIN_DE"
        },
        "NP_info": {
            "len_np": 1,
            "coordination": null
        },
        "HEAD_info": {
            "head": {},
            "super_head": {}
        },
        "POST_info": {
            "P_TOK1": {
                "word_type": "N",
                "word_form": "Meier",
                "lemma": "Meier",
                "POS_STTS": "NE",
                "index": "2",
                "dep_rel": "app",
                "head_index": "1",
                "parser_morph_features": "_|_|Sg"
            }
        },
        "TOK_info": {
            "TOK1": {
                "word_type": "N",
                "word_form": "Friedrich",
                "lemma": "Friedrich",
                "POS_STTS": "NE",
                "index": "1",
                "dep_rel": "root",
                "head_index": "0",
                "parser_morph_features": "_|_|Sg",
                "possible_morph_features": []
            }
        },
        "relations": {}
    },
    {
        "file_ID": "1091_0000244",
        "sent_NP_ID": "10_11",
        "sentence": "Friedrich Meier",
        "metadata": {
            "corpus": "MERLIN_DE"
        },
        "NP_info": {
            "len_np": 1,
            "coordination": null
        },
        "HEAD_info": {
            "head": {
                "H_TOK1": {
                    "word_type": "N",
                    "word_form": "Friedrich",
                    "lemma": "Friedrich",
                    "POS_STTS": "NE",
                    "index": "1",
                    "dep_rel": "root",
                    "head_index": "0",
                    "parser_morph_features": "_|_|Sg"
                }
            },
            "super_head": {}
        },
        "POST_info": {},
        "TOK_info": {
            "TOK1": {
                "word_type": "N",
                "word_form": "Meier",
                "lemma": "Meier",
                "POS_STTS": "NE",
                "index": "2",
                "dep_rel": "app",
                "head_index": "1",
                "parser_morph_features": "_|_|Sg",
                "possible_morph_features": []
            }
        },
        "relations": {}
    }
]