[
    {
        "file_ID": "1091_0000039",
        "sent_NP_ID": "1_1",
        "sentence": "Sehr geehrte Damen und Herren Für meine Familie die besteht drei Zimmer Erwachsene und Kind Suche ich Die Zimmer Wohnung mit ainem balkon der im Hof besteht Die Miete muss mhrr als Drei hundert ( 300 ) seain Mit froidlihen Grussen Herr Winkelmann P.S.",
        "metadata": {
            "corpus": "MERLIN_DE"
        },
        "NP_info": {
            "len_np": 3,
            "coordination": [
                "1_1",
                "1_2"
            ]
        },
        "HEAD_info": {
            "head": {},
            "super_head": {}
        },
        "POST_info": {},
        "TOK_info": {
            "TOK1": {
                "word_type": "ADV",
                "word_form": "Sehr",
                "lemma": "sehr",
                "POS_STTS": "ADV",
                "index": "1",
                "dep_rel": "adv",
                "head_index": "2",
                "parser_morph_features": "_",
                "possible_morph_features": []
            },
            "TOK2": {
                "word_type": "ADJA",
                "word_form": "geehrte",
                "lemma": "geehrt",
                "POS_STTS": "ADJA",
                "index": "2",
                "dep_rel": "attr",
                "head_index": "3",
                "parser_morph_features": "Pos|Fem|_|Pl|St|",
                "possible_morph_features": []
            },
            "TOK3": {
                "word_type": "N",
                "word_form": "Damen",
                "lemma": "Dame",
                "POS_STTS": "NN",
                "index": "3",
                "dep_rel": "root",
                "head_index": "0",
                "parser_morph_features": "Fem|_|Pl",
                "possible_morph_features": []
            }
        },
        "relations": {
            "rel_1": {
                "rel_type": "must_agree",
                "involved": [
                    "TOK3",
                    "TOK2"
                ],
                "ruler": "TOK3",
                "possible_agreement": null
            }
        }
    },
    {
        "file_ID": "1091_0000039",
        "sent_NP_ID": "1_2",
        "sentence": "Sehr geehrte Damen und Herren Für meine Familie die besteht drei Zimmer Erwachsene und Kind Suche ich Die Zimmer Wohnung mit ainem balkon der im Hof besteht Die Miete muss mhrr als Drei hundert ( 300 ) seain Mit froidlihen Grussen Herr Winkelmann P.S.",
        "metadata": {
            "corpus": "MERLIN_DE"
        },
        "NP_info": {
            "len_np": 1,
            "coordination": [
                "1_1",
                "1_2"
            ]
        },
        "HEAD_info": {
            "head": {
                "H_TOK1": {
                    "word_type": "KON",
                    "word_form": "und",
                    "lemma": "und",
                    "POS_STTS": "KON",
                    "index": "4",
                    "dep_rel": "kon",
                    "head_index": "3",
                    "parser_morph_features": "_"
                }
            },
            "super_head": {
                "SH_TOK1": {
                    "word_type": "N",
                    "word_form": "Damen",
                    "lemma": "Dame",
                    "POS_STTS": "NN",
                    "index": "3",
                    "dep_rel": "root",
                    "head_index": "0",
                    "parser_morph_features": "Fem|_|Pl"
                }
            }
        },
        "POST_info": {
            "P_TOK1": {
                "word_type": "PREP",
                "word_form": "Für",
                "lemma": "für",
                "POS_STTS": "APPR",
                "index": "6",
                "dep_rel": "pp",
                "head_index": "5",
                "parser_morph_features": "Acc"
            }
        },
        "TOK_info": {
            "TOK1": {
                "word_type": "N",
                "word_form": "Herren",
                "lemma": "Herr",
                "POS_STTS": "NN",
                "index": "5",
                "dep_rel": "cj",
                "head_index": "4",
                "parser_morph_features": "Masc|_|_",
                "possible_morph_features": []
            }
        },
        "relations": {}
    },
    {
        "file_ID": "1091_0000039",
        "sent_NP_ID": "1_3",
        "sentence": "Sehr geehrte Damen und Herren Für meine Familie die besteht drei Zimmer Erwachsene und Kind Suche ich Die Zimmer Wohnung mit ainem balkon der im Hof besteht Die Miete muss mhrr als Drei hundert ( 300 ) seain Mit froidlihen Grussen Herr Winkelmann P.S.",
        "metadata": {
            "corpus": "MERLIN_DE"
        },
        "NP_info": {
            "len_np": 2,
            "coordination": null
        },
        "HEAD_info": {
            "head": {
                "H_TOK1": {
                    "word_type": "PREP",
                    "word_form": "Für",
                    "lemma": "für",
                    "POS_STTS": "APPR",
                    "index": "6",
                    "dep_rel": "pp",
                    "head_index": "5",
                    "parser_morph_features": "Acc"
                }
            },
            "super_head": {
                "SH_TOK1": {
                    "word_type": "N",
                    "word_form": "Herren",
                    "lemma": "Herr",
                    "POS_STTS": "NN",
                    "index": "5",
                    "dep_rel": "cj",
                    "head_index": "4",
                    "parser_morph_features": "Masc|_|_"
                }
            }
        },
        "POST_info": {},
        "TOK_info": {
            "TOK1": {
                "word_type": "ART",
                "word_form": "meine",
                "lemma": "meine",
                "POS_STTS": "PPOSAT",
                "index": "7",
                "dep_rel": "det",
                "head_index": "8",
                "parser_morph_features": "Fem|Acc|Sg",
                "possible_morph_features": []
            },
            "TOK2": {
                "word_type": "N",
                "word_form": "Familie",
                "lemma": "Familie",
                "POS_STTS": "NN",
                "index": "8",
                "dep_rel": "pn",
                "head_index": "6",
                "parser_morph_features": "Fem|Acc|Sg",
                "possible_morph_features": []
            }
        },
        "relations": {
            "rel_1": {
                "rel_type": "must_agree",
                "involved": [
                    "TOK2",
                    "TOK1"
                ],
                "ruler": "TOK2",
                "possible_agreement": null
            }
        }
    },
    {
        "file_ID": "1091_0000039",
        "sent_NP_ID": "1_4",
        "sentence": "Sehr geehrte Damen und Herren Für meine Familie die besteht drei Zimmer Erwachsene und Kind Suche ich Die Zimmer Wohnung mit ainem balkon der im Hof besteht Die Miete muss mhrr als Drei hundert ( 300 ) seain Mit froidlihen Grussen Herr Winkelmann P.S.",
        "metadata": {
            "corpus": "MERLIN_DE"
        },
        "NP_info": {
            "len_np": 2,
            "coordination": [
                "1_4",
                "1_5",
                "1_6"
            ]
        },
        "HEAD_info": {
            "head": {
                "H_TOK1": {
                    "word_type": "V",
                    "word_form": "besteht",
                    "lemma": "bestehen",
                    "POS_STTS": "VVFIN",
                    "index": "10",
                    "dep_rel": "root",
                    "head_index": "0",
                    "parser_morph_features": "_|_|Pres|Ind"
                }
            },
            "super_head": {}
        },
        "POST_info": {
            "P_TOK1": {
                "word_type": "N",
                "word_form": "Erwachsene",
                "lemma": "Erwachsene",
                "POS_STTS": "NN",
                "index": "13",
                "dep_rel": "app",
                "head_index": "12",
                "parser_morph_features": "_|Nom|_"
            }
        },
        "TOK_info": {
            "TOK1": {
                "word_type": "CARD",
                "word_form": "drei",
                "lemma": "drei",
                "POS_STTS": "CARD",
                "index": "11",
                "dep_rel": "attr",
                "head_index": "12",
                "parser_morph_features": "_",
                "possible_morph_features": []
            },
            "TOK2": {
                "word_type": "N",
                "word_form": "Zimmer",
                "lemma": "Zimmer",
                "POS_STTS": "NN",
                "index": "12",
                "dep_rel": "subj",
                "head_index": "10",
                "parser_morph_features": "_|Nom|Pl",
                "possible_morph_features": []
            }
        },
        "relations": {}
    },
    {
        "file_ID": "1091_0000039",
        "sent_NP_ID": "1_5",
        "sentence": "Sehr geehrte Damen und Herren Für meine Familie die besteht drei Zimmer Erwachsene und Kind Suche ich Die Zimmer Wohnung mit ainem balkon der im Hof besteht Die Miete muss mhrr als Drei hundert ( 300 ) seain Mit froidlihen Grussen Herr Winkelmann P.S.",
        "metadata": {
            "corpus": "MERLIN_DE"
        },
        "NP_info": {
            "len_np": 1,
            "coordination": [
                "1_4",
                "1_5",
                "1_6"
            ]
        },
        "HEAD_info": {
            "head": {
                "H_TOK1": {
                    "word_type": "N",
                    "word_form": "Zimmer",
                    "lemma": "Zimmer",
                    "POS_STTS": "NN",
                    "index": "12",
                    "dep_rel": "subj",
                    "head_index": "10",
                    "parser_morph_features": "_|Nom|Pl"
                }
            },
            "super_head": {
                "SH_TOK1": {
                    "word_type": "V",
                    "word_form": "besteht",
                    "lemma": "bestehen",
                    "POS_STTS": "VVFIN",
                    "index": "10",
                    "dep_rel": "root",
                    "head_index": "0",
                    "parser_morph_features": "_|_|Pres|Ind"
                }
            }
        },
        "POST_info": {},
        "TOK_info": {
            "TOK1": {
                "word_type": "N",
                "word_form": "Erwachsene",
                "lemma": "Erwachsene",
                "POS_STTS": "NN",
                "index": "13",
                "dep_rel": "app",
                "head_index": "12",
                "parser_morph_features": "_|Nom|_",
                "possible_morph_features": []
            }
        },
        "relations": {}
    },
    {
        "file_ID": "1091_0000039",
        "sent_NP_ID": "1_6",
        "sentence": "Sehr geehrte Damen und Herren Für meine Familie die besteht drei Zimmer Erwachsene und Kind Suche ich Die Zimmer Wohnung mit ainem balkon der im Hof besteht Die Miete muss mhrr als Drei hundert ( 300 ) seain Mit froidlihen Grussen Herr Winkelmann P.S.",
        "metadata": {
            "corpus": "MERLIN_DE"
        },
        "NP_info": {
            "len_np": 1,
            "coordination": [
                "1_4",
                "1_5",
                "1_6"
            ]
        },
        "HEAD_info": {
            "head": {
                "H_TOK1": {
                    "word_type": "KON",
                    "word_form": "und",
                    "lemma": "und",
                    "POS_STTS": "KON",
                    "index": "14",
                    "dep_rel": "kon",
                    "head_index": "13",
                    "parser_morph_features": "_"
                }
            },
            "super_head": {
                "SH_TOK1": {
                    "word_type": "N",
                    "word_form": "Erwachsene",
                    "lemma": "Erwachsene",
                    "POS_STTS": "NN",
                    "index": "13",
                    "dep_rel": "app",
                    "head_index": "12",
                    "parser_morph_features": "_|Nom|_"
                }
            }
        },
        "POST_info": {},
        "TOK_info": {
            "TOK1": {
                "word_type": "N",
                "word_form": "Kind",
                "lemma": "Kind",
                "POS_STTS": "NN",
                "index": "15",
                "dep_rel": "cj",
                "head_index": "14",
                "parser_morph_features": "Neut|Nom|Sg",
                "possible_morph_features": []
            }
        },
        "relations": {}
    },
    {
        "file_ID": "1091_0000039",
        "sent_NP_ID": "1_7",
        "sentence": "Sehr geehrte Damen und Herren Für meine Familie die besteht drei Zimmer Erwachsene und Kind Suche ich Die Zimmer Wohnung mit ainem balkon der im Hof besteht Die Miete muss mhrr als Drei hundert ( 300 ) seain Mit froidlihen Grussen Herr Winkelmann P.S.",
        "metadata": {
            "corpus": "MERLIN_DE"
        },
        "NP_info": {
            "len_np": 2,
            "coordination": null
        },
        "HEAD_info": {
            "head": {
                "H_TOK1": {
                    "word_type": "V",
                    "word_form": "Suche",
                    "lemma": "suchen",
                    "POS_STTS": "VVFIN",
                    "index": "16",
                    "dep_rel": "root",
                    "head_index": "0",
                    "parser_morph_features": "1|Sg|Pres|_"
                }
            },
            "super_head": {}
        },
        "POST_info": {
            "P_TOK1": {
                "word_type": "N",
                "word_form": "Wohnung",
                "lemma": "Wohnung",
                "POS_STTS": "NN",
                "index": "20",
                "dep_rel": "app",
                "head_index": "19",
                "parser_morph_features": "Fem|Acc|Sg"
            }
        },
        "TOK_info": {
            "TOK1": {
                "word_type": "ART",
                "word_form": "Die",
                "lemma": "die",
                "POS_STTS": "ART",
                "index": "18",
                "dep_rel": "det",
                "head_index": "19",
                "parser_morph_features": "Def|Fem|Acc|Sg",
                "possible_morph_features": []
            },
            "TOK2": {
                "word_type": "N",
                "word_form": "Zimmer",
                "lemma": "Zimmer",
                "POS_STTS": "NN",
                "index": "19",
                "dep_rel": "obja",
                "head_index": "16",
                "parser_morph_features": "Fem|Acc|Sg",
                "possible_morph_features": []
            }
        },
        "relations": {
            "rel_1": {
                "rel_type": "must_agree",
                "involved": [
                    "TOK2",
                    "TOK1"
                ],
                "ruler": "TOK2",
                "possible_agreement": null
            }
        }
    },
    {
        "file_ID": "1091_0000039",
        "sent_NP_ID": "1_8",
        "sentence": "Sehr geehrte Damen und Herren Für meine Familie die besteht drei Zimmer Erwachsene und Kind Suche ich Die Zimmer Wohnung mit ainem balkon der im Hof besteht Die Miete muss mhrr als Drei hundert ( 300 ) seain Mit froidlihen Grussen Herr Winkelmann P.S.",
        "metadata": {
            "corpus": "MERLIN_DE"
        },
        "NP_info": {
            "len_np": 1,
            "coordination": null
        },
        "HEAD_info": {
            "head": {
                "H_TOK1": {
                    "word_type": "N",
                    "word_form": "Zimmer",
                    "lemma": "Zimmer",
                    "POS_STTS": "NN",
                    "index": "19",
                    "dep_rel": "obja",
                    "head_index": "16",
                    "parser_morph_features": "Fem|Acc|Sg"
                }
            },
            "super_head": {
                "SH_TOK1": {
                    "word_type": "V",
                    "word_form": "Suche",
                    "lemma": "suchen",
                    "POS_STTS": "VVFIN",
                    "index": "16",
                    "dep_rel": "root",
                    "head_index": "0",
                    "parser_morph_features": "1|Sg|Pres|_"
                }
            }
        },
        "POST_info": {},
        "TOK_info": {
            "TOK1": {
                "word_type": "N",
                "word_form": "Wohnung",
                "lemma": "Wohnung",
                "POS_STTS": "NN",
                "index": "20",
                "dep_rel": "app",
                "head_index": "19",
                "parser_morph_features": "Fem|Acc|Sg",
                "possible_morph_features": []
            }
        },
        "relations": {}
    },
    {
        "file_ID": "1091_0000039",
        "sent_NP_ID": "1_9",
        "sentence": "Sehr geehrte Damen und Herren Für meine Familie die besteht drei Zimmer Erwachsene und Kind Suche ich Die Zimmer Wohnung mit ainem balkon der im Hof besteht Die Miete muss mhrr als Drei hundert ( 300 ) seain Mit froidlihen Grussen Herr Winkelmann P.S.",
        "metadata": {
            "corpus": "MERLIN_DE"
        },
        "NP_info": {
            "len_np": 1,
            "coordination": null
        },
        "HEAD_info": {
            "head": {
                "H_TOK1": {
                    "word_type": "PREP",
                    "word_form": "im",
                    "lemma": "in",
                    "POS_STTS": "APPRART",
                    "index": "25",
                    "dep_rel": "pp",
                    "head_index": "27",
                    "parser_morph_features": "Dat"
                }
            },
            "super_head": {
                "SH_TOK1": {
                    "word_type": "V",
                    "word_form": "besteht",
                    "lemma": "bestehen",
                    "POS_STTS": "VVFIN",
                    "index": "27",
                    "dep_rel": "root",
                    "head_index": "0",
                    "parser_morph_features": "_|_|Pres|Ind"
                }
            }
        },
        "POST_info": {},
        "TOK_info": {
            "TOK1": {
                "word_type": "N",
                "word_form": "Hof",
                "lemma": "Hof",
                "POS_STTS": "NN",
                "index": "26",
                "dep_rel": "pn",
                "head_index": "25",
                "parser_morph_features": "Masc|Dat|Sg",
                "possible_morph_features": []
            }
        },
        "relations": {
            "rel_1": {
                "rel_type": "must_agree",
                "involved": [
                    "TOK1",
                    "H_TOK1"
                ],
                "ruler": "TOK1",
                "possible_agreement": null
            }
        }
    },
    {
        "file_ID": "1091_0000039",
        "sent_NP_ID": "1_10",
        "sentence": "Sehr geehrte Damen und Herren Für meine Familie die besteht drei Zimmer Erwachsene und Kind Suche ich Die Zimmer Wohnung mit ainem balkon der im Hof besteht Die Miete muss mhrr als Drei hundert ( 300 ) seain Mit froidlihen Grussen Herr Winkelmann P.S.",
        "metadata": {
            "corpus": "MERLIN_DE"
        },
        "NP_info": {
            "len_np": 2,
            "coordination": null
        },
        "HEAD_info": {
            "head": {
                "H_TOK1": {
                    "word_type": "V",
                    "word_form": "muss",
                    "lemma": "müssen",
                    "POS_STTS": "VMFIN",
                    "index": "30",
                    "dep_rel": "root",
                    "head_index": "0",
                    "parser_morph_features": "3|Sg|Pres|Ind"
                }
            },
            "super_head": {}
        },
        "POST_info": {},
        "TOK_info": {
            "TOK1": {
                "word_type": "ART",
                "word_form": "Die",
                "lemma": "die",
                "POS_STTS": "ART",
                "index": "28",
                "dep_rel": "det",
                "head_index": "29",
                "parser_morph_features": "Def|Fem|Nom|Sg",
                "possible_morph_features": []
            },
            "TOK2": {
                "word_type": "N",
                "word_form": "Miete",
                "lemma": "Miete",
                "POS_STTS": "NN",
                "index": "29",
                "dep_rel": "subj",
                "head_index": "30",
                "parser_morph_features": "Fem|Nom|Sg",
                "possible_morph_features": []
            }
        },
        "relations": {
            "rel_1": {
                "rel_type": "must_agree",
                "involved": [
                    "TOK2",
                    "TOK1"
                ],
                "ruler": "TOK2",
                "possible_agreement": null
            }
        }
    },
    {
        "file_ID": "1091_0000039",
        "sent_NP_ID": "1_11",
        "sentence": "Sehr geehrte Damen und Herren Für meine Familie die besteht drei Zimmer Erwachsene und Kind Suche ich Die Zimmer Wohnung mit ainem balkon der im Hof besteht Die Miete muss mhrr als Drei hundert ( 300 ) seain Mit froidlihen Grussen Herr Winkelmann P.S.",
        "metadata": {
            "corpus": "MERLIN_DE"
        },
        "NP_info": {
            "len_np": 1,
            "coordination": null
        },
        "HEAD_info": {
            "head": {
                "H_TOK1": {
                    "word_type": "PREP",
                    "word_form": "Mit",
                    "lemma": "mit",
                    "POS_STTS": "APPR",
                    "index": "39",
                    "dep_rel": "pp",
                    "head_index": "30",
                    "parser_morph_features": "Dat"
                }
            },
            "super_head": {
                "SH_TOK1": {
                    "word_type": "V",
                    "word_form": "muss",
                    "lemma": "müssen",
                    "POS_STTS": "VMFIN",
                    "index": "30",
                    "dep_rel": "root",
                    "head_index": "0",
                    "parser_morph_features": "3|Sg|Pres|Ind"
                }
            }
        },
        "POST_info": {
            "P_TOK1": {
                "word_type": "N",
                "word_form": "Grussen",
                "lemma": "Grussen",
                "POS_STTS": "NE",
                "index": "41",
                "dep_rel": "app",
                "head_index": "40",
                "parser_morph_features": "_|Dat|_"
            }
        },
        "TOK_info": {
            "TOK1": {
                "word_type": "N",
                "word_form": "froidlihen",
                "lemma": "froidlihen",
                "POS_STTS": "NE",
                "index": "40",
                "dep_rel": "pn",
                "head_index": "39",
                "parser_morph_features": "_|Dat|_",
                "possible_morph_features": []
            }
        },
        "relations": {}
    },
    {
        "file_ID": "1091_0000039",
        "sent_NP_ID": "1_12",
        "sentence": "Sehr geehrte Damen und Herren Für meine Familie die besteht drei Zimmer Erwachsene und Kind Suche ich Die Zimmer Wohnung mit ainem balkon der im Hof besteht Die Miete muss mhrr als Drei hundert ( 300 ) seain Mit froidlihen Grussen Herr Winkelmann P.S.",
        "metadata": {
            "corpus": "MERLIN_DE"
        },
        "NP_info": {
            "len_np": 1,
            "coordination": null
        },
        "HEAD_info": {
            "head": {
                "H_TOK1": {
                    "word_type": "N",
                    "word_form": "froidlihen",
                    "lemma": "froidlihen",
                    "POS_STTS": "NE",
                    "index": "40",
                    "dep_rel": "pn",
                    "head_index": "39",
                    "parser_morph_features": "_|Dat|_"
                }
            },
            "super_head": {
                "SH_TOK1": {
                    "word_type": "PREP",
                    "word_form": "Mit",
                    "lemma": "mit",
                    "POS_STTS": "APPR",
                    "index": "39",
                    "dep_rel": "pp",
                    "head_index": "30",
                    "parser_morph_features": "Dat"
                }
            }
        },
        "POST_info": {},
        "TOK_info": {
            "TOK1": {
                "word_type": "N",
                "word_form": "Grussen",
                "lemma": "Grussen",
                "POS_STTS": "NE",
                "index": "41",
                "dep_rel": "app",
                "head_index": "40",
                "parser_morph_features": "_|Dat|_",
                "possible_morph_features": []
            }
        },
        "relations": {}
    },
    {
        "file_ID": "1091_0000039",
        "sent_NP_ID": "1_13",
        "sentence": "Sehr geehrte Damen und Herren Für meine Familie die besteht drei Zimmer Erwachsene und Kind Suche ich Die Zimmer Wohnung mit ainem balkon der im Hof besteht Die Miete muss mhrr als Drei hundert ( 300 ) seain Mit froidlihen Grussen Herr Winkelmann P.S.",
        "metadata": {
            "corpus": "MERLIN_DE"
        },
        "NP_info": {
            "len_np": 1,
            "coordination": null
        },
        "HEAD_info": {
            "head": {
                "H_TOK1": {
                    "word_type": "V",
                    "word_form": "muss",
                    "lemma": "müssen",
                    "POS_STTS": "VMFIN",
                    "index": "30",
                    "dep_rel": "root",
                    "head_index": "0",
                    "parser_morph_features": "3|Sg|Pres|Ind"
                }
            },
            "super_head": {}
        },
        "POST_info": {
            "P_TOK1": {
                "word_type": "N",
                "word_form": "Winkelmann",
                "lemma": "Winkelmann",
                "POS_STTS": "NE",
                "index": "43",
                "dep_rel": "app",
                "head_index": "42",
                "parser_morph_features": "Neut|Acc|Sg"
            }
        },
        "TOK_info": {
            "TOK1": {
                "word_type": "N",
                "word_form": "Herr",
                "lemma": "Herr",
                "POS_STTS": "NN",
                "index": "42",
                "dep_rel": "obja",
                "head_index": "30",
                "parser_morph_features": "Masc|Acc|Sg",
                "possible_morph_features": []
            }
        },
        "relations": {}
    },
    {
        "file_ID": "1091_0000039",
        "sent_NP_ID": "1_14",
        "sentence": "Sehr geehrte Damen und Herren Für meine Familie die besteht drei Zimmer Erwachsene und Kind Suche ich Die Zimmer Wohnung mit ainem balkon der im Hof besteht Die Miete muss mhrr als Drei hundert ( 300 ) seain Mit froidlihen Grussen Herr Winkelmann P.S.",
        "metadata": {
            "corpus": "MERLIN_DE"
        },
        "NP_info": {
            "len_np": 1,
            "coordination": null
        },
        "HEAD_info": {
            "head": {
                "H_TOK1": {
                    "word_type": "N",
                    "word_form": "Herr",
                    "lemma": "Herr",
                    "POS_STTS": "NN",
                    "index": "42",
                    "dep_rel": "obja",
                    "head_index": "30",
                    "parser_morph_features": "Masc|Acc|Sg"
                }
            },
            "super_head": {
                "SH_TOK1": {
                    "word_type": "V",
                    "word_form": "muss",
                    "lemma": "müssen",
                    "POS_STTS": "VMFIN",
                    "index": "30",
                    "dep_rel": "root",
                    "head_index": "0",
                    "parser_morph_features": "3|Sg|Pres|Ind"
                }
            }
        },
        "POST_info": {
            "P_TOK1": {
                "word_type": "N",
                "word_form": "P.S.",
                "lemma": "P.S.",
                "POS_STTS": "NN",
                "index": "44",
                "dep_rel": "app",
                "head_index": "43",
                "parser_morph_features": "Neut|Acc|Sg"
            }
        },
        "TOK_info": {
            "TOK1": {
                "word_type": "N",
                "word_form": "Winkelmann",
                "lemma": "Winkelmann",
                "POS_STTS": "NE",
                "index": "43",
                "dep_rel": "app",
                "head_index": "42",
                "parser_morph_features": "Neut|Acc|Sg",
                "possible_morph_features": []
            }
        },
        "relations": {}
    },
    {
        "file_ID": "1091_0000039",
        "sent_NP_ID": "1_15",
        "sentence": "Sehr geehrte Damen und Herren Für meine Familie die besteht drei Zimmer Erwachsene und Kind Suche ich Die Zimmer Wohnung mit ainem balkon der im Hof besteht Die Miete muss mhrr als Drei hundert ( 300 ) seain Mit froidlihen Grussen Herr Winkelmann P.S.",
        "metadata": {
            "corpus": "MERLIN_DE"
        },
        "NP_info": {
            "len_np": 1,
            "coordination": null
        },
        "HEAD_info": {
            "head": {
                "H_TOK1": {
                    "word_type": "N",
                    "word_form": "Winkelmann",
                    "lemma": "Winkelmann",
                    "POS_STTS": "NE",
                    "index": "43",
                    "dep_rel": "app",
                    "head_index": "42",
                    "parser_morph_features": "Neut|Acc|Sg"
                }
            },
            "super_head": {
                "SH_TOK1": {
                    "word_type": "N",
                    "word_form": "Herr",
                    "lemma": "Herr",
                    "POS_STTS": "NN",
                    "index": "42",
                    "dep_rel": "obja",
                    "head_index": "30",
                    "parser_morph_features": "Masc|Acc|Sg"
                }
            }
        },
        "POST_info": {},
        "TOK_info": {
            "TOK1": {
                "word_type": "N",
                "word_form": "P.S.",
                "lemma": "P.S.",
                "POS_STTS": "NN",
                "index": "44",
                "dep_rel": "app",
                "head_index": "43",
                "parser_morph_features": "Neut|Acc|Sg",
                "possible_morph_features": []
            }
        },
        "relations": {}
    },
    {
        "file_ID": "1091_0000039",
        "sent_NP_ID": "2_16",
        "sentence": "und Garage .",
        "metadata": {
            "corpus": "MERLIN_DE"
        },
        "NP_info": {
            "len_np": 1,
            "coordination": null
        },
        "HEAD_info": {
            "head": {
                "H_TOK1": {
                    "word_type": "KON",
                    "word_form": "und",
                    "lemma": "und",
                    "POS_STTS": "KON",
                    "index": "1",
                    "dep_rel": "root",
                    "head_index": "0",
                    "parser_morph_features": "_"
                }
            },
            "super_head": {}
        },
        "POST_info": {},
        "TOK_info": {
            "TOK1": {
                "word_type": "N",
                "word_form": "Garage",
                "lemma": "Garage",
                "POS_STTS": "NN",
                "index": "2",
                "dep_rel": "cj",
                "head_index": "1",
                "parser_morph_features": "Fem|_|Sg",
                "possible_morph_features": []
            }
        },
        "relations": {}
    }
]