[
    {
        "file_ID": "1091_0000064",
        "sent_NP_ID": "1_1",
        "sentence": "Stadt X 06.01.012 Leibe Maria In paar tag bin ich nicht Zu Hause .",
        "metadata": {
            "corpus": "MERLIN_DE"
        },
        "NP_info": {
            "len_np": 1,
            "coordination": null
        },
        "HEAD_info": {
            "head": {},
            "super_head": {}
        },
        "POST_info": {
            "P_TOK1": {
                "word_type": "N",
                "word_form": "X",
                "lemma": "X",
                "POS_STTS": "NE",
                "index": "2",
                "dep_rel": "app",
                "head_index": "1",
                "parser_morph_features": "Fem|_|Sg"
            }
        },
        "TOK_info": {
            "TOK1": {
                "word_type": "N",
                "word_form": "Stadt",
                "lemma": "Stadt",
                "POS_STTS": "NN",
                "index": "1",
                "dep_rel": "root",
                "head_index": "0",
                "parser_morph_features": "Fem|_|Sg",
                "possible_morph_features": []
            }
        },
        "relations": {}
    },
    {
        "file_ID": "1091_0000064",
        "sent_NP_ID": "1_2",
        "sentence": "Stadt X 06.01.012 Leibe Maria In paar tag bin ich nicht Zu Hause .",
        "metadata": {
            "corpus": "MERLIN_DE"
        },
        "NP_info": {
            "len_np": 1,
            "coordination": null
        },
        "HEAD_info": {
            "head": {
                "H_TOK1": {
                    "word_type": "N",
                    "word_form": "Stadt",
                    "lemma": "Stadt",
                    "POS_STTS": "NN",
                    "index": "1",
                    "dep_rel": "root",
                    "head_index": "0",
                    "parser_morph_features": "Fem|_|Sg"
                }
            },
            "super_head": {}
        },
        "POST_info": {
            "P_TOK1": {
                "word_type": "CARD",
                "word_form": "06.01.012",
                "lemma": "06.01.012",
                "POS_STTS": "CARD",
                "index": "3",
                "dep_rel": "app",
                "head_index": "2",
                "parser_morph_features": "_"
            }
        },
        "TOK_info": {
            "TOK1": {
                "word_type": "N",
                "word_form": "X",
                "lemma": "X",
                "POS_STTS": "NE",
                "index": "2",
                "dep_rel": "app",
                "head_index": "1",
                "parser_morph_features": "Fem|_|Sg",
                "possible_morph_features": []
            }
        },
        "relations": {}
    },
    {
        "file_ID": "1091_0000064",
        "sent_NP_ID": "1_3",
        "sentence": "Stadt X 06.01.012 Leibe Maria In paar tag bin ich nicht Zu Hause .",
        "metadata": {
            "corpus": "MERLIN_DE"
        },
        "NP_info": {
            "len_np": 1,
            "coordination": null
        },
        "HEAD_info": {
            "head": {
                "H_TOK1": {
                    "word_type": "V",
                    "word_form": "bin",
                    "lemma": "sein",
                    "POS_STTS": "VAFIN",
                    "index": "9",
                    "dep_rel": "root",
                    "head_index": "0",
                    "parser_morph_features": "1|Sg|Pres|Ind"
                }
            },
            "super_head": {}
        },
        "POST_info": {
            "P_TOK1": {
                "word_type": "N",
                "word_form": "Maria",
                "lemma": "Maria",
                "POS_STTS": "NE",
                "index": "5",
                "dep_rel": "app",
                "head_index": "4",
                "parser_morph_features": "_|Dat|Sg"
            },
            "P_TOK2": {
                "word_type": "PREP",
                "word_form": "In",
                "lemma": "in",
                "POS_STTS": "APPR",
                "index": "6",
                "dep_rel": "pp",
                "head_index": "4",
                "parser_morph_features": "_"
            }
        },
        "TOK_info": {
            "TOK1": {
                "word_type": "N",
                "word_form": "Leibe",
                "lemma": "Leib",
                "POS_STTS": "NN",
                "index": "4",
                "dep_rel": "objd",
                "head_index": "9",
                "parser_morph_features": "Masc|Dat|Sg",
                "possible_morph_features": []
            }
        },
        "relations": {}
    },
    {
        "file_ID": "1091_0000064",
        "sent_NP_ID": "1_4",
        "sentence": "Stadt X 06.01.012 Leibe Maria In paar tag bin ich nicht Zu Hause .",
        "metadata": {
            "corpus": "MERLIN_DE"
        },
        "NP_info": {
            "len_np": 1,
            "coordination": null
        },
        "HEAD_info": {
            "head": {
                "H_TOK1": {
                    "word_type": "N",
                    "word_form": "Leibe",
                    "lemma": "Leib",
                    "POS_STTS": "NN",
                    "index": "4",
                    "dep_rel": "objd",
                    "head_index": "9",
                    "parser_morph_features": "Masc|Dat|Sg"
                }
            },
            "super_head": {
                "SH_TOK1": {
                    "word_type": "V",
                    "word_form": "bin",
                    "lemma": "sein",
                    "POS_STTS": "VAFIN",
                    "index": "9",
                    "dep_rel": "root",
                    "head_index": "0",
                    "parser_morph_features": "1|Sg|Pres|Ind"
                }
            }
        },
        "POST_info": {},
        "TOK_info": {
            "TOK1": {
                "word_type": "N",
                "word_form": "Maria",
                "lemma": "Maria",
                "POS_STTS": "NE",
                "index": "5",
                "dep_rel": "app",
                "head_index": "4",
                "parser_morph_features": "_|Dat|Sg",
                "possible_morph_features": []
            }
        },
        "relations": {}
    },
    {
        "file_ID": "1091_0000064",
        "sent_NP_ID": "1_5",
        "sentence": "Stadt X 06.01.012 Leibe Maria In paar tag bin ich nicht Zu Hause .",
        "metadata": {
            "corpus": "MERLIN_DE"
        },
        "NP_info": {
            "len_np": 2,
            "coordination": null
        },
        "HEAD_info": {
            "head": {
                "H_TOK1": {
                    "word_type": "PREP",
                    "word_form": "In",
                    "lemma": "in",
                    "POS_STTS": "APPR",
                    "index": "6",
                    "dep_rel": "pp",
                    "head_index": "4",
                    "parser_morph_features": "_"
                }
            },
            "super_head": {
                "SH_TOK1": {
                    "word_type": "N",
                    "word_form": "Leibe",
                    "lemma": "Leib",
                    "POS_STTS": "NN",
                    "index": "4",
                    "dep_rel": "objd",
                    "head_index": "9",
                    "parser_morph_features": "Masc|Dat|Sg"
                }
            }
        },
        "POST_info": {},
        "TOK_info": {
            "TOK1": {
                "word_type": "ART",
                "word_form": "paar",
                "lemma": "paar",
                "POS_STTS": "PIDAT",
                "index": "7",
                "dep_rel": "det",
                "head_index": "8",
                "parser_morph_features": "_|_|_",
                "possible_morph_features": []
            },
            "TOK2": {
                "word_type": "N",
                "word_form": "tag",
                "lemma": "tag",
                "POS_STTS": "NN",
                "index": "8",
                "dep_rel": "pn",
                "head_index": "6",
                "parser_morph_features": "_|_|_",
                "possible_morph_features": []
            }
        },
        "relations": {
            "rel_1": {
                "rel_type": "must_agree",
                "involved": [
                    "TOK2",
                    "TOK1"
                ],
                "ruler": "TOK2",
                "possible_agreement": null
            }
        }
    },
    {
        "file_ID": "1091_0000064",
        "sent_NP_ID": "1_6",
        "sentence": "Stadt X 06.01.012 Leibe Maria In paar tag bin ich nicht Zu Hause .",
        "metadata": {
            "corpus": "MERLIN_DE"
        },
        "NP_info": {
            "len_np": 1,
            "coordination": null
        },
        "HEAD_info": {
            "head": {
                "H_TOK1": {
                    "word_type": "PREP",
                    "word_form": "Zu",
                    "lemma": "zu",
                    "POS_STTS": "APPR",
                    "index": "12",
                    "dep_rel": "pp",
                    "head_index": "9",
                    "parser_morph_features": "Dat"
                }
            },
            "super_head": {
                "SH_TOK1": {
                    "word_type": "V",
                    "word_form": "bin",
                    "lemma": "sein",
                    "POS_STTS": "VAFIN",
                    "index": "9",
                    "dep_rel": "root",
                    "head_index": "0",
                    "parser_morph_features": "1|Sg|Pres|Ind"
                }
            }
        },
        "POST_info": {},
        "TOK_info": {
            "TOK1": {
                "word_type": "N",
                "word_form": "Hause",
                "lemma": "Haus",
                "POS_STTS": "NN",
                "index": "13",
                "dep_rel": "pn",
                "head_index": "12",
                "parser_morph_features": "Neut|Dat|Sg",
                "possible_morph_features": []
            }
        },
        "relations": {}
    },
    {
        "file_ID": "1091_0000064",
        "sent_NP_ID": "2_7",
        "sentence": "Ich gehe meine Tante besuchen , vor vier tage .",
        "metadata": {
            "corpus": "MERLIN_DE"
        },
        "NP_info": {
            "len_np": 2,
            "coordination": null
        },
        "HEAD_info": {
            "head": {
                "H_TOK1": {
                    "word_type": "V",
                    "word_form": "besuchen",
                    "lemma": "besuchen",
                    "POS_STTS": "VVFIN",
                    "index": "5",
                    "dep_rel": "root",
                    "head_index": "0",
                    "parser_morph_features": "_|Pl|Pres|_"
                }
            },
            "super_head": {}
        },
        "POST_info": {},
        "TOK_info": {
            "TOK1": {
                "word_type": "ART",
                "word_form": "meine",
                "lemma": "meine",
                "POS_STTS": "PPOSAT",
                "index": "3",
                "dep_rel": "det",
                "head_index": "4",
                "parser_morph_features": "Fem|Acc|Sg",
                "possible_morph_features": []
            },
            "TOK2": {
                "word_type": "N",
                "word_form": "Tante",
                "lemma": "Tante",
                "POS_STTS": "NN",
                "index": "4",
                "dep_rel": "obja",
                "head_index": "5",
                "parser_morph_features": "Fem|Acc|Sg",
                "possible_morph_features": []
            }
        },
        "relations": {
            "rel_1": {
                "rel_type": "must_agree",
                "involved": [
                    "TOK2",
                    "TOK1"
                ],
                "ruler": "TOK2",
                "possible_agreement": null
            }
        }
    },
    {
        "file_ID": "1091_0000064",
        "sent_NP_ID": "3_8",
        "sentence": "Ich wollte dir fragen ob du Konntet mein Hund aufpasen Ich farhe um Samstag bis Mittwoch bin ich zurück , Bitte rufe mich an wenn get Ich frohe mich viele dank für diene hilfe mit freundlichen Grüßen Julia",
        "metadata": {
            "corpus": "MERLIN_DE"
        },
        "NP_info": {
            "len_np": 2,
            "coordination": null
        },
        "HEAD_info": {
            "head": {
                "H_TOK1": {
                    "word_type": "V",
                    "word_form": "aufpasen",
                    "lemma": "aufpasen",
                    "POS_STTS": "VVFIN",
                    "index": "10",
                    "dep_rel": "root",
                    "head_index": "0",
                    "parser_morph_features": "_|Sg|_|_"
                }
            },
            "super_head": {}
        },
        "POST_info": {},
        "TOK_info": {
            "TOK1": {
                "word_type": "ART",
                "word_form": "mein",
                "lemma": "meine",
                "POS_STTS": "PPOSAT",
                "index": "8",
                "dep_rel": "det",
                "head_index": "9",
                "parser_morph_features": "Masc|Nom|Sg",
                "possible_morph_features": []
            },
            "TOK2": {
                "word_type": "N",
                "word_form": "Hund",
                "lemma": "Hund",
                "POS_STTS": "NN",
                "index": "9",
                "dep_rel": "subj",
                "head_index": "10",
                "parser_morph_features": "Masc|Nom|Sg",
                "possible_morph_features": []
            }
        },
        "relations": {
            "rel_1": {
                "rel_type": "must_agree",
                "involved": [
                    "TOK2",
                    "TOK1"
                ],
                "ruler": "TOK2",
                "possible_agreement": null
            }
        }
    },
    {
        "file_ID": "1091_0000064",
        "sent_NP_ID": "3_9",
        "sentence": "Ich wollte dir fragen ob du Konntet mein Hund aufpasen Ich farhe um Samstag bis Mittwoch bin ich zurück , Bitte rufe mich an wenn get Ich frohe mich viele dank für diene hilfe mit freundlichen Grüßen Julia",
        "metadata": {
            "corpus": "MERLIN_DE"
        },
        "NP_info": {
            "len_np": 1,
            "coordination": null
        },
        "HEAD_info": {
            "head": {
                "H_TOK1": {
                    "word_type": "V",
                    "word_form": "bin",
                    "lemma": "sein",
                    "POS_STTS": "VAFIN",
                    "index": "17",
                    "dep_rel": "root",
                    "head_index": "0",
                    "parser_morph_features": "1|Sg|Pres|Ind",
                    "lemma_split_verb": "zurücksein"
                },
                "H_TOK2": {
                    "word_type": "PTKVZ",
                    "word_form": "zurück",
                    "lemma": "zurück",
                    "POS_STTS": "PTKVZ",
                    "index": "19",
                    "dep_rel": "avz",
                    "head_index": "17",
                    "parser_morph_features": "_"
                }
            },
            "super_head": {}
        },
        "POST_info": {
            "P_TOK1": {
                "word_type": "PREP",
                "word_form": "um",
                "lemma": "um",
                "POS_STTS": "APPR",
                "index": "13",
                "dep_rel": "pp",
                "head_index": "12",
                "parser_morph_features": "Acc"
            }
        },
        "TOK_info": {
            "TOK1": {
                "word_type": "N",
                "word_form": "farhe",
                "lemma": "farhe",
                "POS_STTS": "NN",
                "index": "12",
                "dep_rel": "obja",
                "head_index": "17",
                "parser_morph_features": "_|_|_",
                "possible_morph_features": []
            }
        },
        "relations": {}
    },
    {
        "file_ID": "1091_0000064",
        "sent_NP_ID": "3_10",
        "sentence": "Ich wollte dir fragen ob du Konntet mein Hund aufpasen Ich farhe um Samstag bis Mittwoch bin ich zurück , Bitte rufe mich an wenn get Ich frohe mich viele dank für diene hilfe mit freundlichen Grüßen Julia",
        "metadata": {
            "corpus": "MERLIN_DE"
        },
        "NP_info": {
            "len_np": 1,
            "coordination": null
        },
        "HEAD_info": {
            "head": {
                "H_TOK1": {
                    "word_type": "PREP",
                    "word_form": "um",
                    "lemma": "um",
                    "POS_STTS": "APPR",
                    "index": "13",
                    "dep_rel": "pp",
                    "head_index": "12",
                    "parser_morph_features": "Acc"
                }
            },
            "super_head": {
                "SH_TOK1": {
                    "word_type": "N",
                    "word_form": "farhe",
                    "lemma": "farhe",
                    "POS_STTS": "NN",
                    "index": "12",
                    "dep_rel": "obja",
                    "head_index": "17",
                    "parser_morph_features": "_|_|_"
                }
            }
        },
        "POST_info": {
            "P_TOK1": {
                "word_type": "PREP",
                "word_form": "bis",
                "lemma": "bis",
                "POS_STTS": "APPR",
                "index": "15",
                "dep_rel": "pp",
                "head_index": "14",
                "parser_morph_features": "Acc"
            }
        },
        "TOK_info": {
            "TOK1": {
                "word_type": "N",
                "word_form": "Samstag",
                "lemma": "Samstag",
                "POS_STTS": "NN",
                "index": "14",
                "dep_rel": "pn",
                "head_index": "13",
                "parser_morph_features": "_|Acc|Sg",
                "possible_morph_features": []
            }
        },
        "relations": {}
    },
    {
        "file_ID": "1091_0000064",
        "sent_NP_ID": "3_11",
        "sentence": "Ich wollte dir fragen ob du Konntet mein Hund aufpasen Ich farhe um Samstag bis Mittwoch bin ich zurück , Bitte rufe mich an wenn get Ich frohe mich viele dank für diene hilfe mit freundlichen Grüßen Julia",
        "metadata": {
            "corpus": "MERLIN_DE"
        },
        "NP_info": {
            "len_np": 1,
            "coordination": null
        },
        "HEAD_info": {
            "head": {
                "H_TOK1": {
                    "word_type": "PREP",
                    "word_form": "bis",
                    "lemma": "bis",
                    "POS_STTS": "APPR",
                    "index": "15",
                    "dep_rel": "pp",
                    "head_index": "14",
                    "parser_morph_features": "Acc"
                }
            },
            "super_head": {
                "SH_TOK1": {
                    "word_type": "N",
                    "word_form": "Samstag",
                    "lemma": "Samstag",
                    "POS_STTS": "NN",
                    "index": "14",
                    "dep_rel": "pn",
                    "head_index": "13",
                    "parser_morph_features": "_|Acc|Sg"
                }
            }
        },
        "POST_info": {},
        "TOK_info": {
            "TOK1": {
                "word_type": "N",
                "word_form": "Mittwoch",
                "lemma": "Mittwoch",
                "POS_STTS": "NN",
                "index": "16",
                "dep_rel": "pn",
                "head_index": "15",
                "parser_morph_features": "Masc|Acc|Sg",
                "possible_morph_features": []
            }
        },
        "relations": {}
    },
    {
        "file_ID": "1091_0000064",
        "sent_NP_ID": "3_12",
        "sentence": "Ich wollte dir fragen ob du Konntet mein Hund aufpasen Ich farhe um Samstag bis Mittwoch bin ich zurück , Bitte rufe mich an wenn get Ich frohe mich viele dank für diene hilfe mit freundlichen Grüßen Julia",
        "metadata": {
            "corpus": "MERLIN_DE"
        },
        "NP_info": {
            "len_np": 1,
            "coordination": null
        },
        "HEAD_info": {
            "head": {
                "H_TOK1": {
                    "word_type": "V",
                    "word_form": "rufe",
                    "lemma": "rufen",
                    "POS_STTS": "VVFIN",
                    "index": "22",
                    "dep_rel": "kon",
                    "head_index": "17",
                    "parser_morph_features": "3|Sg|Pres|Subj"
                }
            },
            "super_head": {
                "SH_TOK1": {
                    "word_type": "V",
                    "word_form": "bin",
                    "lemma": "sein",
                    "POS_STTS": "VAFIN",
                    "index": "17",
                    "dep_rel": "root",
                    "head_index": "0",
                    "parser_morph_features": "1|Sg|Pres|Ind",
                    "lemma_split_verb": "zurücksein"
                },
                "SH_TOK2": {
                    "word_type": "PTKVZ",
                    "word_form": "zurück",
                    "lemma": "zurück",
                    "POS_STTS": "PTKVZ",
                    "index": "19",
                    "dep_rel": "avz",
                    "head_index": "17",
                    "parser_morph_features": "_"
                }
            }
        },
        "POST_info": {},
        "TOK_info": {
            "TOK1": {
                "word_type": "N",
                "word_form": "Bitte",
                "lemma": "Bitte",
                "POS_STTS": "NN",
                "index": "21",
                "dep_rel": "subj",
                "head_index": "22",
                "parser_morph_features": "Fem|Nom|Sg",
                "possible_morph_features": []
            }
        },
        "relations": {}
    },
    {
        "file_ID": "1091_0000064",
        "sent_NP_ID": "3_13",
        "sentence": "Ich wollte dir fragen ob du Konntet mein Hund aufpasen Ich farhe um Samstag bis Mittwoch bin ich zurück , Bitte rufe mich an wenn get Ich frohe mich viele dank für diene hilfe mit freundlichen Grüßen Julia",
        "metadata": {
            "corpus": "MERLIN_DE"
        },
        "NP_info": {
            "len_np": 1,
            "coordination": null
        },
        "HEAD_info": {
            "head": {},
            "super_head": {}
        },
        "POST_info": {},
        "TOK_info": {
            "TOK1": {
                "word_type": "N",
                "word_form": "get",
                "lemma": "get",
                "POS_STTS": "NE",
                "index": "26",
                "dep_rel": "root",
                "head_index": "0",
                "parser_morph_features": "_",
                "possible_morph_features": []
            }
        },
        "relations": {}
    },
    {
        "file_ID": "1091_0000064",
        "sent_NP_ID": "3_14",
        "sentence": "Ich wollte dir fragen ob du Konntet mein Hund aufpasen Ich farhe um Samstag bis Mittwoch bin ich zurück , Bitte rufe mich an wenn get Ich frohe mich viele dank für diene hilfe mit freundlichen Grüßen Julia",
        "metadata": {
            "corpus": "MERLIN_DE"
        },
        "NP_info": {
            "len_np": 2,
            "coordination": null
        },
        "HEAD_info": {
            "head": {},
            "super_head": {}
        },
        "POST_info": {
            "P_TOK1": {
                "word_type": "PREP",
                "word_form": "für",
                "lemma": "für",
                "POS_STTS": "APPR",
                "index": "32",
                "dep_rel": "pp",
                "head_index": "31",
                "parser_morph_features": "Acc"
            }
        },
        "TOK_info": {
            "TOK1": {
                "word_type": "ART",
                "word_form": "viele",
                "lemma": "viele",
                "POS_STTS": "PIDAT",
                "index": "30",
                "dep_rel": "det",
                "head_index": "31",
                "parser_morph_features": "_|_|_",
                "possible_morph_features": []
            },
            "TOK2": {
                "word_type": "N",
                "word_form": "dank",
                "lemma": "dank",
                "POS_STTS": "NN",
                "index": "31",
                "dep_rel": "root",
                "head_index": "0",
                "parser_morph_features": "_|_|_",
                "possible_morph_features": []
            }
        },
        "relations": {
            "rel_1": {
                "rel_type": "must_agree",
                "involved": [
                    "TOK2",
                    "TOK1"
                ],
                "ruler": "TOK2",
                "possible_agreement": null
            }
        }
    },
    {
        "file_ID": "1091_0000064",
        "sent_NP_ID": "3_15",
        "sentence": "Ich wollte dir fragen ob du Konntet mein Hund aufpasen Ich farhe um Samstag bis Mittwoch bin ich zurück , Bitte rufe mich an wenn get Ich frohe mich viele dank für diene hilfe mit freundlichen Grüßen Julia",
        "metadata": {
            "corpus": "MERLIN_DE"
        },
        "NP_info": {
            "len_np": 2,
            "coordination": null
        },
        "HEAD_info": {
            "head": {
                "H_TOK1": {
                    "word_type": "PREP",
                    "word_form": "für",
                    "lemma": "für",
                    "POS_STTS": "APPR",
                    "index": "32",
                    "dep_rel": "pp",
                    "head_index": "31",
                    "parser_morph_features": "Acc"
                }
            },
            "super_head": {
                "SH_TOK1": {
                    "word_type": "N",
                    "word_form": "dank",
                    "lemma": "dank",
                    "POS_STTS": "NN",
                    "index": "31",
                    "dep_rel": "root",
                    "head_index": "0",
                    "parser_morph_features": "_|_|_"
                }
            }
        },
        "POST_info": {
            "P_TOK1": {
                "word_type": "PREP",
                "word_form": "mit",
                "lemma": "mit",
                "POS_STTS": "APPR",
                "index": "35",
                "dep_rel": "pp",
                "head_index": "34",
                "parser_morph_features": "Dat"
            }
        },
        "TOK_info": {
            "TOK1": {
                "word_type": "ADJA",
                "word_form": "diene",
                "lemma": "diene",
                "POS_STTS": "ADJA",
                "index": "33",
                "dep_rel": "attr",
                "head_index": "34",
                "parser_morph_features": "_",
                "possible_morph_features": []
            },
            "TOK2": {
                "word_type": "N",
                "word_form": "hilfe",
                "lemma": "hilfe",
                "POS_STTS": "NN",
                "index": "34",
                "dep_rel": "pn",
                "head_index": "32",
                "parser_morph_features": "_|Acc|_",
                "possible_morph_features": []
            }
        },
        "relations": {
            "rel_1": {
                "rel_type": "must_agree",
                "involved": [
                    "TOK2",
                    "TOK1"
                ],
                "ruler": "TOK2",
                "possible_agreement": null
            }
        }
    },
    {
        "file_ID": "1091_0000064",
        "sent_NP_ID": "3_16",
        "sentence": "Ich wollte dir fragen ob du Konntet mein Hund aufpasen Ich farhe um Samstag bis Mittwoch bin ich zurück , Bitte rufe mich an wenn get Ich frohe mich viele dank für diene hilfe mit freundlichen Grüßen Julia",
        "metadata": {
            "corpus": "MERLIN_DE"
        },
        "NP_info": {
            "len_np": 2,
            "coordination": null
        },
        "HEAD_info": {
            "head": {
                "H_TOK1": {
                    "word_type": "PREP",
                    "word_form": "mit",
                    "lemma": "mit",
                    "POS_STTS": "APPR",
                    "index": "35",
                    "dep_rel": "pp",
                    "head_index": "34",
                    "parser_morph_features": "Dat"
                }
            },
            "super_head": {
                "SH_TOK1": {
                    "word_type": "N",
                    "word_form": "hilfe",
                    "lemma": "hilfe",
                    "POS_STTS": "NN",
                    "index": "34",
                    "dep_rel": "pn",
                    "head_index": "32",
                    "parser_morph_features": "_|Acc|_"
                }
            }
        },
        "POST_info": {
            "P_TOK1": {
                "word_type": "N",
                "word_form": "Julia",
                "lemma": "Julia",
                "POS_STTS": "NE",
                "index": "38",
                "dep_rel": "app",
                "head_index": "37",
                "parser_morph_features": "Fem|Dat|Sg"
            }
        },
        "TOK_info": {
            "TOK1": {
                "word_type": "ADJA",
                "word_form": "freundlichen",
                "lemma": "freundlich",
                "POS_STTS": "ADJA",
                "index": "36",
                "dep_rel": "attr",
                "head_index": "37",
                "parser_morph_features": "Pos|_|Dat|_|_|",
                "possible_morph_features": []
            },
            "TOK2": {
                "word_type": "N",
                "word_form": "Grüßen",
                "lemma": "Gruß",
                "POS_STTS": "NN",
                "index": "37",
                "dep_rel": "pn",
                "head_index": "35",
                "parser_morph_features": "_|Dat|_",
                "possible_morph_features": []
            }
        },
        "relations": {
            "rel_1": {
                "rel_type": "must_agree",
                "involved": [
                    "TOK2",
                    "TOK1"
                ],
                "ruler": "TOK2",
                "possible_agreement": null
            }
        }
    },
    {
        "file_ID": "1091_0000064",
        "sent_NP_ID": "3_17",
        "sentence": "Ich wollte dir fragen ob du Konntet mein Hund aufpasen Ich farhe um Samstag bis Mittwoch bin ich zurück , Bitte rufe mich an wenn get Ich frohe mich viele dank für diene hilfe mit freundlichen Grüßen Julia",
        "metadata": {
            "corpus": "MERLIN_DE"
        },
        "NP_info": {
            "len_np": 1,
            "coordination": null
        },
        "HEAD_info": {
            "head": {
                "H_TOK1": {
                    "word_type": "N",
                    "word_form": "Grüßen",
                    "lemma": "Gruß",
                    "POS_STTS": "NN",
                    "index": "37",
                    "dep_rel": "pn",
                    "head_index": "35",
                    "parser_morph_features": "_|Dat|_"
                }
            },
            "super_head": {
                "SH_TOK1": {
                    "word_type": "PREP",
                    "word_form": "mit",
                    "lemma": "mit",
                    "POS_STTS": "APPR",
                    "index": "35",
                    "dep_rel": "pp",
                    "head_index": "34",
                    "parser_morph_features": "Dat"
                }
            }
        },
        "POST_info": {},
        "TOK_info": {
            "TOK1": {
                "word_type": "N",
                "word_form": "Julia",
                "lemma": "Julia",
                "POS_STTS": "NE",
                "index": "38",
                "dep_rel": "app",
                "head_index": "37",
                "parser_morph_features": "Fem|Dat|Sg",
                "possible_morph_features": []
            }
        },
        "relations": {}
    }
]