[
    {
        "file_ID": "1023_0101700",
        "sent_NP_ID": "1_1",
        "sentence": "Sehr geehrter Damen und Herren , Ich habe Ihnen Anzeige über die Vertriebspraktikum gesucht gelesen .",
        "metadata": {
            "corpus": "MERLIN_DE",
            "author": {
                "author_ID": "1023_0101700",
                "L1": "not reported",
                "age": "25",
                "gender": "male"
            },
            "CEFR": {
                "overall_fairRating": "B2",
                "test_level": "B2"
            },
            "task": {
                "formality": "formal",
                "text_type": "letter",
                "topic": "apply for internship in sales department"
            }
        },
        "NP_info": {
            "len_np": 3,
            "coordination": [
                "1_1",
                "1_2"
            ]
        },
        "HEAD_info": {
            "head": {
                "H_TOK1": {
                    "word_type": "V",
                    "word_form": "habe",
                    "lemma": "haben",
                    "POS_STTS": "VAFIN",
                    "index": "8",
                    "dep_rel": "root",
                    "head_index": "0",
                    "parser_morph_features": "1|Sg|Pres|_"
                }
            },
            "super_head": {}
        },
        "POST_info": {},
        "TOK_info": {
            "TOK1": {
                "word_type": "ADV",
                "word_form": "Sehr",
                "lemma": "sehr",
                "POS_STTS": "ADV",
                "index": "1",
                "dep_rel": "adv",
                "head_index": "2",
                "parser_morph_features": "_",
                "possible_morph_features": []
            },
            "TOK2": {
                "word_type": "ADJA",
                "word_form": "geehrter",
                "lemma": "geehrt",
                "POS_STTS": "ADJA",
                "index": "2",
                "dep_rel": "attr",
                "head_index": "3",
                "parser_morph_features": "Pos|Fem|Gen|Pl|St|",
                "possible_morph_features": []
            },
            "TOK3": {
                "word_type": "N",
                "word_form": "Damen",
                "lemma": "Dame",
                "POS_STTS": "NN",
                "index": "3",
                "dep_rel": "vok",
                "head_index": "8",
                "parser_morph_features": "Fem|Gen|Pl",
                "possible_morph_features": []
            }
        },
        "relations": {
            "rel_1": {
                "rel_type": "must_agree",
                "involved": [
                    "TOK3",
                    "TOK2"
                ],
                "ruler": "TOK3",
                "possible_agreement": null
            }
        }
    },
    {
        "file_ID": "1023_0101700",
        "sent_NP_ID": "1_2",
        "sentence": "Sehr geehrter Damen und Herren , Ich habe Ihnen Anzeige über die Vertriebspraktikum gesucht gelesen .",
        "metadata": {
            "corpus": "MERLIN_DE",
            "author": {
                "author_ID": "1023_0101700",
                "L1": "not reported",
                "age": "25",
                "gender": "male"
            },
            "CEFR": {
                "overall_fairRating": "B2",
                "test_level": "B2"
            },
            "task": {
                "formality": "formal",
                "text_type": "letter",
                "topic": "apply for internship in sales department"
            }
        },
        "NP_info": {
            "len_np": 1,
            "coordination": [
                "1_1",
                "1_2"
            ]
        },
        "HEAD_info": {
            "head": {
                "H_TOK1": {
                    "word_type": "KON",
                    "word_form": "und",
                    "lemma": "und",
                    "POS_STTS": "KON",
                    "index": "4",
                    "dep_rel": "kon",
                    "head_index": "3",
                    "parser_morph_features": "_"
                }
            },
            "super_head": {
                "SH_TOK1": {
                    "word_type": "N",
                    "word_form": "Damen",
                    "lemma": "Dame",
                    "POS_STTS": "NN",
                    "index": "3",
                    "dep_rel": "vok",
                    "head_index": "8",
                    "parser_morph_features": "Fem|Gen|Pl"
                }
            }
        },
        "POST_info": {},
        "TOK_info": {
            "TOK1": {
                "word_type": "N",
                "word_form": "Herren",
                "lemma": "Herr",
                "POS_STTS": "NN",
                "index": "5",
                "dep_rel": "cj",
                "head_index": "4",
                "parser_morph_features": "Masc|Gen|_",
                "possible_morph_features": []
            }
        },
        "relations": {}
    },
    {
        "file_ID": "1023_0101700",
        "sent_NP_ID": "1_3",
        "sentence": "Sehr geehrter Damen und Herren , Ich habe Ihnen Anzeige über die Vertriebspraktikum gesucht gelesen .",
        "metadata": {
            "corpus": "MERLIN_DE",
            "author": {
                "author_ID": "1023_0101700",
                "L1": "not reported",
                "age": "25",
                "gender": "male"
            },
            "CEFR": {
                "overall_fairRating": "B2",
                "test_level": "B2"
            },
            "task": {
                "formality": "formal",
                "text_type": "letter",
                "topic": "apply for internship in sales department"
            }
        },
        "NP_info": {
            "len_np": 1,
            "coordination": null
        },
        "HEAD_info": {
            "head": {
                "H_TOK1": {
                    "word_type": "V",
                    "word_form": "gesucht",
                    "lemma": "suchen",
                    "POS_STTS": "VVPP",
                    "index": "14",
                    "dep_rel": "aux",
                    "head_index": "8",
                    "parser_morph_features": "_"
                }
            },
            "super_head": {
                "SH_TOK1": {
                    "word_type": "V",
                    "word_form": "habe",
                    "lemma": "haben",
                    "POS_STTS": "VAFIN",
                    "index": "8",
                    "dep_rel": "root",
                    "head_index": "0",
                    "parser_morph_features": "1|Sg|Pres|_"
                }
            }
        },
        "POST_info": {},
        "TOK_info": {
            "TOK1": {
                "word_type": "N",
                "word_form": "Anzeige",
                "lemma": "Anzeige",
                "POS_STTS": "NN",
                "index": "10",
                "dep_rel": "obja",
                "head_index": "14",
                "parser_morph_features": "Fem|Acc|Sg",
                "possible_morph_features": []
            }
        },
        "relations": {}
    },
    {
        "file_ID": "1023_0101700",
        "sent_NP_ID": "1_4",
        "sentence": "Sehr geehrter Damen und Herren , Ich habe Ihnen Anzeige über die Vertriebspraktikum gesucht gelesen .",
        "metadata": {
            "corpus": "MERLIN_DE",
            "author": {
                "author_ID": "1023_0101700",
                "L1": "not reported",
                "age": "25",
                "gender": "male"
            },
            "CEFR": {
                "overall_fairRating": "B2",
                "test_level": "B2"
            },
            "task": {
                "formality": "formal",
                "text_type": "letter",
                "topic": "apply for internship in sales department"
            }
        },
        "NP_info": {
            "len_np": 2,
            "coordination": null
        },
        "HEAD_info": {
            "head": {
                "H_TOK1": {
                    "word_type": "PREP",
                    "word_form": "über",
                    "lemma": "über",
                    "POS_STTS": "APPR",
                    "index": "11",
                    "dep_rel": "pp",
                    "head_index": "14",
                    "parser_morph_features": "Acc"
                }
            },
            "super_head": {
                "SH_TOK1": {
                    "word_type": "V",
                    "word_form": "gesucht",
                    "lemma": "suchen",
                    "POS_STTS": "VVPP",
                    "index": "14",
                    "dep_rel": "aux",
                    "head_index": "8",
                    "parser_morph_features": "_"
                }
            }
        },
        "POST_info": {},
        "TOK_info": {
            "TOK1": {
                "word_type": "ART",
                "word_form": "die",
                "lemma": "die",
                "POS_STTS": "ART",
                "index": "12",
                "dep_rel": "det",
                "head_index": "13",
                "parser_morph_features": "Def|_|_|_",
                "possible_morph_features": []
            },
            "TOK2": {
                "word_type": "N",
                "word_form": "Vertriebspraktikum",
                "lemma": "Vertriebspraktikum",
                "POS_STTS": "NN",
                "index": "13",
                "dep_rel": "pn",
                "head_index": "11",
                "parser_morph_features": "_|Acc|_",
                "possible_morph_features": []
            }
        },
        "relations": {
            "rel_1": {
                "rel_type": "must_agree",
                "involved": [
                    "TOK2",
                    "TOK1"
                ],
                "ruler": "TOK2",
                "possible_agreement": null
            }
        }
    },
    {
        "file_ID": "1023_0101700",
        "sent_NP_ID": "2_5",
        "sentence": "Ich bin Architekturstudenten und auf diesemn Grund interessiere mich viel dieses Praktikum .",
        "metadata": {
            "corpus": "MERLIN_DE",
            "author": {
                "author_ID": "1023_0101700",
                "L1": "not reported",
                "age": "25",
                "gender": "male"
            },
            "CEFR": {
                "overall_fairRating": "B2",
                "test_level": "B2"
            },
            "task": {
                "formality": "formal",
                "text_type": "letter",
                "topic": "apply for internship in sales department"
            }
        },
        "NP_info": {
            "len_np": 1,
            "coordination": null
        },
        "HEAD_info": {
            "head": {
                "H_TOK1": {
                    "word_type": "V",
                    "word_form": "bin",
                    "lemma": "sein",
                    "POS_STTS": "VAFIN",
                    "index": "2",
                    "dep_rel": "root",
                    "head_index": "0",
                    "parser_morph_features": "1|Sg|Pres|Ind"
                }
            },
            "super_head": {}
        },
        "POST_info": {},
        "TOK_info": {
            "TOK1": {
                "word_type": "N",
                "word_form": "Architekturstudenten",
                "lemma": "Architekturstudent",
                "POS_STTS": "NN",
                "index": "3",
                "dep_rel": "pred",
                "head_index": "2",
                "parser_morph_features": "Masc|Nom|Pl",
                "possible_morph_features": []
            }
        },
        "relations": {}
    },
    {
        "file_ID": "1023_0101700",
        "sent_NP_ID": "2_6",
        "sentence": "Ich bin Architekturstudenten und auf diesemn Grund interessiere mich viel dieses Praktikum .",
        "metadata": {
            "corpus": "MERLIN_DE",
            "author": {
                "author_ID": "1023_0101700",
                "L1": "not reported",
                "age": "25",
                "gender": "male"
            },
            "CEFR": {
                "overall_fairRating": "B2",
                "test_level": "B2"
            },
            "task": {
                "formality": "formal",
                "text_type": "letter",
                "topic": "apply for internship in sales department"
            }
        },
        "NP_info": {
            "len_np": 2,
            "coordination": null
        },
        "HEAD_info": {
            "head": {
                "H_TOK1": {
                    "word_type": "PREP",
                    "word_form": "auf",
                    "lemma": "auf",
                    "POS_STTS": "APPR",
                    "index": "5",
                    "dep_rel": "pp",
                    "head_index": "8",
                    "parser_morph_features": "_"
                }
            },
            "super_head": {
                "SH_TOK1": {
                    "word_type": "V",
                    "word_form": "interessiere",
                    "lemma": "interessieren",
                    "POS_STTS": "VVFIN",
                    "index": "8",
                    "dep_rel": "cj",
                    "head_index": "4",
                    "parser_morph_features": "3|Sg|Pres|Subj"
                }
            }
        },
        "POST_info": {},
        "TOK_info": {
            "TOK1": {
                "word_type": "ADJA",
                "word_form": "diesemn",
                "lemma": "diesemn",
                "POS_STTS": "ADJA",
                "index": "6",
                "dep_rel": "attr",
                "head_index": "7",
                "parser_morph_features": "_|Masc|_|Sg|_",
                "possible_morph_features": []
            },
            "TOK2": {
                "word_type": "N",
                "word_form": "Grund",
                "lemma": "Grund",
                "POS_STTS": "NN",
                "index": "7",
                "dep_rel": "pn",
                "head_index": "5",
                "parser_morph_features": "Masc|_|Sg",
                "possible_morph_features": []
            }
        },
        "relations": {
            "rel_1": {
                "rel_type": "must_agree",
                "involved": [
                    "TOK2",
                    "TOK1"
                ],
                "ruler": "TOK2",
                "possible_agreement": null
            }
        }
    },
    {
        "file_ID": "1023_0101700",
        "sent_NP_ID": "2_7",
        "sentence": "Ich bin Architekturstudenten und auf diesemn Grund interessiere mich viel dieses Praktikum .",
        "metadata": {
            "corpus": "MERLIN_DE",
            "author": {
                "author_ID": "1023_0101700",
                "L1": "not reported",
                "age": "25",
                "gender": "male"
            },
            "CEFR": {
                "overall_fairRating": "B2",
                "test_level": "B2"
            },
            "task": {
                "formality": "formal",
                "text_type": "letter",
                "topic": "apply for internship in sales department"
            }
        },
        "NP_info": {
            "len_np": 2,
            "coordination": null
        },
        "HEAD_info": {
            "head": {},
            "super_head": {}
        },
        "POST_info": {},
        "TOK_info": {
            "TOK1": {
                "word_type": "ART",
                "word_form": "dieses",
                "lemma": "diese",
                "POS_STTS": "PDAT",
                "index": "11",
                "dep_rel": "det",
                "head_index": "12",
                "parser_morph_features": "Neut|_|Sg",
                "possible_morph_features": []
            },
            "TOK2": {
                "word_type": "N",
                "word_form": "Praktikum",
                "lemma": "Praktikum",
                "POS_STTS": "NN",
                "index": "12",
                "dep_rel": "root",
                "head_index": "0",
                "parser_morph_features": "Neut|_|Sg",
                "possible_morph_features": []
            }
        },
        "relations": {
            "rel_1": {
                "rel_type": "must_agree",
                "involved": [
                    "TOK2",
                    "TOK1"
                ],
                "ruler": "TOK2",
                "possible_agreement": null
            }
        }
    },
    {
        "file_ID": "1023_0101700",
        "sent_NP_ID": "3_8",
        "sentence": "Ich meine , dass für mich eine wunderware Erfahrung wäre , wenn ich an dieser Firma teilnehmen könnte .",
        "metadata": {
            "corpus": "MERLIN_DE",
            "author": {
                "author_ID": "1023_0101700",
                "L1": "not reported",
                "age": "25",
                "gender": "male"
            },
            "CEFR": {
                "overall_fairRating": "B2",
                "test_level": "B2"
            },
            "task": {
                "formality": "formal",
                "text_type": "letter",
                "topic": "apply for internship in sales department"
            }
        },
        "NP_info": {
            "len_np": 3,
            "coordination": null
        },
        "HEAD_info": {
            "head": {
                "H_TOK1": {
                    "word_type": "V",
                    "word_form": "wäre",
                    "lemma": "sein",
                    "POS_STTS": "VAFIN",
                    "index": "10",
                    "dep_rel": "objc",
                    "head_index": "2",
                    "parser_morph_features": "3|Sg|Past|Subj"
                }
            },
            "super_head": {
                "SH_TOK1": {
                    "word_type": "V",
                    "word_form": "meine",
                    "lemma": "meinen",
                    "POS_STTS": "VVFIN",
                    "index": "2",
                    "dep_rel": "root",
                    "head_index": "0",
                    "parser_morph_features": "1|Sg|Pres|_"
                }
            }
        },
        "POST_info": {},
        "TOK_info": {
            "TOK1": {
                "word_type": "ART",
                "word_form": "eine",
                "lemma": "eine",
                "POS_STTS": "ART",
                "index": "7",
                "dep_rel": "det",
                "head_index": "9",
                "parser_morph_features": "Indef|Fem|Nom|Sg",
                "possible_morph_features": []
            },
            "TOK2": {
                "word_type": "ADJA",
                "word_form": "wunderware",
                "lemma": "wunderware",
                "POS_STTS": "ADJA",
                "index": "8",
                "dep_rel": "attr",
                "head_index": "9",
                "parser_morph_features": "_|Fem|Nom|Sg|_",
                "possible_morph_features": []
            },
            "TOK3": {
                "word_type": "N",
                "word_form": "Erfahrung",
                "lemma": "Erfahrung",
                "POS_STTS": "NN",
                "index": "9",
                "dep_rel": "subj",
                "head_index": "10",
                "parser_morph_features": "Fem|Nom|Sg",
                "possible_morph_features": []
            }
        },
        "relations": {
            "rel_1": {
                "rel_type": "must_agree",
                "involved": [
                    "TOK1",
                    "TOK2"
                ],
                "ruler": null,
                "possible_agreement": null
            },
            "rel_2": {
                "rel_type": "must_agree",
                "involved": [
                    "TOK3",
                    "TOK1"
                ],
                "ruler": "TOK3",
                "possible_agreement": null
            },
            "rel_3": {
                "rel_type": "must_agree",
                "involved": [
                    "TOK3",
                    "TOK2"
                ],
                "ruler": "TOK3",
                "possible_agreement": null
            }
        }
    },
    {
        "file_ID": "1023_0101700",
        "sent_NP_ID": "3_9",
        "sentence": "Ich meine , dass für mich eine wunderware Erfahrung wäre , wenn ich an dieser Firma teilnehmen könnte .",
        "metadata": {
            "corpus": "MERLIN_DE",
            "author": {
                "author_ID": "1023_0101700",
                "L1": "not reported",
                "age": "25",
                "gender": "male"
            },
            "CEFR": {
                "overall_fairRating": "B2",
                "test_level": "B2"
            },
            "task": {
                "formality": "formal",
                "text_type": "letter",
                "topic": "apply for internship in sales department"
            }
        },
        "NP_info": {
            "len_np": 2,
            "coordination": null
        },
        "HEAD_info": {
            "head": {
                "H_TOK1": {
                    "word_type": "PREP",
                    "word_form": "an",
                    "lemma": "an",
                    "POS_STTS": "APPR",
                    "index": "14",
                    "dep_rel": "pp",
                    "head_index": "17",
                    "parser_morph_features": "Dat"
                }
            },
            "super_head": {
                "SH_TOK1": {
                    "word_type": "V",
                    "word_form": "teilnehmen",
                    "lemma": "teilnehmen",
                    "POS_STTS": "VVINF",
                    "index": "17",
                    "dep_rel": "aux",
                    "head_index": "18",
                    "parser_morph_features": "_"
                }
            }
        },
        "POST_info": {},
        "TOK_info": {
            "TOK1": {
                "word_type": "ART",
                "word_form": "dieser",
                "lemma": "diese",
                "POS_STTS": "PDAT",
                "index": "15",
                "dep_rel": "det",
                "head_index": "16",
                "parser_morph_features": "Fem|Dat|Sg",
                "possible_morph_features": []
            },
            "TOK2": {
                "word_type": "N",
                "word_form": "Firma",
                "lemma": "Firma",
                "POS_STTS": "NN",
                "index": "16",
                "dep_rel": "pn",
                "head_index": "14",
                "parser_morph_features": "Fem|Dat|Sg",
                "possible_morph_features": []
            }
        },
        "relations": {
            "rel_1": {
                "rel_type": "must_agree",
                "involved": [
                    "TOK2",
                    "TOK1"
                ],
                "ruler": "TOK2",
                "possible_agreement": null
            }
        }
    },
    {
        "file_ID": "1023_0101700",
        "sent_NP_ID": "4_10",
        "sentence": "Ich kann alle Sachen was Sie möchten machen .",
        "metadata": {
            "corpus": "MERLIN_DE",
            "author": {
                "author_ID": "1023_0101700",
                "L1": "not reported",
                "age": "25",
                "gender": "male"
            },
            "CEFR": {
                "overall_fairRating": "B2",
                "test_level": "B2"
            },
            "task": {
                "formality": "formal",
                "text_type": "letter",
                "topic": "apply for internship in sales department"
            }
        },
        "NP_info": {
            "len_np": 2,
            "coordination": null
        },
        "HEAD_info": {
            "head": {
                "H_TOK1": {
                    "word_type": "V",
                    "word_form": "kann",
                    "lemma": "können",
                    "POS_STTS": "VMFIN",
                    "index": "2",
                    "dep_rel": "root",
                    "head_index": "0",
                    "parser_morph_features": "1|Sg|Pres|Ind"
                }
            },
            "super_head": {}
        },
        "POST_info": {
            "P_TOK1": {
                "word_type": "V",
                "word_form": "möchten",
                "lemma": "mögen",
                "POS_STTS": "VMFIN",
                "index": "7",
                "dep_rel": "objc",
                "head_index": "4",
                "parser_morph_features": "3|Pl|Past|Subj"
            }
        },
        "TOK_info": {
            "TOK1": {
                "word_type": "ART",
                "word_form": "alle",
                "lemma": "alle",
                "POS_STTS": "PIDAT",
                "index": "3",
                "dep_rel": "det",
                "head_index": "4",
                "parser_morph_features": "Fem|Acc|Pl",
                "possible_morph_features": []
            },
            "TOK2": {
                "word_type": "N",
                "word_form": "Sachen",
                "lemma": "Sache",
                "POS_STTS": "NN",
                "index": "4",
                "dep_rel": "obja",
                "head_index": "2",
                "parser_morph_features": "Fem|Acc|Pl",
                "possible_morph_features": []
            }
        },
        "relations": {
            "rel_1": {
                "rel_type": "must_agree",
                "involved": [
                    "TOK2",
                    "TOK1"
                ],
                "ruler": "TOK2",
                "possible_agreement": null
            }
        }
    },
    {
        "file_ID": "1023_0101700",
        "sent_NP_ID": "5_11",
        "sentence": "Ich bin in dem letzten Semester von meiner Karriere und ich hatte die beste Qualifikation was ich kann .",
        "metadata": {
            "corpus": "MERLIN_DE",
            "author": {
                "author_ID": "1023_0101700",
                "L1": "not reported",
                "age": "25",
                "gender": "male"
            },
            "CEFR": {
                "overall_fairRating": "B2",
                "test_level": "B2"
            },
            "task": {
                "formality": "formal",
                "text_type": "letter",
                "topic": "apply for internship in sales department"
            }
        },
        "NP_info": {
            "len_np": 3,
            "coordination": null
        },
        "HEAD_info": {
            "head": {
                "H_TOK1": {
                    "word_type": "PREP",
                    "word_form": "in",
                    "lemma": "in",
                    "POS_STTS": "APPR",
                    "index": "3",
                    "dep_rel": "pp",
                    "head_index": "2",
                    "parser_morph_features": "Dat"
                }
            },
            "super_head": {
                "SH_TOK1": {
                    "word_type": "V",
                    "word_form": "bin",
                    "lemma": "sein",
                    "POS_STTS": "VAFIN",
                    "index": "2",
                    "dep_rel": "root",
                    "head_index": "0",
                    "parser_morph_features": "1|Sg|Pres|Ind"
                }
            }
        },
        "POST_info": {
            "P_TOK1": {
                "word_type": "PREP",
                "word_form": "von",
                "lemma": "von",
                "POS_STTS": "APPR",
                "index": "7",
                "dep_rel": "pp",
                "head_index": "6",
                "parser_morph_features": "_"
            }
        },
        "TOK_info": {
            "TOK1": {
                "word_type": "ART",
                "word_form": "dem",
                "lemma": "die",
                "POS_STTS": "ART",
                "index": "4",
                "dep_rel": "det",
                "head_index": "6",
                "parser_morph_features": "Def|_|Dat|Sg",
                "possible_morph_features": []
            },
            "TOK2": {
                "word_type": "ADJA",
                "word_form": "letzten",
                "lemma": "letzte",
                "POS_STTS": "ADJA",
                "index": "5",
                "dep_rel": "attr",
                "head_index": "6",
                "parser_morph_features": "Pos|_|Dat|Sg|Wk|",
                "possible_morph_features": []
            },
            "TOK3": {
                "word_type": "N",
                "word_form": "Semester",
                "lemma": "Semester",
                "POS_STTS": "NN",
                "index": "6",
                "dep_rel": "pn",
                "head_index": "3",
                "parser_morph_features": "_|Dat|Sg",
                "possible_morph_features": []
            }
        },
        "relations": {
            "rel_1": {
                "rel_type": "must_agree",
                "involved": [
                    "TOK1",
                    "TOK2"
                ],
                "ruler": null,
                "possible_agreement": null
            },
            "rel_2": {
                "rel_type": "must_agree",
                "involved": [
                    "TOK3",
                    "TOK1"
                ],
                "ruler": "TOK3",
                "possible_agreement": null
            },
            "rel_3": {
                "rel_type": "must_agree",
                "involved": [
                    "TOK3",
                    "TOK2"
                ],
                "ruler": "TOK3",
                "possible_agreement": null
            }
        }
    },
    {
        "file_ID": "1023_0101700",
        "sent_NP_ID": "5_12",
        "sentence": "Ich bin in dem letzten Semester von meiner Karriere und ich hatte die beste Qualifikation was ich kann .",
        "metadata": {
            "corpus": "MERLIN_DE",
            "author": {
                "author_ID": "1023_0101700",
                "L1": "not reported",
                "age": "25",
                "gender": "male"
            },
            "CEFR": {
                "overall_fairRating": "B2",
                "test_level": "B2"
            },
            "task": {
                "formality": "formal",
                "text_type": "letter",
                "topic": "apply for internship in sales department"
            }
        },
        "NP_info": {
            "len_np": 2,
            "coordination": null
        },
        "HEAD_info": {
            "head": {
                "H_TOK1": {
                    "word_type": "PREP",
                    "word_form": "von",
                    "lemma": "von",
                    "POS_STTS": "APPR",
                    "index": "7",
                    "dep_rel": "pp",
                    "head_index": "6",
                    "parser_morph_features": "_"
                }
            },
            "super_head": {
                "SH_TOK1": {
                    "word_type": "N",
                    "word_form": "Semester",
                    "lemma": "Semester",
                    "POS_STTS": "NN",
                    "index": "6",
                    "dep_rel": "pn",
                    "head_index": "3",
                    "parser_morph_features": "_|Dat|Sg"
                }
            }
        },
        "POST_info": {},
        "TOK_info": {
            "TOK1": {
                "word_type": "ART",
                "word_form": "meiner",
                "lemma": "meine",
                "POS_STTS": "PPOSAT",
                "index": "8",
                "dep_rel": "det",
                "head_index": "9",
                "parser_morph_features": "Fem|_|Sg",
                "possible_morph_features": []
            },
            "TOK2": {
                "word_type": "N",
                "word_form": "Karriere",
                "lemma": "Karriere",
                "POS_STTS": "NN",
                "index": "9",
                "dep_rel": "pn",
                "head_index": "7",
                "parser_morph_features": "Fem|_|Sg",
                "possible_morph_features": []
            }
        },
        "relations": {
            "rel_1": {
                "rel_type": "must_agree",
                "involved": [
                    "TOK2",
                    "TOK1"
                ],
                "ruler": "TOK2",
                "possible_agreement": null
            }
        }
    },
    {
        "file_ID": "1023_0101700",
        "sent_NP_ID": "5_13",
        "sentence": "Ich bin in dem letzten Semester von meiner Karriere und ich hatte die beste Qualifikation was ich kann .",
        "metadata": {
            "corpus": "MERLIN_DE",
            "author": {
                "author_ID": "1023_0101700",
                "L1": "not reported",
                "age": "25",
                "gender": "male"
            },
            "CEFR": {
                "overall_fairRating": "B2",
                "test_level": "B2"
            },
            "task": {
                "formality": "formal",
                "text_type": "letter",
                "topic": "apply for internship in sales department"
            }
        },
        "NP_info": {
            "len_np": 3,
            "coordination": null
        },
        "HEAD_info": {
            "head": {
                "H_TOK1": {
                    "word_type": "V",
                    "word_form": "hatte",
                    "lemma": "haben",
                    "POS_STTS": "VAFIN",
                    "index": "12",
                    "dep_rel": "cj",
                    "head_index": "10",
                    "parser_morph_features": "1|Sg|Past|Ind"
                }
            },
            "super_head": {
                "SH_TOK1": {
                    "word_type": "KON",
                    "word_form": "und",
                    "lemma": "und",
                    "POS_STTS": "KON",
                    "index": "10",
                    "dep_rel": "kon",
                    "head_index": "2",
                    "parser_morph_features": "_"
                }
            }
        },
        "POST_info": {},
        "TOK_info": {
            "TOK1": {
                "word_type": "ART",
                "word_form": "die",
                "lemma": "die",
                "POS_STTS": "ART",
                "index": "13",
                "dep_rel": "det",
                "head_index": "15",
                "parser_morph_features": "Def|Fem|Acc|Sg",
                "possible_morph_features": []
            },
            "TOK2": {
                "word_type": "ADJA",
                "word_form": "beste",
                "lemma": "gut",
                "POS_STTS": "ADJA",
                "index": "14",
                "dep_rel": "attr",
                "head_index": "15",
                "parser_morph_features": "Sup|Fem|Acc|Sg|_|",
                "possible_morph_features": []
            },
            "TOK3": {
                "word_type": "N",
                "word_form": "Qualifikation",
                "lemma": "Qualifikation",
                "POS_STTS": "NN",
                "index": "15",
                "dep_rel": "obja",
                "head_index": "12",
                "parser_morph_features": "Fem|Acc|Sg",
                "possible_morph_features": []
            }
        },
        "relations": {
            "rel_1": {
                "rel_type": "must_agree",
                "involved": [
                    "TOK1",
                    "TOK2"
                ],
                "ruler": null,
                "possible_agreement": null
            },
            "rel_2": {
                "rel_type": "must_agree",
                "involved": [
                    "TOK3",
                    "TOK1"
                ],
                "ruler": "TOK3",
                "possible_agreement": null
            },
            "rel_3": {
                "rel_type": "must_agree",
                "involved": [
                    "TOK3",
                    "TOK2"
                ],
                "ruler": "TOK3",
                "possible_agreement": null
            }
        }
    },
    {
        "file_ID": "1023_0101700",
        "sent_NP_ID": "7_14",
        "sentence": "Auf jeden fall möchte ich nur wissen , wie viele Geld verdiene ich und wie viele Stunden müsste ich pro Woche arbeiten .",
        "metadata": {
            "corpus": "MERLIN_DE",
            "author": {
                "author_ID": "1023_0101700",
                "L1": "not reported",
                "age": "25",
                "gender": "male"
            },
            "CEFR": {
                "overall_fairRating": "B2",
                "test_level": "B2"
            },
            "task": {
                "formality": "formal",
                "text_type": "letter",
                "topic": "apply for internship in sales department"
            }
        },
        "NP_info": {
            "len_np": 2,
            "coordination": null
        },
        "HEAD_info": {
            "head": {
                "H_TOK1": {
                    "word_type": "PREP",
                    "word_form": "Auf",
                    "lemma": "auf",
                    "POS_STTS": "APPR",
                    "index": "1",
                    "dep_rel": "objp",
                    "head_index": "7",
                    "parser_morph_features": "_"
                }
            },
            "super_head": {
                "SH_TOK1": {
                    "word_type": "V",
                    "word_form": "wissen",
                    "lemma": "wissen",
                    "POS_STTS": "VVINF",
                    "index": "7",
                    "dep_rel": "aux",
                    "head_index": "4",
                    "parser_morph_features": "_"
                }
            }
        },
        "POST_info": {},
        "TOK_info": {
            "TOK1": {
                "word_type": "ART",
                "word_form": "jeden",
                "lemma": "jede",
                "POS_STTS": "PIDAT",
                "index": "2",
                "dep_rel": "det",
                "head_index": "3",
                "parser_morph_features": "_|_|Sg",
                "possible_morph_features": []
            },
            "TOK2": {
                "word_type": "N",
                "word_form": "fall",
                "lemma": "fall",
                "POS_STTS": "NN",
                "index": "3",
                "dep_rel": "pn",
                "head_index": "1",
                "parser_morph_features": "_|_|Sg",
                "possible_morph_features": []
            }
        },
        "relations": {
            "rel_1": {
                "rel_type": "must_agree",
                "involved": [
                    "TOK2",
                    "TOK1"
                ],
                "ruler": "TOK2",
                "possible_agreement": null
            }
        }
    },
    {
        "file_ID": "1023_0101700",
        "sent_NP_ID": "7_15",
        "sentence": "Auf jeden fall möchte ich nur wissen , wie viele Geld verdiene ich und wie viele Stunden müsste ich pro Woche arbeiten .",
        "metadata": {
            "corpus": "MERLIN_DE",
            "author": {
                "author_ID": "1023_0101700",
                "L1": "not reported",
                "age": "25",
                "gender": "male"
            },
            "CEFR": {
                "overall_fairRating": "B2",
                "test_level": "B2"
            },
            "task": {
                "formality": "formal",
                "text_type": "letter",
                "topic": "apply for internship in sales department"
            }
        },
        "NP_info": {
            "len_np": 2,
            "coordination": null
        },
        "HEAD_info": {
            "head": {
                "H_TOK1": {
                    "word_type": "V",
                    "word_form": "verdiene",
                    "lemma": "verdienen",
                    "POS_STTS": "VVFIN",
                    "index": "12",
                    "dep_rel": "objc",
                    "head_index": "7",
                    "parser_morph_features": "1|Sg|Pres|_"
                }
            },
            "super_head": {
                "SH_TOK1": {
                    "word_type": "V",
                    "word_form": "wissen",
                    "lemma": "wissen",
                    "POS_STTS": "VVINF",
                    "index": "7",
                    "dep_rel": "aux",
                    "head_index": "4",
                    "parser_morph_features": "_"
                }
            }
        },
        "POST_info": {},
        "TOK_info": {
            "TOK1": {
                "word_type": "ART",
                "word_form": "viele",
                "lemma": "viele",
                "POS_STTS": "PIDAT",
                "index": "10",
                "dep_rel": "det",
                "head_index": "11",
                "parser_morph_features": "Neut|Acc|Sg",
                "possible_morph_features": []
            },
            "TOK2": {
                "word_type": "N",
                "word_form": "Geld",
                "lemma": "Geld",
                "POS_STTS": "NN",
                "index": "11",
                "dep_rel": "obja",
                "head_index": "12",
                "parser_morph_features": "Neut|Acc|Sg",
                "possible_morph_features": []
            }
        },
        "relations": {
            "rel_1": {
                "rel_type": "must_agree",
                "involved": [
                    "TOK2",
                    "TOK1"
                ],
                "ruler": "TOK2",
                "possible_agreement": null
            }
        }
    },
    {
        "file_ID": "1023_0101700",
        "sent_NP_ID": "7_16",
        "sentence": "Auf jeden fall möchte ich nur wissen , wie viele Geld verdiene ich und wie viele Stunden müsste ich pro Woche arbeiten .",
        "metadata": {
            "corpus": "MERLIN_DE",
            "author": {
                "author_ID": "1023_0101700",
                "L1": "not reported",
                "age": "25",
                "gender": "male"
            },
            "CEFR": {
                "overall_fairRating": "B2",
                "test_level": "B2"
            },
            "task": {
                "formality": "formal",
                "text_type": "letter",
                "topic": "apply for internship in sales department"
            }
        },
        "NP_info": {
            "len_np": 2,
            "coordination": null
        },
        "HEAD_info": {
            "head": {
                "H_TOK1": {
                    "word_type": "V",
                    "word_form": "müsste",
                    "lemma": "müssen",
                    "POS_STTS": "VMFIN",
                    "index": "18",
                    "dep_rel": "cj",
                    "head_index": "14",
                    "parser_morph_features": "1|Sg|Past|Subj"
                }
            },
            "super_head": {
                "SH_TOK1": {
                    "word_type": "KON",
                    "word_form": "und",
                    "lemma": "und",
                    "POS_STTS": "KON",
                    "index": "14",
                    "dep_rel": "kon",
                    "head_index": "12",
                    "parser_morph_features": "_"
                }
            }
        },
        "POST_info": {},
        "TOK_info": {
            "TOK1": {
                "word_type": "ART",
                "word_form": "viele",
                "lemma": "viele",
                "POS_STTS": "PIDAT",
                "index": "16",
                "dep_rel": "det",
                "head_index": "17",
                "parser_morph_features": "_|Acc|_",
                "possible_morph_features": []
            },
            "TOK2": {
                "word_type": "N",
                "word_form": "Stunden",
                "lemma": "Stunde",
                "POS_STTS": "NN",
                "index": "17",
                "dep_rel": "zeit",
                "head_index": "18",
                "parser_morph_features": "_|Acc|_",
                "possible_morph_features": []
            }
        },
        "relations": {
            "rel_1": {
                "rel_type": "must_agree",
                "involved": [
                    "TOK2",
                    "TOK1"
                ],
                "ruler": "TOK2",
                "possible_agreement": null
            }
        }
    },
    {
        "file_ID": "1023_0101700",
        "sent_NP_ID": "7_17",
        "sentence": "Auf jeden fall möchte ich nur wissen , wie viele Geld verdiene ich und wie viele Stunden müsste ich pro Woche arbeiten .",
        "metadata": {
            "corpus": "MERLIN_DE",
            "author": {
                "author_ID": "1023_0101700",
                "L1": "not reported",
                "age": "25",
                "gender": "male"
            },
            "CEFR": {
                "overall_fairRating": "B2",
                "test_level": "B2"
            },
            "task": {
                "formality": "formal",
                "text_type": "letter",
                "topic": "apply for internship in sales department"
            }
        },
        "NP_info": {
            "len_np": 1,
            "coordination": null
        },
        "HEAD_info": {
            "head": {
                "H_TOK1": {
                    "word_type": "PREP",
                    "word_form": "pro",
                    "lemma": "pro",
                    "POS_STTS": "APPR",
                    "index": "20",
                    "dep_rel": "pp",
                    "head_index": "19",
                    "parser_morph_features": "Dat"
                }
            },
            "super_head": {
                "SH_TOK1": {
                    "word_type": "PRO",
                    "word_form": "ich",
                    "lemma": "ich",
                    "POS_STTS": "PPER",
                    "index": "19",
                    "dep_rel": "subj",
                    "head_index": "18",
                    "parser_morph_features": "1|Sg|_|Nom"
                }
            }
        },
        "POST_info": {},
        "TOK_info": {
            "TOK1": {
                "word_type": "N",
                "word_form": "Woche",
                "lemma": "Woche",
                "POS_STTS": "NN",
                "index": "21",
                "dep_rel": "pn",
                "head_index": "20",
                "parser_morph_features": "Fem|Dat|Sg",
                "possible_morph_features": []
            }
        },
        "relations": {}
    },
    {
        "file_ID": "1023_0101700",
        "sent_NP_ID": "9_18",
        "sentence": "Ich glaube , dass ich viele positive Sachen und guten Erfahrungen lernen kann .",
        "metadata": {
            "corpus": "MERLIN_DE",
            "author": {
                "author_ID": "1023_0101700",
                "L1": "not reported",
                "age": "25",
                "gender": "male"
            },
            "CEFR": {
                "overall_fairRating": "B2",
                "test_level": "B2"
            },
            "task": {
                "formality": "formal",
                "text_type": "letter",
                "topic": "apply for internship in sales department"
            }
        },
        "NP_info": {
            "len_np": 3,
            "coordination": [
                "9_18",
                "9_19"
            ]
        },
        "HEAD_info": {
            "head": {
                "H_TOK1": {
                    "word_type": "V",
                    "word_form": "lernen",
                    "lemma": "lernen",
                    "POS_STTS": "VVINF",
                    "index": "12",
                    "dep_rel": "aux",
                    "head_index": "13",
                    "parser_morph_features": "_"
                }
            },
            "super_head": {
                "SH_TOK1": {
                    "word_type": "V",
                    "word_form": "kann",
                    "lemma": "können",
                    "POS_STTS": "VMFIN",
                    "index": "13",
                    "dep_rel": "objc",
                    "head_index": "2",
                    "parser_morph_features": "1|Sg|Pres|Ind"
                }
            }
        },
        "POST_info": {},
        "TOK_info": {
            "TOK1": {
                "word_type": "ART",
                "word_form": "viele",
                "lemma": "viele",
                "POS_STTS": "PIDAT",
                "index": "6",
                "dep_rel": "det",
                "head_index": "8",
                "parser_morph_features": "Fem|Acc|Pl",
                "possible_morph_features": []
            },
            "TOK2": {
                "word_type": "ADJA",
                "word_form": "positive",
                "lemma": "positiv",
                "POS_STTS": "ADJA",
                "index": "7",
                "dep_rel": "attr",
                "head_index": "8",
                "parser_morph_features": "Pos|Fem|Acc|Pl|St|",
                "possible_morph_features": []
            },
            "TOK3": {
                "word_type": "N",
                "word_form": "Sachen",
                "lemma": "Sache",
                "POS_STTS": "NN",
                "index": "8",
                "dep_rel": "obja",
                "head_index": "12",
                "parser_morph_features": "Fem|Acc|Pl",
                "possible_morph_features": []
            }
        },
        "relations": {
            "rel_1": {
                "rel_type": "must_agree",
                "involved": [
                    "TOK1",
                    "TOK2"
                ],
                "ruler": null,
                "possible_agreement": null
            },
            "rel_2": {
                "rel_type": "must_agree",
                "involved": [
                    "TOK3",
                    "TOK1"
                ],
                "ruler": "TOK3",
                "possible_agreement": null
            },
            "rel_3": {
                "rel_type": "must_agree",
                "involved": [
                    "TOK3",
                    "TOK2"
                ],
                "ruler": "TOK3",
                "possible_agreement": null
            }
        }
    },
    {
        "file_ID": "1023_0101700",
        "sent_NP_ID": "9_19",
        "sentence": "Ich glaube , dass ich viele positive Sachen und guten Erfahrungen lernen kann .",
        "metadata": {
            "corpus": "MERLIN_DE",
            "author": {
                "author_ID": "1023_0101700",
                "L1": "not reported",
                "age": "25",
                "gender": "male"
            },
            "CEFR": {
                "overall_fairRating": "B2",
                "test_level": "B2"
            },
            "task": {
                "formality": "formal",
                "text_type": "letter",
                "topic": "apply for internship in sales department"
            }
        },
        "NP_info": {
            "len_np": 2,
            "coordination": [
                "9_18",
                "9_19"
            ]
        },
        "HEAD_info": {
            "head": {
                "H_TOK1": {
                    "word_type": "KON",
                    "word_form": "und",
                    "lemma": "und",
                    "POS_STTS": "KON",
                    "index": "9",
                    "dep_rel": "kon",
                    "head_index": "8",
                    "parser_morph_features": "_"
                }
            },
            "super_head": {
                "SH_TOK1": {
                    "word_type": "N",
                    "word_form": "Sachen",
                    "lemma": "Sache",
                    "POS_STTS": "NN",
                    "index": "8",
                    "dep_rel": "obja",
                    "head_index": "12",
                    "parser_morph_features": "Fem|Acc|Pl"
                }
            }
        },
        "POST_info": {},
        "TOK_info": {
            "TOK1": {
                "word_type": "ADJA",
                "word_form": "guten",
                "lemma": "gut",
                "POS_STTS": "ADJA",
                "index": "10",
                "dep_rel": "attr",
                "head_index": "11",
                "parser_morph_features": "Pos|Fem|Acc|Pl|Wk|",
                "possible_morph_features": []
            },
            "TOK2": {
                "word_type": "N",
                "word_form": "Erfahrungen",
                "lemma": "Erfahrung",
                "POS_STTS": "NN",
                "index": "11",
                "dep_rel": "cj",
                "head_index": "9",
                "parser_morph_features": "Fem|Acc|Pl",
                "possible_morph_features": []
            }
        },
        "relations": {
            "rel_1": {
                "rel_type": "must_agree",
                "involved": [
                    "TOK2",
                    "TOK1"
                ],
                "ruler": "TOK2",
                "possible_agreement": null
            }
        }
    },
    {
        "file_ID": "1023_0101700",
        "sent_NP_ID": "10_20",
        "sentence": "Vielen danke Mit freundlichen Grüßen , Michael Winkelmann",
        "metadata": {
            "corpus": "MERLIN_DE",
            "author": {
                "author_ID": "1023_0101700",
                "L1": "not reported",
                "age": "25",
                "gender": "male"
            },
            "CEFR": {
                "overall_fairRating": "B2",
                "test_level": "B2"
            },
            "task": {
                "formality": "formal",
                "text_type": "letter",
                "topic": "apply for internship in sales department"
            }
        },
        "NP_info": {
            "len_np": 2,
            "coordination": null
        },
        "HEAD_info": {
            "head": {
                "H_TOK1": {
                    "word_type": "PREP",
                    "word_form": "Mit",
                    "lemma": "mit",
                    "POS_STTS": "APPR",
                    "index": "3",
                    "dep_rel": "pp",
                    "head_index": "2",
                    "parser_morph_features": "Dat"
                }
            },
            "super_head": {
                "SH_TOK1": {
                    "word_type": "V",
                    "word_form": "danke",
                    "lemma": "danken",
                    "POS_STTS": "VVFIN",
                    "index": "2",
                    "dep_rel": "root",
                    "head_index": "0",
                    "parser_morph_features": "_|Sg|Pres|_"
                }
            }
        },
        "POST_info": {
            "P_TOK1": {
                "word_type": "N",
                "word_form": "Michael",
                "lemma": "Michael",
                "POS_STTS": "NE",
                "index": "7",
                "dep_rel": "app",
                "head_index": "5",
                "parser_morph_features": "Masc|Dat|Sg"
            }
        },
        "TOK_info": {
            "TOK1": {
                "word_type": "ADJA",
                "word_form": "freundlichen",
                "lemma": "freundlich",
                "POS_STTS": "ADJA",
                "index": "4",
                "dep_rel": "attr",
                "head_index": "5",
                "parser_morph_features": "Pos|_|Dat|_|_|",
                "possible_morph_features": []
            },
            "TOK2": {
                "word_type": "N",
                "word_form": "Grüßen",
                "lemma": "Gruß",
                "POS_STTS": "NN",
                "index": "5",
                "dep_rel": "pn",
                "head_index": "3",
                "parser_morph_features": "_|Dat|_",
                "possible_morph_features": []
            }
        },
        "relations": {
            "rel_1": {
                "rel_type": "must_agree",
                "involved": [
                    "TOK2",
                    "TOK1"
                ],
                "ruler": "TOK2",
                "possible_agreement": null
            }
        }
    },
    {
        "file_ID": "1023_0101700",
        "sent_NP_ID": "10_21",
        "sentence": "Vielen danke Mit freundlichen Grüßen , Michael Winkelmann",
        "metadata": {
            "corpus": "MERLIN_DE",
            "author": {
                "author_ID": "1023_0101700",
                "L1": "not reported",
                "age": "25",
                "gender": "male"
            },
            "CEFR": {
                "overall_fairRating": "B2",
                "test_level": "B2"
            },
            "task": {
                "formality": "formal",
                "text_type": "letter",
                "topic": "apply for internship in sales department"
            }
        },
        "NP_info": {
            "len_np": 1,
            "coordination": null
        },
        "HEAD_info": {
            "head": {
                "H_TOK1": {
                    "word_type": "N",
                    "word_form": "Grüßen",
                    "lemma": "Gruß",
                    "POS_STTS": "NN",
                    "index": "5",
                    "dep_rel": "pn",
                    "head_index": "3",
                    "parser_morph_features": "_|Dat|_"
                }
            },
            "super_head": {
                "SH_TOK1": {
                    "word_type": "PREP",
                    "word_form": "Mit",
                    "lemma": "mit",
                    "POS_STTS": "APPR",
                    "index": "3",
                    "dep_rel": "pp",
                    "head_index": "2",
                    "parser_morph_features": "Dat"
                }
            }
        },
        "POST_info": {
            "P_TOK1": {
                "word_type": "N",
                "word_form": "Winkelmann",
                "lemma": "Winkelmann",
                "POS_STTS": "NE",
                "index": "8",
                "dep_rel": "app",
                "head_index": "7",
                "parser_morph_features": "_|Dat|Sg"
            }
        },
        "TOK_info": {
            "TOK1": {
                "word_type": "N",
                "word_form": "Michael",
                "lemma": "Michael",
                "POS_STTS": "NE",
                "index": "7",
                "dep_rel": "app",
                "head_index": "5",
                "parser_morph_features": "Masc|Dat|Sg",
                "possible_morph_features": []
            }
        },
        "relations": {}
    },
    {
        "file_ID": "1023_0101700",
        "sent_NP_ID": "10_22",
        "sentence": "Vielen danke Mit freundlichen Grüßen , Michael Winkelmann",
        "metadata": {
            "corpus": "MERLIN_DE",
            "author": {
                "author_ID": "1023_0101700",
                "L1": "not reported",
                "age": "25",
                "gender": "male"
            },
            "CEFR": {
                "overall_fairRating": "B2",
                "test_level": "B2"
            },
            "task": {
                "formality": "formal",
                "text_type": "letter",
                "topic": "apply for internship in sales department"
            }
        },
        "NP_info": {
            "len_np": 1,
            "coordination": null
        },
        "HEAD_info": {
            "head": {
                "H_TOK1": {
                    "word_type": "N",
                    "word_form": "Michael",
                    "lemma": "Michael",
                    "POS_STTS": "NE",
                    "index": "7",
                    "dep_rel": "app",
                    "head_index": "5",
                    "parser_morph_features": "Masc|Dat|Sg"
                }
            },
            "super_head": {
                "SH_TOK1": {
                    "word_type": "N",
                    "word_form": "Grüßen",
                    "lemma": "Gruß",
                    "POS_STTS": "NN",
                    "index": "5",
                    "dep_rel": "pn",
                    "head_index": "3",
                    "parser_morph_features": "_|Dat|_"
                }
            }
        },
        "POST_info": {},
        "TOK_info": {
            "TOK1": {
                "word_type": "N",
                "word_form": "Winkelmann",
                "lemma": "Winkelmann",
                "POS_STTS": "NE",
                "index": "8",
                "dep_rel": "app",
                "head_index": "7",
                "parser_morph_features": "_|Dat|Sg",
                "possible_morph_features": []
            }
        },
        "relations": {}
    }
]