[
    {
        "file_ID": "1023_0109395",
        "sent_NP_ID": "1_1",
        "sentence": "Maria Winkelmann Müllergasse 12 1234 Stadt X Au-pair-Agentur Schulz & Partner Regenstrasse .",
        "metadata": {
            "corpus": "MERLIN_DE",
            "author": {
                "author_ID": "1023_0109395",
                "L1": "other",
                "age": "33",
                "gender": "female"
            },
            "CEFR": {
                "overall_fairRating": "B1",
                "test_level": "B2"
            },
            "task": {
                "formality": "formal",
                "text_type": "letter",
                "topic": "Au pair writes letter of complaint to Agency"
            }
        },
        "NP_info": {
            "len_np": 1,
            "coordination": null
        },
        "HEAD_info": {
            "head": {},
            "super_head": {}
        },
        "POST_info": {
            "P_TOK1": {
                "word_type": "N",
                "word_form": "Winkelmann",
                "lemma": "Winkelmann",
                "POS_STTS": "NE",
                "index": "2",
                "dep_rel": "app",
                "head_index": "1",
                "parser_morph_features": "Fem|_|Sg"
            }
        },
        "TOK_info": {
            "TOK1": {
                "word_type": "N",
                "word_form": "Maria",
                "lemma": "Maria",
                "POS_STTS": "NE",
                "index": "1",
                "dep_rel": "root",
                "head_index": "0",
                "parser_morph_features": "Fem|_|Sg",
                "possible_morph_features": []
            }
        },
        "relations": {}
    },
    {
        "file_ID": "1023_0109395",
        "sent_NP_ID": "1_2",
        "sentence": "Maria Winkelmann Müllergasse 12 1234 Stadt X Au-pair-Agentur Schulz & Partner Regenstrasse .",
        "metadata": {
            "corpus": "MERLIN_DE",
            "author": {
                "author_ID": "1023_0109395",
                "L1": "other",
                "age": "33",
                "gender": "female"
            },
            "CEFR": {
                "overall_fairRating": "B1",
                "test_level": "B2"
            },
            "task": {
                "formality": "formal",
                "text_type": "letter",
                "topic": "Au pair writes letter of complaint to Agency"
            }
        },
        "NP_info": {
            "len_np": 1,
            "coordination": null
        },
        "HEAD_info": {
            "head": {
                "H_TOK1": {
                    "word_type": "N",
                    "word_form": "Maria",
                    "lemma": "Maria",
                    "POS_STTS": "NE",
                    "index": "1",
                    "dep_rel": "root",
                    "head_index": "0",
                    "parser_morph_features": "Fem|_|Sg"
                }
            },
            "super_head": {}
        },
        "POST_info": {
            "P_TOK1": {
                "word_type": "N",
                "word_form": "Müllergasse",
                "lemma": "Müllergasse",
                "POS_STTS": "NE",
                "index": "3",
                "dep_rel": "app",
                "head_index": "2",
                "parser_morph_features": "Fem|_|Sg"
            }
        },
        "TOK_info": {
            "TOK1": {
                "word_type": "N",
                "word_form": "Winkelmann",
                "lemma": "Winkelmann",
                "POS_STTS": "NE",
                "index": "2",
                "dep_rel": "app",
                "head_index": "1",
                "parser_morph_features": "Fem|_|Sg",
                "possible_morph_features": []
            }
        },
        "relations": {}
    },
    {
        "file_ID": "1023_0109395",
        "sent_NP_ID": "1_3",
        "sentence": "Maria Winkelmann Müllergasse 12 1234 Stadt X Au-pair-Agentur Schulz & Partner Regenstrasse .",
        "metadata": {
            "corpus": "MERLIN_DE",
            "author": {
                "author_ID": "1023_0109395",
                "L1": "other",
                "age": "33",
                "gender": "female"
            },
            "CEFR": {
                "overall_fairRating": "B1",
                "test_level": "B2"
            },
            "task": {
                "formality": "formal",
                "text_type": "letter",
                "topic": "Au pair writes letter of complaint to Agency"
            }
        },
        "NP_info": {
            "len_np": 1,
            "coordination": null
        },
        "HEAD_info": {
            "head": {
                "H_TOK1": {
                    "word_type": "N",
                    "word_form": "Winkelmann",
                    "lemma": "Winkelmann",
                    "POS_STTS": "NE",
                    "index": "2",
                    "dep_rel": "app",
                    "head_index": "1",
                    "parser_morph_features": "Fem|_|Sg"
                }
            },
            "super_head": {
                "SH_TOK1": {
                    "word_type": "N",
                    "word_form": "Maria",
                    "lemma": "Maria",
                    "POS_STTS": "NE",
                    "index": "1",
                    "dep_rel": "root",
                    "head_index": "0",
                    "parser_morph_features": "Fem|_|Sg"
                }
            }
        },
        "POST_info": {
            "P_TOK1": {
                "word_type": "CARD",
                "word_form": "12",
                "lemma": "12",
                "POS_STTS": "CARD",
                "index": "4",
                "dep_rel": "app",
                "head_index": "3",
                "parser_morph_features": "_"
            }
        },
        "TOK_info": {
            "TOK1": {
                "word_type": "N",
                "word_form": "Müllergasse",
                "lemma": "Müllergasse",
                "POS_STTS": "NE",
                "index": "3",
                "dep_rel": "app",
                "head_index": "2",
                "parser_morph_features": "Fem|_|Sg",
                "possible_morph_features": []
            }
        },
        "relations": {}
    },
    {
        "file_ID": "1023_0109395",
        "sent_NP_ID": "1_4",
        "sentence": "Maria Winkelmann Müllergasse 12 1234 Stadt X Au-pair-Agentur Schulz & Partner Regenstrasse .",
        "metadata": {
            "corpus": "MERLIN_DE",
            "author": {
                "author_ID": "1023_0109395",
                "L1": "other",
                "age": "33",
                "gender": "female"
            },
            "CEFR": {
                "overall_fairRating": "B1",
                "test_level": "B2"
            },
            "task": {
                "formality": "formal",
                "text_type": "letter",
                "topic": "Au pair writes letter of complaint to Agency"
            }
        },
        "NP_info": {
            "len_np": 1,
            "coordination": null
        },
        "HEAD_info": {
            "head": {},
            "super_head": {}
        },
        "POST_info": {
            "P_TOK1": {
                "word_type": "CARD",
                "word_form": "X",
                "lemma": "X",
                "POS_STTS": "CARD",
                "index": "7",
                "dep_rel": "app",
                "head_index": "6",
                "parser_morph_features": "_"
            }
        },
        "TOK_info": {
            "TOK1": {
                "word_type": "N",
                "word_form": "Stadt",
                "lemma": "Stadt",
                "POS_STTS": "NN",
                "index": "6",
                "dep_rel": "root",
                "head_index": "0",
                "parser_morph_features": "Fem|_|Sg",
                "possible_morph_features": []
            }
        },
        "relations": {}
    },
    {
        "file_ID": "1023_0109395",
        "sent_NP_ID": "1_5",
        "sentence": "Maria Winkelmann Müllergasse 12 1234 Stadt X Au-pair-Agentur Schulz & Partner Regenstrasse .",
        "metadata": {
            "corpus": "MERLIN_DE",
            "author": {
                "author_ID": "1023_0109395",
                "L1": "other",
                "age": "33",
                "gender": "female"
            },
            "CEFR": {
                "overall_fairRating": "B1",
                "test_level": "B2"
            },
            "task": {
                "formality": "formal",
                "text_type": "letter",
                "topic": "Au pair writes letter of complaint to Agency"
            }
        },
        "NP_info": {
            "len_np": 1,
            "coordination": [
                "1_5",
                "1_6",
                "1_7"
            ]
        },
        "HEAD_info": {
            "head": {},
            "super_head": {}
        },
        "POST_info": {
            "P_TOK1": {
                "word_type": "N",
                "word_form": "Schulz",
                "lemma": "Schulz",
                "POS_STTS": "NE",
                "index": "9",
                "dep_rel": "app",
                "head_index": "8",
                "parser_morph_features": "Masc|_|_"
            }
        },
        "TOK_info": {
            "TOK1": {
                "word_type": "N",
                "word_form": "Au-pair-Agentur",
                "lemma": "Au-pair-Agentur",
                "POS_STTS": "NN",
                "index": "8",
                "dep_rel": "root",
                "head_index": "0",
                "parser_morph_features": "Fem|_|Sg",
                "possible_morph_features": []
            }
        },
        "relations": {}
    },
    {
        "file_ID": "1023_0109395",
        "sent_NP_ID": "1_6",
        "sentence": "Maria Winkelmann Müllergasse 12 1234 Stadt X Au-pair-Agentur Schulz & Partner Regenstrasse .",
        "metadata": {
            "corpus": "MERLIN_DE",
            "author": {
                "author_ID": "1023_0109395",
                "L1": "other",
                "age": "33",
                "gender": "female"
            },
            "CEFR": {
                "overall_fairRating": "B1",
                "test_level": "B2"
            },
            "task": {
                "formality": "formal",
                "text_type": "letter",
                "topic": "Au pair writes letter of complaint to Agency"
            }
        },
        "NP_info": {
            "len_np": 1,
            "coordination": [
                "1_5",
                "1_6",
                "1_7"
            ]
        },
        "HEAD_info": {
            "head": {
                "H_TOK1": {
                    "word_type": "N",
                    "word_form": "Au-pair-Agentur",
                    "lemma": "Au-pair-Agentur",
                    "POS_STTS": "NN",
                    "index": "8",
                    "dep_rel": "root",
                    "head_index": "0",
                    "parser_morph_features": "Fem|_|Sg"
                }
            },
            "super_head": {}
        },
        "POST_info": {},
        "TOK_info": {
            "TOK1": {
                "word_type": "N",
                "word_form": "Schulz",
                "lemma": "Schulz",
                "POS_STTS": "NE",
                "index": "9",
                "dep_rel": "app",
                "head_index": "8",
                "parser_morph_features": "Masc|_|_",
                "possible_morph_features": []
            }
        },
        "relations": {}
    },
    {
        "file_ID": "1023_0109395",
        "sent_NP_ID": "1_7",
        "sentence": "Maria Winkelmann Müllergasse 12 1234 Stadt X Au-pair-Agentur Schulz & Partner Regenstrasse .",
        "metadata": {
            "corpus": "MERLIN_DE",
            "author": {
                "author_ID": "1023_0109395",
                "L1": "other",
                "age": "33",
                "gender": "female"
            },
            "CEFR": {
                "overall_fairRating": "B1",
                "test_level": "B2"
            },
            "task": {
                "formality": "formal",
                "text_type": "letter",
                "topic": "Au pair writes letter of complaint to Agency"
            }
        },
        "NP_info": {
            "len_np": 1,
            "coordination": [
                "1_5",
                "1_6",
                "1_7"
            ]
        },
        "HEAD_info": {
            "head": {
                "H_TOK1": {
                    "word_type": "KON",
                    "word_form": "&",
                    "lemma": "&",
                    "POS_STTS": "KON",
                    "index": "10",
                    "dep_rel": "kon",
                    "head_index": "9",
                    "parser_morph_features": "_"
                }
            },
            "super_head": {
                "SH_TOK1": {
                    "word_type": "N",
                    "word_form": "Schulz",
                    "lemma": "Schulz",
                    "POS_STTS": "NE",
                    "index": "9",
                    "dep_rel": "app",
                    "head_index": "8",
                    "parser_morph_features": "Masc|_|_"
                }
            }
        },
        "POST_info": {
            "P_TOK1": {
                "word_type": "N",
                "word_form": "Regenstrasse",
                "lemma": "Regenstraße",
                "POS_STTS": "NE",
                "index": "12",
                "dep_rel": "app",
                "head_index": "11",
                "parser_morph_features": "Fem|_|Sg"
            }
        },
        "TOK_info": {
            "TOK1": {
                "word_type": "N",
                "word_form": "Partner",
                "lemma": "Partner",
                "POS_STTS": "NN",
                "index": "11",
                "dep_rel": "cj",
                "head_index": "10",
                "parser_morph_features": "Masc|_|_",
                "possible_morph_features": []
            }
        },
        "relations": {}
    },
    {
        "file_ID": "1023_0109395",
        "sent_NP_ID": "1_8",
        "sentence": "Maria Winkelmann Müllergasse 12 1234 Stadt X Au-pair-Agentur Schulz & Partner Regenstrasse .",
        "metadata": {
            "corpus": "MERLIN_DE",
            "author": {
                "author_ID": "1023_0109395",
                "L1": "other",
                "age": "33",
                "gender": "female"
            },
            "CEFR": {
                "overall_fairRating": "B1",
                "test_level": "B2"
            },
            "task": {
                "formality": "formal",
                "text_type": "letter",
                "topic": "Au pair writes letter of complaint to Agency"
            }
        },
        "NP_info": {
            "len_np": 1,
            "coordination": null
        },
        "HEAD_info": {
            "head": {
                "H_TOK1": {
                    "word_type": "N",
                    "word_form": "Partner",
                    "lemma": "Partner",
                    "POS_STTS": "NN",
                    "index": "11",
                    "dep_rel": "cj",
                    "head_index": "10",
                    "parser_morph_features": "Masc|_|_"
                }
            },
            "super_head": {
                "SH_TOK1": {
                    "word_type": "KON",
                    "word_form": "&",
                    "lemma": "&",
                    "POS_STTS": "KON",
                    "index": "10",
                    "dep_rel": "kon",
                    "head_index": "9",
                    "parser_morph_features": "_"
                }
            }
        },
        "POST_info": {},
        "TOK_info": {
            "TOK1": {
                "word_type": "N",
                "word_form": "Regenstrasse",
                "lemma": "Regenstraße",
                "POS_STTS": "NE",
                "index": "12",
                "dep_rel": "app",
                "head_index": "11",
                "parser_morph_features": "Fem|_|Sg",
                "possible_morph_features": []
            }
        },
        "relations": {}
    },
    {
        "file_ID": "1023_0109395",
        "sent_NP_ID": "2_9",
        "sentence": "101 90451 Nürnberg Stadt Y , den 24.",
        "metadata": {
            "corpus": "MERLIN_DE",
            "author": {
                "author_ID": "1023_0109395",
                "L1": "other",
                "age": "33",
                "gender": "female"
            },
            "CEFR": {
                "overall_fairRating": "B1",
                "test_level": "B2"
            },
            "task": {
                "formality": "formal",
                "text_type": "letter",
                "topic": "Au pair writes letter of complaint to Agency"
            }
        },
        "NP_info": {
            "len_np": 1,
            "coordination": null
        },
        "HEAD_info": {
            "head": {},
            "super_head": {}
        },
        "POST_info": {
            "P_TOK1": {
                "word_type": "N",
                "word_form": "Stadt",
                "lemma": "Stadt",
                "POS_STTS": "NN",
                "index": "4",
                "dep_rel": "app",
                "head_index": "3",
                "parser_morph_features": "Fem|_|Sg"
            }
        },
        "TOK_info": {
            "TOK1": {
                "word_type": "N",
                "word_form": "Nürnberg",
                "lemma": "Nürnberg",
                "POS_STTS": "NE",
                "index": "3",
                "dep_rel": "root",
                "head_index": "0",
                "parser_morph_features": "Fem|_|Sg",
                "possible_morph_features": []
            }
        },
        "relations": {}
    },
    {
        "file_ID": "1023_0109395",
        "sent_NP_ID": "2_10",
        "sentence": "101 90451 Nürnberg Stadt Y , den 24.",
        "metadata": {
            "corpus": "MERLIN_DE",
            "author": {
                "author_ID": "1023_0109395",
                "L1": "other",
                "age": "33",
                "gender": "female"
            },
            "CEFR": {
                "overall_fairRating": "B1",
                "test_level": "B2"
            },
            "task": {
                "formality": "formal",
                "text_type": "letter",
                "topic": "Au pair writes letter of complaint to Agency"
            }
        },
        "NP_info": {
            "len_np": 1,
            "coordination": null
        },
        "HEAD_info": {
            "head": {
                "H_TOK1": {
                    "word_type": "N",
                    "word_form": "Nürnberg",
                    "lemma": "Nürnberg",
                    "POS_STTS": "NE",
                    "index": "3",
                    "dep_rel": "root",
                    "head_index": "0",
                    "parser_morph_features": "Fem|_|Sg"
                }
            },
            "super_head": {}
        },
        "POST_info": {
            "P_TOK1": {
                "word_type": "N",
                "word_form": "Y",
                "lemma": "Y",
                "POS_STTS": "NE",
                "index": "5",
                "dep_rel": "app",
                "head_index": "4",
                "parser_morph_features": "_|_|_"
            }
        },
        "TOK_info": {
            "TOK1": {
                "word_type": "N",
                "word_form": "Stadt",
                "lemma": "Stadt",
                "POS_STTS": "NN",
                "index": "4",
                "dep_rel": "app",
                "head_index": "3",
                "parser_morph_features": "Fem|_|Sg",
                "possible_morph_features": []
            }
        },
        "relations": {}
    },
    {
        "file_ID": "1023_0109395",
        "sent_NP_ID": "2_11",
        "sentence": "101 90451 Nürnberg Stadt Y , den 24.",
        "metadata": {
            "corpus": "MERLIN_DE",
            "author": {
                "author_ID": "1023_0109395",
                "L1": "other",
                "age": "33",
                "gender": "female"
            },
            "CEFR": {
                "overall_fairRating": "B1",
                "test_level": "B2"
            },
            "task": {
                "formality": "formal",
                "text_type": "letter",
                "topic": "Au pair writes letter of complaint to Agency"
            }
        },
        "NP_info": {
            "len_np": 1,
            "coordination": null
        },
        "HEAD_info": {
            "head": {
                "H_TOK1": {
                    "word_type": "N",
                    "word_form": "Stadt",
                    "lemma": "Stadt",
                    "POS_STTS": "NN",
                    "index": "4",
                    "dep_rel": "app",
                    "head_index": "3",
                    "parser_morph_features": "Fem|_|Sg"
                }
            },
            "super_head": {
                "SH_TOK1": {
                    "word_type": "N",
                    "word_form": "Nürnberg",
                    "lemma": "Nürnberg",
                    "POS_STTS": "NE",
                    "index": "3",
                    "dep_rel": "root",
                    "head_index": "0",
                    "parser_morph_features": "Fem|_|Sg"
                }
            }
        },
        "POST_info": {
            "P_TOK1": {
                "word_type": "ART",
                "word_form": "den",
                "lemma": "die",
                "POS_STTS": "ART",
                "index": "7",
                "dep_rel": "det",
                "head_index": "8",
                "parser_morph_features": "Def|_|_|_"
            },
            "P_TOK2": {
                "word_type": "ADJA",
                "word_form": "24.",
                "lemma": "24.",
                "POS_STTS": "ADJA",
                "index": "8",
                "dep_rel": "app",
                "head_index": "5",
                "parser_morph_features": "_|_|_"
            }
        },
        "TOK_info": {
            "TOK1": {
                "word_type": "N",
                "word_form": "Y",
                "lemma": "Y",
                "POS_STTS": "NE",
                "index": "5",
                "dep_rel": "app",
                "head_index": "4",
                "parser_morph_features": "_|_|_",
                "possible_morph_features": []
            }
        },
        "relations": {}
    },
    {
        "file_ID": "1023_0109395",
        "sent_NP_ID": "3_12",
        "sentence": "Sep 2011 Beshwerde Sehr geehrte Damen und Herren , Hiermit möchte ich über die Betreuung beschweren .",
        "metadata": {
            "corpus": "MERLIN_DE",
            "author": {
                "author_ID": "1023_0109395",
                "L1": "other",
                "age": "33",
                "gender": "female"
            },
            "CEFR": {
                "overall_fairRating": "B1",
                "test_level": "B2"
            },
            "task": {
                "formality": "formal",
                "text_type": "letter",
                "topic": "Au pair writes letter of complaint to Agency"
            }
        },
        "NP_info": {
            "len_np": 1,
            "coordination": null
        },
        "HEAD_info": {
            "head": {
                "H_TOK1": {
                    "word_type": "V",
                    "word_form": "möchte",
                    "lemma": "mögen",
                    "POS_STTS": "VMFIN",
                    "index": "11",
                    "dep_rel": "root",
                    "head_index": "0",
                    "parser_morph_features": "1|Sg|Past|Subj"
                }
            },
            "super_head": {}
        },
        "POST_info": {
            "P_TOK1": {
                "word_type": "N",
                "word_form": "Beshwerde",
                "lemma": "Beshwerde",
                "POS_STTS": "NN",
                "index": "3",
                "dep_rel": "app",
                "head_index": "1",
                "parser_morph_features": "_|_|Pl"
            }
        },
        "TOK_info": {
            "TOK1": {
                "word_type": "N",
                "word_form": "Sep",
                "lemma": "Sep",
                "POS_STTS": "NE",
                "index": "1",
                "dep_rel": "vok",
                "head_index": "11",
                "parser_morph_features": "Fem|_|Pl",
                "possible_morph_features": []
            }
        },
        "relations": {}
    },
    {
        "file_ID": "1023_0109395",
        "sent_NP_ID": "3_13",
        "sentence": "Sep 2011 Beshwerde Sehr geehrte Damen und Herren , Hiermit möchte ich über die Betreuung beschweren .",
        "metadata": {
            "corpus": "MERLIN_DE",
            "author": {
                "author_ID": "1023_0109395",
                "L1": "other",
                "age": "33",
                "gender": "female"
            },
            "CEFR": {
                "overall_fairRating": "B1",
                "test_level": "B2"
            },
            "task": {
                "formality": "formal",
                "text_type": "letter",
                "topic": "Au pair writes letter of complaint to Agency"
            }
        },
        "NP_info": {
            "len_np": 2,
            "coordination": [
                "3_13",
                "3_14",
                "3_15"
            ]
        },
        "HEAD_info": {
            "head": {
                "H_TOK1": {
                    "word_type": "N",
                    "word_form": "Sep",
                    "lemma": "Sep",
                    "POS_STTS": "NE",
                    "index": "1",
                    "dep_rel": "vok",
                    "head_index": "11",
                    "parser_morph_features": "Fem|_|Pl"
                }
            },
            "super_head": {
                "SH_TOK1": {
                    "word_type": "V",
                    "word_form": "möchte",
                    "lemma": "mögen",
                    "POS_STTS": "VMFIN",
                    "index": "11",
                    "dep_rel": "root",
                    "head_index": "0",
                    "parser_morph_features": "1|Sg|Past|Subj"
                }
            }
        },
        "POST_info": {
            "P_TOK1": {
                "word_type": "N",
                "word_form": "Damen",
                "lemma": "Dame",
                "POS_STTS": "NN",
                "index": "6",
                "dep_rel": "app",
                "head_index": "3",
                "parser_morph_features": "Fem|_|Pl"
            }
        },
        "TOK_info": {
            "TOK1": {
                "word_type": "CARD",
                "word_form": "2011",
                "lemma": "2011",
                "POS_STTS": "CARD",
                "index": "2",
                "dep_rel": "attr",
                "head_index": "3",
                "parser_morph_features": "_",
                "possible_morph_features": []
            },
            "TOK2": {
                "word_type": "N",
                "word_form": "Beshwerde",
                "lemma": "Beshwerde",
                "POS_STTS": "NN",
                "index": "3",
                "dep_rel": "app",
                "head_index": "1",
                "parser_morph_features": "_|_|Pl",
                "possible_morph_features": []
            }
        },
        "relations": {}
    },
    {
        "file_ID": "1023_0109395",
        "sent_NP_ID": "3_14",
        "sentence": "Sep 2011 Beshwerde Sehr geehrte Damen und Herren , Hiermit möchte ich über die Betreuung beschweren .",
        "metadata": {
            "corpus": "MERLIN_DE",
            "author": {
                "author_ID": "1023_0109395",
                "L1": "other",
                "age": "33",
                "gender": "female"
            },
            "CEFR": {
                "overall_fairRating": "B1",
                "test_level": "B2"
            },
            "task": {
                "formality": "formal",
                "text_type": "letter",
                "topic": "Au pair writes letter of complaint to Agency"
            }
        },
        "NP_info": {
            "len_np": 3,
            "coordination": [
                "3_13",
                "3_14",
                "3_15"
            ]
        },
        "HEAD_info": {
            "head": {
                "H_TOK1": {
                    "word_type": "N",
                    "word_form": "Beshwerde",
                    "lemma": "Beshwerde",
                    "POS_STTS": "NN",
                    "index": "3",
                    "dep_rel": "app",
                    "head_index": "1",
                    "parser_morph_features": "_|_|Pl"
                }
            },
            "super_head": {
                "SH_TOK1": {
                    "word_type": "N",
                    "word_form": "Sep",
                    "lemma": "Sep",
                    "POS_STTS": "NE",
                    "index": "1",
                    "dep_rel": "vok",
                    "head_index": "11",
                    "parser_morph_features": "Fem|_|Pl"
                }
            }
        },
        "POST_info": {},
        "TOK_info": {
            "TOK1": {
                "word_type": "ADV",
                "word_form": "Sehr",
                "lemma": "sehr",
                "POS_STTS": "ADV",
                "index": "4",
                "dep_rel": "adv",
                "head_index": "5",
                "parser_morph_features": "_",
                "possible_morph_features": []
            },
            "TOK2": {
                "word_type": "ADJA",
                "word_form": "geehrte",
                "lemma": "geehrt",
                "POS_STTS": "ADJA",
                "index": "5",
                "dep_rel": "attr",
                "head_index": "6",
                "parser_morph_features": "Pos|Fem|_|Pl|St|",
                "possible_morph_features": []
            },
            "TOK3": {
                "word_type": "N",
                "word_form": "Damen",
                "lemma": "Dame",
                "POS_STTS": "NN",
                "index": "6",
                "dep_rel": "app",
                "head_index": "3",
                "parser_morph_features": "Fem|_|Pl",
                "possible_morph_features": []
            }
        },
        "relations": {
            "rel_1": {
                "rel_type": "must_agree",
                "involved": [
                    "TOK3",
                    "TOK2"
                ],
                "ruler": "TOK3",
                "possible_agreement": null
            }
        }
    },
    {
        "file_ID": "1023_0109395",
        "sent_NP_ID": "3_15",
        "sentence": "Sep 2011 Beshwerde Sehr geehrte Damen und Herren , Hiermit möchte ich über die Betreuung beschweren .",
        "metadata": {
            "corpus": "MERLIN_DE",
            "author": {
                "author_ID": "1023_0109395",
                "L1": "other",
                "age": "33",
                "gender": "female"
            },
            "CEFR": {
                "overall_fairRating": "B1",
                "test_level": "B2"
            },
            "task": {
                "formality": "formal",
                "text_type": "letter",
                "topic": "Au pair writes letter of complaint to Agency"
            }
        },
        "NP_info": {
            "len_np": 1,
            "coordination": [
                "3_13",
                "3_14",
                "3_15"
            ]
        },
        "HEAD_info": {
            "head": {
                "H_TOK1": {
                    "word_type": "KON",
                    "word_form": "und",
                    "lemma": "und",
                    "POS_STTS": "KON",
                    "index": "7",
                    "dep_rel": "kon",
                    "head_index": "6",
                    "parser_morph_features": "_"
                }
            },
            "super_head": {
                "SH_TOK1": {
                    "word_type": "N",
                    "word_form": "Damen",
                    "lemma": "Dame",
                    "POS_STTS": "NN",
                    "index": "6",
                    "dep_rel": "app",
                    "head_index": "3",
                    "parser_morph_features": "Fem|_|Pl"
                }
            }
        },
        "POST_info": {},
        "TOK_info": {
            "TOK1": {
                "word_type": "N",
                "word_form": "Herren",
                "lemma": "Herr",
                "POS_STTS": "NN",
                "index": "8",
                "dep_rel": "cj",
                "head_index": "7",
                "parser_morph_features": "Masc|_|_",
                "possible_morph_features": []
            }
        },
        "relations": {}
    },
    {
        "file_ID": "1023_0109395",
        "sent_NP_ID": "3_16",
        "sentence": "Sep 2011 Beshwerde Sehr geehrte Damen und Herren , Hiermit möchte ich über die Betreuung beschweren .",
        "metadata": {
            "corpus": "MERLIN_DE",
            "author": {
                "author_ID": "1023_0109395",
                "L1": "other",
                "age": "33",
                "gender": "female"
            },
            "CEFR": {
                "overall_fairRating": "B1",
                "test_level": "B2"
            },
            "task": {
                "formality": "formal",
                "text_type": "letter",
                "topic": "Au pair writes letter of complaint to Agency"
            }
        },
        "NP_info": {
            "len_np": 2,
            "coordination": null
        },
        "HEAD_info": {
            "head": {
                "H_TOK1": {
                    "word_type": "PREP",
                    "word_form": "über",
                    "lemma": "über",
                    "POS_STTS": "APPR",
                    "index": "13",
                    "dep_rel": "pp",
                    "head_index": "16",
                    "parser_morph_features": "Acc"
                }
            },
            "super_head": {
                "SH_TOK1": {
                    "word_type": "V",
                    "word_form": "beschweren",
                    "lemma": "beschweren",
                    "POS_STTS": "VVINF",
                    "index": "16",
                    "dep_rel": "aux",
                    "head_index": "11",
                    "parser_morph_features": "_"
                }
            }
        },
        "POST_info": {},
        "TOK_info": {
            "TOK1": {
                "word_type": "ART",
                "word_form": "die",
                "lemma": "die",
                "POS_STTS": "ART",
                "index": "14",
                "dep_rel": "det",
                "head_index": "15",
                "parser_morph_features": "Def|Fem|Acc|Sg",
                "possible_morph_features": []
            },
            "TOK2": {
                "word_type": "N",
                "word_form": "Betreuung",
                "lemma": "Betreuung",
                "POS_STTS": "NN",
                "index": "15",
                "dep_rel": "pn",
                "head_index": "13",
                "parser_morph_features": "Fem|Acc|Sg",
                "possible_morph_features": []
            }
        },
        "relations": {
            "rel_1": {
                "rel_type": "must_agree",
                "involved": [
                    "TOK2",
                    "TOK1"
                ],
                "ruler": "TOK2",
                "possible_agreement": null
            }
        }
    },
    {
        "file_ID": "1023_0109395",
        "sent_NP_ID": "4_17",
        "sentence": "Nachdem ich mit grossem Interesse Ihre Anzeige gelessen hatte , habe ich bei ihnen sofort angemeldet und zwar ich glucklich am Anfang war , aber alles verändern sie sich nur nach eine woche .",
        "metadata": {
            "corpus": "MERLIN_DE",
            "author": {
                "author_ID": "1023_0109395",
                "L1": "other",
                "age": "33",
                "gender": "female"
            },
            "CEFR": {
                "overall_fairRating": "B1",
                "test_level": "B2"
            },
            "task": {
                "formality": "formal",
                "text_type": "letter",
                "topic": "Au pair writes letter of complaint to Agency"
            }
        },
        "NP_info": {
            "len_np": 2,
            "coordination": null
        },
        "HEAD_info": {
            "head": {
                "H_TOK1": {
                    "word_type": "PREP",
                    "word_form": "mit",
                    "lemma": "mit",
                    "POS_STTS": "APPR",
                    "index": "3",
                    "dep_rel": "pp",
                    "head_index": "9",
                    "parser_morph_features": "Dat"
                }
            },
            "super_head": {
                "SH_TOK1": {
                    "word_type": "V",
                    "word_form": "hatte",
                    "lemma": "haben",
                    "POS_STTS": "VAFIN",
                    "index": "9",
                    "dep_rel": "neb",
                    "head_index": "11",
                    "parser_morph_features": "1|Sg|Past|Ind"
                }
            }
        },
        "POST_info": {},
        "TOK_info": {
            "TOK1": {
                "word_type": "ADJA",
                "word_form": "grossem",
                "lemma": "groß",
                "POS_STTS": "ADJA",
                "index": "4",
                "dep_rel": "attr",
                "head_index": "5",
                "parser_morph_features": "Pos|Neut|Dat|Sg|St|",
                "possible_morph_features": []
            },
            "TOK2": {
                "word_type": "N",
                "word_form": "Interesse",
                "lemma": "Interesse",
                "POS_STTS": "NN",
                "index": "5",
                "dep_rel": "pn",
                "head_index": "3",
                "parser_morph_features": "Neut|Dat|Sg",
                "possible_morph_features": []
            }
        },
        "relations": {
            "rel_1": {
                "rel_type": "must_agree",
                "involved": [
                    "TOK2",
                    "TOK1"
                ],
                "ruler": "TOK2",
                "possible_agreement": null
            }
        }
    },
    {
        "file_ID": "1023_0109395",
        "sent_NP_ID": "4_18",
        "sentence": "Nachdem ich mit grossem Interesse Ihre Anzeige gelessen hatte , habe ich bei ihnen sofort angemeldet und zwar ich glucklich am Anfang war , aber alles verändern sie sich nur nach eine woche .",
        "metadata": {
            "corpus": "MERLIN_DE",
            "author": {
                "author_ID": "1023_0109395",
                "L1": "other",
                "age": "33",
                "gender": "female"
            },
            "CEFR": {
                "overall_fairRating": "B1",
                "test_level": "B2"
            },
            "task": {
                "formality": "formal",
                "text_type": "letter",
                "topic": "Au pair writes letter of complaint to Agency"
            }
        },
        "NP_info": {
            "len_np": 2,
            "coordination": null
        },
        "HEAD_info": {
            "head": {
                "H_TOK1": {
                    "word_type": "V",
                    "word_form": "hatte",
                    "lemma": "haben",
                    "POS_STTS": "VAFIN",
                    "index": "9",
                    "dep_rel": "neb",
                    "head_index": "11",
                    "parser_morph_features": "1|Sg|Past|Ind"
                }
            },
            "super_head": {
                "SH_TOK1": {
                    "word_type": "V",
                    "word_form": "habe",
                    "lemma": "haben",
                    "POS_STTS": "VAFIN",
                    "index": "11",
                    "dep_rel": "root",
                    "head_index": "0",
                    "parser_morph_features": "1|Sg|Pres|_"
                }
            }
        },
        "POST_info": {
            "P_TOK1": {
                "word_type": "N",
                "word_form": "gelessen",
                "lemma": "gelessen",
                "POS_STTS": "NE",
                "index": "8",
                "dep_rel": "app",
                "head_index": "7",
                "parser_morph_features": "Fem|Acc|Sg"
            }
        },
        "TOK_info": {
            "TOK1": {
                "word_type": "ART",
                "word_form": "Ihre",
                "lemma": "ihre",
                "POS_STTS": "PPOSAT",
                "index": "6",
                "dep_rel": "det",
                "head_index": "7",
                "parser_morph_features": "Fem|Acc|Sg",
                "possible_morph_features": []
            },
            "TOK2": {
                "word_type": "N",
                "word_form": "Anzeige",
                "lemma": "Anzeige",
                "POS_STTS": "NN",
                "index": "7",
                "dep_rel": "obja",
                "head_index": "9",
                "parser_morph_features": "Fem|Acc|Sg",
                "possible_morph_features": []
            }
        },
        "relations": {
            "rel_1": {
                "rel_type": "must_agree",
                "involved": [
                    "TOK2",
                    "TOK1"
                ],
                "ruler": "TOK2",
                "possible_agreement": null
            }
        }
    },
    {
        "file_ID": "1023_0109395",
        "sent_NP_ID": "4_19",
        "sentence": "Nachdem ich mit grossem Interesse Ihre Anzeige gelessen hatte , habe ich bei ihnen sofort angemeldet und zwar ich glucklich am Anfang war , aber alles verändern sie sich nur nach eine woche .",
        "metadata": {
            "corpus": "MERLIN_DE",
            "author": {
                "author_ID": "1023_0109395",
                "L1": "other",
                "age": "33",
                "gender": "female"
            },
            "CEFR": {
                "overall_fairRating": "B1",
                "test_level": "B2"
            },
            "task": {
                "formality": "formal",
                "text_type": "letter",
                "topic": "Au pair writes letter of complaint to Agency"
            }
        },
        "NP_info": {
            "len_np": 1,
            "coordination": null
        },
        "HEAD_info": {
            "head": {
                "H_TOK1": {
                    "word_type": "N",
                    "word_form": "Anzeige",
                    "lemma": "Anzeige",
                    "POS_STTS": "NN",
                    "index": "7",
                    "dep_rel": "obja",
                    "head_index": "9",
                    "parser_morph_features": "Fem|Acc|Sg"
                }
            },
            "super_head": {
                "SH_TOK1": {
                    "word_type": "V",
                    "word_form": "hatte",
                    "lemma": "haben",
                    "POS_STTS": "VAFIN",
                    "index": "9",
                    "dep_rel": "neb",
                    "head_index": "11",
                    "parser_morph_features": "1|Sg|Past|Ind"
                }
            }
        },
        "POST_info": {},
        "TOK_info": {
            "TOK1": {
                "word_type": "N",
                "word_form": "gelessen",
                "lemma": "gelessen",
                "POS_STTS": "NE",
                "index": "8",
                "dep_rel": "app",
                "head_index": "7",
                "parser_morph_features": "Fem|Acc|Sg",
                "possible_morph_features": []
            }
        },
        "relations": {}
    },
    {
        "file_ID": "1023_0109395",
        "sent_NP_ID": "4_20",
        "sentence": "Nachdem ich mit grossem Interesse Ihre Anzeige gelessen hatte , habe ich bei ihnen sofort angemeldet und zwar ich glucklich am Anfang war , aber alles verändern sie sich nur nach eine woche .",
        "metadata": {
            "corpus": "MERLIN_DE",
            "author": {
                "author_ID": "1023_0109395",
                "L1": "other",
                "age": "33",
                "gender": "female"
            },
            "CEFR": {
                "overall_fairRating": "B1",
                "test_level": "B2"
            },
            "task": {
                "formality": "formal",
                "text_type": "letter",
                "topic": "Au pair writes letter of complaint to Agency"
            }
        },
        "NP_info": {
            "len_np": 1,
            "coordination": null
        },
        "HEAD_info": {
            "head": {
                "H_TOK1": {
                    "word_type": "PREP",
                    "word_form": "am",
                    "lemma": "an",
                    "POS_STTS": "APPRART",
                    "index": "21",
                    "dep_rel": "pp",
                    "head_index": "20",
                    "parser_morph_features": "Dat"
                }
            },
            "super_head": {
                "SH_TOK1": {
                    "word_type": "ADV",
                    "word_form": "glucklich",
                    "lemma": "glucklich",
                    "POS_STTS": "ADJD",
                    "index": "20",
                    "dep_rel": "pred",
                    "head_index": "23",
                    "parser_morph_features": "Pos|"
                }
            }
        },
        "POST_info": {},
        "TOK_info": {
            "TOK1": {
                "word_type": "N",
                "word_form": "Anfang",
                "lemma": "Anfang",
                "POS_STTS": "NN",
                "index": "22",
                "dep_rel": "pn",
                "head_index": "21",
                "parser_morph_features": "Masc|Dat|Sg",
                "possible_morph_features": []
            }
        },
        "relations": {
            "rel_1": {
                "rel_type": "must_agree",
                "involved": [
                    "TOK1",
                    "H_TOK1"
                ],
                "ruler": "TOK1",
                "possible_agreement": null
            }
        }
    },
    {
        "file_ID": "1023_0109395",
        "sent_NP_ID": "4_21",
        "sentence": "Nachdem ich mit grossem Interesse Ihre Anzeige gelessen hatte , habe ich bei ihnen sofort angemeldet und zwar ich glucklich am Anfang war , aber alles verändern sie sich nur nach eine woche .",
        "metadata": {
            "corpus": "MERLIN_DE",
            "author": {
                "author_ID": "1023_0109395",
                "L1": "other",
                "age": "33",
                "gender": "female"
            },
            "CEFR": {
                "overall_fairRating": "B1",
                "test_level": "B2"
            },
            "task": {
                "formality": "formal",
                "text_type": "letter",
                "topic": "Au pair writes letter of complaint to Agency"
            }
        },
        "NP_info": {
            "len_np": 2,
            "coordination": null
        },
        "HEAD_info": {
            "head": {
                "H_TOK1": {
                    "word_type": "PREP",
                    "word_form": "nach",
                    "lemma": "nach",
                    "POS_STTS": "APPR",
                    "index": "31",
                    "dep_rel": "pp",
                    "head_index": "27",
                    "parser_morph_features": "Dat"
                }
            },
            "super_head": {
                "SH_TOK1": {
                    "word_type": "V",
                    "word_form": "verändern",
                    "lemma": "verändern",
                    "POS_STTS": "VVFIN",
                    "index": "27",
                    "dep_rel": "cj",
                    "head_index": "25",
                    "parser_morph_features": "3|Pl|Pres|_"
                }
            }
        },
        "POST_info": {},
        "TOK_info": {
            "TOK1": {
                "word_type": "ART",
                "word_form": "eine",
                "lemma": "eine",
                "POS_STTS": "ART",
                "index": "32",
                "dep_rel": "det",
                "head_index": "33",
                "parser_morph_features": "Indef|Fem|_|Sg",
                "possible_morph_features": []
            },
            "TOK2": {
                "word_type": "N",
                "word_form": "woche",
                "lemma": "woche",
                "POS_STTS": "NN",
                "index": "33",
                "dep_rel": "pn",
                "head_index": "31",
                "parser_morph_features": "Fem|_|Sg",
                "possible_morph_features": []
            }
        },
        "relations": {
            "rel_1": {
                "rel_type": "must_agree",
                "involved": [
                    "TOK2",
                    "TOK1"
                ],
                "ruler": "TOK2",
                "possible_agreement": null
            }
        }
    },
    {
        "file_ID": "1023_0109395",
        "sent_NP_ID": "5_22",
        "sentence": "Da im Ihren Anzeige , Beratung , Betreuung und super-guten Service entschprochen würde aber alle diese Entsprochungen war nicht von ort eingehalten würden .",
        "metadata": {
            "corpus": "MERLIN_DE",
            "author": {
                "author_ID": "1023_0109395",
                "L1": "other",
                "age": "33",
                "gender": "female"
            },
            "CEFR": {
                "overall_fairRating": "B1",
                "test_level": "B2"
            },
            "task": {
                "formality": "formal",
                "text_type": "letter",
                "topic": "Au pair writes letter of complaint to Agency"
            }
        },
        "NP_info": {
            "len_np": 2,
            "coordination": [
                "5_22",
                "5_23",
                "5_24",
                "5_25"
            ]
        },
        "HEAD_info": {
            "head": {
                "H_TOK1": {
                    "word_type": "PREP",
                    "word_form": "im",
                    "lemma": "in",
                    "POS_STTS": "APPRART",
                    "index": "2",
                    "dep_rel": "pp",
                    "head_index": "12",
                    "parser_morph_features": "Dat"
                }
            },
            "super_head": {
                "SH_TOK1": {
                    "word_type": "V",
                    "word_form": "entschprochen",
                    "lemma": "entschprochen",
                    "POS_STTS": "VVINF",
                    "index": "12",
                    "dep_rel": "aux",
                    "head_index": "13",
                    "parser_morph_features": "_"
                }
            }
        },
        "POST_info": {},
        "TOK_info": {
            "TOK1": {
                "word_type": "ART",
                "word_form": "Ihren",
                "lemma": "ihre",
                "POS_STTS": "PPOSAT",
                "index": "3",
                "dep_rel": "det",
                "head_index": "4",
                "parser_morph_features": "Fem|_|Sg",
                "possible_morph_features": []
            },
            "TOK2": {
                "word_type": "N",
                "word_form": "Anzeige",
                "lemma": "Anzeige",
                "POS_STTS": "NN",
                "index": "4",
                "dep_rel": "pn",
                "head_index": "2",
                "parser_morph_features": "Fem|_|Sg",
                "possible_morph_features": []
            }
        },
        "relations": {
            "rel_1": {
                "rel_type": "must_agree",
                "involved": [
                    "TOK1",
                    "H_TOK1"
                ],
                "ruler": null,
                "possible_agreement": null
            },
            "rel_2": {
                "rel_type": "must_agree",
                "involved": [
                    "TOK2",
                    "TOK1"
                ],
                "ruler": "TOK2",
                "possible_agreement": null
            },
            "rel_3": {
                "rel_type": "must_agree",
                "involved": [
                    "TOK2",
                    "H_TOK1"
                ],
                "ruler": "TOK2",
                "possible_agreement": null
            }
        }
    },
    {
        "file_ID": "1023_0109395",
        "sent_NP_ID": "5_23",
        "sentence": "Da im Ihren Anzeige , Beratung , Betreuung und super-guten Service entschprochen würde aber alle diese Entsprochungen war nicht von ort eingehalten würden .",
        "metadata": {
            "corpus": "MERLIN_DE",
            "author": {
                "author_ID": "1023_0109395",
                "L1": "other",
                "age": "33",
                "gender": "female"
            },
            "CEFR": {
                "overall_fairRating": "B1",
                "test_level": "B2"
            },
            "task": {
                "formality": "formal",
                "text_type": "letter",
                "topic": "Au pair writes letter of complaint to Agency"
            }
        },
        "NP_info": {
            "len_np": 1,
            "coordination": [
                "5_22",
                "5_23",
                "5_24",
                "5_25"
            ]
        },
        "HEAD_info": {
            "head": {
                "H_TOK1": {
                    "word_type": "N",
                    "word_form": "Anzeige",
                    "lemma": "Anzeige",
                    "POS_STTS": "NN",
                    "index": "4",
                    "dep_rel": "pn",
                    "head_index": "2",
                    "parser_morph_features": "Fem|_|Sg"
                }
            },
            "super_head": {
                "SH_TOK1": {
                    "word_type": "PREP",
                    "word_form": "im",
                    "lemma": "in",
                    "POS_STTS": "APPRART",
                    "index": "2",
                    "dep_rel": "pp",
                    "head_index": "12",
                    "parser_morph_features": "Dat"
                }
            }
        },
        "POST_info": {},
        "TOK_info": {
            "TOK1": {
                "word_type": "N",
                "word_form": "Beratung",
                "lemma": "Beratung",
                "POS_STTS": "NN",
                "index": "6",
                "dep_rel": "kon",
                "head_index": "4",
                "parser_morph_features": "Fem|Dat|Sg",
                "possible_morph_features": []
            }
        },
        "relations": {}
    },
    {
        "file_ID": "1023_0109395",
        "sent_NP_ID": "5_24",
        "sentence": "Da im Ihren Anzeige , Beratung , Betreuung und super-guten Service entschprochen würde aber alle diese Entsprochungen war nicht von ort eingehalten würden .",
        "metadata": {
            "corpus": "MERLIN_DE",
            "author": {
                "author_ID": "1023_0109395",
                "L1": "other",
                "age": "33",
                "gender": "female"
            },
            "CEFR": {
                "overall_fairRating": "B1",
                "test_level": "B2"
            },
            "task": {
                "formality": "formal",
                "text_type": "letter",
                "topic": "Au pair writes letter of complaint to Agency"
            }
        },
        "NP_info": {
            "len_np": 1,
            "coordination": [
                "5_22",
                "5_23",
                "5_24",
                "5_25"
            ]
        },
        "HEAD_info": {
            "head": {
                "H_TOK1": {
                    "word_type": "N",
                    "word_form": "Beratung",
                    "lemma": "Beratung",
                    "POS_STTS": "NN",
                    "index": "6",
                    "dep_rel": "kon",
                    "head_index": "4",
                    "parser_morph_features": "Fem|Dat|Sg"
                }
            },
            "super_head": {
                "SH_TOK1": {
                    "word_type": "N",
                    "word_form": "Anzeige",
                    "lemma": "Anzeige",
                    "POS_STTS": "NN",
                    "index": "4",
                    "dep_rel": "pn",
                    "head_index": "2",
                    "parser_morph_features": "Fem|_|Sg"
                }
            }
        },
        "POST_info": {},
        "TOK_info": {
            "TOK1": {
                "word_type": "N",
                "word_form": "Betreuung",
                "lemma": "Betreuung",
                "POS_STTS": "NN",
                "index": "8",
                "dep_rel": "kon",
                "head_index": "6",
                "parser_morph_features": "Fem|Dat|Sg",
                "possible_morph_features": []
            }
        },
        "relations": {}
    },
    {
        "file_ID": "1023_0109395",
        "sent_NP_ID": "5_25",
        "sentence": "Da im Ihren Anzeige , Beratung , Betreuung und super-guten Service entschprochen würde aber alle diese Entsprochungen war nicht von ort eingehalten würden .",
        "metadata": {
            "corpus": "MERLIN_DE",
            "author": {
                "author_ID": "1023_0109395",
                "L1": "other",
                "age": "33",
                "gender": "female"
            },
            "CEFR": {
                "overall_fairRating": "B1",
                "test_level": "B2"
            },
            "task": {
                "formality": "formal",
                "text_type": "letter",
                "topic": "Au pair writes letter of complaint to Agency"
            }
        },
        "NP_info": {
            "len_np": 2,
            "coordination": [
                "5_22",
                "5_23",
                "5_24",
                "5_25"
            ]
        },
        "HEAD_info": {
            "head": {
                "H_TOK1": {
                    "word_type": "KON",
                    "word_form": "und",
                    "lemma": "und",
                    "POS_STTS": "KON",
                    "index": "9",
                    "dep_rel": "kon",
                    "head_index": "8",
                    "parser_morph_features": "_"
                }
            },
            "super_head": {
                "SH_TOK1": {
                    "word_type": "N",
                    "word_form": "Betreuung",
                    "lemma": "Betreuung",
                    "POS_STTS": "NN",
                    "index": "8",
                    "dep_rel": "kon",
                    "head_index": "6",
                    "parser_morph_features": "Fem|Dat|Sg"
                }
            }
        },
        "POST_info": {},
        "TOK_info": {
            "TOK1": {
                "word_type": "ADJA",
                "word_form": "super-guten",
                "lemma": "super-gut",
                "POS_STTS": "ADJA",
                "index": "10",
                "dep_rel": "attr",
                "head_index": "11",
                "parser_morph_features": "Pos|_|_|_|_|",
                "possible_morph_features": []
            },
            "TOK2": {
                "word_type": "N",
                "word_form": "Service",
                "lemma": "Service",
                "POS_STTS": "NN",
                "index": "11",
                "dep_rel": "cj",
                "head_index": "9",
                "parser_morph_features": "_|_|_",
                "possible_morph_features": []
            }
        },
        "relations": {
            "rel_1": {
                "rel_type": "must_agree",
                "involved": [
                    "TOK2",
                    "TOK1"
                ],
                "ruler": "TOK2",
                "possible_agreement": null
            }
        }
    },
    {
        "file_ID": "1023_0109395",
        "sent_NP_ID": "5_26",
        "sentence": "Da im Ihren Anzeige , Beratung , Betreuung und super-guten Service entschprochen würde aber alle diese Entsprochungen war nicht von ort eingehalten würden .",
        "metadata": {
            "corpus": "MERLIN_DE",
            "author": {
                "author_ID": "1023_0109395",
                "L1": "other",
                "age": "33",
                "gender": "female"
            },
            "CEFR": {
                "overall_fairRating": "B1",
                "test_level": "B2"
            },
            "task": {
                "formality": "formal",
                "text_type": "letter",
                "topic": "Au pair writes letter of complaint to Agency"
            }
        },
        "NP_info": {
            "len_np": 3,
            "coordination": null
        },
        "HEAD_info": {
            "head": {
                "H_TOK1": {
                    "word_type": "V",
                    "word_form": "würde",
                    "lemma": "werden",
                    "POS_STTS": "VAFIN",
                    "index": "13",
                    "dep_rel": "neb",
                    "head_index": "18",
                    "parser_morph_features": "3|Sg|Past|Subj"
                }
            },
            "super_head": {
                "SH_TOK1": {
                    "word_type": "V",
                    "word_form": "war",
                    "lemma": "sein",
                    "POS_STTS": "VAFIN",
                    "index": "18",
                    "dep_rel": "root",
                    "head_index": "0",
                    "parser_morph_features": "_|Sg|Past|Ind"
                }
            }
        },
        "POST_info": {},
        "TOK_info": {
            "TOK1": {
                "word_type": "ART",
                "word_form": "alle",
                "lemma": "alle",
                "POS_STTS": "PIDAT",
                "index": "15",
                "dep_rel": "det",
                "head_index": "17",
                "parser_morph_features": "Fem|Nom|Sg",
                "possible_morph_features": []
            },
            "TOK2": {
                "word_type": "ART",
                "word_form": "diese",
                "lemma": "diese",
                "POS_STTS": "PDAT",
                "index": "16",
                "dep_rel": "det",
                "head_index": "17",
                "parser_morph_features": "Fem|Nom|Sg",
                "possible_morph_features": []
            },
            "TOK3": {
                "word_type": "N",
                "word_form": "Entsprochungen",
                "lemma": "Entsprochungen",
                "POS_STTS": "NN",
                "index": "17",
                "dep_rel": "subj",
                "head_index": "13",
                "parser_morph_features": "Fem|Nom|Sg",
                "possible_morph_features": []
            }
        },
        "relations": {
            "rel_1": {
                "rel_type": "must_agree",
                "involved": [
                    "TOK1",
                    "TOK2"
                ],
                "ruler": null,
                "possible_agreement": null
            },
            "rel_2": {
                "rel_type": "must_agree",
                "involved": [
                    "TOK3",
                    "TOK1"
                ],
                "ruler": "TOK3",
                "possible_agreement": null
            },
            "rel_3": {
                "rel_type": "must_agree",
                "involved": [
                    "TOK3",
                    "TOK2"
                ],
                "ruler": "TOK3",
                "possible_agreement": null
            }
        }
    },
    {
        "file_ID": "1023_0109395",
        "sent_NP_ID": "5_27",
        "sentence": "Da im Ihren Anzeige , Beratung , Betreuung und super-guten Service entschprochen würde aber alle diese Entsprochungen war nicht von ort eingehalten würden .",
        "metadata": {
            "corpus": "MERLIN_DE",
            "author": {
                "author_ID": "1023_0109395",
                "L1": "other",
                "age": "33",
                "gender": "female"
            },
            "CEFR": {
                "overall_fairRating": "B1",
                "test_level": "B2"
            },
            "task": {
                "formality": "formal",
                "text_type": "letter",
                "topic": "Au pair writes letter of complaint to Agency"
            }
        },
        "NP_info": {
            "len_np": 1,
            "coordination": null
        },
        "HEAD_info": {
            "head": {
                "H_TOK1": {
                    "word_type": "PREP",
                    "word_form": "von",
                    "lemma": "von",
                    "POS_STTS": "APPR",
                    "index": "20",
                    "dep_rel": "pp",
                    "head_index": "22",
                    "parser_morph_features": "_"
                }
            },
            "super_head": {
                "SH_TOK1": {
                    "word_type": "V",
                    "word_form": "eingehalten",
                    "lemma": "einhalten",
                    "POS_STTS": "VVPP",
                    "index": "22",
                    "dep_rel": "aux",
                    "head_index": "18",
                    "parser_morph_features": "_"
                }
            }
        },
        "POST_info": {},
        "TOK_info": {
            "TOK1": {
                "word_type": "N",
                "word_form": "ort",
                "lemma": "ort",
                "POS_STTS": "NN",
                "index": "21",
                "dep_rel": "pn",
                "head_index": "20",
                "parser_morph_features": "_|_|_",
                "possible_morph_features": []
            }
        },
        "relations": {}
    },
    {
        "file_ID": "1023_0109395",
        "sent_NP_ID": "6_28",
        "sentence": "Die Betreuung durch die Agentur hat mich verärgert weil es schlechter weiter geht letzte mal war ich dort bei Ihrer Firma und die Cheffin hat mir erklärt dass ich kann nicht den Vertrag unterbrechen .",
        "metadata": {
            "corpus": "MERLIN_DE",
            "author": {
                "author_ID": "1023_0109395",
                "L1": "other",
                "age": "33",
                "gender": "female"
            },
            "CEFR": {
                "overall_fairRating": "B1",
                "test_level": "B2"
            },
            "task": {
                "formality": "formal",
                "text_type": "letter",
                "topic": "Au pair writes letter of complaint to Agency"
            }
        },
        "NP_info": {
            "len_np": 2,
            "coordination": null
        },
        "HEAD_info": {
            "head": {
                "H_TOK1": {
                    "word_type": "V",
                    "word_form": "hat",
                    "lemma": "haben",
                    "POS_STTS": "VAFIN",
                    "index": "6",
                    "dep_rel": "root",
                    "head_index": "0",
                    "parser_morph_features": "3|Sg|Pres|Ind"
                }
            },
            "super_head": {}
        },
        "POST_info": {
            "P_TOK1": {
                "word_type": "PREP",
                "word_form": "durch",
                "lemma": "durch",
                "POS_STTS": "APPR",
                "index": "3",
                "dep_rel": "pp",
                "head_index": "2",
                "parser_morph_features": "Acc"
            }
        },
        "TOK_info": {
            "TOK1": {
                "word_type": "ART",
                "word_form": "Die",
                "lemma": "die",
                "POS_STTS": "ART",
                "index": "1",
                "dep_rel": "det",
                "head_index": "2",
                "parser_morph_features": "Def|Fem|Nom|Sg",
                "possible_morph_features": []
            },
            "TOK2": {
                "word_type": "N",
                "word_form": "Betreuung",
                "lemma": "Betreuung",
                "POS_STTS": "NN",
                "index": "2",
                "dep_rel": "subj",
                "head_index": "6",
                "parser_morph_features": "Fem|Nom|Sg",
                "possible_morph_features": []
            }
        },
        "relations": {
            "rel_1": {
                "rel_type": "must_agree",
                "involved": [
                    "TOK2",
                    "TOK1"
                ],
                "ruler": "TOK2",
                "possible_agreement": null
            }
        }
    },
    {
        "file_ID": "1023_0109395",
        "sent_NP_ID": "6_29",
        "sentence": "Die Betreuung durch die Agentur hat mich verärgert weil es schlechter weiter geht letzte mal war ich dort bei Ihrer Firma und die Cheffin hat mir erklärt dass ich kann nicht den Vertrag unterbrechen .",
        "metadata": {
            "corpus": "MERLIN_DE",
            "author": {
                "author_ID": "1023_0109395",
                "L1": "other",
                "age": "33",
                "gender": "female"
            },
            "CEFR": {
                "overall_fairRating": "B1",
                "test_level": "B2"
            },
            "task": {
                "formality": "formal",
                "text_type": "letter",
                "topic": "Au pair writes letter of complaint to Agency"
            }
        },
        "NP_info": {
            "len_np": 2,
            "coordination": null
        },
        "HEAD_info": {
            "head": {
                "H_TOK1": {
                    "word_type": "PREP",
                    "word_form": "durch",
                    "lemma": "durch",
                    "POS_STTS": "APPR",
                    "index": "3",
                    "dep_rel": "pp",
                    "head_index": "2",
                    "parser_morph_features": "Acc"
                }
            },
            "super_head": {
                "SH_TOK1": {
                    "word_type": "N",
                    "word_form": "Betreuung",
                    "lemma": "Betreuung",
                    "POS_STTS": "NN",
                    "index": "2",
                    "dep_rel": "subj",
                    "head_index": "6",
                    "parser_morph_features": "Fem|Nom|Sg"
                }
            }
        },
        "POST_info": {},
        "TOK_info": {
            "TOK1": {
                "word_type": "ART",
                "word_form": "die",
                "lemma": "die",
                "POS_STTS": "ART",
                "index": "4",
                "dep_rel": "det",
                "head_index": "5",
                "parser_morph_features": "Def|Fem|Acc|Sg",
                "possible_morph_features": []
            },
            "TOK2": {
                "word_type": "N",
                "word_form": "Agentur",
                "lemma": "Agentur",
                "POS_STTS": "NN",
                "index": "5",
                "dep_rel": "pn",
                "head_index": "3",
                "parser_morph_features": "Fem|Acc|Sg",
                "possible_morph_features": []
            }
        },
        "relations": {
            "rel_1": {
                "rel_type": "must_agree",
                "involved": [
                    "TOK2",
                    "TOK1"
                ],
                "ruler": "TOK2",
                "possible_agreement": null
            }
        }
    },
    {
        "file_ID": "1023_0109395",
        "sent_NP_ID": "6_30",
        "sentence": "Die Betreuung durch die Agentur hat mich verärgert weil es schlechter weiter geht letzte mal war ich dort bei Ihrer Firma und die Cheffin hat mir erklärt dass ich kann nicht den Vertrag unterbrechen .",
        "metadata": {
            "corpus": "MERLIN_DE",
            "author": {
                "author_ID": "1023_0109395",
                "L1": "other",
                "age": "33",
                "gender": "female"
            },
            "CEFR": {
                "overall_fairRating": "B1",
                "test_level": "B2"
            },
            "task": {
                "formality": "formal",
                "text_type": "letter",
                "topic": "Au pair writes letter of complaint to Agency"
            }
        },
        "NP_info": {
            "len_np": 2,
            "coordination": null
        },
        "HEAD_info": {
            "head": {
                "H_TOK1": {
                    "word_type": "PREP",
                    "word_form": "bei",
                    "lemma": "bei",
                    "POS_STTS": "APPR",
                    "index": "19",
                    "dep_rel": "pp",
                    "head_index": "16",
                    "parser_morph_features": "Dat"
                }
            },
            "super_head": {
                "SH_TOK1": {
                    "word_type": "V",
                    "word_form": "war",
                    "lemma": "sein",
                    "POS_STTS": "VAFIN",
                    "index": "16",
                    "dep_rel": "root",
                    "head_index": "0",
                    "parser_morph_features": "1|Sg|Past|Ind"
                }
            }
        },
        "POST_info": {},
        "TOK_info": {
            "TOK1": {
                "word_type": "ART",
                "word_form": "Ihrer",
                "lemma": "ihre",
                "POS_STTS": "PPOSAT",
                "index": "20",
                "dep_rel": "det",
                "head_index": "21",
                "parser_morph_features": "Fem|Dat|Sg",
                "possible_morph_features": []
            },
            "TOK2": {
                "word_type": "N",
                "word_form": "Firma",
                "lemma": "Firma",
                "POS_STTS": "NN",
                "index": "21",
                "dep_rel": "pn",
                "head_index": "19",
                "parser_morph_features": "Fem|Dat|Sg",
                "possible_morph_features": []
            }
        },
        "relations": {
            "rel_1": {
                "rel_type": "must_agree",
                "involved": [
                    "TOK2",
                    "TOK1"
                ],
                "ruler": "TOK2",
                "possible_agreement": null
            }
        }
    },
    {
        "file_ID": "1023_0109395",
        "sent_NP_ID": "6_31",
        "sentence": "Die Betreuung durch die Agentur hat mich verärgert weil es schlechter weiter geht letzte mal war ich dort bei Ihrer Firma und die Cheffin hat mir erklärt dass ich kann nicht den Vertrag unterbrechen .",
        "metadata": {
            "corpus": "MERLIN_DE",
            "author": {
                "author_ID": "1023_0109395",
                "L1": "other",
                "age": "33",
                "gender": "female"
            },
            "CEFR": {
                "overall_fairRating": "B1",
                "test_level": "B2"
            },
            "task": {
                "formality": "formal",
                "text_type": "letter",
                "topic": "Au pair writes letter of complaint to Agency"
            }
        },
        "NP_info": {
            "len_np": 2,
            "coordination": null
        },
        "HEAD_info": {
            "head": {
                "H_TOK1": {
                    "word_type": "V",
                    "word_form": "hat",
                    "lemma": "haben",
                    "POS_STTS": "VAFIN",
                    "index": "25",
                    "dep_rel": "cj",
                    "head_index": "22",
                    "parser_morph_features": "3|Sg|Pres|Ind"
                }
            },
            "super_head": {
                "SH_TOK1": {
                    "word_type": "KON",
                    "word_form": "und",
                    "lemma": "und",
                    "POS_STTS": "KON",
                    "index": "22",
                    "dep_rel": "kon",
                    "head_index": "16",
                    "parser_morph_features": "_"
                }
            }
        },
        "POST_info": {},
        "TOK_info": {
            "TOK1": {
                "word_type": "ART",
                "word_form": "die",
                "lemma": "die",
                "POS_STTS": "ART",
                "index": "23",
                "dep_rel": "det",
                "head_index": "24",
                "parser_morph_features": "Def|Fem|Nom|Sg",
                "possible_morph_features": []
            },
            "TOK2": {
                "word_type": "N",
                "word_form": "Cheffin",
                "lemma": "Cheffin",
                "POS_STTS": "NE",
                "index": "24",
                "dep_rel": "subj",
                "head_index": "25",
                "parser_morph_features": "Fem|Nom|Sg",
                "possible_morph_features": []
            }
        },
        "relations": {
            "rel_1": {
                "rel_type": "must_agree",
                "involved": [
                    "TOK2",
                    "TOK1"
                ],
                "ruler": "TOK2",
                "possible_agreement": null
            }
        }
    },
    {
        "file_ID": "1023_0109395",
        "sent_NP_ID": "6_32",
        "sentence": "Die Betreuung durch die Agentur hat mich verärgert weil es schlechter weiter geht letzte mal war ich dort bei Ihrer Firma und die Cheffin hat mir erklärt dass ich kann nicht den Vertrag unterbrechen .",
        "metadata": {
            "corpus": "MERLIN_DE",
            "author": {
                "author_ID": "1023_0109395",
                "L1": "other",
                "age": "33",
                "gender": "female"
            },
            "CEFR": {
                "overall_fairRating": "B1",
                "test_level": "B2"
            },
            "task": {
                "formality": "formal",
                "text_type": "letter",
                "topic": "Au pair writes letter of complaint to Agency"
            }
        },
        "NP_info": {
            "len_np": 2,
            "coordination": null
        },
        "HEAD_info": {
            "head": {
                "H_TOK1": {
                    "word_type": "V",
                    "word_form": "kann",
                    "lemma": "können",
                    "POS_STTS": "VMFIN",
                    "index": "30",
                    "dep_rel": "objc",
                    "head_index": "27",
                    "parser_morph_features": "1|Sg|Pres|Ind"
                }
            },
            "super_head": {
                "SH_TOK1": {
                    "word_type": "V",
                    "word_form": "erklärt",
                    "lemma": "erklären",
                    "POS_STTS": "VVPP",
                    "index": "27",
                    "dep_rel": "aux",
                    "head_index": "25",
                    "parser_morph_features": "_"
                }
            }
        },
        "POST_info": {},
        "TOK_info": {
            "TOK1": {
                "word_type": "ART",
                "word_form": "den",
                "lemma": "die",
                "POS_STTS": "ART",
                "index": "32",
                "dep_rel": "det",
                "head_index": "33",
                "parser_morph_features": "Def|Masc|Acc|Sg",
                "possible_morph_features": []
            },
            "TOK2": {
                "word_type": "N",
                "word_form": "Vertrag",
                "lemma": "Vertrag",
                "POS_STTS": "NN",
                "index": "33",
                "dep_rel": "obja",
                "head_index": "30",
                "parser_morph_features": "Masc|Acc|Sg",
                "possible_morph_features": []
            }
        },
        "relations": {
            "rel_1": {
                "rel_type": "must_agree",
                "involved": [
                    "TOK2",
                    "TOK1"
                ],
                "ruler": "TOK2",
                "possible_agreement": null
            }
        }
    },
    {
        "file_ID": "1023_0109395",
        "sent_NP_ID": "7_33",
        "sentence": "Deshalb fordere ich mich 50 % des gezalten Betrages zurück .",
        "metadata": {
            "corpus": "MERLIN_DE",
            "author": {
                "author_ID": "1023_0109395",
                "L1": "other",
                "age": "33",
                "gender": "female"
            },
            "CEFR": {
                "overall_fairRating": "B1",
                "test_level": "B2"
            },
            "task": {
                "formality": "formal",
                "text_type": "letter",
                "topic": "Au pair writes letter of complaint to Agency"
            }
        },
        "NP_info": {
            "len_np": 2,
            "coordination": null
        },
        "HEAD_info": {
            "head": {
                "H_TOK1": {
                    "word_type": "V",
                    "word_form": "fordere",
                    "lemma": "fordern",
                    "POS_STTS": "VVFIN",
                    "index": "2",
                    "dep_rel": "root",
                    "head_index": "0",
                    "parser_morph_features": "1|Sg|Pres|_",
                    "lemma_split_verb": "zurückfordern"
                },
                "H_TOK2": {
                    "word_type": "PTKVZ",
                    "word_form": "zurück",
                    "lemma": "zurück",
                    "POS_STTS": "PTKVZ",
                    "index": "10",
                    "dep_rel": "avz",
                    "head_index": "2",
                    "parser_morph_features": "_"
                }
            },
            "super_head": {}
        },
        "POST_info": {
            "P_TOK1": {
                "word_type": "N",
                "word_form": "Betrages",
                "lemma": "Betrag",
                "POS_STTS": "NN",
                "index": "9",
                "dep_rel": "gmod",
                "head_index": "6",
                "parser_morph_features": "Masc|Gen|Sg"
            }
        },
        "TOK_info": {
            "TOK1": {
                "word_type": "CARD",
                "word_form": "50",
                "lemma": "50",
                "POS_STTS": "CARD",
                "index": "5",
                "dep_rel": "attr",
                "head_index": "6",
                "parser_morph_features": "_",
                "possible_morph_features": []
            },
            "TOK2": {
                "word_type": "N",
                "word_form": "%",
                "lemma": "%",
                "POS_STTS": "NN",
                "index": "6",
                "dep_rel": "objd",
                "head_index": "2",
                "parser_morph_features": "_|Dat|Pl",
                "possible_morph_features": []
            }
        },
        "relations": {}
    },
    {
        "file_ID": "1023_0109395",
        "sent_NP_ID": "7_34",
        "sentence": "Deshalb fordere ich mich 50 % des gezalten Betrages zurück .",
        "metadata": {
            "corpus": "MERLIN_DE",
            "author": {
                "author_ID": "1023_0109395",
                "L1": "other",
                "age": "33",
                "gender": "female"
            },
            "CEFR": {
                "overall_fairRating": "B1",
                "test_level": "B2"
            },
            "task": {
                "formality": "formal",
                "text_type": "letter",
                "topic": "Au pair writes letter of complaint to Agency"
            }
        },
        "NP_info": {
            "len_np": 3,
            "coordination": null
        },
        "HEAD_info": {
            "head": {
                "H_TOK1": {
                    "word_type": "N",
                    "word_form": "%",
                    "lemma": "%",
                    "POS_STTS": "NN",
                    "index": "6",
                    "dep_rel": "objd",
                    "head_index": "2",
                    "parser_morph_features": "_|Dat|Pl"
                }
            },
            "super_head": {
                "SH_TOK1": {
                    "word_type": "V",
                    "word_form": "fordere",
                    "lemma": "fordern",
                    "POS_STTS": "VVFIN",
                    "index": "2",
                    "dep_rel": "root",
                    "head_index": "0",
                    "parser_morph_features": "1|Sg|Pres|_",
                    "lemma_split_verb": "zurückfordern"
                },
                "SH_TOK2": {
                    "word_type": "PTKVZ",
                    "word_form": "zurück",
                    "lemma": "zurück",
                    "POS_STTS": "PTKVZ",
                    "index": "10",
                    "dep_rel": "avz",
                    "head_index": "2",
                    "parser_morph_features": "_"
                }
            }
        },
        "POST_info": {},
        "TOK_info": {
            "TOK1": {
                "word_type": "ART",
                "word_form": "des",
                "lemma": "die",
                "POS_STTS": "ART",
                "index": "7",
                "dep_rel": "det",
                "head_index": "9",
                "parser_morph_features": "Def|Masc|Gen|Sg",
                "possible_morph_features": []
            },
            "TOK2": {
                "word_type": "ADJA",
                "word_form": "gezalten",
                "lemma": "gezalten",
                "POS_STTS": "ADJA",
                "index": "8",
                "dep_rel": "attr",
                "head_index": "9",
                "parser_morph_features": "_|Masc|Gen|Sg|_",
                "possible_morph_features": []
            },
            "TOK3": {
                "word_type": "N",
                "word_form": "Betrages",
                "lemma": "Betrag",
                "POS_STTS": "NN",
                "index": "9",
                "dep_rel": "gmod",
                "head_index": "6",
                "parser_morph_features": "Masc|Gen|Sg",
                "possible_morph_features": []
            }
        },
        "relations": {
            "rel_1": {
                "rel_type": "must_agree",
                "involved": [
                    "TOK1",
                    "TOK2"
                ],
                "ruler": null,
                "possible_agreement": null
            },
            "rel_2": {
                "rel_type": "must_agree",
                "involved": [
                    "TOK3",
                    "TOK1"
                ],
                "ruler": "TOK3",
                "possible_agreement": null
            },
            "rel_3": {
                "rel_type": "must_agree",
                "involved": [
                    "TOK3",
                    "TOK2"
                ],
                "ruler": "TOK3",
                "possible_agreement": null
            }
        }
    },
    {
        "file_ID": "1023_0109395",
        "sent_NP_ID": "8_35",
        "sentence": "Mit freundlichen Grüssen Maria Winkelmann",
        "metadata": {
            "corpus": "MERLIN_DE",
            "author": {
                "author_ID": "1023_0109395",
                "L1": "other",
                "age": "33",
                "gender": "female"
            },
            "CEFR": {
                "overall_fairRating": "B1",
                "test_level": "B2"
            },
            "task": {
                "formality": "formal",
                "text_type": "letter",
                "topic": "Au pair writes letter of complaint to Agency"
            }
        },
        "NP_info": {
            "len_np": 2,
            "coordination": null
        },
        "HEAD_info": {
            "head": {
                "H_TOK1": {
                    "word_type": "PREP",
                    "word_form": "Mit",
                    "lemma": "mit",
                    "POS_STTS": "APPR",
                    "index": "1",
                    "dep_rel": "root",
                    "head_index": "0",
                    "parser_morph_features": "Dat"
                }
            },
            "super_head": {}
        },
        "POST_info": {
            "P_TOK1": {
                "word_type": "N",
                "word_form": "Maria",
                "lemma": "Maria",
                "POS_STTS": "NE",
                "index": "4",
                "dep_rel": "app",
                "head_index": "3",
                "parser_morph_features": "_|Dat|Sg"
            }
        },
        "TOK_info": {
            "TOK1": {
                "word_type": "ADJA",
                "word_form": "freundlichen",
                "lemma": "freundlich",
                "POS_STTS": "ADJA",
                "index": "2",
                "dep_rel": "attr",
                "head_index": "3",
                "parser_morph_features": "Pos|_|Dat|_|_|",
                "possible_morph_features": []
            },
            "TOK2": {
                "word_type": "N",
                "word_form": "Grüssen",
                "lemma": "Gruss",
                "POS_STTS": "NN",
                "index": "3",
                "dep_rel": "pn",
                "head_index": "1",
                "parser_morph_features": "_|Dat|_",
                "possible_morph_features": []
            }
        },
        "relations": {
            "rel_1": {
                "rel_type": "must_agree",
                "involved": [
                    "TOK2",
                    "TOK1"
                ],
                "ruler": "TOK2",
                "possible_agreement": null
            }
        }
    },
    {
        "file_ID": "1023_0109395",
        "sent_NP_ID": "8_36",
        "sentence": "Mit freundlichen Grüssen Maria Winkelmann",
        "metadata": {
            "corpus": "MERLIN_DE",
            "author": {
                "author_ID": "1023_0109395",
                "L1": "other",
                "age": "33",
                "gender": "female"
            },
            "CEFR": {
                "overall_fairRating": "B1",
                "test_level": "B2"
            },
            "task": {
                "formality": "formal",
                "text_type": "letter",
                "topic": "Au pair writes letter of complaint to Agency"
            }
        },
        "NP_info": {
            "len_np": 1,
            "coordination": null
        },
        "HEAD_info": {
            "head": {
                "H_TOK1": {
                    "word_type": "N",
                    "word_form": "Grüssen",
                    "lemma": "Gruss",
                    "POS_STTS": "NN",
                    "index": "3",
                    "dep_rel": "pn",
                    "head_index": "1",
                    "parser_morph_features": "_|Dat|_"
                }
            },
            "super_head": {
                "SH_TOK1": {
                    "word_type": "PREP",
                    "word_form": "Mit",
                    "lemma": "mit",
                    "POS_STTS": "APPR",
                    "index": "1",
                    "dep_rel": "root",
                    "head_index": "0",
                    "parser_morph_features": "Dat"
                }
            }
        },
        "POST_info": {
            "P_TOK1": {
                "word_type": "N",
                "word_form": "Winkelmann",
                "lemma": "Winkelmann",
                "POS_STTS": "NE",
                "index": "5",
                "dep_rel": "app",
                "head_index": "4",
                "parser_morph_features": "_|Dat|Sg"
            }
        },
        "TOK_info": {
            "TOK1": {
                "word_type": "N",
                "word_form": "Maria",
                "lemma": "Maria",
                "POS_STTS": "NE",
                "index": "4",
                "dep_rel": "app",
                "head_index": "3",
                "parser_morph_features": "_|Dat|Sg",
                "possible_morph_features": []
            }
        },
        "relations": {}
    },
    {
        "file_ID": "1023_0109395",
        "sent_NP_ID": "8_37",
        "sentence": "Mit freundlichen Grüssen Maria Winkelmann",
        "metadata": {
            "corpus": "MERLIN_DE",
            "author": {
                "author_ID": "1023_0109395",
                "L1": "other",
                "age": "33",
                "gender": "female"
            },
            "CEFR": {
                "overall_fairRating": "B1",
                "test_level": "B2"
            },
            "task": {
                "formality": "formal",
                "text_type": "letter",
                "topic": "Au pair writes letter of complaint to Agency"
            }
        },
        "NP_info": {
            "len_np": 1,
            "coordination": null
        },
        "HEAD_info": {
            "head": {
                "H_TOK1": {
                    "word_type": "N",
                    "word_form": "Maria",
                    "lemma": "Maria",
                    "POS_STTS": "NE",
                    "index": "4",
                    "dep_rel": "app",
                    "head_index": "3",
                    "parser_morph_features": "_|Dat|Sg"
                }
            },
            "super_head": {
                "SH_TOK1": {
                    "word_type": "N",
                    "word_form": "Grüssen",
                    "lemma": "Gruss",
                    "POS_STTS": "NN",
                    "index": "3",
                    "dep_rel": "pn",
                    "head_index": "1",
                    "parser_morph_features": "_|Dat|_"
                }
            }
        },
        "POST_info": {},
        "TOK_info": {
            "TOK1": {
                "word_type": "N",
                "word_form": "Winkelmann",
                "lemma": "Winkelmann",
                "POS_STTS": "NE",
                "index": "5",
                "dep_rel": "app",
                "head_index": "4",
                "parser_morph_features": "_|Dat|Sg",
                "possible_morph_features": []
            }
        },
        "relations": {}
    }
]