[
    {
        "file_ID": "1023_0108423",
        "sent_NP_ID": "1_1",
        "sentence": "Müller Michael Bahnhofsstraße 12 1234 Stadt X 2011.07.08 Au-pair Agentur Schultz & Partner Regenstr .",
        "metadata": {
            "corpus": "MERLIN_DE",
            "author": {
                "author_ID": "1023_0108423",
                "L1": "English",
                "age": "28",
                "gender": "male"
            },
            "CEFR": {
                "overall_fairRating": "B2",
                "test_level": "B2"
            },
            "task": {
                "formality": "formal",
                "text_type": "letter",
                "topic": "Au pair writes letter of complaint to Agency"
            }
        },
        "NP_info": {
            "len_np": 1,
            "coordination": null
        },
        "HEAD_info": {
            "head": {},
            "super_head": {}
        },
        "POST_info": {
            "P_TOK1": {
                "word_type": "N",
                "word_form": "Michael",
                "lemma": "Michael",
                "POS_STTS": "NE",
                "index": "2",
                "dep_rel": "app",
                "head_index": "1",
                "parser_morph_features": "Fem|_|Sg"
            }
        },
        "TOK_info": {
            "TOK1": {
                "word_type": "N",
                "word_form": "Müller",
                "lemma": "Müller",
                "POS_STTS": "NE",
                "index": "1",
                "dep_rel": "root",
                "head_index": "0",
                "parser_morph_features": "Fem|_|Sg",
                "possible_morph_features": []
            }
        },
        "relations": {}
    },
    {
        "file_ID": "1023_0108423",
        "sent_NP_ID": "1_2",
        "sentence": "Müller Michael Bahnhofsstraße 12 1234 Stadt X 2011.07.08 Au-pair Agentur Schultz & Partner Regenstr .",
        "metadata": {
            "corpus": "MERLIN_DE",
            "author": {
                "author_ID": "1023_0108423",
                "L1": "English",
                "age": "28",
                "gender": "male"
            },
            "CEFR": {
                "overall_fairRating": "B2",
                "test_level": "B2"
            },
            "task": {
                "formality": "formal",
                "text_type": "letter",
                "topic": "Au pair writes letter of complaint to Agency"
            }
        },
        "NP_info": {
            "len_np": 1,
            "coordination": null
        },
        "HEAD_info": {
            "head": {
                "H_TOK1": {
                    "word_type": "N",
                    "word_form": "Müller",
                    "lemma": "Müller",
                    "POS_STTS": "NE",
                    "index": "1",
                    "dep_rel": "root",
                    "head_index": "0",
                    "parser_morph_features": "Fem|_|Sg"
                }
            },
            "super_head": {}
        },
        "POST_info": {
            "P_TOK1": {
                "word_type": "N",
                "word_form": "Bahnhofsstraße",
                "lemma": "Bahnhofsstraße",
                "POS_STTS": "NE",
                "index": "3",
                "dep_rel": "app",
                "head_index": "2",
                "parser_morph_features": "Fem|_|Sg"
            }
        },
        "TOK_info": {
            "TOK1": {
                "word_type": "N",
                "word_form": "Michael",
                "lemma": "Michael",
                "POS_STTS": "NE",
                "index": "2",
                "dep_rel": "app",
                "head_index": "1",
                "parser_morph_features": "Fem|_|Sg",
                "possible_morph_features": []
            }
        },
        "relations": {}
    },
    {
        "file_ID": "1023_0108423",
        "sent_NP_ID": "1_3",
        "sentence": "Müller Michael Bahnhofsstraße 12 1234 Stadt X 2011.07.08 Au-pair Agentur Schultz & Partner Regenstr .",
        "metadata": {
            "corpus": "MERLIN_DE",
            "author": {
                "author_ID": "1023_0108423",
                "L1": "English",
                "age": "28",
                "gender": "male"
            },
            "CEFR": {
                "overall_fairRating": "B2",
                "test_level": "B2"
            },
            "task": {
                "formality": "formal",
                "text_type": "letter",
                "topic": "Au pair writes letter of complaint to Agency"
            }
        },
        "NP_info": {
            "len_np": 1,
            "coordination": null
        },
        "HEAD_info": {
            "head": {
                "H_TOK1": {
                    "word_type": "N",
                    "word_form": "Michael",
                    "lemma": "Michael",
                    "POS_STTS": "NE",
                    "index": "2",
                    "dep_rel": "app",
                    "head_index": "1",
                    "parser_morph_features": "Fem|_|Sg"
                }
            },
            "super_head": {
                "SH_TOK1": {
                    "word_type": "N",
                    "word_form": "Müller",
                    "lemma": "Müller",
                    "POS_STTS": "NE",
                    "index": "1",
                    "dep_rel": "root",
                    "head_index": "0",
                    "parser_morph_features": "Fem|_|Sg"
                }
            }
        },
        "POST_info": {
            "P_TOK1": {
                "word_type": "CARD",
                "word_form": "12",
                "lemma": "12",
                "POS_STTS": "CARD",
                "index": "4",
                "dep_rel": "app",
                "head_index": "3",
                "parser_morph_features": "_"
            }
        },
        "TOK_info": {
            "TOK1": {
                "word_type": "N",
                "word_form": "Bahnhofsstraße",
                "lemma": "Bahnhofsstraße",
                "POS_STTS": "NE",
                "index": "3",
                "dep_rel": "app",
                "head_index": "2",
                "parser_morph_features": "Fem|_|Sg",
                "possible_morph_features": []
            }
        },
        "relations": {}
    },
    {
        "file_ID": "1023_0108423",
        "sent_NP_ID": "1_4",
        "sentence": "Müller Michael Bahnhofsstraße 12 1234 Stadt X 2011.07.08 Au-pair Agentur Schultz & Partner Regenstr .",
        "metadata": {
            "corpus": "MERLIN_DE",
            "author": {
                "author_ID": "1023_0108423",
                "L1": "English",
                "age": "28",
                "gender": "male"
            },
            "CEFR": {
                "overall_fairRating": "B2",
                "test_level": "B2"
            },
            "task": {
                "formality": "formal",
                "text_type": "letter",
                "topic": "Au pair writes letter of complaint to Agency"
            }
        },
        "NP_info": {
            "len_np": 1,
            "coordination": null
        },
        "HEAD_info": {
            "head": {},
            "super_head": {}
        },
        "POST_info": {},
        "TOK_info": {
            "TOK1": {
                "word_type": "N",
                "word_form": "Stadt",
                "lemma": "Stadt",
                "POS_STTS": "NN",
                "index": "6",
                "dep_rel": "root",
                "head_index": "0",
                "parser_morph_features": "Fem|_|Sg",
                "possible_morph_features": []
            }
        },
        "relations": {}
    },
    {
        "file_ID": "1023_0108423",
        "sent_NP_ID": "1_5",
        "sentence": "Müller Michael Bahnhofsstraße 12 1234 Stadt X 2011.07.08 Au-pair Agentur Schultz & Partner Regenstr .",
        "metadata": {
            "corpus": "MERLIN_DE",
            "author": {
                "author_ID": "1023_0108423",
                "L1": "English",
                "age": "28",
                "gender": "male"
            },
            "CEFR": {
                "overall_fairRating": "B2",
                "test_level": "B2"
            },
            "task": {
                "formality": "formal",
                "text_type": "letter",
                "topic": "Au pair writes letter of complaint to Agency"
            }
        },
        "NP_info": {
            "len_np": 1,
            "coordination": null
        },
        "HEAD_info": {
            "head": {
                "H_TOK1": {
                    "word_type": "N",
                    "word_form": "Agentur",
                    "lemma": "Agentur",
                    "POS_STTS": "NN",
                    "index": "10",
                    "dep_rel": "root",
                    "head_index": "0",
                    "parser_morph_features": "Fem|_|Sg"
                }
            },
            "super_head": {}
        },
        "POST_info": {
            "P_TOK1": {
                "word_type": "N",
                "word_form": "Au-pair",
                "lemma": "Au-pair",
                "POS_STTS": "NN",
                "index": "9",
                "dep_rel": "gmod",
                "head_index": "7",
                "parser_morph_features": "_|Gen|Pl"
            }
        },
        "TOK_info": {
            "TOK1": {
                "word_type": "N",
                "word_form": "X",
                "lemma": "X",
                "POS_STTS": "NE",
                "index": "7",
                "dep_rel": "gmod",
                "head_index": "10",
                "parser_morph_features": "_|Gen|_",
                "possible_morph_features": []
            }
        },
        "relations": {}
    },
    {
        "file_ID": "1023_0108423",
        "sent_NP_ID": "1_6",
        "sentence": "Müller Michael Bahnhofsstraße 12 1234 Stadt X 2011.07.08 Au-pair Agentur Schultz & Partner Regenstr .",
        "metadata": {
            "corpus": "MERLIN_DE",
            "author": {
                "author_ID": "1023_0108423",
                "L1": "English",
                "age": "28",
                "gender": "male"
            },
            "CEFR": {
                "overall_fairRating": "B2",
                "test_level": "B2"
            },
            "task": {
                "formality": "formal",
                "text_type": "letter",
                "topic": "Au pair writes letter of complaint to Agency"
            }
        },
        "NP_info": {
            "len_np": 2,
            "coordination": null
        },
        "HEAD_info": {
            "head": {
                "H_TOK1": {
                    "word_type": "N",
                    "word_form": "X",
                    "lemma": "X",
                    "POS_STTS": "NE",
                    "index": "7",
                    "dep_rel": "gmod",
                    "head_index": "10",
                    "parser_morph_features": "_|Gen|_"
                }
            },
            "super_head": {
                "SH_TOK1": {
                    "word_type": "N",
                    "word_form": "Agentur",
                    "lemma": "Agentur",
                    "POS_STTS": "NN",
                    "index": "10",
                    "dep_rel": "root",
                    "head_index": "0",
                    "parser_morph_features": "Fem|_|Sg"
                }
            }
        },
        "POST_info": {},
        "TOK_info": {
            "TOK1": {
                "word_type": "CARD",
                "word_form": "2011.07.08",
                "lemma": "2011.07.08",
                "POS_STTS": "CARD",
                "index": "8",
                "dep_rel": "attr",
                "head_index": "9",
                "parser_morph_features": "_",
                "possible_morph_features": []
            },
            "TOK2": {
                "word_type": "N",
                "word_form": "Au-pair",
                "lemma": "Au-pair",
                "POS_STTS": "NN",
                "index": "9",
                "dep_rel": "gmod",
                "head_index": "7",
                "parser_morph_features": "_|Gen|Pl",
                "possible_morph_features": []
            }
        },
        "relations": {}
    },
    {
        "file_ID": "1023_0108423",
        "sent_NP_ID": "1_7",
        "sentence": "Müller Michael Bahnhofsstraße 12 1234 Stadt X 2011.07.08 Au-pair Agentur Schultz & Partner Regenstr .",
        "metadata": {
            "corpus": "MERLIN_DE",
            "author": {
                "author_ID": "1023_0108423",
                "L1": "English",
                "age": "28",
                "gender": "male"
            },
            "CEFR": {
                "overall_fairRating": "B2",
                "test_level": "B2"
            },
            "task": {
                "formality": "formal",
                "text_type": "letter",
                "topic": "Au pair writes letter of complaint to Agency"
            }
        },
        "NP_info": {
            "len_np": 1,
            "coordination": [
                "1_7",
                "1_8",
                "1_9"
            ]
        },
        "HEAD_info": {
            "head": {},
            "super_head": {}
        },
        "POST_info": {
            "P_TOK1": {
                "word_type": "N",
                "word_form": "Agentur",
                "lemma": "Agentur",
                "POS_STTS": "NN",
                "index": "10",
                "dep_rel": "root",
                "head_index": "0",
                "parser_morph_features": "Fem|_|Sg"
            },
            "P_TOK2": {
                "word_type": "N",
                "word_form": "Schultz",
                "lemma": "Schultz",
                "POS_STTS": "NE",
                "index": "11",
                "dep_rel": "app",
                "head_index": "10",
                "parser_morph_features": "Masc|_|_"
            }
        },
        "TOK_info": {
            "TOK1": {
                "word_type": "N",
                "word_form": "X",
                "lemma": "X",
                "POS_STTS": "NE",
                "index": "7",
                "dep_rel": "gmod",
                "head_index": "10",
                "parser_morph_features": "_|Gen|_",
                "possible_morph_features": []
            }
        },
        "relations": {}
    },
    {
        "file_ID": "1023_0108423",
        "sent_NP_ID": "1_8",
        "sentence": "Müller Michael Bahnhofsstraße 12 1234 Stadt X 2011.07.08 Au-pair Agentur Schultz & Partner Regenstr .",
        "metadata": {
            "corpus": "MERLIN_DE",
            "author": {
                "author_ID": "1023_0108423",
                "L1": "English",
                "age": "28",
                "gender": "male"
            },
            "CEFR": {
                "overall_fairRating": "B2",
                "test_level": "B2"
            },
            "task": {
                "formality": "formal",
                "text_type": "letter",
                "topic": "Au pair writes letter of complaint to Agency"
            }
        },
        "NP_info": {
            "len_np": 1,
            "coordination": [
                "1_7",
                "1_8",
                "1_9"
            ]
        },
        "HEAD_info": {
            "head": {
                "H_TOK1": {
                    "word_type": "N",
                    "word_form": "Agentur",
                    "lemma": "Agentur",
                    "POS_STTS": "NN",
                    "index": "10",
                    "dep_rel": "root",
                    "head_index": "0",
                    "parser_morph_features": "Fem|_|Sg"
                }
            },
            "super_head": {}
        },
        "POST_info": {},
        "TOK_info": {
            "TOK1": {
                "word_type": "N",
                "word_form": "Schultz",
                "lemma": "Schultz",
                "POS_STTS": "NE",
                "index": "11",
                "dep_rel": "app",
                "head_index": "10",
                "parser_morph_features": "Masc|_|_",
                "possible_morph_features": []
            }
        },
        "relations": {}
    },
    {
        "file_ID": "1023_0108423",
        "sent_NP_ID": "1_9",
        "sentence": "Müller Michael Bahnhofsstraße 12 1234 Stadt X 2011.07.08 Au-pair Agentur Schultz & Partner Regenstr .",
        "metadata": {
            "corpus": "MERLIN_DE",
            "author": {
                "author_ID": "1023_0108423",
                "L1": "English",
                "age": "28",
                "gender": "male"
            },
            "CEFR": {
                "overall_fairRating": "B2",
                "test_level": "B2"
            },
            "task": {
                "formality": "formal",
                "text_type": "letter",
                "topic": "Au pair writes letter of complaint to Agency"
            }
        },
        "NP_info": {
            "len_np": 1,
            "coordination": [
                "1_7",
                "1_8",
                "1_9"
            ]
        },
        "HEAD_info": {
            "head": {
                "H_TOK1": {
                    "word_type": "KON",
                    "word_form": "&",
                    "lemma": "&",
                    "POS_STTS": "KON",
                    "index": "12",
                    "dep_rel": "kon",
                    "head_index": "11",
                    "parser_morph_features": "_"
                }
            },
            "super_head": {
                "SH_TOK1": {
                    "word_type": "N",
                    "word_form": "Schultz",
                    "lemma": "Schultz",
                    "POS_STTS": "NE",
                    "index": "11",
                    "dep_rel": "app",
                    "head_index": "10",
                    "parser_morph_features": "Masc|_|_"
                }
            }
        },
        "POST_info": {
            "P_TOK1": {
                "word_type": "N",
                "word_form": "Regenstr",
                "lemma": "Regenstr",
                "POS_STTS": "NE",
                "index": "14",
                "dep_rel": "app",
                "head_index": "13",
                "parser_morph_features": "Masc|_|_"
            }
        },
        "TOK_info": {
            "TOK1": {
                "word_type": "N",
                "word_form": "Partner",
                "lemma": "Partner",
                "POS_STTS": "NN",
                "index": "13",
                "dep_rel": "cj",
                "head_index": "12",
                "parser_morph_features": "Masc|_|_",
                "possible_morph_features": []
            }
        },
        "relations": {}
    },
    {
        "file_ID": "1023_0108423",
        "sent_NP_ID": "1_10",
        "sentence": "Müller Michael Bahnhofsstraße 12 1234 Stadt X 2011.07.08 Au-pair Agentur Schultz & Partner Regenstr .",
        "metadata": {
            "corpus": "MERLIN_DE",
            "author": {
                "author_ID": "1023_0108423",
                "L1": "English",
                "age": "28",
                "gender": "male"
            },
            "CEFR": {
                "overall_fairRating": "B2",
                "test_level": "B2"
            },
            "task": {
                "formality": "formal",
                "text_type": "letter",
                "topic": "Au pair writes letter of complaint to Agency"
            }
        },
        "NP_info": {
            "len_np": 1,
            "coordination": null
        },
        "HEAD_info": {
            "head": {
                "H_TOK1": {
                    "word_type": "N",
                    "word_form": "Partner",
                    "lemma": "Partner",
                    "POS_STTS": "NN",
                    "index": "13",
                    "dep_rel": "cj",
                    "head_index": "12",
                    "parser_morph_features": "Masc|_|_"
                }
            },
            "super_head": {
                "SH_TOK1": {
                    "word_type": "KON",
                    "word_form": "&",
                    "lemma": "&",
                    "POS_STTS": "KON",
                    "index": "12",
                    "dep_rel": "kon",
                    "head_index": "11",
                    "parser_morph_features": "_"
                }
            }
        },
        "POST_info": {},
        "TOK_info": {
            "TOK1": {
                "word_type": "N",
                "word_form": "Regenstr",
                "lemma": "Regenstr",
                "POS_STTS": "NE",
                "index": "14",
                "dep_rel": "app",
                "head_index": "13",
                "parser_morph_features": "Masc|_|_",
                "possible_morph_features": []
            }
        },
        "relations": {}
    },
    {
        "file_ID": "1023_0108423",
        "sent_NP_ID": "2_11",
        "sentence": "101 90451 Nürnberg Beswerden über die Betreung .",
        "metadata": {
            "corpus": "MERLIN_DE",
            "author": {
                "author_ID": "1023_0108423",
                "L1": "English",
                "age": "28",
                "gender": "male"
            },
            "CEFR": {
                "overall_fairRating": "B2",
                "test_level": "B2"
            },
            "task": {
                "formality": "formal",
                "text_type": "letter",
                "topic": "Au pair writes letter of complaint to Agency"
            }
        },
        "NP_info": {
            "len_np": 3,
            "coordination": null
        },
        "HEAD_info": {
            "head": {},
            "super_head": {}
        },
        "POST_info": {
            "P_TOK1": {
                "word_type": "N",
                "word_form": "Beswerden",
                "lemma": "Beswerden",
                "POS_STTS": "NE",
                "index": "4",
                "dep_rel": "app",
                "head_index": "3",
                "parser_morph_features": "_|_|Pl"
            }
        },
        "TOK_info": {
            "TOK1": {
                "word_type": "CARD",
                "word_form": "101",
                "lemma": "101",
                "POS_STTS": "CARD",
                "index": "1",
                "dep_rel": "attr",
                "head_index": "3",
                "parser_morph_features": "_",
                "possible_morph_features": []
            },
            "TOK2": {
                "word_type": "CARD",
                "word_form": "90451",
                "lemma": "90451",
                "POS_STTS": "CARD",
                "index": "2",
                "dep_rel": "attr",
                "head_index": "3",
                "parser_morph_features": "_",
                "possible_morph_features": []
            },
            "TOK3": {
                "word_type": "N",
                "word_form": "Nürnberg",
                "lemma": "Nürnberg",
                "POS_STTS": "NE",
                "index": "3",
                "dep_rel": "root",
                "head_index": "0",
                "parser_morph_features": "_|_|Pl",
                "possible_morph_features": []
            }
        },
        "relations": {}
    },
    {
        "file_ID": "1023_0108423",
        "sent_NP_ID": "2_12",
        "sentence": "101 90451 Nürnberg Beswerden über die Betreung .",
        "metadata": {
            "corpus": "MERLIN_DE",
            "author": {
                "author_ID": "1023_0108423",
                "L1": "English",
                "age": "28",
                "gender": "male"
            },
            "CEFR": {
                "overall_fairRating": "B2",
                "test_level": "B2"
            },
            "task": {
                "formality": "formal",
                "text_type": "letter",
                "topic": "Au pair writes letter of complaint to Agency"
            }
        },
        "NP_info": {
            "len_np": 1,
            "coordination": null
        },
        "HEAD_info": {
            "head": {
                "H_TOK1": {
                    "word_type": "N",
                    "word_form": "Nürnberg",
                    "lemma": "Nürnberg",
                    "POS_STTS": "NE",
                    "index": "3",
                    "dep_rel": "root",
                    "head_index": "0",
                    "parser_morph_features": "_|_|Pl"
                }
            },
            "super_head": {}
        },
        "POST_info": {
            "P_TOK1": {
                "word_type": "PREP",
                "word_form": "über",
                "lemma": "über",
                "POS_STTS": "APPR",
                "index": "5",
                "dep_rel": "pp",
                "head_index": "4",
                "parser_morph_features": "Acc"
            }
        },
        "TOK_info": {
            "TOK1": {
                "word_type": "N",
                "word_form": "Beswerden",
                "lemma": "Beswerden",
                "POS_STTS": "NE",
                "index": "4",
                "dep_rel": "app",
                "head_index": "3",
                "parser_morph_features": "_|_|Pl",
                "possible_morph_features": []
            }
        },
        "relations": {}
    },
    {
        "file_ID": "1023_0108423",
        "sent_NP_ID": "2_13",
        "sentence": "101 90451 Nürnberg Beswerden über die Betreung .",
        "metadata": {
            "corpus": "MERLIN_DE",
            "author": {
                "author_ID": "1023_0108423",
                "L1": "English",
                "age": "28",
                "gender": "male"
            },
            "CEFR": {
                "overall_fairRating": "B2",
                "test_level": "B2"
            },
            "task": {
                "formality": "formal",
                "text_type": "letter",
                "topic": "Au pair writes letter of complaint to Agency"
            }
        },
        "NP_info": {
            "len_np": 2,
            "coordination": null
        },
        "HEAD_info": {
            "head": {
                "H_TOK1": {
                    "word_type": "PREP",
                    "word_form": "über",
                    "lemma": "über",
                    "POS_STTS": "APPR",
                    "index": "5",
                    "dep_rel": "pp",
                    "head_index": "4",
                    "parser_morph_features": "Acc"
                }
            },
            "super_head": {
                "SH_TOK1": {
                    "word_type": "N",
                    "word_form": "Beswerden",
                    "lemma": "Beswerden",
                    "POS_STTS": "NE",
                    "index": "4",
                    "dep_rel": "app",
                    "head_index": "3",
                    "parser_morph_features": "_|_|Pl"
                }
            }
        },
        "POST_info": {},
        "TOK_info": {
            "TOK1": {
                "word_type": "ART",
                "word_form": "die",
                "lemma": "die",
                "POS_STTS": "ART",
                "index": "6",
                "dep_rel": "det",
                "head_index": "7",
                "parser_morph_features": "Def|_|Acc|_",
                "possible_morph_features": []
            },
            "TOK2": {
                "word_type": "N",
                "word_form": "Betreung",
                "lemma": "Betreung",
                "POS_STTS": "NN",
                "index": "7",
                "dep_rel": "pn",
                "head_index": "5",
                "parser_morph_features": "_|Acc|_",
                "possible_morph_features": []
            }
        },
        "relations": {
            "rel_1": {
                "rel_type": "must_agree",
                "involved": [
                    "TOK2",
                    "TOK1"
                ],
                "ruler": "TOK2",
                "possible_agreement": null
            }
        }
    },
    {
        "file_ID": "1023_0108423",
        "sent_NP_ID": "3_14",
        "sentence": "Sehr geehrte Damen und Herren , Als ich Ihre Anzeige über meine Gastfamilie angesehen , habe mich Sofort gefreuen die familie zu Sehen .",
        "metadata": {
            "corpus": "MERLIN_DE",
            "author": {
                "author_ID": "1023_0108423",
                "L1": "English",
                "age": "28",
                "gender": "male"
            },
            "CEFR": {
                "overall_fairRating": "B2",
                "test_level": "B2"
            },
            "task": {
                "formality": "formal",
                "text_type": "letter",
                "topic": "Au pair writes letter of complaint to Agency"
            }
        },
        "NP_info": {
            "len_np": 3,
            "coordination": [
                "3_14",
                "3_15"
            ]
        },
        "HEAD_info": {
            "head": {
                "H_TOK1": {
                    "word_type": "V",
                    "word_form": "gefreuen",
                    "lemma": "gefreuen",
                    "POS_STTS": "VVFIN",
                    "index": "19",
                    "dep_rel": "root",
                    "head_index": "0",
                    "parser_morph_features": "_|_|_|_"
                }
            },
            "super_head": {}
        },
        "POST_info": {},
        "TOK_info": {
            "TOK1": {
                "word_type": "ADV",
                "word_form": "Sehr",
                "lemma": "sehr",
                "POS_STTS": "ADV",
                "index": "1",
                "dep_rel": "adv",
                "head_index": "2",
                "parser_morph_features": "_",
                "possible_morph_features": []
            },
            "TOK2": {
                "word_type": "ADJA",
                "word_form": "geehrte",
                "lemma": "geehrt",
                "POS_STTS": "ADJA",
                "index": "2",
                "dep_rel": "attr",
                "head_index": "3",
                "parser_morph_features": "Pos|Fem|_|Pl|St|",
                "possible_morph_features": []
            },
            "TOK3": {
                "word_type": "N",
                "word_form": "Damen",
                "lemma": "Dame",
                "POS_STTS": "NN",
                "index": "3",
                "dep_rel": "vok",
                "head_index": "19",
                "parser_morph_features": "Fem|_|Pl",
                "possible_morph_features": []
            }
        },
        "relations": {
            "rel_1": {
                "rel_type": "must_agree",
                "involved": [
                    "TOK3",
                    "TOK2"
                ],
                "ruler": "TOK3",
                "possible_agreement": null
            }
        }
    },
    {
        "file_ID": "1023_0108423",
        "sent_NP_ID": "3_15",
        "sentence": "Sehr geehrte Damen und Herren , Als ich Ihre Anzeige über meine Gastfamilie angesehen , habe mich Sofort gefreuen die familie zu Sehen .",
        "metadata": {
            "corpus": "MERLIN_DE",
            "author": {
                "author_ID": "1023_0108423",
                "L1": "English",
                "age": "28",
                "gender": "male"
            },
            "CEFR": {
                "overall_fairRating": "B2",
                "test_level": "B2"
            },
            "task": {
                "formality": "formal",
                "text_type": "letter",
                "topic": "Au pair writes letter of complaint to Agency"
            }
        },
        "NP_info": {
            "len_np": 1,
            "coordination": [
                "3_14",
                "3_15"
            ]
        },
        "HEAD_info": {
            "head": {
                "H_TOK1": {
                    "word_type": "KON",
                    "word_form": "und",
                    "lemma": "und",
                    "POS_STTS": "KON",
                    "index": "4",
                    "dep_rel": "kon",
                    "head_index": "3",
                    "parser_morph_features": "_"
                }
            },
            "super_head": {
                "SH_TOK1": {
                    "word_type": "N",
                    "word_form": "Damen",
                    "lemma": "Dame",
                    "POS_STTS": "NN",
                    "index": "3",
                    "dep_rel": "vok",
                    "head_index": "19",
                    "parser_morph_features": "Fem|_|Pl"
                }
            }
        },
        "POST_info": {},
        "TOK_info": {
            "TOK1": {
                "word_type": "N",
                "word_form": "Herren",
                "lemma": "Herr",
                "POS_STTS": "NN",
                "index": "5",
                "dep_rel": "cj",
                "head_index": "4",
                "parser_morph_features": "Masc|_|_",
                "possible_morph_features": []
            }
        },
        "relations": {}
    },
    {
        "file_ID": "1023_0108423",
        "sent_NP_ID": "3_16",
        "sentence": "Sehr geehrte Damen und Herren , Als ich Ihre Anzeige über meine Gastfamilie angesehen , habe mich Sofort gefreuen die familie zu Sehen .",
        "metadata": {
            "corpus": "MERLIN_DE",
            "author": {
                "author_ID": "1023_0108423",
                "L1": "English",
                "age": "28",
                "gender": "male"
            },
            "CEFR": {
                "overall_fairRating": "B2",
                "test_level": "B2"
            },
            "task": {
                "formality": "formal",
                "text_type": "letter",
                "topic": "Au pair writes letter of complaint to Agency"
            }
        },
        "NP_info": {
            "len_np": 2,
            "coordination": null
        },
        "HEAD_info": {
            "head": {
                "H_TOK1": {
                    "word_type": "V",
                    "word_form": "angesehen",
                    "lemma": "ansehen",
                    "POS_STTS": "VVPP",
                    "index": "14",
                    "dep_rel": "neb",
                    "head_index": "16",
                    "parser_morph_features": "_"
                }
            },
            "super_head": {
                "SH_TOK1": {
                    "word_type": "V",
                    "word_form": "habe",
                    "lemma": "haben",
                    "POS_STTS": "VAFIN",
                    "index": "16",
                    "dep_rel": "neb",
                    "head_index": "19",
                    "parser_morph_features": "_|Sg|Pres|_"
                }
            }
        },
        "POST_info": {},
        "TOK_info": {
            "TOK1": {
                "word_type": "ART",
                "word_form": "Ihre",
                "lemma": "ihre",
                "POS_STTS": "PPOSAT",
                "index": "9",
                "dep_rel": "det",
                "head_index": "10",
                "parser_morph_features": "Fem|Acc|Sg",
                "possible_morph_features": []
            },
            "TOK2": {
                "word_type": "N",
                "word_form": "Anzeige",
                "lemma": "Anzeige",
                "POS_STTS": "NN",
                "index": "10",
                "dep_rel": "obja",
                "head_index": "14",
                "parser_morph_features": "Fem|Acc|Sg",
                "possible_morph_features": []
            }
        },
        "relations": {
            "rel_1": {
                "rel_type": "must_agree",
                "involved": [
                    "TOK2",
                    "TOK1"
                ],
                "ruler": "TOK2",
                "possible_agreement": null
            }
        }
    },
    {
        "file_ID": "1023_0108423",
        "sent_NP_ID": "3_17",
        "sentence": "Sehr geehrte Damen und Herren , Als ich Ihre Anzeige über meine Gastfamilie angesehen , habe mich Sofort gefreuen die familie zu Sehen .",
        "metadata": {
            "corpus": "MERLIN_DE",
            "author": {
                "author_ID": "1023_0108423",
                "L1": "English",
                "age": "28",
                "gender": "male"
            },
            "CEFR": {
                "overall_fairRating": "B2",
                "test_level": "B2"
            },
            "task": {
                "formality": "formal",
                "text_type": "letter",
                "topic": "Au pair writes letter of complaint to Agency"
            }
        },
        "NP_info": {
            "len_np": 2,
            "coordination": null
        },
        "HEAD_info": {
            "head": {
                "H_TOK1": {
                    "word_type": "PREP",
                    "word_form": "über",
                    "lemma": "über",
                    "POS_STTS": "APPR",
                    "index": "11",
                    "dep_rel": "pp",
                    "head_index": "14",
                    "parser_morph_features": "Acc"
                }
            },
            "super_head": {
                "SH_TOK1": {
                    "word_type": "V",
                    "word_form": "angesehen",
                    "lemma": "ansehen",
                    "POS_STTS": "VVPP",
                    "index": "14",
                    "dep_rel": "neb",
                    "head_index": "16",
                    "parser_morph_features": "_"
                }
            }
        },
        "POST_info": {},
        "TOK_info": {
            "TOK1": {
                "word_type": "ART",
                "word_form": "meine",
                "lemma": "meine",
                "POS_STTS": "PPOSAT",
                "index": "12",
                "dep_rel": "det",
                "head_index": "13",
                "parser_morph_features": "Fem|Acc|Sg",
                "possible_morph_features": []
            },
            "TOK2": {
                "word_type": "N",
                "word_form": "Gastfamilie",
                "lemma": "Gastfamilie",
                "POS_STTS": "NN",
                "index": "13",
                "dep_rel": "pn",
                "head_index": "11",
                "parser_morph_features": "Fem|Acc|Sg",
                "possible_morph_features": []
            }
        },
        "relations": {
            "rel_1": {
                "rel_type": "must_agree",
                "involved": [
                    "TOK2",
                    "TOK1"
                ],
                "ruler": "TOK2",
                "possible_agreement": null
            }
        }
    },
    {
        "file_ID": "1023_0108423",
        "sent_NP_ID": "3_18",
        "sentence": "Sehr geehrte Damen und Herren , Als ich Ihre Anzeige über meine Gastfamilie angesehen , habe mich Sofort gefreuen die familie zu Sehen .",
        "metadata": {
            "corpus": "MERLIN_DE",
            "author": {
                "author_ID": "1023_0108423",
                "L1": "English",
                "age": "28",
                "gender": "male"
            },
            "CEFR": {
                "overall_fairRating": "B2",
                "test_level": "B2"
            },
            "task": {
                "formality": "formal",
                "text_type": "letter",
                "topic": "Au pair writes letter of complaint to Agency"
            }
        },
        "NP_info": {
            "len_np": 2,
            "coordination": null
        },
        "HEAD_info": {
            "head": {
                "H_TOK1": {
                    "word_type": "V",
                    "word_form": "gefreuen",
                    "lemma": "gefreuen",
                    "POS_STTS": "VVFIN",
                    "index": "19",
                    "dep_rel": "root",
                    "head_index": "0",
                    "parser_morph_features": "_|_|_|_"
                }
            },
            "super_head": {}
        },
        "POST_info": {},
        "TOK_info": {
            "TOK1": {
                "word_type": "ART",
                "word_form": "die",
                "lemma": "die",
                "POS_STTS": "ART",
                "index": "20",
                "dep_rel": "det",
                "head_index": "21",
                "parser_morph_features": "Def|_|Nom|_",
                "possible_morph_features": []
            },
            "TOK2": {
                "word_type": "N",
                "word_form": "familie",
                "lemma": "familie",
                "POS_STTS": "NN",
                "index": "21",
                "dep_rel": "subj",
                "head_index": "19",
                "parser_morph_features": "_|Nom|_",
                "possible_morph_features": []
            }
        },
        "relations": {
            "rel_1": {
                "rel_type": "must_agree",
                "involved": [
                    "TOK2",
                    "TOK1"
                ],
                "ruler": "TOK2",
                "possible_agreement": null
            }
        }
    },
    {
        "file_ID": "1023_0108423",
        "sent_NP_ID": "4_19",
        "sentence": "Aber nach meine Ankunft ist mir Schön Klar dass die familie nicht So nett , die waren nicht frohlich und es gab immer Streiht .",
        "metadata": {
            "corpus": "MERLIN_DE",
            "author": {
                "author_ID": "1023_0108423",
                "L1": "English",
                "age": "28",
                "gender": "male"
            },
            "CEFR": {
                "overall_fairRating": "B2",
                "test_level": "B2"
            },
            "task": {
                "formality": "formal",
                "text_type": "letter",
                "topic": "Au pair writes letter of complaint to Agency"
            }
        },
        "NP_info": {
            "len_np": 2,
            "coordination": null
        },
        "HEAD_info": {
            "head": {
                "H_TOK1": {
                    "word_type": "PREP",
                    "word_form": "nach",
                    "lemma": "nach",
                    "POS_STTS": "APPR",
                    "index": "2",
                    "dep_rel": "pp",
                    "head_index": "5",
                    "parser_morph_features": "Dat"
                }
            },
            "super_head": {
                "SH_TOK1": {
                    "word_type": "V",
                    "word_form": "ist",
                    "lemma": "sein",
                    "POS_STTS": "VAFIN",
                    "index": "5",
                    "dep_rel": "cj",
                    "head_index": "1",
                    "parser_morph_features": "3|Sg|Pres|Ind"
                }
            }
        },
        "POST_info": {},
        "TOK_info": {
            "TOK1": {
                "word_type": "ART",
                "word_form": "meine",
                "lemma": "meine",
                "POS_STTS": "PPOSAT",
                "index": "3",
                "dep_rel": "det",
                "head_index": "4",
                "parser_morph_features": "Fem|_|Sg",
                "possible_morph_features": []
            },
            "TOK2": {
                "word_type": "N",
                "word_form": "Ankunft",
                "lemma": "Ankunft",
                "POS_STTS": "NN",
                "index": "4",
                "dep_rel": "pn",
                "head_index": "2",
                "parser_morph_features": "Fem|_|Sg",
                "possible_morph_features": []
            }
        },
        "relations": {
            "rel_1": {
                "rel_type": "must_agree",
                "involved": [
                    "TOK2",
                    "TOK1"
                ],
                "ruler": "TOK2",
                "possible_agreement": null
            }
        }
    },
    {
        "file_ID": "1023_0108423",
        "sent_NP_ID": "4_20",
        "sentence": "Aber nach meine Ankunft ist mir Schön Klar dass die familie nicht So nett , die waren nicht frohlich und es gab immer Streiht .",
        "metadata": {
            "corpus": "MERLIN_DE",
            "author": {
                "author_ID": "1023_0108423",
                "L1": "English",
                "age": "28",
                "gender": "male"
            },
            "CEFR": {
                "overall_fairRating": "B2",
                "test_level": "B2"
            },
            "task": {
                "formality": "formal",
                "text_type": "letter",
                "topic": "Au pair writes letter of complaint to Agency"
            }
        },
        "NP_info": {
            "len_np": 2,
            "coordination": null
        },
        "HEAD_info": {
            "head": {},
            "super_head": {}
        },
        "POST_info": {
            "P_TOK1": {
                "word_type": "PTKNEG",
                "word_form": "nicht",
                "lemma": "nicht",
                "POS_STTS": "PTKNEG",
                "index": "12",
                "dep_rel": "adv",
                "head_index": "11",
                "parser_morph_features": "_"
            }
        },
        "TOK_info": {
            "TOK1": {
                "word_type": "ART",
                "word_form": "die",
                "lemma": "die",
                "POS_STTS": "ART",
                "index": "10",
                "dep_rel": "det",
                "head_index": "11",
                "parser_morph_features": "Def|_|_|_",
                "possible_morph_features": []
            },
            "TOK2": {
                "word_type": "N",
                "word_form": "familie",
                "lemma": "familie",
                "POS_STTS": "NN",
                "index": "11",
                "dep_rel": "root",
                "head_index": "0",
                "parser_morph_features": "_|_|_",
                "possible_morph_features": []
            }
        },
        "relations": {
            "rel_1": {
                "rel_type": "must_agree",
                "involved": [
                    "TOK2",
                    "TOK1"
                ],
                "ruler": "TOK2",
                "possible_agreement": null
            }
        }
    },
    {
        "file_ID": "1023_0108423",
        "sent_NP_ID": "4_21",
        "sentence": "Aber nach meine Ankunft ist mir Schön Klar dass die familie nicht So nett , die waren nicht frohlich und es gab immer Streiht .",
        "metadata": {
            "corpus": "MERLIN_DE",
            "author": {
                "author_ID": "1023_0108423",
                "L1": "English",
                "age": "28",
                "gender": "male"
            },
            "CEFR": {
                "overall_fairRating": "B2",
                "test_level": "B2"
            },
            "task": {
                "formality": "formal",
                "text_type": "letter",
                "topic": "Au pair writes letter of complaint to Agency"
            }
        },
        "NP_info": {
            "len_np": 1,
            "coordination": null
        },
        "HEAD_info": {
            "head": {
                "H_TOK1": {
                    "word_type": "V",
                    "word_form": "gab",
                    "lemma": "geben",
                    "POS_STTS": "VVFIN",
                    "index": "22",
                    "dep_rel": "cj",
                    "head_index": "20",
                    "parser_morph_features": "3|Sg|Past|Ind"
                }
            },
            "super_head": {
                "SH_TOK1": {
                    "word_type": "KON",
                    "word_form": "und",
                    "lemma": "und",
                    "POS_STTS": "KON",
                    "index": "20",
                    "dep_rel": "kon",
                    "head_index": "17",
                    "parser_morph_features": "_"
                }
            }
        },
        "POST_info": {},
        "TOK_info": {
            "TOK1": {
                "word_type": "N",
                "word_form": "Streiht",
                "lemma": "Streiht",
                "POS_STTS": "NE",
                "index": "24",
                "dep_rel": "obja",
                "head_index": "22",
                "parser_morph_features": "_|_|_",
                "possible_morph_features": []
            }
        },
        "relations": {}
    },
    {
        "file_ID": "1023_0108423",
        "sent_NP_ID": "6_22",
        "sentence": "Ich habe die Kinder geschenke geKauf um nett zu Sein und ich habe immen und immer vesuchen freuntlich mit dem Kinder anZuschließen , es war unmöglich .",
        "metadata": {
            "corpus": "MERLIN_DE",
            "author": {
                "author_ID": "1023_0108423",
                "L1": "English",
                "age": "28",
                "gender": "male"
            },
            "CEFR": {
                "overall_fairRating": "B2",
                "test_level": "B2"
            },
            "task": {
                "formality": "formal",
                "text_type": "letter",
                "topic": "Au pair writes letter of complaint to Agency"
            }
        },
        "NP_info": {
            "len_np": 2,
            "coordination": null
        },
        "HEAD_info": {
            "head": {
                "H_TOK1": {
                    "word_type": "V",
                    "word_form": "habe",
                    "lemma": "haben",
                    "POS_STTS": "VAFIN",
                    "index": "2",
                    "dep_rel": "root",
                    "head_index": "0",
                    "parser_morph_features": "1|Sg|Pres|_"
                }
            },
            "super_head": {}
        },
        "POST_info": {
            "P_TOK1": {
                "word_type": "FM",
                "word_form": "geschenke",
                "lemma": "geschenke",
                "POS_STTS": "FM",
                "index": "5",
                "dep_rel": "app",
                "head_index": "4",
                "parser_morph_features": "Neut|Acc|Pl"
            }
        },
        "TOK_info": {
            "TOK1": {
                "word_type": "ART",
                "word_form": "die",
                "lemma": "die",
                "POS_STTS": "ART",
                "index": "3",
                "dep_rel": "det",
                "head_index": "4",
                "parser_morph_features": "Def|Neut|Acc|Pl",
                "possible_morph_features": []
            },
            "TOK2": {
                "word_type": "N",
                "word_form": "Kinder",
                "lemma": "Kind",
                "POS_STTS": "NN",
                "index": "4",
                "dep_rel": "obja",
                "head_index": "2",
                "parser_morph_features": "Neut|Acc|Pl",
                "possible_morph_features": []
            }
        },
        "relations": {
            "rel_1": {
                "rel_type": "must_agree",
                "involved": [
                    "TOK2",
                    "TOK1"
                ],
                "ruler": "TOK2",
                "possible_agreement": null
            }
        }
    },
    {
        "file_ID": "1023_0108423",
        "sent_NP_ID": "6_23",
        "sentence": "Ich habe die Kinder geschenke geKauf um nett zu Sein und ich habe immen und immer vesuchen freuntlich mit dem Kinder anZuschließen , es war unmöglich .",
        "metadata": {
            "corpus": "MERLIN_DE",
            "author": {
                "author_ID": "1023_0108423",
                "L1": "English",
                "age": "28",
                "gender": "male"
            },
            "CEFR": {
                "overall_fairRating": "B2",
                "test_level": "B2"
            },
            "task": {
                "formality": "formal",
                "text_type": "letter",
                "topic": "Au pair writes letter of complaint to Agency"
            }
        },
        "NP_info": {
            "len_np": 1,
            "coordination": null
        },
        "HEAD_info": {
            "head": {
                "H_TOK1": {
                    "word_type": "PREP",
                    "word_form": "zu",
                    "lemma": "zu",
                    "POS_STTS": "APPR",
                    "index": "9",
                    "dep_rel": "pp",
                    "head_index": "13",
                    "parser_morph_features": "Dat"
                }
            },
            "super_head": {
                "SH_TOK1": {
                    "word_type": "V",
                    "word_form": "habe",
                    "lemma": "haben",
                    "POS_STTS": "VAFIN",
                    "index": "13",
                    "dep_rel": "root",
                    "head_index": "0",
                    "parser_morph_features": "3|Sg|Pres|Subj"
                }
            }
        },
        "POST_info": {},
        "TOK_info": {
            "TOK1": {
                "word_type": "N",
                "word_form": "Sein",
                "lemma": "Sein",
                "POS_STTS": "NN",
                "index": "10",
                "dep_rel": "pn",
                "head_index": "9",
                "parser_morph_features": "Neut|Nom|Sg",
                "possible_morph_features": []
            }
        },
        "relations": {}
    },
    {
        "file_ID": "1023_0108423",
        "sent_NP_ID": "6_24",
        "sentence": "Ich habe die Kinder geschenke geKauf um nett zu Sein und ich habe immen und immer vesuchen freuntlich mit dem Kinder anZuschließen , es war unmöglich .",
        "metadata": {
            "corpus": "MERLIN_DE",
            "author": {
                "author_ID": "1023_0108423",
                "L1": "English",
                "age": "28",
                "gender": "male"
            },
            "CEFR": {
                "overall_fairRating": "B2",
                "test_level": "B2"
            },
            "task": {
                "formality": "formal",
                "text_type": "letter",
                "topic": "Au pair writes letter of complaint to Agency"
            }
        },
        "NP_info": {
            "len_np": 1,
            "coordination": null
        },
        "HEAD_info": {
            "head": {
                "H_TOK1": {
                    "word_type": "V",
                    "word_form": "habe",
                    "lemma": "haben",
                    "POS_STTS": "VAFIN",
                    "index": "13",
                    "dep_rel": "root",
                    "head_index": "0",
                    "parser_morph_features": "3|Sg|Pres|Subj"
                }
            },
            "super_head": {}
        },
        "POST_info": {},
        "TOK_info": {
            "TOK1": {
                "word_type": "N",
                "word_form": "immen",
                "lemma": "immen",
                "POS_STTS": "NE",
                "index": "14",
                "dep_rel": "subj",
                "head_index": "13",
                "parser_morph_features": "_|Nom|Sg",
                "possible_morph_features": []
            }
        },
        "relations": {}
    },
    {
        "file_ID": "1023_0108423",
        "sent_NP_ID": "6_25",
        "sentence": "Ich habe die Kinder geschenke geKauf um nett zu Sein und ich habe immen und immer vesuchen freuntlich mit dem Kinder anZuschließen , es war unmöglich .",
        "metadata": {
            "corpus": "MERLIN_DE",
            "author": {
                "author_ID": "1023_0108423",
                "L1": "English",
                "age": "28",
                "gender": "male"
            },
            "CEFR": {
                "overall_fairRating": "B2",
                "test_level": "B2"
            },
            "task": {
                "formality": "formal",
                "text_type": "letter",
                "topic": "Au pair writes letter of complaint to Agency"
            }
        },
        "NP_info": {
            "len_np": 2,
            "coordination": null
        },
        "HEAD_info": {
            "head": {
                "H_TOK1": {
                    "word_type": "PREP",
                    "word_form": "mit",
                    "lemma": "mit",
                    "POS_STTS": "APPR",
                    "index": "19",
                    "dep_rel": "pp",
                    "head_index": "18",
                    "parser_morph_features": "Dat"
                }
            },
            "super_head": {
                "SH_TOK1": {
                    "word_type": "FM",
                    "word_form": "freuntlich",
                    "lemma": "freuntlich",
                    "POS_STTS": "FM",
                    "index": "18",
                    "dep_rel": "app",
                    "head_index": "17",
                    "parser_morph_features": "_"
                }
            }
        },
        "POST_info": {
            "P_TOK1": {
                "word_type": "N",
                "word_form": "anZuschließen",
                "lemma": "anZuschließen",
                "POS_STTS": "NE",
                "index": "22",
                "dep_rel": "app",
                "head_index": "21",
                "parser_morph_features": "_|Dat|Sg"
            }
        },
        "TOK_info": {
            "TOK1": {
                "word_type": "ART",
                "word_form": "dem",
                "lemma": "die",
                "POS_STTS": "ART",
                "index": "20",
                "dep_rel": "det",
                "head_index": "21",
                "parser_morph_features": "Def|_|Dat|Sg",
                "possible_morph_features": []
            },
            "TOK2": {
                "word_type": "N",
                "word_form": "Kinder",
                "lemma": "Kind",
                "POS_STTS": "NN",
                "index": "21",
                "dep_rel": "pn",
                "head_index": "19",
                "parser_morph_features": "_|Dat|Sg",
                "possible_morph_features": []
            }
        },
        "relations": {
            "rel_1": {
                "rel_type": "must_agree",
                "involved": [
                    "TOK2",
                    "TOK1"
                ],
                "ruler": "TOK2",
                "possible_agreement": null
            }
        }
    },
    {
        "file_ID": "1023_0108423",
        "sent_NP_ID": "6_26",
        "sentence": "Ich habe die Kinder geschenke geKauf um nett zu Sein und ich habe immen und immer vesuchen freuntlich mit dem Kinder anZuschließen , es war unmöglich .",
        "metadata": {
            "corpus": "MERLIN_DE",
            "author": {
                "author_ID": "1023_0108423",
                "L1": "English",
                "age": "28",
                "gender": "male"
            },
            "CEFR": {
                "overall_fairRating": "B2",
                "test_level": "B2"
            },
            "task": {
                "formality": "formal",
                "text_type": "letter",
                "topic": "Au pair writes letter of complaint to Agency"
            }
        },
        "NP_info": {
            "len_np": 1,
            "coordination": null
        },
        "HEAD_info": {
            "head": {
                "H_TOK1": {
                    "word_type": "N",
                    "word_form": "Kinder",
                    "lemma": "Kind",
                    "POS_STTS": "NN",
                    "index": "21",
                    "dep_rel": "pn",
                    "head_index": "19",
                    "parser_morph_features": "_|Dat|Sg"
                }
            },
            "super_head": {
                "SH_TOK1": {
                    "word_type": "PREP",
                    "word_form": "mit",
                    "lemma": "mit",
                    "POS_STTS": "APPR",
                    "index": "19",
                    "dep_rel": "pp",
                    "head_index": "18",
                    "parser_morph_features": "Dat"
                }
            }
        },
        "POST_info": {},
        "TOK_info": {
            "TOK1": {
                "word_type": "N",
                "word_form": "anZuschließen",
                "lemma": "anZuschließen",
                "POS_STTS": "NE",
                "index": "22",
                "dep_rel": "app",
                "head_index": "21",
                "parser_morph_features": "_|Dat|Sg",
                "possible_morph_features": []
            }
        },
        "relations": {}
    },
    {
        "file_ID": "1023_0108423",
        "sent_NP_ID": "7_27",
        "sentence": "alles war Enttauschung im haus war immer laut Ohne ende , es war nicht was ich Erweitet habe Aus diese Grund find ich man muss erste Überlegen bevor reist und muss ich Sagen alle meine Erwartungen : war nicht als ich vorgestelte habe , ich möchte Antworte Zuruck .",
        "metadata": {
            "corpus": "MERLIN_DE",
            "author": {
                "author_ID": "1023_0108423",
                "L1": "English",
                "age": "28",
                "gender": "male"
            },
            "CEFR": {
                "overall_fairRating": "B2",
                "test_level": "B2"
            },
            "task": {
                "formality": "formal",
                "text_type": "letter",
                "topic": "Au pair writes letter of complaint to Agency"
            }
        },
        "NP_info": {
            "len_np": 1,
            "coordination": null
        },
        "HEAD_info": {
            "head": {
                "H_TOK1": {
                    "word_type": "V",
                    "word_form": "war",
                    "lemma": "sein",
                    "POS_STTS": "VAFIN",
                    "index": "2",
                    "dep_rel": "root",
                    "head_index": "0",
                    "parser_morph_features": "3|Sg|Past|Ind"
                }
            },
            "super_head": {}
        },
        "POST_info": {
            "P_TOK1": {
                "word_type": "PREP",
                "word_form": "im",
                "lemma": "in",
                "POS_STTS": "APPRART",
                "index": "4",
                "dep_rel": "pp",
                "head_index": "3",
                "parser_morph_features": "_|Dat"
            }
        },
        "TOK_info": {
            "TOK1": {
                "word_type": "N",
                "word_form": "Enttauschung",
                "lemma": "Enttauschung",
                "POS_STTS": "NN",
                "index": "3",
                "dep_rel": "pred",
                "head_index": "2",
                "parser_morph_features": "Fem|Nom|Sg",
                "possible_morph_features": []
            }
        },
        "relations": {}
    },
    {
        "file_ID": "1023_0108423",
        "sent_NP_ID": "7_28",
        "sentence": "alles war Enttauschung im haus war immer laut Ohne ende , es war nicht was ich Erweitet habe Aus diese Grund find ich man muss erste Überlegen bevor reist und muss ich Sagen alle meine Erwartungen : war nicht als ich vorgestelte habe , ich möchte Antworte Zuruck .",
        "metadata": {
            "corpus": "MERLIN_DE",
            "author": {
                "author_ID": "1023_0108423",
                "L1": "English",
                "age": "28",
                "gender": "male"
            },
            "CEFR": {
                "overall_fairRating": "B2",
                "test_level": "B2"
            },
            "task": {
                "formality": "formal",
                "text_type": "letter",
                "topic": "Au pair writes letter of complaint to Agency"
            }
        },
        "NP_info": {
            "len_np": 1,
            "coordination": null
        },
        "HEAD_info": {
            "head": {
                "H_TOK1": {
                    "word_type": "PREP",
                    "word_form": "laut",
                    "lemma": "laut",
                    "POS_STTS": "APPR",
                    "index": "8",
                    "dep_rel": "pp",
                    "head_index": "10",
                    "parser_morph_features": "Dat"
                }
            },
            "super_head": {
                "SH_TOK1": {
                    "word_type": "V",
                    "word_form": "ende",
                    "lemma": "enden",
                    "POS_STTS": "VVFIN",
                    "index": "10",
                    "dep_rel": "root",
                    "head_index": "0",
                    "parser_morph_features": "_|Sg|Pres|_"
                }
            }
        },
        "POST_info": {},
        "TOK_info": {
            "TOK1": {
                "word_type": "N",
                "word_form": "Ohne",
                "lemma": "Ohne",
                "POS_STTS": "NN",
                "index": "9",
                "dep_rel": "pn",
                "head_index": "8",
                "parser_morph_features": "_|Dat|_",
                "possible_morph_features": []
            }
        },
        "relations": {}
    },
    {
        "file_ID": "1023_0108423",
        "sent_NP_ID": "7_29",
        "sentence": "alles war Enttauschung im haus war immer laut Ohne ende , es war nicht was ich Erweitet habe Aus diese Grund find ich man muss erste Überlegen bevor reist und muss ich Sagen alle meine Erwartungen : war nicht als ich vorgestelte habe , ich möchte Antworte Zuruck .",
        "metadata": {
            "corpus": "MERLIN_DE",
            "author": {
                "author_ID": "1023_0108423",
                "L1": "English",
                "age": "28",
                "gender": "male"
            },
            "CEFR": {
                "overall_fairRating": "B2",
                "test_level": "B2"
            },
            "task": {
                "formality": "formal",
                "text_type": "letter",
                "topic": "Au pair writes letter of complaint to Agency"
            }
        },
        "NP_info": {
            "len_np": 2,
            "coordination": null
        },
        "HEAD_info": {
            "head": {
                "H_TOK1": {
                    "word_type": "PREP",
                    "word_form": "Aus",
                    "lemma": "aus",
                    "POS_STTS": "APPR",
                    "index": "19",
                    "dep_rel": "pp",
                    "head_index": "17",
                    "parser_morph_features": "Dat"
                }
            },
            "super_head": {
                "SH_TOK1": {
                    "word_type": "V",
                    "word_form": "Erweitet",
                    "lemma": "erweiten",
                    "POS_STTS": "VVPP",
                    "index": "17",
                    "dep_rel": "aux",
                    "head_index": "18",
                    "parser_morph_features": "_"
                }
            }
        },
        "POST_info": {},
        "TOK_info": {
            "TOK1": {
                "word_type": "ART",
                "word_form": "diese",
                "lemma": "diese",
                "POS_STTS": "PDAT",
                "index": "20",
                "dep_rel": "det",
                "head_index": "21",
                "parser_morph_features": "_|_|_",
                "possible_morph_features": []
            },
            "TOK2": {
                "word_type": "N",
                "word_form": "Grund",
                "lemma": "Grund",
                "POS_STTS": "NN",
                "index": "21",
                "dep_rel": "pn",
                "head_index": "19",
                "parser_morph_features": "_|_|_",
                "possible_morph_features": []
            }
        },
        "relations": {
            "rel_1": {
                "rel_type": "must_agree",
                "involved": [
                    "TOK2",
                    "TOK1"
                ],
                "ruler": "TOK2",
                "possible_agreement": null
            }
        }
    },
    {
        "file_ID": "1023_0108423",
        "sent_NP_ID": "7_30",
        "sentence": "alles war Enttauschung im haus war immer laut Ohne ende , es war nicht was ich Erweitet habe Aus diese Grund find ich man muss erste Überlegen bevor reist und muss ich Sagen alle meine Erwartungen : war nicht als ich vorgestelte habe , ich möchte Antworte Zuruck .",
        "metadata": {
            "corpus": "MERLIN_DE",
            "author": {
                "author_ID": "1023_0108423",
                "L1": "English",
                "age": "28",
                "gender": "male"
            },
            "CEFR": {
                "overall_fairRating": "B2",
                "test_level": "B2"
            },
            "task": {
                "formality": "formal",
                "text_type": "letter",
                "topic": "Au pair writes letter of complaint to Agency"
            }
        },
        "NP_info": {
            "len_np": 2,
            "coordination": null
        },
        "HEAD_info": {
            "head": {
                "H_TOK1": {
                    "word_type": "PTKVZ",
                    "word_form": "bevor",
                    "lemma": "bevor",
                    "POS_STTS": "PTKVZ",
                    "index": "28",
                    "dep_rel": "avz",
                    "head_index": "29",
                    "parser_morph_features": "_"
                },
                "H_TOK2": {
                    "word_type": "V",
                    "word_form": "reist",
                    "lemma": "reisen",
                    "POS_STTS": "VVFIN",
                    "index": "29",
                    "dep_rel": "root",
                    "head_index": "0",
                    "parser_morph_features": "3|Sg|Pres|Ind",
                    "lemma_split_verb": "bevorreisen"
                }
            },
            "super_head": {}
        },
        "POST_info": {},
        "TOK_info": {
            "TOK1": {
                "word_type": "ADJA",
                "word_form": "erste",
                "lemma": "erst",
                "POS_STTS": "ADJA",
                "index": "26",
                "dep_rel": "attr",
                "head_index": "27",
                "parser_morph_features": "_|Neut|Nom|Sg|Wk|",
                "possible_morph_features": []
            },
            "TOK2": {
                "word_type": "N",
                "word_form": "Überlegen",
                "lemma": "Überlegen",
                "POS_STTS": "NN",
                "index": "27",
                "dep_rel": "subj",
                "head_index": "29",
                "parser_morph_features": "Neut|Nom|Sg",
                "possible_morph_features": []
            }
        },
        "relations": {
            "rel_1": {
                "rel_type": "must_agree",
                "involved": [
                    "TOK2",
                    "TOK1"
                ],
                "ruler": "TOK2",
                "possible_agreement": null
            }
        }
    },
    {
        "file_ID": "1023_0108423",
        "sent_NP_ID": "7_31",
        "sentence": "alles war Enttauschung im haus war immer laut Ohne ende , es war nicht was ich Erweitet habe Aus diese Grund find ich man muss erste Überlegen bevor reist und muss ich Sagen alle meine Erwartungen : war nicht als ich vorgestelte habe , ich möchte Antworte Zuruck .",
        "metadata": {
            "corpus": "MERLIN_DE",
            "author": {
                "author_ID": "1023_0108423",
                "L1": "English",
                "age": "28",
                "gender": "male"
            },
            "CEFR": {
                "overall_fairRating": "B2",
                "test_level": "B2"
            },
            "task": {
                "formality": "formal",
                "text_type": "letter",
                "topic": "Au pair writes letter of complaint to Agency"
            }
        },
        "NP_info": {
            "len_np": 1,
            "coordination": null
        },
        "HEAD_info": {
            "head": {
                "H_TOK1": {
                    "word_type": "PRO",
                    "word_form": "ich",
                    "lemma": "ich",
                    "POS_STTS": "PPER",
                    "index": "32",
                    "dep_rel": "root",
                    "head_index": "0",
                    "parser_morph_features": "_|Nom|_"
                }
            },
            "super_head": {}
        },
        "POST_info": {},
        "TOK_info": {
            "TOK1": {
                "word_type": "N",
                "word_form": "Sagen",
                "lemma": "Sage",
                "POS_STTS": "NN",
                "index": "33",
                "dep_rel": "app",
                "head_index": "32",
                "parser_morph_features": "_|_|_",
                "possible_morph_features": []
            }
        },
        "relations": {}
    },
    {
        "file_ID": "1023_0108423",
        "sent_NP_ID": "7_32",
        "sentence": "alles war Enttauschung im haus war immer laut Ohne ende , es war nicht was ich Erweitet habe Aus diese Grund find ich man muss erste Überlegen bevor reist und muss ich Sagen alle meine Erwartungen : war nicht als ich vorgestelte habe , ich möchte Antworte Zuruck .",
        "metadata": {
            "corpus": "MERLIN_DE",
            "author": {
                "author_ID": "1023_0108423",
                "L1": "English",
                "age": "28",
                "gender": "male"
            },
            "CEFR": {
                "overall_fairRating": "B2",
                "test_level": "B2"
            },
            "task": {
                "formality": "formal",
                "text_type": "letter",
                "topic": "Au pair writes letter of complaint to Agency"
            }
        },
        "NP_info": {
            "len_np": 3,
            "coordination": null
        },
        "HEAD_info": {
            "head": {},
            "super_head": {}
        },
        "POST_info": {},
        "TOK_info": {
            "TOK1": {
                "word_type": "ART",
                "word_form": "alle",
                "lemma": "alle",
                "POS_STTS": "PIDAT",
                "index": "34",
                "dep_rel": "det",
                "head_index": "36",
                "parser_morph_features": "Fem|_|Pl",
                "possible_morph_features": []
            },
            "TOK2": {
                "word_type": "ART",
                "word_form": "meine",
                "lemma": "meine",
                "POS_STTS": "PPOSAT",
                "index": "35",
                "dep_rel": "det",
                "head_index": "36",
                "parser_morph_features": "_|_|_",
                "possible_morph_features": []
            },
            "TOK3": {
                "word_type": "N",
                "word_form": "Erwartungen",
                "lemma": "Erwartung",
                "POS_STTS": "NN",
                "index": "36",
                "dep_rel": "root",
                "head_index": "0",
                "parser_morph_features": "_|_|_",
                "possible_morph_features": []
            }
        },
        "relations": {
            "rel_1": {
                "rel_type": "must_agree",
                "involved": [
                    "TOK1",
                    "TOK2"
                ],
                "ruler": null,
                "possible_agreement": null
            },
            "rel_2": {
                "rel_type": "must_agree",
                "involved": [
                    "TOK3",
                    "TOK1"
                ],
                "ruler": "TOK3",
                "possible_agreement": null
            },
            "rel_3": {
                "rel_type": "must_agree",
                "involved": [
                    "TOK3",
                    "TOK2"
                ],
                "ruler": "TOK3",
                "possible_agreement": null
            }
        }
    },
    {
        "file_ID": "1023_0108423",
        "sent_NP_ID": "7_33",
        "sentence": "alles war Enttauschung im haus war immer laut Ohne ende , es war nicht was ich Erweitet habe Aus diese Grund find ich man muss erste Überlegen bevor reist und muss ich Sagen alle meine Erwartungen : war nicht als ich vorgestelte habe , ich möchte Antworte Zuruck .",
        "metadata": {
            "corpus": "MERLIN_DE",
            "author": {
                "author_ID": "1023_0108423",
                "L1": "English",
                "age": "28",
                "gender": "male"
            },
            "CEFR": {
                "overall_fairRating": "B2",
                "test_level": "B2"
            },
            "task": {
                "formality": "formal",
                "text_type": "letter",
                "topic": "Au pair writes letter of complaint to Agency"
            }
        },
        "NP_info": {
            "len_np": 1,
            "coordination": null
        },
        "HEAD_info": {
            "head": {
                "H_TOK1": {
                    "word_type": "V",
                    "word_form": "möchte",
                    "lemma": "mögen",
                    "POS_STTS": "VMFIN",
                    "index": "46",
                    "dep_rel": "root",
                    "head_index": "0",
                    "parser_morph_features": "1|Sg|Past|Subj"
                }
            },
            "super_head": {}
        },
        "POST_info": {
            "P_TOK1": {
                "word_type": "N",
                "word_form": "Zuruck",
                "lemma": "Zuruck",
                "POS_STTS": "NN",
                "index": "48",
                "dep_rel": "app",
                "head_index": "47",
                "parser_morph_features": "Masc|Acc|Sg"
            }
        },
        "TOK_info": {
            "TOK1": {
                "word_type": "N",
                "word_form": "Antworte",
                "lemma": "Antworte",
                "POS_STTS": "NE",
                "index": "47",
                "dep_rel": "obja",
                "head_index": "46",
                "parser_morph_features": "Masc|Acc|Sg",
                "possible_morph_features": []
            }
        },
        "relations": {}
    },
    {
        "file_ID": "1023_0108423",
        "sent_NP_ID": "7_34",
        "sentence": "alles war Enttauschung im haus war immer laut Ohne ende , es war nicht was ich Erweitet habe Aus diese Grund find ich man muss erste Überlegen bevor reist und muss ich Sagen alle meine Erwartungen : war nicht als ich vorgestelte habe , ich möchte Antworte Zuruck .",
        "metadata": {
            "corpus": "MERLIN_DE",
            "author": {
                "author_ID": "1023_0108423",
                "L1": "English",
                "age": "28",
                "gender": "male"
            },
            "CEFR": {
                "overall_fairRating": "B2",
                "test_level": "B2"
            },
            "task": {
                "formality": "formal",
                "text_type": "letter",
                "topic": "Au pair writes letter of complaint to Agency"
            }
        },
        "NP_info": {
            "len_np": 1,
            "coordination": null
        },
        "HEAD_info": {
            "head": {
                "H_TOK1": {
                    "word_type": "N",
                    "word_form": "Antworte",
                    "lemma": "Antworte",
                    "POS_STTS": "NE",
                    "index": "47",
                    "dep_rel": "obja",
                    "head_index": "46",
                    "parser_morph_features": "Masc|Acc|Sg"
                }
            },
            "super_head": {
                "SH_TOK1": {
                    "word_type": "V",
                    "word_form": "möchte",
                    "lemma": "mögen",
                    "POS_STTS": "VMFIN",
                    "index": "46",
                    "dep_rel": "root",
                    "head_index": "0",
                    "parser_morph_features": "1|Sg|Past|Subj"
                }
            }
        },
        "POST_info": {},
        "TOK_info": {
            "TOK1": {
                "word_type": "N",
                "word_form": "Zuruck",
                "lemma": "Zuruck",
                "POS_STTS": "NN",
                "index": "48",
                "dep_rel": "app",
                "head_index": "47",
                "parser_morph_features": "Masc|Acc|Sg",
                "possible_morph_features": []
            }
        },
        "relations": {}
    },
    {
        "file_ID": "1023_0108423",
        "sent_NP_ID": "8_35",
        "sentence": "mit freundlichen Grüßen Michael Müller",
        "metadata": {
            "corpus": "MERLIN_DE",
            "author": {
                "author_ID": "1023_0108423",
                "L1": "English",
                "age": "28",
                "gender": "male"
            },
            "CEFR": {
                "overall_fairRating": "B2",
                "test_level": "B2"
            },
            "task": {
                "formality": "formal",
                "text_type": "letter",
                "topic": "Au pair writes letter of complaint to Agency"
            }
        },
        "NP_info": {
            "len_np": 2,
            "coordination": null
        },
        "HEAD_info": {
            "head": {
                "H_TOK1": {
                    "word_type": "PREP",
                    "word_form": "mit",
                    "lemma": "mit",
                    "POS_STTS": "APPR",
                    "index": "1",
                    "dep_rel": "root",
                    "head_index": "0",
                    "parser_morph_features": "Dat"
                }
            },
            "super_head": {}
        },
        "POST_info": {
            "P_TOK1": {
                "word_type": "N",
                "word_form": "Michael",
                "lemma": "Michael",
                "POS_STTS": "NE",
                "index": "4",
                "dep_rel": "app",
                "head_index": "3",
                "parser_morph_features": "_|Dat|Sg"
            }
        },
        "TOK_info": {
            "TOK1": {
                "word_type": "ADJA",
                "word_form": "freundlichen",
                "lemma": "freundlich",
                "POS_STTS": "ADJA",
                "index": "2",
                "dep_rel": "attr",
                "head_index": "3",
                "parser_morph_features": "Pos|_|Dat|_|_|",
                "possible_morph_features": []
            },
            "TOK2": {
                "word_type": "N",
                "word_form": "Grüßen",
                "lemma": "Gruß",
                "POS_STTS": "NN",
                "index": "3",
                "dep_rel": "pn",
                "head_index": "1",
                "parser_morph_features": "_|Dat|_",
                "possible_morph_features": []
            }
        },
        "relations": {
            "rel_1": {
                "rel_type": "must_agree",
                "involved": [
                    "TOK2",
                    "TOK1"
                ],
                "ruler": "TOK2",
                "possible_agreement": null
            }
        }
    },
    {
        "file_ID": "1023_0108423",
        "sent_NP_ID": "8_36",
        "sentence": "mit freundlichen Grüßen Michael Müller",
        "metadata": {
            "corpus": "MERLIN_DE",
            "author": {
                "author_ID": "1023_0108423",
                "L1": "English",
                "age": "28",
                "gender": "male"
            },
            "CEFR": {
                "overall_fairRating": "B2",
                "test_level": "B2"
            },
            "task": {
                "formality": "formal",
                "text_type": "letter",
                "topic": "Au pair writes letter of complaint to Agency"
            }
        },
        "NP_info": {
            "len_np": 1,
            "coordination": null
        },
        "HEAD_info": {
            "head": {
                "H_TOK1": {
                    "word_type": "N",
                    "word_form": "Grüßen",
                    "lemma": "Gruß",
                    "POS_STTS": "NN",
                    "index": "3",
                    "dep_rel": "pn",
                    "head_index": "1",
                    "parser_morph_features": "_|Dat|_"
                }
            },
            "super_head": {
                "SH_TOK1": {
                    "word_type": "PREP",
                    "word_form": "mit",
                    "lemma": "mit",
                    "POS_STTS": "APPR",
                    "index": "1",
                    "dep_rel": "root",
                    "head_index": "0",
                    "parser_morph_features": "Dat"
                }
            }
        },
        "POST_info": {
            "P_TOK1": {
                "word_type": "N",
                "word_form": "Müller",
                "lemma": "Müller",
                "POS_STTS": "NE",
                "index": "5",
                "dep_rel": "app",
                "head_index": "4",
                "parser_morph_features": "_|Dat|Sg"
            }
        },
        "TOK_info": {
            "TOK1": {
                "word_type": "N",
                "word_form": "Michael",
                "lemma": "Michael",
                "POS_STTS": "NE",
                "index": "4",
                "dep_rel": "app",
                "head_index": "3",
                "parser_morph_features": "_|Dat|Sg",
                "possible_morph_features": []
            }
        },
        "relations": {}
    },
    {
        "file_ID": "1023_0108423",
        "sent_NP_ID": "8_37",
        "sentence": "mit freundlichen Grüßen Michael Müller",
        "metadata": {
            "corpus": "MERLIN_DE",
            "author": {
                "author_ID": "1023_0108423",
                "L1": "English",
                "age": "28",
                "gender": "male"
            },
            "CEFR": {
                "overall_fairRating": "B2",
                "test_level": "B2"
            },
            "task": {
                "formality": "formal",
                "text_type": "letter",
                "topic": "Au pair writes letter of complaint to Agency"
            }
        },
        "NP_info": {
            "len_np": 1,
            "coordination": null
        },
        "HEAD_info": {
            "head": {
                "H_TOK1": {
                    "word_type": "N",
                    "word_form": "Michael",
                    "lemma": "Michael",
                    "POS_STTS": "NE",
                    "index": "4",
                    "dep_rel": "app",
                    "head_index": "3",
                    "parser_morph_features": "_|Dat|Sg"
                }
            },
            "super_head": {
                "SH_TOK1": {
                    "word_type": "N",
                    "word_form": "Grüßen",
                    "lemma": "Gruß",
                    "POS_STTS": "NN",
                    "index": "3",
                    "dep_rel": "pn",
                    "head_index": "1",
                    "parser_morph_features": "_|Dat|_"
                }
            }
        },
        "POST_info": {},
        "TOK_info": {
            "TOK1": {
                "word_type": "N",
                "word_form": "Müller",
                "lemma": "Müller",
                "POS_STTS": "NE",
                "index": "5",
                "dep_rel": "app",
                "head_index": "4",
                "parser_morph_features": "_|Dat|Sg",
                "possible_morph_features": []
            }
        },
        "relations": {}
    }
]