[
    {
        "file_ID": "1023_0109422",
        "sent_NP_ID": "1_1",
        "sentence": "Katharina Müller II A 123 Stadt X Madagaskar Aupairsglobal Bahnhofstr .",
        "metadata": {
            "corpus": "MERLIN_DE",
            "author": {
                "author_ID": "1023_0109422",
                "L1": "other",
                "age": "20",
                "gender": "female"
            },
            "CEFR": {
                "overall_fairRating": "B2",
                "test_level": "B2"
            },
            "task": {
                "formality": "formal",
                "text_type": "letter",
                "topic": "ask for information at Au pair Agency"
            }
        },
        "NP_info": {
            "len_np": 1,
            "coordination": null
        },
        "HEAD_info": {
            "head": {},
            "super_head": {}
        },
        "POST_info": {
            "P_TOK1": {
                "word_type": "N",
                "word_form": "Müller",
                "lemma": "Müller",
                "POS_STTS": "NE",
                "index": "2",
                "dep_rel": "app",
                "head_index": "1",
                "parser_morph_features": "_|_|Sg"
            }
        },
        "TOK_info": {
            "TOK1": {
                "word_type": "N",
                "word_form": "Katharina",
                "lemma": "Katharina",
                "POS_STTS": "NE",
                "index": "1",
                "dep_rel": "root",
                "head_index": "0",
                "parser_morph_features": "_|_|Sg",
                "possible_morph_features": []
            }
        },
        "relations": {}
    },
    {
        "file_ID": "1023_0109422",
        "sent_NP_ID": "1_2",
        "sentence": "Katharina Müller II A 123 Stadt X Madagaskar Aupairsglobal Bahnhofstr .",
        "metadata": {
            "corpus": "MERLIN_DE",
            "author": {
                "author_ID": "1023_0109422",
                "L1": "other",
                "age": "20",
                "gender": "female"
            },
            "CEFR": {
                "overall_fairRating": "B2",
                "test_level": "B2"
            },
            "task": {
                "formality": "formal",
                "text_type": "letter",
                "topic": "ask for information at Au pair Agency"
            }
        },
        "NP_info": {
            "len_np": 1,
            "coordination": null
        },
        "HEAD_info": {
            "head": {
                "H_TOK1": {
                    "word_type": "N",
                    "word_form": "Katharina",
                    "lemma": "Katharina",
                    "POS_STTS": "NE",
                    "index": "1",
                    "dep_rel": "root",
                    "head_index": "0",
                    "parser_morph_features": "_|_|Sg"
                }
            },
            "super_head": {}
        },
        "POST_info": {
            "P_TOK1": {
                "word_type": "N",
                "word_form": "A",
                "lemma": "A",
                "POS_STTS": "NN",
                "index": "4",
                "dep_rel": "app",
                "head_index": "2",
                "parser_morph_features": "Neut|_|Pl"
            }
        },
        "TOK_info": {
            "TOK1": {
                "word_type": "N",
                "word_form": "Müller",
                "lemma": "Müller",
                "POS_STTS": "NE",
                "index": "2",
                "dep_rel": "app",
                "head_index": "1",
                "parser_morph_features": "_|_|Sg",
                "possible_morph_features": []
            }
        },
        "relations": {}
    },
    {
        "file_ID": "1023_0109422",
        "sent_NP_ID": "1_3",
        "sentence": "Katharina Müller II A 123 Stadt X Madagaskar Aupairsglobal Bahnhofstr .",
        "metadata": {
            "corpus": "MERLIN_DE",
            "author": {
                "author_ID": "1023_0109422",
                "L1": "other",
                "age": "20",
                "gender": "female"
            },
            "CEFR": {
                "overall_fairRating": "B2",
                "test_level": "B2"
            },
            "task": {
                "formality": "formal",
                "text_type": "letter",
                "topic": "ask for information at Au pair Agency"
            }
        },
        "NP_info": {
            "len_np": 2,
            "coordination": null
        },
        "HEAD_info": {
            "head": {
                "H_TOK1": {
                    "word_type": "N",
                    "word_form": "Müller",
                    "lemma": "Müller",
                    "POS_STTS": "NE",
                    "index": "2",
                    "dep_rel": "app",
                    "head_index": "1",
                    "parser_morph_features": "_|_|Sg"
                }
            },
            "super_head": {
                "SH_TOK1": {
                    "word_type": "N",
                    "word_form": "Katharina",
                    "lemma": "Katharina",
                    "POS_STTS": "NE",
                    "index": "1",
                    "dep_rel": "root",
                    "head_index": "0",
                    "parser_morph_features": "_|_|Sg"
                }
            }
        },
        "POST_info": {
            "P_TOK1": {
                "word_type": "CARD",
                "word_form": "123",
                "lemma": "123",
                "POS_STTS": "CARD",
                "index": "5",
                "dep_rel": "app",
                "head_index": "4",
                "parser_morph_features": "_"
            }
        },
        "TOK_info": {
            "TOK1": {
                "word_type": "CARD",
                "word_form": "II",
                "lemma": "II",
                "POS_STTS": "CARD",
                "index": "3",
                "dep_rel": "attr",
                "head_index": "4",
                "parser_morph_features": "_",
                "possible_morph_features": []
            },
            "TOK2": {
                "word_type": "N",
                "word_form": "A",
                "lemma": "A",
                "POS_STTS": "NN",
                "index": "4",
                "dep_rel": "app",
                "head_index": "2",
                "parser_morph_features": "Neut|_|Pl",
                "possible_morph_features": []
            }
        },
        "relations": {}
    },
    {
        "file_ID": "1023_0109422",
        "sent_NP_ID": "1_4",
        "sentence": "Katharina Müller II A 123 Stadt X Madagaskar Aupairsglobal Bahnhofstr .",
        "metadata": {
            "corpus": "MERLIN_DE",
            "author": {
                "author_ID": "1023_0109422",
                "L1": "other",
                "age": "20",
                "gender": "female"
            },
            "CEFR": {
                "overall_fairRating": "B2",
                "test_level": "B2"
            },
            "task": {
                "formality": "formal",
                "text_type": "letter",
                "topic": "ask for information at Au pair Agency"
            }
        },
        "NP_info": {
            "len_np": 1,
            "coordination": null
        },
        "HEAD_info": {
            "head": {},
            "super_head": {}
        },
        "POST_info": {
            "P_TOK1": {
                "word_type": "N",
                "word_form": "X",
                "lemma": "X",
                "POS_STTS": "NE",
                "index": "7",
                "dep_rel": "app",
                "head_index": "6",
                "parser_morph_features": "Fem|_|Sg"
            }
        },
        "TOK_info": {
            "TOK1": {
                "word_type": "N",
                "word_form": "Stadt",
                "lemma": "Stadt",
                "POS_STTS": "NN",
                "index": "6",
                "dep_rel": "root",
                "head_index": "0",
                "parser_morph_features": "Fem|_|Sg",
                "possible_morph_features": []
            }
        },
        "relations": {}
    },
    {
        "file_ID": "1023_0109422",
        "sent_NP_ID": "1_5",
        "sentence": "Katharina Müller II A 123 Stadt X Madagaskar Aupairsglobal Bahnhofstr .",
        "metadata": {
            "corpus": "MERLIN_DE",
            "author": {
                "author_ID": "1023_0109422",
                "L1": "other",
                "age": "20",
                "gender": "female"
            },
            "CEFR": {
                "overall_fairRating": "B2",
                "test_level": "B2"
            },
            "task": {
                "formality": "formal",
                "text_type": "letter",
                "topic": "ask for information at Au pair Agency"
            }
        },
        "NP_info": {
            "len_np": 1,
            "coordination": null
        },
        "HEAD_info": {
            "head": {
                "H_TOK1": {
                    "word_type": "N",
                    "word_form": "Stadt",
                    "lemma": "Stadt",
                    "POS_STTS": "NN",
                    "index": "6",
                    "dep_rel": "root",
                    "head_index": "0",
                    "parser_morph_features": "Fem|_|Sg"
                }
            },
            "super_head": {}
        },
        "POST_info": {
            "P_TOK1": {
                "word_type": "N",
                "word_form": "Madagaskar",
                "lemma": "Madagaskar",
                "POS_STTS": "NE",
                "index": "8",
                "dep_rel": "app",
                "head_index": "7",
                "parser_morph_features": "Fem|_|Sg"
            }
        },
        "TOK_info": {
            "TOK1": {
                "word_type": "N",
                "word_form": "X",
                "lemma": "X",
                "POS_STTS": "NE",
                "index": "7",
                "dep_rel": "app",
                "head_index": "6",
                "parser_morph_features": "Fem|_|Sg",
                "possible_morph_features": []
            }
        },
        "relations": {}
    },
    {
        "file_ID": "1023_0109422",
        "sent_NP_ID": "1_6",
        "sentence": "Katharina Müller II A 123 Stadt X Madagaskar Aupairsglobal Bahnhofstr .",
        "metadata": {
            "corpus": "MERLIN_DE",
            "author": {
                "author_ID": "1023_0109422",
                "L1": "other",
                "age": "20",
                "gender": "female"
            },
            "CEFR": {
                "overall_fairRating": "B2",
                "test_level": "B2"
            },
            "task": {
                "formality": "formal",
                "text_type": "letter",
                "topic": "ask for information at Au pair Agency"
            }
        },
        "NP_info": {
            "len_np": 1,
            "coordination": null
        },
        "HEAD_info": {
            "head": {
                "H_TOK1": {
                    "word_type": "N",
                    "word_form": "X",
                    "lemma": "X",
                    "POS_STTS": "NE",
                    "index": "7",
                    "dep_rel": "app",
                    "head_index": "6",
                    "parser_morph_features": "Fem|_|Sg"
                }
            },
            "super_head": {
                "SH_TOK1": {
                    "word_type": "N",
                    "word_form": "Stadt",
                    "lemma": "Stadt",
                    "POS_STTS": "NN",
                    "index": "6",
                    "dep_rel": "root",
                    "head_index": "0",
                    "parser_morph_features": "Fem|_|Sg"
                }
            }
        },
        "POST_info": {
            "P_TOK1": {
                "word_type": "N",
                "word_form": "Aupairsglobal",
                "lemma": "Aupairsglobal",
                "POS_STTS": "NE",
                "index": "9",
                "dep_rel": "app",
                "head_index": "8",
                "parser_morph_features": "Fem|_|Sg"
            }
        },
        "TOK_info": {
            "TOK1": {
                "word_type": "N",
                "word_form": "Madagaskar",
                "lemma": "Madagaskar",
                "POS_STTS": "NE",
                "index": "8",
                "dep_rel": "app",
                "head_index": "7",
                "parser_morph_features": "Fem|_|Sg",
                "possible_morph_features": []
            }
        },
        "relations": {}
    },
    {
        "file_ID": "1023_0109422",
        "sent_NP_ID": "1_7",
        "sentence": "Katharina Müller II A 123 Stadt X Madagaskar Aupairsglobal Bahnhofstr .",
        "metadata": {
            "corpus": "MERLIN_DE",
            "author": {
                "author_ID": "1023_0109422",
                "L1": "other",
                "age": "20",
                "gender": "female"
            },
            "CEFR": {
                "overall_fairRating": "B2",
                "test_level": "B2"
            },
            "task": {
                "formality": "formal",
                "text_type": "letter",
                "topic": "ask for information at Au pair Agency"
            }
        },
        "NP_info": {
            "len_np": 1,
            "coordination": null
        },
        "HEAD_info": {
            "head": {
                "H_TOK1": {
                    "word_type": "N",
                    "word_form": "Madagaskar",
                    "lemma": "Madagaskar",
                    "POS_STTS": "NE",
                    "index": "8",
                    "dep_rel": "app",
                    "head_index": "7",
                    "parser_morph_features": "Fem|_|Sg"
                }
            },
            "super_head": {
                "SH_TOK1": {
                    "word_type": "N",
                    "word_form": "X",
                    "lemma": "X",
                    "POS_STTS": "NE",
                    "index": "7",
                    "dep_rel": "app",
                    "head_index": "6",
                    "parser_morph_features": "Fem|_|Sg"
                }
            }
        },
        "POST_info": {
            "P_TOK1": {
                "word_type": "N",
                "word_form": "Bahnhofstr",
                "lemma": "Bahnhofstr",
                "POS_STTS": "NE",
                "index": "10",
                "dep_rel": "app",
                "head_index": "9",
                "parser_morph_features": "Fem|_|Sg"
            }
        },
        "TOK_info": {
            "TOK1": {
                "word_type": "N",
                "word_form": "Aupairsglobal",
                "lemma": "Aupairsglobal",
                "POS_STTS": "NE",
                "index": "9",
                "dep_rel": "app",
                "head_index": "8",
                "parser_morph_features": "Fem|_|Sg",
                "possible_morph_features": []
            }
        },
        "relations": {}
    },
    {
        "file_ID": "1023_0109422",
        "sent_NP_ID": "1_8",
        "sentence": "Katharina Müller II A 123 Stadt X Madagaskar Aupairsglobal Bahnhofstr .",
        "metadata": {
            "corpus": "MERLIN_DE",
            "author": {
                "author_ID": "1023_0109422",
                "L1": "other",
                "age": "20",
                "gender": "female"
            },
            "CEFR": {
                "overall_fairRating": "B2",
                "test_level": "B2"
            },
            "task": {
                "formality": "formal",
                "text_type": "letter",
                "topic": "ask for information at Au pair Agency"
            }
        },
        "NP_info": {
            "len_np": 1,
            "coordination": null
        },
        "HEAD_info": {
            "head": {
                "H_TOK1": {
                    "word_type": "N",
                    "word_form": "Aupairsglobal",
                    "lemma": "Aupairsglobal",
                    "POS_STTS": "NE",
                    "index": "9",
                    "dep_rel": "app",
                    "head_index": "8",
                    "parser_morph_features": "Fem|_|Sg"
                }
            },
            "super_head": {
                "SH_TOK1": {
                    "word_type": "N",
                    "word_form": "Madagaskar",
                    "lemma": "Madagaskar",
                    "POS_STTS": "NE",
                    "index": "8",
                    "dep_rel": "app",
                    "head_index": "7",
                    "parser_morph_features": "Fem|_|Sg"
                }
            }
        },
        "POST_info": {},
        "TOK_info": {
            "TOK1": {
                "word_type": "N",
                "word_form": "Bahnhofstr",
                "lemma": "Bahnhofstr",
                "POS_STTS": "NE",
                "index": "10",
                "dep_rel": "app",
                "head_index": "9",
                "parser_morph_features": "Fem|_|Sg",
                "possible_morph_features": []
            }
        },
        "relations": {}
    },
    {
        "file_ID": "1023_0109422",
        "sent_NP_ID": "2_9",
        "sentence": "101 65185 Wiesbaden 11.06.2009 .",
        "metadata": {
            "corpus": "MERLIN_DE",
            "author": {
                "author_ID": "1023_0109422",
                "L1": "other",
                "age": "20",
                "gender": "female"
            },
            "CEFR": {
                "overall_fairRating": "B2",
                "test_level": "B2"
            },
            "task": {
                "formality": "formal",
                "text_type": "letter",
                "topic": "ask for information at Au pair Agency"
            }
        },
        "NP_info": {
            "len_np": 1,
            "coordination": null
        },
        "HEAD_info": {
            "head": {},
            "super_head": {}
        },
        "POST_info": {
            "P_TOK1": {
                "word_type": "CARD",
                "word_form": "11.06.2009",
                "lemma": "11.06.2009",
                "POS_STTS": "CARD",
                "index": "4",
                "dep_rel": "app",
                "head_index": "3",
                "parser_morph_features": "_"
            }
        },
        "TOK_info": {
            "TOK1": {
                "word_type": "N",
                "word_form": "Wiesbaden",
                "lemma": "Wiesbaden",
                "POS_STTS": "NE",
                "index": "3",
                "dep_rel": "root",
                "head_index": "0",
                "parser_morph_features": "Neut|_|Sg",
                "possible_morph_features": []
            }
        },
        "relations": {}
    },
    {
        "file_ID": "1023_0109422",
        "sent_NP_ID": "3_10",
        "sentence": "Aupairsglobal Sehr geehrte Damen und Herren , mit großem Interesse habe ich Ihre Anzeige \" Aupairsglobal \" gelesen .",
        "metadata": {
            "corpus": "MERLIN_DE",
            "author": {
                "author_ID": "1023_0109422",
                "L1": "other",
                "age": "20",
                "gender": "female"
            },
            "CEFR": {
                "overall_fairRating": "B2",
                "test_level": "B2"
            },
            "task": {
                "formality": "formal",
                "text_type": "letter",
                "topic": "ask for information at Au pair Agency"
            }
        },
        "NP_info": {
            "len_np": 1,
            "coordination": [
                "3_10",
                "3_11",
                "3_12"
            ]
        },
        "HEAD_info": {
            "head": {
                "H_TOK1": {
                    "word_type": "V",
                    "word_form": "habe",
                    "lemma": "haben",
                    "POS_STTS": "VAFIN",
                    "index": "11",
                    "dep_rel": "root",
                    "head_index": "0",
                    "parser_morph_features": "1|Sg|Pres|_"
                }
            },
            "super_head": {}
        },
        "POST_info": {
            "P_TOK1": {
                "word_type": "N",
                "word_form": "Damen",
                "lemma": "Dame",
                "POS_STTS": "NN",
                "index": "4",
                "dep_rel": "app",
                "head_index": "1",
                "parser_morph_features": "Fem|_|Pl"
            }
        },
        "TOK_info": {
            "TOK1": {
                "word_type": "N",
                "word_form": "Aupairsglobal",
                "lemma": "Aupairsglobal",
                "POS_STTS": "NE",
                "index": "1",
                "dep_rel": "vok",
                "head_index": "11",
                "parser_morph_features": "Fem|_|Pl",
                "possible_morph_features": []
            }
        },
        "relations": {}
    },
    {
        "file_ID": "1023_0109422",
        "sent_NP_ID": "3_11",
        "sentence": "Aupairsglobal Sehr geehrte Damen und Herren , mit großem Interesse habe ich Ihre Anzeige \" Aupairsglobal \" gelesen .",
        "metadata": {
            "corpus": "MERLIN_DE",
            "author": {
                "author_ID": "1023_0109422",
                "L1": "other",
                "age": "20",
                "gender": "female"
            },
            "CEFR": {
                "overall_fairRating": "B2",
                "test_level": "B2"
            },
            "task": {
                "formality": "formal",
                "text_type": "letter",
                "topic": "ask for information at Au pair Agency"
            }
        },
        "NP_info": {
            "len_np": 3,
            "coordination": [
                "3_10",
                "3_11",
                "3_12"
            ]
        },
        "HEAD_info": {
            "head": {
                "H_TOK1": {
                    "word_type": "N",
                    "word_form": "Aupairsglobal",
                    "lemma": "Aupairsglobal",
                    "POS_STTS": "NE",
                    "index": "1",
                    "dep_rel": "vok",
                    "head_index": "11",
                    "parser_morph_features": "Fem|_|Pl"
                }
            },
            "super_head": {
                "SH_TOK1": {
                    "word_type": "V",
                    "word_form": "habe",
                    "lemma": "haben",
                    "POS_STTS": "VAFIN",
                    "index": "11",
                    "dep_rel": "root",
                    "head_index": "0",
                    "parser_morph_features": "1|Sg|Pres|_"
                }
            }
        },
        "POST_info": {},
        "TOK_info": {
            "TOK1": {
                "word_type": "ADV",
                "word_form": "Sehr",
                "lemma": "sehr",
                "POS_STTS": "ADV",
                "index": "2",
                "dep_rel": "adv",
                "head_index": "3",
                "parser_morph_features": "_",
                "possible_morph_features": []
            },
            "TOK2": {
                "word_type": "ADJA",
                "word_form": "geehrte",
                "lemma": "geehrt",
                "POS_STTS": "ADJA",
                "index": "3",
                "dep_rel": "attr",
                "head_index": "4",
                "parser_morph_features": "Pos|Fem|_|Pl|St|",
                "possible_morph_features": []
            },
            "TOK3": {
                "word_type": "N",
                "word_form": "Damen",
                "lemma": "Dame",
                "POS_STTS": "NN",
                "index": "4",
                "dep_rel": "app",
                "head_index": "1",
                "parser_morph_features": "Fem|_|Pl",
                "possible_morph_features": []
            }
        },
        "relations": {
            "rel_1": {
                "rel_type": "must_agree",
                "involved": [
                    "TOK3",
                    "TOK2"
                ],
                "ruler": "TOK3",
                "possible_agreement": null
            }
        }
    },
    {
        "file_ID": "1023_0109422",
        "sent_NP_ID": "3_12",
        "sentence": "Aupairsglobal Sehr geehrte Damen und Herren , mit großem Interesse habe ich Ihre Anzeige \" Aupairsglobal \" gelesen .",
        "metadata": {
            "corpus": "MERLIN_DE",
            "author": {
                "author_ID": "1023_0109422",
                "L1": "other",
                "age": "20",
                "gender": "female"
            },
            "CEFR": {
                "overall_fairRating": "B2",
                "test_level": "B2"
            },
            "task": {
                "formality": "formal",
                "text_type": "letter",
                "topic": "ask for information at Au pair Agency"
            }
        },
        "NP_info": {
            "len_np": 1,
            "coordination": [
                "3_10",
                "3_11",
                "3_12"
            ]
        },
        "HEAD_info": {
            "head": {
                "H_TOK1": {
                    "word_type": "KON",
                    "word_form": "und",
                    "lemma": "und",
                    "POS_STTS": "KON",
                    "index": "5",
                    "dep_rel": "kon",
                    "head_index": "4",
                    "parser_morph_features": "_"
                }
            },
            "super_head": {
                "SH_TOK1": {
                    "word_type": "N",
                    "word_form": "Damen",
                    "lemma": "Dame",
                    "POS_STTS": "NN",
                    "index": "4",
                    "dep_rel": "app",
                    "head_index": "1",
                    "parser_morph_features": "Fem|_|Pl"
                }
            }
        },
        "POST_info": {},
        "TOK_info": {
            "TOK1": {
                "word_type": "N",
                "word_form": "Herren",
                "lemma": "Herr",
                "POS_STTS": "NN",
                "index": "6",
                "dep_rel": "cj",
                "head_index": "5",
                "parser_morph_features": "Masc|_|_",
                "possible_morph_features": []
            }
        },
        "relations": {}
    },
    {
        "file_ID": "1023_0109422",
        "sent_NP_ID": "3_13",
        "sentence": "Aupairsglobal Sehr geehrte Damen und Herren , mit großem Interesse habe ich Ihre Anzeige \" Aupairsglobal \" gelesen .",
        "metadata": {
            "corpus": "MERLIN_DE",
            "author": {
                "author_ID": "1023_0109422",
                "L1": "other",
                "age": "20",
                "gender": "female"
            },
            "CEFR": {
                "overall_fairRating": "B2",
                "test_level": "B2"
            },
            "task": {
                "formality": "formal",
                "text_type": "letter",
                "topic": "ask for information at Au pair Agency"
            }
        },
        "NP_info": {
            "len_np": 2,
            "coordination": null
        },
        "HEAD_info": {
            "head": {
                "H_TOK1": {
                    "word_type": "PREP",
                    "word_form": "mit",
                    "lemma": "mit",
                    "POS_STTS": "APPR",
                    "index": "8",
                    "dep_rel": "pp",
                    "head_index": "11",
                    "parser_morph_features": "Dat"
                }
            },
            "super_head": {
                "SH_TOK1": {
                    "word_type": "V",
                    "word_form": "habe",
                    "lemma": "haben",
                    "POS_STTS": "VAFIN",
                    "index": "11",
                    "dep_rel": "root",
                    "head_index": "0",
                    "parser_morph_features": "1|Sg|Pres|_"
                }
            }
        },
        "POST_info": {},
        "TOK_info": {
            "TOK1": {
                "word_type": "ADJA",
                "word_form": "großem",
                "lemma": "groß",
                "POS_STTS": "ADJA",
                "index": "9",
                "dep_rel": "attr",
                "head_index": "10",
                "parser_morph_features": "Pos|Neut|Dat|Sg|St|",
                "possible_morph_features": []
            },
            "TOK2": {
                "word_type": "N",
                "word_form": "Interesse",
                "lemma": "Interesse",
                "POS_STTS": "NN",
                "index": "10",
                "dep_rel": "pn",
                "head_index": "8",
                "parser_morph_features": "Neut|Dat|Sg",
                "possible_morph_features": []
            }
        },
        "relations": {
            "rel_1": {
                "rel_type": "must_agree",
                "involved": [
                    "TOK2",
                    "TOK1"
                ],
                "ruler": "TOK2",
                "possible_agreement": null
            }
        }
    },
    {
        "file_ID": "1023_0109422",
        "sent_NP_ID": "3_14",
        "sentence": "Aupairsglobal Sehr geehrte Damen und Herren , mit großem Interesse habe ich Ihre Anzeige \" Aupairsglobal \" gelesen .",
        "metadata": {
            "corpus": "MERLIN_DE",
            "author": {
                "author_ID": "1023_0109422",
                "L1": "other",
                "age": "20",
                "gender": "female"
            },
            "CEFR": {
                "overall_fairRating": "B2",
                "test_level": "B2"
            },
            "task": {
                "formality": "formal",
                "text_type": "letter",
                "topic": "ask for information at Au pair Agency"
            }
        },
        "NP_info": {
            "len_np": 2,
            "coordination": null
        },
        "HEAD_info": {
            "head": {
                "H_TOK1": {
                    "word_type": "V",
                    "word_form": "gelesen",
                    "lemma": "lesen",
                    "POS_STTS": "VVPP",
                    "index": "18",
                    "dep_rel": "aux",
                    "head_index": "11",
                    "parser_morph_features": "_"
                }
            },
            "super_head": {
                "SH_TOK1": {
                    "word_type": "V",
                    "word_form": "habe",
                    "lemma": "haben",
                    "POS_STTS": "VAFIN",
                    "index": "11",
                    "dep_rel": "root",
                    "head_index": "0",
                    "parser_morph_features": "1|Sg|Pres|_"
                }
            }
        },
        "POST_info": {
            "P_TOK1": {
                "word_type": "N",
                "word_form": "Aupairsglobal",
                "lemma": "Aupairsglobal",
                "POS_STTS": "NE",
                "index": "16",
                "dep_rel": "app",
                "head_index": "14",
                "parser_morph_features": "Fem|Acc|Sg"
            }
        },
        "TOK_info": {
            "TOK1": {
                "word_type": "ART",
                "word_form": "Ihre",
                "lemma": "ihre",
                "POS_STTS": "PPOSAT",
                "index": "13",
                "dep_rel": "det",
                "head_index": "14",
                "parser_morph_features": "Fem|Acc|Sg",
                "possible_morph_features": []
            },
            "TOK2": {
                "word_type": "N",
                "word_form": "Anzeige",
                "lemma": "Anzeige",
                "POS_STTS": "NN",
                "index": "14",
                "dep_rel": "obja",
                "head_index": "18",
                "parser_morph_features": "Fem|Acc|Sg",
                "possible_morph_features": []
            }
        },
        "relations": {
            "rel_1": {
                "rel_type": "must_agree",
                "involved": [
                    "TOK2",
                    "TOK1"
                ],
                "ruler": "TOK2",
                "possible_agreement": null
            }
        }
    },
    {
        "file_ID": "1023_0109422",
        "sent_NP_ID": "3_15",
        "sentence": "Aupairsglobal Sehr geehrte Damen und Herren , mit großem Interesse habe ich Ihre Anzeige \" Aupairsglobal \" gelesen .",
        "metadata": {
            "corpus": "MERLIN_DE",
            "author": {
                "author_ID": "1023_0109422",
                "L1": "other",
                "age": "20",
                "gender": "female"
            },
            "CEFR": {
                "overall_fairRating": "B2",
                "test_level": "B2"
            },
            "task": {
                "formality": "formal",
                "text_type": "letter",
                "topic": "ask for information at Au pair Agency"
            }
        },
        "NP_info": {
            "len_np": 1,
            "coordination": null
        },
        "HEAD_info": {
            "head": {
                "H_TOK1": {
                    "word_type": "N",
                    "word_form": "Anzeige",
                    "lemma": "Anzeige",
                    "POS_STTS": "NN",
                    "index": "14",
                    "dep_rel": "obja",
                    "head_index": "18",
                    "parser_morph_features": "Fem|Acc|Sg"
                }
            },
            "super_head": {
                "SH_TOK1": {
                    "word_type": "V",
                    "word_form": "gelesen",
                    "lemma": "lesen",
                    "POS_STTS": "VVPP",
                    "index": "18",
                    "dep_rel": "aux",
                    "head_index": "11",
                    "parser_morph_features": "_"
                }
            }
        },
        "POST_info": {},
        "TOK_info": {
            "TOK1": {
                "word_type": "N",
                "word_form": "Aupairsglobal",
                "lemma": "Aupairsglobal",
                "POS_STTS": "NE",
                "index": "16",
                "dep_rel": "app",
                "head_index": "14",
                "parser_morph_features": "Fem|Acc|Sg",
                "possible_morph_features": []
            }
        },
        "relations": {}
    },
    {
        "file_ID": "1023_0109422",
        "sent_NP_ID": "4_16",
        "sentence": "Deshalb schreibe ich Ihnen , denn ich hätte gern noch mehr Informationen darüber .",
        "metadata": {
            "corpus": "MERLIN_DE",
            "author": {
                "author_ID": "1023_0109422",
                "L1": "other",
                "age": "20",
                "gender": "female"
            },
            "CEFR": {
                "overall_fairRating": "B2",
                "test_level": "B2"
            },
            "task": {
                "formality": "formal",
                "text_type": "letter",
                "topic": "ask for information at Au pair Agency"
            }
        },
        "NP_info": {
            "len_np": 2,
            "coordination": null
        },
        "HEAD_info": {
            "head": {
                "H_TOK1": {
                    "word_type": "V",
                    "word_form": "hätte",
                    "lemma": "haben",
                    "POS_STTS": "VAFIN",
                    "index": "8",
                    "dep_rel": "cj",
                    "head_index": "6",
                    "parser_morph_features": "1|Sg|Past|Subj"
                }
            },
            "super_head": {
                "SH_TOK1": {
                    "word_type": "KON",
                    "word_form": "denn",
                    "lemma": "denn",
                    "POS_STTS": "KON",
                    "index": "6",
                    "dep_rel": "kon",
                    "head_index": "2",
                    "parser_morph_features": "_"
                }
            }
        },
        "POST_info": {
            "P_TOK1": {
                "word_type": "PROAV",
                "word_form": "darüber",
                "lemma": "darüber",
                "POS_STTS": "PROAV",
                "index": "13",
                "dep_rel": "pp",
                "head_index": "12",
                "parser_morph_features": "_"
            }
        },
        "TOK_info": {
            "TOK1": {
                "word_type": "ART",
                "word_form": "mehr",
                "lemma": "mehr",
                "POS_STTS": "PIAT",
                "index": "11",
                "dep_rel": "det",
                "head_index": "12",
                "parser_morph_features": "_|Acc|Pl",
                "possible_morph_features": []
            },
            "TOK2": {
                "word_type": "N",
                "word_form": "Informationen",
                "lemma": "Information",
                "POS_STTS": "NN",
                "index": "12",
                "dep_rel": "obja",
                "head_index": "8",
                "parser_morph_features": "_|Acc|Pl",
                "possible_morph_features": []
            }
        },
        "relations": {
            "rel_1": {
                "rel_type": "must_agree",
                "involved": [
                    "TOK2",
                    "TOK1"
                ],
                "ruler": "TOK2",
                "possible_agreement": null
            }
        }
    },
    {
        "file_ID": "1023_0109422",
        "sent_NP_ID": "5_17",
        "sentence": "Ich komme aus Madagaskar und wohne bei einer großen Familie mit drei Geschwistern .",
        "metadata": {
            "corpus": "MERLIN_DE",
            "author": {
                "author_ID": "1023_0109422",
                "L1": "other",
                "age": "20",
                "gender": "female"
            },
            "CEFR": {
                "overall_fairRating": "B2",
                "test_level": "B2"
            },
            "task": {
                "formality": "formal",
                "text_type": "letter",
                "topic": "ask for information at Au pair Agency"
            }
        },
        "NP_info": {
            "len_np": 1,
            "coordination": null
        },
        "HEAD_info": {
            "head": {
                "H_TOK1": {
                    "word_type": "PREP",
                    "word_form": "aus",
                    "lemma": "aus",
                    "POS_STTS": "APPR",
                    "index": "3",
                    "dep_rel": "objp",
                    "head_index": "2",
                    "parser_morph_features": "Dat"
                }
            },
            "super_head": {
                "SH_TOK1": {
                    "word_type": "V",
                    "word_form": "komme",
                    "lemma": "kommen",
                    "POS_STTS": "VVFIN",
                    "index": "2",
                    "dep_rel": "root",
                    "head_index": "0",
                    "parser_morph_features": "1|Sg|Pres|_"
                }
            }
        },
        "POST_info": {},
        "TOK_info": {
            "TOK1": {
                "word_type": "N",
                "word_form": "Madagaskar",
                "lemma": "Madagaskar",
                "POS_STTS": "NE",
                "index": "4",
                "dep_rel": "pn",
                "head_index": "3",
                "parser_morph_features": "Neut|Dat|Sg",
                "possible_morph_features": []
            }
        },
        "relations": {}
    },
    {
        "file_ID": "1023_0109422",
        "sent_NP_ID": "5_18",
        "sentence": "Ich komme aus Madagaskar und wohne bei einer großen Familie mit drei Geschwistern .",
        "metadata": {
            "corpus": "MERLIN_DE",
            "author": {
                "author_ID": "1023_0109422",
                "L1": "other",
                "age": "20",
                "gender": "female"
            },
            "CEFR": {
                "overall_fairRating": "B2",
                "test_level": "B2"
            },
            "task": {
                "formality": "formal",
                "text_type": "letter",
                "topic": "ask for information at Au pair Agency"
            }
        },
        "NP_info": {
            "len_np": 3,
            "coordination": null
        },
        "HEAD_info": {
            "head": {
                "H_TOK1": {
                    "word_type": "PREP",
                    "word_form": "bei",
                    "lemma": "bei",
                    "POS_STTS": "APPR",
                    "index": "7",
                    "dep_rel": "objp",
                    "head_index": "6",
                    "parser_morph_features": "Dat"
                }
            },
            "super_head": {
                "SH_TOK1": {
                    "word_type": "V",
                    "word_form": "wohne",
                    "lemma": "wohnen",
                    "POS_STTS": "VVFIN",
                    "index": "6",
                    "dep_rel": "cj",
                    "head_index": "5",
                    "parser_morph_features": "_|Sg|Pres|_"
                }
            }
        },
        "POST_info": {
            "P_TOK1": {
                "word_type": "PREP",
                "word_form": "mit",
                "lemma": "mit",
                "POS_STTS": "APPR",
                "index": "11",
                "dep_rel": "pp",
                "head_index": "10",
                "parser_morph_features": "Dat"
            }
        },
        "TOK_info": {
            "TOK1": {
                "word_type": "ART",
                "word_form": "einer",
                "lemma": "eine",
                "POS_STTS": "ART",
                "index": "8",
                "dep_rel": "det",
                "head_index": "10",
                "parser_morph_features": "Indef|Fem|Dat|Sg",
                "possible_morph_features": []
            },
            "TOK2": {
                "word_type": "ADJA",
                "word_form": "großen",
                "lemma": "groß",
                "POS_STTS": "ADJA",
                "index": "9",
                "dep_rel": "attr",
                "head_index": "10",
                "parser_morph_features": "Pos|Fem|Dat|Sg|Wk|",
                "possible_morph_features": []
            },
            "TOK3": {
                "word_type": "N",
                "word_form": "Familie",
                "lemma": "Familie",
                "POS_STTS": "NN",
                "index": "10",
                "dep_rel": "pn",
                "head_index": "7",
                "parser_morph_features": "Fem|Dat|Sg",
                "possible_morph_features": []
            }
        },
        "relations": {
            "rel_1": {
                "rel_type": "must_agree",
                "involved": [
                    "TOK1",
                    "TOK2"
                ],
                "ruler": null,
                "possible_agreement": null
            },
            "rel_2": {
                "rel_type": "must_agree",
                "involved": [
                    "TOK3",
                    "TOK1"
                ],
                "ruler": "TOK3",
                "possible_agreement": null
            },
            "rel_3": {
                "rel_type": "must_agree",
                "involved": [
                    "TOK3",
                    "TOK2"
                ],
                "ruler": "TOK3",
                "possible_agreement": null
            }
        }
    },
    {
        "file_ID": "1023_0109422",
        "sent_NP_ID": "5_19",
        "sentence": "Ich komme aus Madagaskar und wohne bei einer großen Familie mit drei Geschwistern .",
        "metadata": {
            "corpus": "MERLIN_DE",
            "author": {
                "author_ID": "1023_0109422",
                "L1": "other",
                "age": "20",
                "gender": "female"
            },
            "CEFR": {
                "overall_fairRating": "B2",
                "test_level": "B2"
            },
            "task": {
                "formality": "formal",
                "text_type": "letter",
                "topic": "ask for information at Au pair Agency"
            }
        },
        "NP_info": {
            "len_np": 2,
            "coordination": null
        },
        "HEAD_info": {
            "head": {
                "H_TOK1": {
                    "word_type": "PREP",
                    "word_form": "mit",
                    "lemma": "mit",
                    "POS_STTS": "APPR",
                    "index": "11",
                    "dep_rel": "pp",
                    "head_index": "10",
                    "parser_morph_features": "Dat"
                }
            },
            "super_head": {
                "SH_TOK1": {
                    "word_type": "N",
                    "word_form": "Familie",
                    "lemma": "Familie",
                    "POS_STTS": "NN",
                    "index": "10",
                    "dep_rel": "pn",
                    "head_index": "7",
                    "parser_morph_features": "Fem|Dat|Sg"
                }
            }
        },
        "POST_info": {},
        "TOK_info": {
            "TOK1": {
                "word_type": "CARD",
                "word_form": "drei",
                "lemma": "drei",
                "POS_STTS": "CARD",
                "index": "12",
                "dep_rel": "attr",
                "head_index": "13",
                "parser_morph_features": "_",
                "possible_morph_features": []
            },
            "TOK2": {
                "word_type": "N",
                "word_form": "Geschwistern",
                "lemma": "Geschwister",
                "POS_STTS": "NN",
                "index": "13",
                "dep_rel": "pn",
                "head_index": "11",
                "parser_morph_features": "Neut|Dat|Pl",
                "possible_morph_features": []
            }
        },
        "relations": {}
    },
    {
        "file_ID": "1023_0109422",
        "sent_NP_ID": "6_20",
        "sentence": "Ich habe Deutsch im Gymnasium gelernt .",
        "metadata": {
            "corpus": "MERLIN_DE",
            "author": {
                "author_ID": "1023_0109422",
                "L1": "other",
                "age": "20",
                "gender": "female"
            },
            "CEFR": {
                "overall_fairRating": "B2",
                "test_level": "B2"
            },
            "task": {
                "formality": "formal",
                "text_type": "letter",
                "topic": "ask for information at Au pair Agency"
            }
        },
        "NP_info": {
            "len_np": 1,
            "coordination": null
        },
        "HEAD_info": {
            "head": {
                "H_TOK1": {
                    "word_type": "V",
                    "word_form": "gelernt",
                    "lemma": "lernen",
                    "POS_STTS": "VVPP",
                    "index": "6",
                    "dep_rel": "aux",
                    "head_index": "2",
                    "parser_morph_features": "_"
                }
            },
            "super_head": {
                "SH_TOK1": {
                    "word_type": "V",
                    "word_form": "habe",
                    "lemma": "haben",
                    "POS_STTS": "VAFIN",
                    "index": "2",
                    "dep_rel": "root",
                    "head_index": "0",
                    "parser_morph_features": "1|Sg|Pres|_"
                }
            }
        },
        "POST_info": {},
        "TOK_info": {
            "TOK1": {
                "word_type": "N",
                "word_form": "Deutsch",
                "lemma": "Deutsch",
                "POS_STTS": "NN",
                "index": "3",
                "dep_rel": "obja",
                "head_index": "6",
                "parser_morph_features": "Neut|Acc|Sg",
                "possible_morph_features": []
            }
        },
        "relations": {}
    },
    {
        "file_ID": "1023_0109422",
        "sent_NP_ID": "6_21",
        "sentence": "Ich habe Deutsch im Gymnasium gelernt .",
        "metadata": {
            "corpus": "MERLIN_DE",
            "author": {
                "author_ID": "1023_0109422",
                "L1": "other",
                "age": "20",
                "gender": "female"
            },
            "CEFR": {
                "overall_fairRating": "B2",
                "test_level": "B2"
            },
            "task": {
                "formality": "formal",
                "text_type": "letter",
                "topic": "ask for information at Au pair Agency"
            }
        },
        "NP_info": {
            "len_np": 1,
            "coordination": null
        },
        "HEAD_info": {
            "head": {
                "H_TOK1": {
                    "word_type": "PREP",
                    "word_form": "im",
                    "lemma": "in",
                    "POS_STTS": "APPRART",
                    "index": "4",
                    "dep_rel": "pp",
                    "head_index": "6",
                    "parser_morph_features": "Dat"
                }
            },
            "super_head": {
                "SH_TOK1": {
                    "word_type": "V",
                    "word_form": "gelernt",
                    "lemma": "lernen",
                    "POS_STTS": "VVPP",
                    "index": "6",
                    "dep_rel": "aux",
                    "head_index": "2",
                    "parser_morph_features": "_"
                }
            }
        },
        "POST_info": {},
        "TOK_info": {
            "TOK1": {
                "word_type": "N",
                "word_form": "Gymnasium",
                "lemma": "Gymnasium",
                "POS_STTS": "NN",
                "index": "5",
                "dep_rel": "pn",
                "head_index": "4",
                "parser_morph_features": "Neut|Dat|Sg",
                "possible_morph_features": []
            }
        },
        "relations": {
            "rel_1": {
                "rel_type": "must_agree",
                "involved": [
                    "TOK1",
                    "H_TOK1"
                ],
                "ruler": "TOK1",
                "possible_agreement": null
            }
        }
    },
    {
        "file_ID": "1023_0109422",
        "sent_NP_ID": "7_22",
        "sentence": "Da ich nach dem Abitur noch nicht genau weiß was ich studieren möchte , würde mich interessieren ein Au-pair jahr in Deutschland zu machen .",
        "metadata": {
            "corpus": "MERLIN_DE",
            "author": {
                "author_ID": "1023_0109422",
                "L1": "other",
                "age": "20",
                "gender": "female"
            },
            "CEFR": {
                "overall_fairRating": "B2",
                "test_level": "B2"
            },
            "task": {
                "formality": "formal",
                "text_type": "letter",
                "topic": "ask for information at Au pair Agency"
            }
        },
        "NP_info": {
            "len_np": 2,
            "coordination": null
        },
        "HEAD_info": {
            "head": {
                "H_TOK1": {
                    "word_type": "PREP",
                    "word_form": "nach",
                    "lemma": "nach",
                    "POS_STTS": "APPR",
                    "index": "3",
                    "dep_rel": "pp",
                    "head_index": "9",
                    "parser_morph_features": "Dat"
                }
            },
            "super_head": {
                "SH_TOK1": {
                    "word_type": "V",
                    "word_form": "weiß",
                    "lemma": "wissen",
                    "POS_STTS": "VVFIN",
                    "index": "9",
                    "dep_rel": "neb",
                    "head_index": "15",
                    "parser_morph_features": "1|Sg|Pres|Ind"
                }
            }
        },
        "POST_info": {},
        "TOK_info": {
            "TOK1": {
                "word_type": "ART",
                "word_form": "dem",
                "lemma": "die",
                "POS_STTS": "ART",
                "index": "4",
                "dep_rel": "det",
                "head_index": "5",
                "parser_morph_features": "Def|Neut|Dat|Sg",
                "possible_morph_features": []
            },
            "TOK2": {
                "word_type": "N",
                "word_form": "Abitur",
                "lemma": "Abitur",
                "POS_STTS": "NN",
                "index": "5",
                "dep_rel": "pn",
                "head_index": "3",
                "parser_morph_features": "Neut|Dat|Sg",
                "possible_morph_features": []
            }
        },
        "relations": {
            "rel_1": {
                "rel_type": "must_agree",
                "involved": [
                    "TOK2",
                    "TOK1"
                ],
                "ruler": "TOK2",
                "possible_agreement": null
            }
        }
    },
    {
        "file_ID": "1023_0109422",
        "sent_NP_ID": "7_23",
        "sentence": "Da ich nach dem Abitur noch nicht genau weiß was ich studieren möchte , würde mich interessieren ein Au-pair jahr in Deutschland zu machen .",
        "metadata": {
            "corpus": "MERLIN_DE",
            "author": {
                "author_ID": "1023_0109422",
                "L1": "other",
                "age": "20",
                "gender": "female"
            },
            "CEFR": {
                "overall_fairRating": "B2",
                "test_level": "B2"
            },
            "task": {
                "formality": "formal",
                "text_type": "letter",
                "topic": "ask for information at Au pair Agency"
            }
        },
        "NP_info": {
            "len_np": 2,
            "coordination": null
        },
        "HEAD_info": {
            "head": {
                "H_TOK1": {
                    "word_type": "V",
                    "word_form": "machen",
                    "lemma": "machen",
                    "POS_STTS": "VVINF",
                    "index": "24",
                    "dep_rel": "obji",
                    "head_index": "17",
                    "parser_morph_features": "_"
                }
            },
            "super_head": {
                "SH_TOK1": {
                    "word_type": "V",
                    "word_form": "interessieren",
                    "lemma": "interessieren",
                    "POS_STTS": "VVINF",
                    "index": "17",
                    "dep_rel": "aux",
                    "head_index": "15",
                    "parser_morph_features": "_"
                }
            }
        },
        "POST_info": {
            "P_TOK1": {
                "word_type": "FM",
                "word_form": "jahr",
                "lemma": "jahr",
                "POS_STTS": "FM",
                "index": "20",
                "dep_rel": "app",
                "head_index": "19",
                "parser_morph_features": "Neut|Acc|Sg"
            }
        },
        "TOK_info": {
            "TOK1": {
                "word_type": "ART",
                "word_form": "ein",
                "lemma": "eine",
                "POS_STTS": "ART",
                "index": "18",
                "dep_rel": "det",
                "head_index": "19",
                "parser_morph_features": "Indef|Neut|Acc|Sg",
                "possible_morph_features": []
            },
            "TOK2": {
                "word_type": "N",
                "word_form": "Au-pair",
                "lemma": "Au-pair",
                "POS_STTS": "NN",
                "index": "19",
                "dep_rel": "obja",
                "head_index": "24",
                "parser_morph_features": "Neut|Acc|Sg",
                "possible_morph_features": []
            }
        },
        "relations": {
            "rel_1": {
                "rel_type": "must_agree",
                "involved": [
                    "TOK2",
                    "TOK1"
                ],
                "ruler": "TOK2",
                "possible_agreement": null
            }
        }
    },
    {
        "file_ID": "1023_0109422",
        "sent_NP_ID": "7_24",
        "sentence": "Da ich nach dem Abitur noch nicht genau weiß was ich studieren möchte , würde mich interessieren ein Au-pair jahr in Deutschland zu machen .",
        "metadata": {
            "corpus": "MERLIN_DE",
            "author": {
                "author_ID": "1023_0109422",
                "L1": "other",
                "age": "20",
                "gender": "female"
            },
            "CEFR": {
                "overall_fairRating": "B2",
                "test_level": "B2"
            },
            "task": {
                "formality": "formal",
                "text_type": "letter",
                "topic": "ask for information at Au pair Agency"
            }
        },
        "NP_info": {
            "len_np": 1,
            "coordination": null
        },
        "HEAD_info": {
            "head": {
                "H_TOK1": {
                    "word_type": "PREP",
                    "word_form": "in",
                    "lemma": "in",
                    "POS_STTS": "APPR",
                    "index": "21",
                    "dep_rel": "pp",
                    "head_index": "24",
                    "parser_morph_features": "_"
                }
            },
            "super_head": {
                "SH_TOK1": {
                    "word_type": "V",
                    "word_form": "machen",
                    "lemma": "machen",
                    "POS_STTS": "VVINF",
                    "index": "24",
                    "dep_rel": "obji",
                    "head_index": "17",
                    "parser_morph_features": "_"
                }
            }
        },
        "POST_info": {},
        "TOK_info": {
            "TOK1": {
                "word_type": "N",
                "word_form": "Deutschland",
                "lemma": "Deutschland",
                "POS_STTS": "NE",
                "index": "22",
                "dep_rel": "pn",
                "head_index": "21",
                "parser_morph_features": "Neut|_|Sg",
                "possible_morph_features": []
            }
        },
        "relations": {}
    },
    {
        "file_ID": "1023_0109422",
        "sent_NP_ID": "8_25",
        "sentence": "Ich möchte gern auch meine Deutschkenntnisse verbessern .",
        "metadata": {
            "corpus": "MERLIN_DE",
            "author": {
                "author_ID": "1023_0109422",
                "L1": "other",
                "age": "20",
                "gender": "female"
            },
            "CEFR": {
                "overall_fairRating": "B2",
                "test_level": "B2"
            },
            "task": {
                "formality": "formal",
                "text_type": "letter",
                "topic": "ask for information at Au pair Agency"
            }
        },
        "NP_info": {
            "len_np": 2,
            "coordination": null
        },
        "HEAD_info": {
            "head": {
                "H_TOK1": {
                    "word_type": "V",
                    "word_form": "verbessern",
                    "lemma": "verbessern",
                    "POS_STTS": "VVINF",
                    "index": "7",
                    "dep_rel": "aux",
                    "head_index": "2",
                    "parser_morph_features": "_"
                }
            },
            "super_head": {
                "SH_TOK1": {
                    "word_type": "V",
                    "word_form": "möchte",
                    "lemma": "mögen",
                    "POS_STTS": "VMFIN",
                    "index": "2",
                    "dep_rel": "root",
                    "head_index": "0",
                    "parser_morph_features": "1|Sg|Past|Subj"
                }
            }
        },
        "POST_info": {},
        "TOK_info": {
            "TOK1": {
                "word_type": "ART",
                "word_form": "meine",
                "lemma": "meine",
                "POS_STTS": "PPOSAT",
                "index": "5",
                "dep_rel": "det",
                "head_index": "6",
                "parser_morph_features": "Fem|Acc|Pl",
                "possible_morph_features": []
            },
            "TOK2": {
                "word_type": "N",
                "word_form": "Deutschkenntnisse",
                "lemma": "Deutschkenntnis",
                "POS_STTS": "NN",
                "index": "6",
                "dep_rel": "obja",
                "head_index": "7",
                "parser_morph_features": "Fem|Acc|Pl",
                "possible_morph_features": []
            }
        },
        "relations": {
            "rel_1": {
                "rel_type": "must_agree",
                "involved": [
                    "TOK2",
                    "TOK1"
                ],
                "ruler": "TOK2",
                "possible_agreement": null
            }
        }
    },
    {
        "file_ID": "1023_0109422",
        "sent_NP_ID": "9_26",
        "sentence": "Ich möchte wissen wie es mit der Rechte und den Pflichten ist , bekommt man einen Vertrag ?",
        "metadata": {
            "corpus": "MERLIN_DE",
            "author": {
                "author_ID": "1023_0109422",
                "L1": "other",
                "age": "20",
                "gender": "female"
            },
            "CEFR": {
                "overall_fairRating": "B2",
                "test_level": "B2"
            },
            "task": {
                "formality": "formal",
                "text_type": "letter",
                "topic": "ask for information at Au pair Agency"
            }
        },
        "NP_info": {
            "len_np": 2,
            "coordination": null
        },
        "HEAD_info": {
            "head": {
                "H_TOK1": {
                    "word_type": "PREP",
                    "word_form": "mit",
                    "lemma": "mit",
                    "POS_STTS": "APPR",
                    "index": "6",
                    "dep_rel": "pp",
                    "head_index": "5",
                    "parser_morph_features": "Dat"
                }
            },
            "super_head": {
                "SH_TOK1": {
                    "word_type": "PRO",
                    "word_form": "es",
                    "lemma": "es",
                    "POS_STTS": "PPER",
                    "index": "5",
                    "dep_rel": "cj",
                    "head_index": "4",
                    "parser_morph_features": "3|Sg|Neut|_"
                }
            }
        },
        "POST_info": {},
        "TOK_info": {
            "TOK1": {
                "word_type": "ART",
                "word_form": "der",
                "lemma": "die",
                "POS_STTS": "ART",
                "index": "7",
                "dep_rel": "det",
                "head_index": "8",
                "parser_morph_features": "Def|_|_|_",
                "possible_morph_features": []
            },
            "TOK2": {
                "word_type": "N",
                "word_form": "Rechte",
                "lemma": "Recht",
                "POS_STTS": "NN",
                "index": "8",
                "dep_rel": "pn",
                "head_index": "6",
                "parser_morph_features": "_|_|_",
                "possible_morph_features": []
            }
        },
        "relations": {
            "rel_1": {
                "rel_type": "must_agree",
                "involved": [
                    "TOK2",
                    "TOK1"
                ],
                "ruler": "TOK2",
                "possible_agreement": null
            }
        }
    },
    {
        "file_ID": "1023_0109422",
        "sent_NP_ID": "9_27",
        "sentence": "Ich möchte wissen wie es mit der Rechte und den Pflichten ist , bekommt man einen Vertrag ?",
        "metadata": {
            "corpus": "MERLIN_DE",
            "author": {
                "author_ID": "1023_0109422",
                "L1": "other",
                "age": "20",
                "gender": "female"
            },
            "CEFR": {
                "overall_fairRating": "B2",
                "test_level": "B2"
            },
            "task": {
                "formality": "formal",
                "text_type": "letter",
                "topic": "ask for information at Au pair Agency"
            }
        },
        "NP_info": {
            "len_np": 2,
            "coordination": null
        },
        "HEAD_info": {
            "head": {
                "H_TOK1": {
                    "word_type": "V",
                    "word_form": "ist",
                    "lemma": "sein",
                    "POS_STTS": "VAFIN",
                    "index": "12",
                    "dep_rel": "cj",
                    "head_index": "9",
                    "parser_morph_features": "3|Sg|Pres|Ind"
                }
            },
            "super_head": {
                "SH_TOK1": {
                    "word_type": "KON",
                    "word_form": "und",
                    "lemma": "und",
                    "POS_STTS": "KON",
                    "index": "9",
                    "dep_rel": "kon",
                    "head_index": "2",
                    "parser_morph_features": "_"
                }
            }
        },
        "POST_info": {},
        "TOK_info": {
            "TOK1": {
                "word_type": "ART",
                "word_form": "den",
                "lemma": "die",
                "POS_STTS": "ART",
                "index": "10",
                "dep_rel": "det",
                "head_index": "11",
                "parser_morph_features": "Def|Fem|Dat|Pl",
                "possible_morph_features": []
            },
            "TOK2": {
                "word_type": "N",
                "word_form": "Pflichten",
                "lemma": "Pflicht",
                "POS_STTS": "NN",
                "index": "11",
                "dep_rel": "objd",
                "head_index": "12",
                "parser_morph_features": "Fem|Dat|Pl",
                "possible_morph_features": []
            }
        },
        "relations": {
            "rel_1": {
                "rel_type": "must_agree",
                "involved": [
                    "TOK2",
                    "TOK1"
                ],
                "ruler": "TOK2",
                "possible_agreement": null
            }
        }
    },
    {
        "file_ID": "1023_0109422",
        "sent_NP_ID": "9_28",
        "sentence": "Ich möchte wissen wie es mit der Rechte und den Pflichten ist , bekommt man einen Vertrag ?",
        "metadata": {
            "corpus": "MERLIN_DE",
            "author": {
                "author_ID": "1023_0109422",
                "L1": "other",
                "age": "20",
                "gender": "female"
            },
            "CEFR": {
                "overall_fairRating": "B2",
                "test_level": "B2"
            },
            "task": {
                "formality": "formal",
                "text_type": "letter",
                "topic": "ask for information at Au pair Agency"
            }
        },
        "NP_info": {
            "len_np": 2,
            "coordination": null
        },
        "HEAD_info": {
            "head": {
                "H_TOK1": {
                    "word_type": "V",
                    "word_form": "bekommt",
                    "lemma": "bekommen",
                    "POS_STTS": "VVFIN",
                    "index": "14",
                    "dep_rel": "s",
                    "head_index": "12",
                    "parser_morph_features": "3|Sg|Pres|Ind"
                }
            },
            "super_head": {
                "SH_TOK1": {
                    "word_type": "V",
                    "word_form": "ist",
                    "lemma": "sein",
                    "POS_STTS": "VAFIN",
                    "index": "12",
                    "dep_rel": "cj",
                    "head_index": "9",
                    "parser_morph_features": "3|Sg|Pres|Ind"
                }
            }
        },
        "POST_info": {},
        "TOK_info": {
            "TOK1": {
                "word_type": "ART",
                "word_form": "einen",
                "lemma": "eine",
                "POS_STTS": "ART",
                "index": "16",
                "dep_rel": "det",
                "head_index": "17",
                "parser_morph_features": "Indef|Masc|Acc|Sg",
                "possible_morph_features": []
            },
            "TOK2": {
                "word_type": "N",
                "word_form": "Vertrag",
                "lemma": "Vertrag",
                "POS_STTS": "NN",
                "index": "17",
                "dep_rel": "obja",
                "head_index": "14",
                "parser_morph_features": "Masc|Acc|Sg",
                "possible_morph_features": []
            }
        },
        "relations": {
            "rel_1": {
                "rel_type": "must_agree",
                "involved": [
                    "TOK2",
                    "TOK1"
                ],
                "ruler": "TOK2",
                "possible_agreement": null
            }
        }
    },
    {
        "file_ID": "1023_0109422",
        "sent_NP_ID": "10_29",
        "sentence": "Hat man das Bedürfnis Freizeitaktivitäten zu machen und einen Deutschkurs zu besuchen .",
        "metadata": {
            "corpus": "MERLIN_DE",
            "author": {
                "author_ID": "1023_0109422",
                "L1": "other",
                "age": "20",
                "gender": "female"
            },
            "CEFR": {
                "overall_fairRating": "B2",
                "test_level": "B2"
            },
            "task": {
                "formality": "formal",
                "text_type": "letter",
                "topic": "ask for information at Au pair Agency"
            }
        },
        "NP_info": {
            "len_np": 2,
            "coordination": null
        },
        "HEAD_info": {
            "head": {
                "H_TOK1": {
                    "word_type": "V",
                    "word_form": "machen",
                    "lemma": "machen",
                    "POS_STTS": "VVINF",
                    "index": "7",
                    "dep_rel": "aux",
                    "head_index": "1",
                    "parser_morph_features": "_"
                }
            },
            "super_head": {
                "SH_TOK1": {
                    "word_type": "V",
                    "word_form": "Hat",
                    "lemma": "haben",
                    "POS_STTS": "VAFIN",
                    "index": "1",
                    "dep_rel": "root",
                    "head_index": "0",
                    "parser_morph_features": "3|Sg|Pres|Ind"
                }
            }
        },
        "POST_info": {},
        "TOK_info": {
            "TOK1": {
                "word_type": "ART",
                "word_form": "das",
                "lemma": "die",
                "POS_STTS": "ART",
                "index": "3",
                "dep_rel": "det",
                "head_index": "4",
                "parser_morph_features": "Def|Neut|Acc|Sg",
                "possible_morph_features": []
            },
            "TOK2": {
                "word_type": "N",
                "word_form": "Bedürfnis",
                "lemma": "Bedürfnis",
                "POS_STTS": "NN",
                "index": "4",
                "dep_rel": "obja",
                "head_index": "7",
                "parser_morph_features": "Neut|Acc|Sg",
                "possible_morph_features": []
            }
        },
        "relations": {
            "rel_1": {
                "rel_type": "must_agree",
                "involved": [
                    "TOK2",
                    "TOK1"
                ],
                "ruler": "TOK2",
                "possible_agreement": null
            }
        }
    },
    {
        "file_ID": "1023_0109422",
        "sent_NP_ID": "10_30",
        "sentence": "Hat man das Bedürfnis Freizeitaktivitäten zu machen und einen Deutschkurs zu besuchen .",
        "metadata": {
            "corpus": "MERLIN_DE",
            "author": {
                "author_ID": "1023_0109422",
                "L1": "other",
                "age": "20",
                "gender": "female"
            },
            "CEFR": {
                "overall_fairRating": "B2",
                "test_level": "B2"
            },
            "task": {
                "formality": "formal",
                "text_type": "letter",
                "topic": "ask for information at Au pair Agency"
            }
        },
        "NP_info": {
            "len_np": 1,
            "coordination": null
        },
        "HEAD_info": {
            "head": {
                "H_TOK1": {
                    "word_type": "V",
                    "word_form": "machen",
                    "lemma": "machen",
                    "POS_STTS": "VVINF",
                    "index": "7",
                    "dep_rel": "aux",
                    "head_index": "1",
                    "parser_morph_features": "_"
                }
            },
            "super_head": {
                "SH_TOK1": {
                    "word_type": "V",
                    "word_form": "Hat",
                    "lemma": "haben",
                    "POS_STTS": "VAFIN",
                    "index": "1",
                    "dep_rel": "root",
                    "head_index": "0",
                    "parser_morph_features": "3|Sg|Pres|Ind"
                }
            }
        },
        "POST_info": {},
        "TOK_info": {
            "TOK1": {
                "word_type": "N",
                "word_form": "Freizeitaktivitäten",
                "lemma": "Freizeitaktivität",
                "POS_STTS": "NN",
                "index": "5",
                "dep_rel": "obja",
                "head_index": "7",
                "parser_morph_features": "Fem|Acc|Pl",
                "possible_morph_features": []
            }
        },
        "relations": {}
    },
    {
        "file_ID": "1023_0109422",
        "sent_NP_ID": "10_31",
        "sentence": "Hat man das Bedürfnis Freizeitaktivitäten zu machen und einen Deutschkurs zu besuchen .",
        "metadata": {
            "corpus": "MERLIN_DE",
            "author": {
                "author_ID": "1023_0109422",
                "L1": "other",
                "age": "20",
                "gender": "female"
            },
            "CEFR": {
                "overall_fairRating": "B2",
                "test_level": "B2"
            },
            "task": {
                "formality": "formal",
                "text_type": "letter",
                "topic": "ask for information at Au pair Agency"
            }
        },
        "NP_info": {
            "len_np": 2,
            "coordination": null
        },
        "HEAD_info": {
            "head": {
                "H_TOK1": {
                    "word_type": "V",
                    "word_form": "besuchen",
                    "lemma": "besuchen",
                    "POS_STTS": "VVINF",
                    "index": "12",
                    "dep_rel": "cj",
                    "head_index": "8",
                    "parser_morph_features": "_"
                }
            },
            "super_head": {
                "SH_TOK1": {
                    "word_type": "KON",
                    "word_form": "und",
                    "lemma": "und",
                    "POS_STTS": "KON",
                    "index": "8",
                    "dep_rel": "kon",
                    "head_index": "7",
                    "parser_morph_features": "_"
                }
            }
        },
        "POST_info": {},
        "TOK_info": {
            "TOK1": {
                "word_type": "ART",
                "word_form": "einen",
                "lemma": "eine",
                "POS_STTS": "ART",
                "index": "9",
                "dep_rel": "det",
                "head_index": "10",
                "parser_morph_features": "Indef|Masc|Acc|Sg",
                "possible_morph_features": []
            },
            "TOK2": {
                "word_type": "N",
                "word_form": "Deutschkurs",
                "lemma": "Deutschkurs",
                "POS_STTS": "NN",
                "index": "10",
                "dep_rel": "obja",
                "head_index": "12",
                "parser_morph_features": "Masc|Acc|Sg",
                "possible_morph_features": []
            }
        },
        "relations": {
            "rel_1": {
                "rel_type": "must_agree",
                "involved": [
                    "TOK2",
                    "TOK1"
                ],
                "ruler": "TOK2",
                "possible_agreement": null
            }
        }
    },
    {
        "file_ID": "1023_0109422",
        "sent_NP_ID": "12_32",
        "sentence": "Ich hoffe , dass sie mir mit meinen vielen Fragen helfen können .",
        "metadata": {
            "corpus": "MERLIN_DE",
            "author": {
                "author_ID": "1023_0109422",
                "L1": "other",
                "age": "20",
                "gender": "female"
            },
            "CEFR": {
                "overall_fairRating": "B2",
                "test_level": "B2"
            },
            "task": {
                "formality": "formal",
                "text_type": "letter",
                "topic": "ask for information at Au pair Agency"
            }
        },
        "NP_info": {
            "len_np": 3,
            "coordination": null
        },
        "HEAD_info": {
            "head": {
                "H_TOK1": {
                    "word_type": "PREP",
                    "word_form": "mit",
                    "lemma": "mit",
                    "POS_STTS": "APPR",
                    "index": "7",
                    "dep_rel": "pp",
                    "head_index": "11",
                    "parser_morph_features": "Dat"
                }
            },
            "super_head": {
                "SH_TOK1": {
                    "word_type": "V",
                    "word_form": "helfen",
                    "lemma": "helfen",
                    "POS_STTS": "VVINF",
                    "index": "11",
                    "dep_rel": "aux",
                    "head_index": "12",
                    "parser_morph_features": "_"
                }
            }
        },
        "POST_info": {},
        "TOK_info": {
            "TOK1": {
                "word_type": "ART",
                "word_form": "meinen",
                "lemma": "meine",
                "POS_STTS": "PPOSAT",
                "index": "8",
                "dep_rel": "det",
                "head_index": "10",
                "parser_morph_features": "_|Dat|_",
                "possible_morph_features": []
            },
            "TOK2": {
                "word_type": "ART",
                "word_form": "vielen",
                "lemma": "viele",
                "POS_STTS": "PIDAT",
                "index": "9",
                "dep_rel": "attr",
                "head_index": "10",
                "parser_morph_features": "_|Dat|_",
                "possible_morph_features": []
            },
            "TOK3": {
                "word_type": "N",
                "word_form": "Fragen",
                "lemma": "Frage",
                "POS_STTS": "NN",
                "index": "10",
                "dep_rel": "pn",
                "head_index": "7",
                "parser_morph_features": "_|Dat|_",
                "possible_morph_features": []
            }
        },
        "relations": {
            "rel_1": {
                "rel_type": "must_agree",
                "involved": [
                    "TOK1",
                    "TOK2"
                ],
                "ruler": null,
                "possible_agreement": null
            },
            "rel_2": {
                "rel_type": "must_agree",
                "involved": [
                    "TOK3",
                    "TOK1"
                ],
                "ruler": "TOK3",
                "possible_agreement": null
            },
            "rel_3": {
                "rel_type": "must_agree",
                "involved": [
                    "TOK3",
                    "TOK2"
                ],
                "ruler": "TOK3",
                "possible_agreement": null
            }
        }
    },
    {
        "file_ID": "1023_0109422",
        "sent_NP_ID": "13_33",
        "sentence": "Ich würde mich freuen eine Antwort von Ihnen zu bekommen .",
        "metadata": {
            "corpus": "MERLIN_DE",
            "author": {
                "author_ID": "1023_0109422",
                "L1": "other",
                "age": "20",
                "gender": "female"
            },
            "CEFR": {
                "overall_fairRating": "B2",
                "test_level": "B2"
            },
            "task": {
                "formality": "formal",
                "text_type": "letter",
                "topic": "ask for information at Au pair Agency"
            }
        },
        "NP_info": {
            "len_np": 2,
            "coordination": null
        },
        "HEAD_info": {
            "head": {
                "H_TOK1": {
                    "word_type": "V",
                    "word_form": "bekommen",
                    "lemma": "bekommen",
                    "POS_STTS": "VVINF",
                    "index": "10",
                    "dep_rel": "obji",
                    "head_index": "4",
                    "parser_morph_features": "_"
                }
            },
            "super_head": {
                "SH_TOK1": {
                    "word_type": "V",
                    "word_form": "freuen",
                    "lemma": "freuen",
                    "POS_STTS": "VVINF",
                    "index": "4",
                    "dep_rel": "aux",
                    "head_index": "2",
                    "parser_morph_features": "_"
                }
            }
        },
        "POST_info": {},
        "TOK_info": {
            "TOK1": {
                "word_type": "ART",
                "word_form": "eine",
                "lemma": "eine",
                "POS_STTS": "ART",
                "index": "5",
                "dep_rel": "det",
                "head_index": "6",
                "parser_morph_features": "Indef|Fem|Acc|Sg",
                "possible_morph_features": []
            },
            "TOK2": {
                "word_type": "N",
                "word_form": "Antwort",
                "lemma": "Antwort",
                "POS_STTS": "NN",
                "index": "6",
                "dep_rel": "obja",
                "head_index": "10",
                "parser_morph_features": "Fem|Acc|Sg",
                "possible_morph_features": []
            }
        },
        "relations": {
            "rel_1": {
                "rel_type": "must_agree",
                "involved": [
                    "TOK2",
                    "TOK1"
                ],
                "ruler": "TOK2",
                "possible_agreement": null
            }
        }
    },
    {
        "file_ID": "1023_0109422",
        "sent_NP_ID": "14_34",
        "sentence": "Mit freundlichen Grüßen Katharina Müller",
        "metadata": {
            "corpus": "MERLIN_DE",
            "author": {
                "author_ID": "1023_0109422",
                "L1": "other",
                "age": "20",
                "gender": "female"
            },
            "CEFR": {
                "overall_fairRating": "B2",
                "test_level": "B2"
            },
            "task": {
                "formality": "formal",
                "text_type": "letter",
                "topic": "ask for information at Au pair Agency"
            }
        },
        "NP_info": {
            "len_np": 2,
            "coordination": null
        },
        "HEAD_info": {
            "head": {
                "H_TOK1": {
                    "word_type": "PREP",
                    "word_form": "Mit",
                    "lemma": "mit",
                    "POS_STTS": "APPR",
                    "index": "1",
                    "dep_rel": "root",
                    "head_index": "0",
                    "parser_morph_features": "Dat"
                }
            },
            "super_head": {}
        },
        "POST_info": {
            "P_TOK1": {
                "word_type": "N",
                "word_form": "Katharina",
                "lemma": "Katharina",
                "POS_STTS": "NE",
                "index": "4",
                "dep_rel": "app",
                "head_index": "3",
                "parser_morph_features": "_|Dat|Sg"
            }
        },
        "TOK_info": {
            "TOK1": {
                "word_type": "ADJA",
                "word_form": "freundlichen",
                "lemma": "freundlich",
                "POS_STTS": "ADJA",
                "index": "2",
                "dep_rel": "attr",
                "head_index": "3",
                "parser_morph_features": "Pos|_|Dat|_|_|",
                "possible_morph_features": []
            },
            "TOK2": {
                "word_type": "N",
                "word_form": "Grüßen",
                "lemma": "Gruß",
                "POS_STTS": "NN",
                "index": "3",
                "dep_rel": "pn",
                "head_index": "1",
                "parser_morph_features": "_|Dat|_",
                "possible_morph_features": []
            }
        },
        "relations": {
            "rel_1": {
                "rel_type": "must_agree",
                "involved": [
                    "TOK2",
                    "TOK1"
                ],
                "ruler": "TOK2",
                "possible_agreement": null
            }
        }
    },
    {
        "file_ID": "1023_0109422",
        "sent_NP_ID": "14_35",
        "sentence": "Mit freundlichen Grüßen Katharina Müller",
        "metadata": {
            "corpus": "MERLIN_DE",
            "author": {
                "author_ID": "1023_0109422",
                "L1": "other",
                "age": "20",
                "gender": "female"
            },
            "CEFR": {
                "overall_fairRating": "B2",
                "test_level": "B2"
            },
            "task": {
                "formality": "formal",
                "text_type": "letter",
                "topic": "ask for information at Au pair Agency"
            }
        },
        "NP_info": {
            "len_np": 1,
            "coordination": null
        },
        "HEAD_info": {
            "head": {
                "H_TOK1": {
                    "word_type": "N",
                    "word_form": "Grüßen",
                    "lemma": "Gruß",
                    "POS_STTS": "NN",
                    "index": "3",
                    "dep_rel": "pn",
                    "head_index": "1",
                    "parser_morph_features": "_|Dat|_"
                }
            },
            "super_head": {
                "SH_TOK1": {
                    "word_type": "PREP",
                    "word_form": "Mit",
                    "lemma": "mit",
                    "POS_STTS": "APPR",
                    "index": "1",
                    "dep_rel": "root",
                    "head_index": "0",
                    "parser_morph_features": "Dat"
                }
            }
        },
        "POST_info": {
            "P_TOK1": {
                "word_type": "N",
                "word_form": "Müller",
                "lemma": "Müller",
                "POS_STTS": "NE",
                "index": "5",
                "dep_rel": "app",
                "head_index": "4",
                "parser_morph_features": "_|Dat|Sg"
            }
        },
        "TOK_info": {
            "TOK1": {
                "word_type": "N",
                "word_form": "Katharina",
                "lemma": "Katharina",
                "POS_STTS": "NE",
                "index": "4",
                "dep_rel": "app",
                "head_index": "3",
                "parser_morph_features": "_|Dat|Sg",
                "possible_morph_features": []
            }
        },
        "relations": {}
    },
    {
        "file_ID": "1023_0109422",
        "sent_NP_ID": "14_36",
        "sentence": "Mit freundlichen Grüßen Katharina Müller",
        "metadata": {
            "corpus": "MERLIN_DE",
            "author": {
                "author_ID": "1023_0109422",
                "L1": "other",
                "age": "20",
                "gender": "female"
            },
            "CEFR": {
                "overall_fairRating": "B2",
                "test_level": "B2"
            },
            "task": {
                "formality": "formal",
                "text_type": "letter",
                "topic": "ask for information at Au pair Agency"
            }
        },
        "NP_info": {
            "len_np": 1,
            "coordination": null
        },
        "HEAD_info": {
            "head": {
                "H_TOK1": {
                    "word_type": "N",
                    "word_form": "Katharina",
                    "lemma": "Katharina",
                    "POS_STTS": "NE",
                    "index": "4",
                    "dep_rel": "app",
                    "head_index": "3",
                    "parser_morph_features": "_|Dat|Sg"
                }
            },
            "super_head": {
                "SH_TOK1": {
                    "word_type": "N",
                    "word_form": "Grüßen",
                    "lemma": "Gruß",
                    "POS_STTS": "NN",
                    "index": "3",
                    "dep_rel": "pn",
                    "head_index": "1",
                    "parser_morph_features": "_|Dat|_"
                }
            }
        },
        "POST_info": {},
        "TOK_info": {
            "TOK1": {
                "word_type": "N",
                "word_form": "Müller",
                "lemma": "Müller",
                "POS_STTS": "NE",
                "index": "5",
                "dep_rel": "app",
                "head_index": "4",
                "parser_morph_features": "_|Dat|Sg",
                "possible_morph_features": []
            }
        },
        "relations": {}
    }
]