[
    {
        "file_ID": "1023_0109609",
        "sent_NP_ID": "1_1",
        "sentence": "Julia Müller Zentralplatz 10 12345 Stadt X Stadt X , den 10.10.2011 Internationale Au-pair Vermittlung Bahnhofstr .",
        "metadata": {
            "corpus": "MERLIN_DE",
            "author": {
                "author_ID": "1023_0109609",
                "L1": "French",
                "age": "38",
                "gender": "female"
            },
            "CEFR": {
                "overall_fairRating": "B1",
                "test_level": "B2"
            },
            "task": {
                "formality": "formal",
                "text_type": "letter",
                "topic": "ask for information at Au pair Agency"
            }
        },
        "NP_info": {
            "len_np": 1,
            "coordination": null
        },
        "HEAD_info": {
            "head": {},
            "super_head": {}
        },
        "POST_info": {
            "P_TOK1": {
                "word_type": "N",
                "word_form": "Müller",
                "lemma": "Müller",
                "POS_STTS": "NE",
                "index": "2",
                "dep_rel": "app",
                "head_index": "1",
                "parser_morph_features": "Masc|_|Sg"
            }
        },
        "TOK_info": {
            "TOK1": {
                "word_type": "N",
                "word_form": "Julia",
                "lemma": "Julia",
                "POS_STTS": "NE",
                "index": "1",
                "dep_rel": "root",
                "head_index": "0",
                "parser_morph_features": "Masc|_|Sg",
                "possible_morph_features": []
            }
        },
        "relations": {}
    },
    {
        "file_ID": "1023_0109609",
        "sent_NP_ID": "1_2",
        "sentence": "Julia Müller Zentralplatz 10 12345 Stadt X Stadt X , den 10.10.2011 Internationale Au-pair Vermittlung Bahnhofstr .",
        "metadata": {
            "corpus": "MERLIN_DE",
            "author": {
                "author_ID": "1023_0109609",
                "L1": "French",
                "age": "38",
                "gender": "female"
            },
            "CEFR": {
                "overall_fairRating": "B1",
                "test_level": "B2"
            },
            "task": {
                "formality": "formal",
                "text_type": "letter",
                "topic": "ask for information at Au pair Agency"
            }
        },
        "NP_info": {
            "len_np": 1,
            "coordination": null
        },
        "HEAD_info": {
            "head": {
                "H_TOK1": {
                    "word_type": "N",
                    "word_form": "Julia",
                    "lemma": "Julia",
                    "POS_STTS": "NE",
                    "index": "1",
                    "dep_rel": "root",
                    "head_index": "0",
                    "parser_morph_features": "Masc|_|Sg"
                }
            },
            "super_head": {}
        },
        "POST_info": {
            "P_TOK1": {
                "word_type": "N",
                "word_form": "Zentralplatz",
                "lemma": "Zentralplatz",
                "POS_STTS": "NN",
                "index": "3",
                "dep_rel": "app",
                "head_index": "2",
                "parser_morph_features": "Masc|_|Sg"
            }
        },
        "TOK_info": {
            "TOK1": {
                "word_type": "N",
                "word_form": "Müller",
                "lemma": "Müller",
                "POS_STTS": "NE",
                "index": "2",
                "dep_rel": "app",
                "head_index": "1",
                "parser_morph_features": "Masc|_|Sg",
                "possible_morph_features": []
            }
        },
        "relations": {}
    },
    {
        "file_ID": "1023_0109609",
        "sent_NP_ID": "1_3",
        "sentence": "Julia Müller Zentralplatz 10 12345 Stadt X Stadt X , den 10.10.2011 Internationale Au-pair Vermittlung Bahnhofstr .",
        "metadata": {
            "corpus": "MERLIN_DE",
            "author": {
                "author_ID": "1023_0109609",
                "L1": "French",
                "age": "38",
                "gender": "female"
            },
            "CEFR": {
                "overall_fairRating": "B1",
                "test_level": "B2"
            },
            "task": {
                "formality": "formal",
                "text_type": "letter",
                "topic": "ask for information at Au pair Agency"
            }
        },
        "NP_info": {
            "len_np": 1,
            "coordination": null
        },
        "HEAD_info": {
            "head": {
                "H_TOK1": {
                    "word_type": "N",
                    "word_form": "Müller",
                    "lemma": "Müller",
                    "POS_STTS": "NE",
                    "index": "2",
                    "dep_rel": "app",
                    "head_index": "1",
                    "parser_morph_features": "Masc|_|Sg"
                }
            },
            "super_head": {
                "SH_TOK1": {
                    "word_type": "N",
                    "word_form": "Julia",
                    "lemma": "Julia",
                    "POS_STTS": "NE",
                    "index": "1",
                    "dep_rel": "root",
                    "head_index": "0",
                    "parser_morph_features": "Masc|_|Sg"
                }
            }
        },
        "POST_info": {
            "P_TOK1": {
                "word_type": "CARD",
                "word_form": "10",
                "lemma": "10",
                "POS_STTS": "CARD",
                "index": "4",
                "dep_rel": "app",
                "head_index": "3",
                "parser_morph_features": "_"
            }
        },
        "TOK_info": {
            "TOK1": {
                "word_type": "N",
                "word_form": "Zentralplatz",
                "lemma": "Zentralplatz",
                "POS_STTS": "NN",
                "index": "3",
                "dep_rel": "app",
                "head_index": "2",
                "parser_morph_features": "Masc|_|Sg",
                "possible_morph_features": []
            }
        },
        "relations": {}
    },
    {
        "file_ID": "1023_0109609",
        "sent_NP_ID": "1_4",
        "sentence": "Julia Müller Zentralplatz 10 12345 Stadt X Stadt X , den 10.10.2011 Internationale Au-pair Vermittlung Bahnhofstr .",
        "metadata": {
            "corpus": "MERLIN_DE",
            "author": {
                "author_ID": "1023_0109609",
                "L1": "French",
                "age": "38",
                "gender": "female"
            },
            "CEFR": {
                "overall_fairRating": "B1",
                "test_level": "B2"
            },
            "task": {
                "formality": "formal",
                "text_type": "letter",
                "topic": "ask for information at Au pair Agency"
            }
        },
        "NP_info": {
            "len_np": 1,
            "coordination": null
        },
        "HEAD_info": {
            "head": {},
            "super_head": {}
        },
        "POST_info": {
            "P_TOK1": {
                "word_type": "CARD",
                "word_form": "X",
                "lemma": "X",
                "POS_STTS": "CARD",
                "index": "7",
                "dep_rel": "app",
                "head_index": "6",
                "parser_morph_features": "_"
            }
        },
        "TOK_info": {
            "TOK1": {
                "word_type": "N",
                "word_form": "Stadt",
                "lemma": "Stadt",
                "POS_STTS": "NN",
                "index": "6",
                "dep_rel": "root",
                "head_index": "0",
                "parser_morph_features": "Fem|_|Sg",
                "possible_morph_features": []
            }
        },
        "relations": {}
    },
    {
        "file_ID": "1023_0109609",
        "sent_NP_ID": "1_5",
        "sentence": "Julia Müller Zentralplatz 10 12345 Stadt X Stadt X , den 10.10.2011 Internationale Au-pair Vermittlung Bahnhofstr .",
        "metadata": {
            "corpus": "MERLIN_DE",
            "author": {
                "author_ID": "1023_0109609",
                "L1": "French",
                "age": "38",
                "gender": "female"
            },
            "CEFR": {
                "overall_fairRating": "B1",
                "test_level": "B2"
            },
            "task": {
                "formality": "formal",
                "text_type": "letter",
                "topic": "ask for information at Au pair Agency"
            }
        },
        "NP_info": {
            "len_np": 1,
            "coordination": null
        },
        "HEAD_info": {
            "head": {},
            "super_head": {}
        },
        "POST_info": {
            "P_TOK1": {
                "word_type": "N",
                "word_form": "X",
                "lemma": "X",
                "POS_STTS": "NE",
                "index": "9",
                "dep_rel": "app",
                "head_index": "8",
                "parser_morph_features": "Fem|_|Sg"
            }
        },
        "TOK_info": {
            "TOK1": {
                "word_type": "N",
                "word_form": "Stadt",
                "lemma": "Stadt",
                "POS_STTS": "NN",
                "index": "8",
                "dep_rel": "root",
                "head_index": "0",
                "parser_morph_features": "Fem|_|Sg",
                "possible_morph_features": []
            }
        },
        "relations": {}
    },
    {
        "file_ID": "1023_0109609",
        "sent_NP_ID": "1_6",
        "sentence": "Julia Müller Zentralplatz 10 12345 Stadt X Stadt X , den 10.10.2011 Internationale Au-pair Vermittlung Bahnhofstr .",
        "metadata": {
            "corpus": "MERLIN_DE",
            "author": {
                "author_ID": "1023_0109609",
                "L1": "French",
                "age": "38",
                "gender": "female"
            },
            "CEFR": {
                "overall_fairRating": "B1",
                "test_level": "B2"
            },
            "task": {
                "formality": "formal",
                "text_type": "letter",
                "topic": "ask for information at Au pair Agency"
            }
        },
        "NP_info": {
            "len_np": 1,
            "coordination": null
        },
        "HEAD_info": {
            "head": {
                "H_TOK1": {
                    "word_type": "N",
                    "word_form": "Stadt",
                    "lemma": "Stadt",
                    "POS_STTS": "NN",
                    "index": "8",
                    "dep_rel": "root",
                    "head_index": "0",
                    "parser_morph_features": "Fem|_|Sg"
                }
            },
            "super_head": {}
        },
        "POST_info": {
            "P_TOK1": {
                "word_type": "N",
                "word_form": "Au-pair",
                "lemma": "Au-pair",
                "POS_STTS": "NN",
                "index": "14",
                "dep_rel": "app",
                "head_index": "9",
                "parser_morph_features": "Fem|_|Sg"
            }
        },
        "TOK_info": {
            "TOK1": {
                "word_type": "N",
                "word_form": "X",
                "lemma": "X",
                "POS_STTS": "NE",
                "index": "9",
                "dep_rel": "app",
                "head_index": "8",
                "parser_morph_features": "Fem|_|Sg",
                "possible_morph_features": []
            }
        },
        "relations": {}
    },
    {
        "file_ID": "1023_0109609",
        "sent_NP_ID": "1_7",
        "sentence": "Julia Müller Zentralplatz 10 12345 Stadt X Stadt X , den 10.10.2011 Internationale Au-pair Vermittlung Bahnhofstr .",
        "metadata": {
            "corpus": "MERLIN_DE",
            "author": {
                "author_ID": "1023_0109609",
                "L1": "French",
                "age": "38",
                "gender": "female"
            },
            "CEFR": {
                "overall_fairRating": "B1",
                "test_level": "B2"
            },
            "task": {
                "formality": "formal",
                "text_type": "letter",
                "topic": "ask for information at Au pair Agency"
            }
        },
        "NP_info": {
            "len_np": 4,
            "coordination": null
        },
        "HEAD_info": {
            "head": {
                "H_TOK1": {
                    "word_type": "N",
                    "word_form": "X",
                    "lemma": "X",
                    "POS_STTS": "NE",
                    "index": "9",
                    "dep_rel": "app",
                    "head_index": "8",
                    "parser_morph_features": "Fem|_|Sg"
                }
            },
            "super_head": {
                "SH_TOK1": {
                    "word_type": "N",
                    "word_form": "Stadt",
                    "lemma": "Stadt",
                    "POS_STTS": "NN",
                    "index": "8",
                    "dep_rel": "root",
                    "head_index": "0",
                    "parser_morph_features": "Fem|_|Sg"
                }
            }
        },
        "POST_info": {
            "P_TOK1": {
                "word_type": "N",
                "word_form": "Vermittlung",
                "lemma": "Vermittlung",
                "POS_STTS": "NN",
                "index": "15",
                "dep_rel": "app",
                "head_index": "14",
                "parser_morph_features": "Fem|_|Sg"
            }
        },
        "TOK_info": {
            "TOK1": {
                "word_type": "ART",
                "word_form": "den",
                "lemma": "die",
                "POS_STTS": "ART",
                "index": "11",
                "dep_rel": "det",
                "head_index": "14",
                "parser_morph_features": "Def|_|_|_",
                "possible_morph_features": []
            },
            "TOK2": {
                "word_type": "CARD",
                "word_form": "10.10.2011",
                "lemma": "10.10.2011",
                "POS_STTS": "CARD",
                "index": "12",
                "dep_rel": "attr",
                "head_index": "14",
                "parser_morph_features": "_",
                "possible_morph_features": []
            },
            "TOK3": {
                "word_type": "ADJA",
                "word_form": "Internationale",
                "lemma": "international",
                "POS_STTS": "ADJA",
                "index": "13",
                "dep_rel": "attr",
                "head_index": "14",
                "parser_morph_features": "Pos|Fem|Acc|Sg|_|",
                "possible_morph_features": []
            },
            "TOK4": {
                "word_type": "N",
                "word_form": "Au-pair",
                "lemma": "Au-pair",
                "POS_STTS": "NN",
                "index": "14",
                "dep_rel": "app",
                "head_index": "9",
                "parser_morph_features": "Fem|_|Sg",
                "possible_morph_features": []
            }
        },
        "relations": {
            "rel_1": {
                "rel_type": "must_agree",
                "involved": [
                    "TOK1",
                    "TOK3"
                ],
                "ruler": null,
                "possible_agreement": null
            },
            "rel_2": {
                "rel_type": "must_agree",
                "involved": [
                    "TOK4",
                    "TOK1"
                ],
                "ruler": "TOK4",
                "possible_agreement": null
            },
            "rel_3": {
                "rel_type": "must_agree",
                "involved": [
                    "TOK4",
                    "TOK3"
                ],
                "ruler": "TOK4",
                "possible_agreement": null
            }
        }
    },
    {
        "file_ID": "1023_0109609",
        "sent_NP_ID": "1_8",
        "sentence": "Julia Müller Zentralplatz 10 12345 Stadt X Stadt X , den 10.10.2011 Internationale Au-pair Vermittlung Bahnhofstr .",
        "metadata": {
            "corpus": "MERLIN_DE",
            "author": {
                "author_ID": "1023_0109609",
                "L1": "French",
                "age": "38",
                "gender": "female"
            },
            "CEFR": {
                "overall_fairRating": "B1",
                "test_level": "B2"
            },
            "task": {
                "formality": "formal",
                "text_type": "letter",
                "topic": "ask for information at Au pair Agency"
            }
        },
        "NP_info": {
            "len_np": 1,
            "coordination": null
        },
        "HEAD_info": {
            "head": {
                "H_TOK1": {
                    "word_type": "N",
                    "word_form": "Au-pair",
                    "lemma": "Au-pair",
                    "POS_STTS": "NN",
                    "index": "14",
                    "dep_rel": "app",
                    "head_index": "9",
                    "parser_morph_features": "Fem|_|Sg"
                }
            },
            "super_head": {
                "SH_TOK1": {
                    "word_type": "N",
                    "word_form": "X",
                    "lemma": "X",
                    "POS_STTS": "NE",
                    "index": "9",
                    "dep_rel": "app",
                    "head_index": "8",
                    "parser_morph_features": "Fem|_|Sg"
                }
            }
        },
        "POST_info": {
            "P_TOK1": {
                "word_type": "N",
                "word_form": "Bahnhofstr",
                "lemma": "Bahnhofstr",
                "POS_STTS": "NE",
                "index": "16",
                "dep_rel": "app",
                "head_index": "15",
                "parser_morph_features": "Fem|_|Sg"
            }
        },
        "TOK_info": {
            "TOK1": {
                "word_type": "N",
                "word_form": "Vermittlung",
                "lemma": "Vermittlung",
                "POS_STTS": "NN",
                "index": "15",
                "dep_rel": "app",
                "head_index": "14",
                "parser_morph_features": "Fem|_|Sg",
                "possible_morph_features": []
            }
        },
        "relations": {}
    },
    {
        "file_ID": "1023_0109609",
        "sent_NP_ID": "1_9",
        "sentence": "Julia Müller Zentralplatz 10 12345 Stadt X Stadt X , den 10.10.2011 Internationale Au-pair Vermittlung Bahnhofstr .",
        "metadata": {
            "corpus": "MERLIN_DE",
            "author": {
                "author_ID": "1023_0109609",
                "L1": "French",
                "age": "38",
                "gender": "female"
            },
            "CEFR": {
                "overall_fairRating": "B1",
                "test_level": "B2"
            },
            "task": {
                "formality": "formal",
                "text_type": "letter",
                "topic": "ask for information at Au pair Agency"
            }
        },
        "NP_info": {
            "len_np": 1,
            "coordination": null
        },
        "HEAD_info": {
            "head": {
                "H_TOK1": {
                    "word_type": "N",
                    "word_form": "Vermittlung",
                    "lemma": "Vermittlung",
                    "POS_STTS": "NN",
                    "index": "15",
                    "dep_rel": "app",
                    "head_index": "14",
                    "parser_morph_features": "Fem|_|Sg"
                }
            },
            "super_head": {
                "SH_TOK1": {
                    "word_type": "N",
                    "word_form": "Au-pair",
                    "lemma": "Au-pair",
                    "POS_STTS": "NN",
                    "index": "14",
                    "dep_rel": "app",
                    "head_index": "9",
                    "parser_morph_features": "Fem|_|Sg"
                }
            }
        },
        "POST_info": {},
        "TOK_info": {
            "TOK1": {
                "word_type": "N",
                "word_form": "Bahnhofstr",
                "lemma": "Bahnhofstr",
                "POS_STTS": "NE",
                "index": "16",
                "dep_rel": "app",
                "head_index": "15",
                "parser_morph_features": "Fem|_|Sg",
                "possible_morph_features": []
            }
        },
        "relations": {}
    },
    {
        "file_ID": "1023_0109609",
        "sent_NP_ID": "2_10",
        "sentence": "101 65185 Wiesbaden Betreff : Aupairs Global Sehr geehrte Damen und Herren hiermit habe ich diese Anzeige gelesen und es Interresiert mich so sehr .",
        "metadata": {
            "corpus": "MERLIN_DE",
            "author": {
                "author_ID": "1023_0109609",
                "L1": "French",
                "age": "38",
                "gender": "female"
            },
            "CEFR": {
                "overall_fairRating": "B1",
                "test_level": "B2"
            },
            "task": {
                "formality": "formal",
                "text_type": "letter",
                "topic": "ask for information at Au pair Agency"
            }
        },
        "NP_info": {
            "len_np": 1,
            "coordination": null
        },
        "HEAD_info": {
            "head": {},
            "super_head": {}
        },
        "POST_info": {
            "P_TOK1": {
                "word_type": "N",
                "word_form": "Betreff",
                "lemma": "Betreff",
                "POS_STTS": "NN",
                "index": "4",
                "dep_rel": "app",
                "head_index": "3",
                "parser_morph_features": "_|_|Sg"
            }
        },
        "TOK_info": {
            "TOK1": {
                "word_type": "N",
                "word_form": "Wiesbaden",
                "lemma": "Wiesbaden",
                "POS_STTS": "NE",
                "index": "3",
                "dep_rel": "root",
                "head_index": "0",
                "parser_morph_features": "_|_|Sg",
                "possible_morph_features": []
            }
        },
        "relations": {}
    },
    {
        "file_ID": "1023_0109609",
        "sent_NP_ID": "2_11",
        "sentence": "101 65185 Wiesbaden Betreff : Aupairs Global Sehr geehrte Damen und Herren hiermit habe ich diese Anzeige gelesen und es Interresiert mich so sehr .",
        "metadata": {
            "corpus": "MERLIN_DE",
            "author": {
                "author_ID": "1023_0109609",
                "L1": "French",
                "age": "38",
                "gender": "female"
            },
            "CEFR": {
                "overall_fairRating": "B1",
                "test_level": "B2"
            },
            "task": {
                "formality": "formal",
                "text_type": "letter",
                "topic": "ask for information at Au pair Agency"
            }
        },
        "NP_info": {
            "len_np": 1,
            "coordination": null
        },
        "HEAD_info": {
            "head": {
                "H_TOK1": {
                    "word_type": "N",
                    "word_form": "Wiesbaden",
                    "lemma": "Wiesbaden",
                    "POS_STTS": "NE",
                    "index": "3",
                    "dep_rel": "root",
                    "head_index": "0",
                    "parser_morph_features": "_|_|Sg"
                }
            },
            "super_head": {}
        },
        "POST_info": {},
        "TOK_info": {
            "TOK1": {
                "word_type": "N",
                "word_form": "Betreff",
                "lemma": "Betreff",
                "POS_STTS": "NN",
                "index": "4",
                "dep_rel": "app",
                "head_index": "3",
                "parser_morph_features": "_|_|Sg",
                "possible_morph_features": []
            }
        },
        "relations": {}
    },
    {
        "file_ID": "1023_0109609",
        "sent_NP_ID": "2_12",
        "sentence": "101 65185 Wiesbaden Betreff : Aupairs Global Sehr geehrte Damen und Herren hiermit habe ich diese Anzeige gelesen und es Interresiert mich so sehr .",
        "metadata": {
            "corpus": "MERLIN_DE",
            "author": {
                "author_ID": "1023_0109609",
                "L1": "French",
                "age": "38",
                "gender": "female"
            },
            "CEFR": {
                "overall_fairRating": "B1",
                "test_level": "B2"
            },
            "task": {
                "formality": "formal",
                "text_type": "letter",
                "topic": "ask for information at Au pair Agency"
            }
        },
        "NP_info": {
            "len_np": 2,
            "coordination": [
                "2_12",
                "2_13"
            ]
        },
        "HEAD_info": {
            "head": {
                "H_TOK1": {
                    "word_type": "FM",
                    "word_form": "Sehr",
                    "lemma": "Sehr",
                    "POS_STTS": "FM",
                    "index": "8",
                    "dep_rel": "app",
                    "head_index": "7",
                    "parser_morph_features": "Fem|Acc|Pl"
                }
            },
            "super_head": {
                "SH_TOK1": {
                    "word_type": "FM",
                    "word_form": "Global",
                    "lemma": "Global",
                    "POS_STTS": "FM",
                    "index": "7",
                    "dep_rel": "app",
                    "head_index": "6",
                    "parser_morph_features": "Fem|Acc|Pl"
                }
            }
        },
        "POST_info": {},
        "TOK_info": {
            "TOK1": {
                "word_type": "ADJA",
                "word_form": "geehrte",
                "lemma": "geehrt",
                "POS_STTS": "ADJA",
                "index": "9",
                "dep_rel": "attr",
                "head_index": "10",
                "parser_morph_features": "Pos|Fem|Acc|Pl|St|",
                "possible_morph_features": []
            },
            "TOK2": {
                "word_type": "N",
                "word_form": "Damen",
                "lemma": "Dame",
                "POS_STTS": "NN",
                "index": "10",
                "dep_rel": "app",
                "head_index": "8",
                "parser_morph_features": "Fem|Acc|Pl",
                "possible_morph_features": []
            }
        },
        "relations": {
            "rel_1": {
                "rel_type": "must_agree",
                "involved": [
                    "TOK2",
                    "TOK1"
                ],
                "ruler": "TOK2",
                "possible_agreement": null
            }
        }
    },
    {
        "file_ID": "1023_0109609",
        "sent_NP_ID": "2_13",
        "sentence": "101 65185 Wiesbaden Betreff : Aupairs Global Sehr geehrte Damen und Herren hiermit habe ich diese Anzeige gelesen und es Interresiert mich so sehr .",
        "metadata": {
            "corpus": "MERLIN_DE",
            "author": {
                "author_ID": "1023_0109609",
                "L1": "French",
                "age": "38",
                "gender": "female"
            },
            "CEFR": {
                "overall_fairRating": "B1",
                "test_level": "B2"
            },
            "task": {
                "formality": "formal",
                "text_type": "letter",
                "topic": "ask for information at Au pair Agency"
            }
        },
        "NP_info": {
            "len_np": 1,
            "coordination": [
                "2_12",
                "2_13"
            ]
        },
        "HEAD_info": {
            "head": {
                "H_TOK1": {
                    "word_type": "KON",
                    "word_form": "und",
                    "lemma": "und",
                    "POS_STTS": "KON",
                    "index": "11",
                    "dep_rel": "kon",
                    "head_index": "10",
                    "parser_morph_features": "_"
                }
            },
            "super_head": {
                "SH_TOK1": {
                    "word_type": "N",
                    "word_form": "Damen",
                    "lemma": "Dame",
                    "POS_STTS": "NN",
                    "index": "10",
                    "dep_rel": "app",
                    "head_index": "8",
                    "parser_morph_features": "Fem|Acc|Pl"
                }
            }
        },
        "POST_info": {
            "P_TOK1": {
                "word_type": "PROAV",
                "word_form": "hiermit",
                "lemma": "hiermit",
                "POS_STTS": "PROAV",
                "index": "13",
                "dep_rel": "pp",
                "head_index": "12",
                "parser_morph_features": "_"
            }
        },
        "TOK_info": {
            "TOK1": {
                "word_type": "N",
                "word_form": "Herren",
                "lemma": "Herr",
                "POS_STTS": "NN",
                "index": "12",
                "dep_rel": "cj",
                "head_index": "11",
                "parser_morph_features": "Masc|Acc|_",
                "possible_morph_features": []
            }
        },
        "relations": {}
    },
    {
        "file_ID": "1023_0109609",
        "sent_NP_ID": "2_14",
        "sentence": "101 65185 Wiesbaden Betreff : Aupairs Global Sehr geehrte Damen und Herren hiermit habe ich diese Anzeige gelesen und es Interresiert mich so sehr .",
        "metadata": {
            "corpus": "MERLIN_DE",
            "author": {
                "author_ID": "1023_0109609",
                "L1": "French",
                "age": "38",
                "gender": "female"
            },
            "CEFR": {
                "overall_fairRating": "B1",
                "test_level": "B2"
            },
            "task": {
                "formality": "formal",
                "text_type": "letter",
                "topic": "ask for information at Au pair Agency"
            }
        },
        "NP_info": {
            "len_np": 2,
            "coordination": null
        },
        "HEAD_info": {
            "head": {},
            "super_head": {}
        },
        "POST_info": {},
        "TOK_info": {
            "TOK1": {
                "word_type": "ART",
                "word_form": "diese",
                "lemma": "diese",
                "POS_STTS": "PDAT",
                "index": "16",
                "dep_rel": "det",
                "head_index": "17",
                "parser_morph_features": "Fem|_|Sg",
                "possible_morph_features": []
            },
            "TOK2": {
                "word_type": "N",
                "word_form": "Anzeige",
                "lemma": "Anzeige",
                "POS_STTS": "NN",
                "index": "17",
                "dep_rel": "root",
                "head_index": "0",
                "parser_morph_features": "Fem|_|Sg",
                "possible_morph_features": []
            }
        },
        "relations": {
            "rel_1": {
                "rel_type": "must_agree",
                "involved": [
                    "TOK2",
                    "TOK1"
                ],
                "ruler": "TOK2",
                "possible_agreement": null
            }
        }
    },
    {
        "file_ID": "1023_0109609",
        "sent_NP_ID": "2_15",
        "sentence": "101 65185 Wiesbaden Betreff : Aupairs Global Sehr geehrte Damen und Herren hiermit habe ich diese Anzeige gelesen und es Interresiert mich so sehr .",
        "metadata": {
            "corpus": "MERLIN_DE",
            "author": {
                "author_ID": "1023_0109609",
                "L1": "French",
                "age": "38",
                "gender": "female"
            },
            "CEFR": {
                "overall_fairRating": "B1",
                "test_level": "B2"
            },
            "task": {
                "formality": "formal",
                "text_type": "letter",
                "topic": "ask for information at Au pair Agency"
            }
        },
        "NP_info": {
            "len_np": 1,
            "coordination": null
        },
        "HEAD_info": {
            "head": {},
            "super_head": {}
        },
        "POST_info": {},
        "TOK_info": {
            "TOK1": {
                "word_type": "N",
                "word_form": "Interresiert",
                "lemma": "Interresiert",
                "POS_STTS": "NE",
                "index": "21",
                "dep_rel": "root",
                "head_index": "0",
                "parser_morph_features": "_",
                "possible_morph_features": []
            }
        },
        "relations": {}
    },
    {
        "file_ID": "1023_0109609",
        "sent_NP_ID": "3_16",
        "sentence": "Ich möchte schon eine Au-pair Stelle in Deutschland haben .",
        "metadata": {
            "corpus": "MERLIN_DE",
            "author": {
                "author_ID": "1023_0109609",
                "L1": "French",
                "age": "38",
                "gender": "female"
            },
            "CEFR": {
                "overall_fairRating": "B1",
                "test_level": "B2"
            },
            "task": {
                "formality": "formal",
                "text_type": "letter",
                "topic": "ask for information at Au pair Agency"
            }
        },
        "NP_info": {
            "len_np": 2,
            "coordination": null
        },
        "HEAD_info": {
            "head": {
                "H_TOK1": {
                    "word_type": "V",
                    "word_form": "haben",
                    "lemma": "haben",
                    "POS_STTS": "VAINF",
                    "index": "9",
                    "dep_rel": "aux",
                    "head_index": "2",
                    "parser_morph_features": "_"
                }
            },
            "super_head": {
                "SH_TOK1": {
                    "word_type": "V",
                    "word_form": "möchte",
                    "lemma": "mögen",
                    "POS_STTS": "VMFIN",
                    "index": "2",
                    "dep_rel": "root",
                    "head_index": "0",
                    "parser_morph_features": "1|Sg|Past|Subj"
                }
            }
        },
        "POST_info": {
            "P_TOK1": {
                "word_type": "N",
                "word_form": "Stelle",
                "lemma": "Stelle",
                "POS_STTS": "NN",
                "index": "6",
                "dep_rel": "app",
                "head_index": "5",
                "parser_morph_features": "Fem|Acc|Sg"
            }
        },
        "TOK_info": {
            "TOK1": {
                "word_type": "ART",
                "word_form": "eine",
                "lemma": "eine",
                "POS_STTS": "ART",
                "index": "4",
                "dep_rel": "det",
                "head_index": "5",
                "parser_morph_features": "Indef|Fem|Acc|Sg",
                "possible_morph_features": []
            },
            "TOK2": {
                "word_type": "N",
                "word_form": "Au-pair",
                "lemma": "Au-pair",
                "POS_STTS": "NN",
                "index": "5",
                "dep_rel": "obja",
                "head_index": "9",
                "parser_morph_features": "Fem|Acc|Sg",
                "possible_morph_features": []
            }
        },
        "relations": {
            "rel_1": {
                "rel_type": "must_agree",
                "involved": [
                    "TOK2",
                    "TOK1"
                ],
                "ruler": "TOK2",
                "possible_agreement": null
            }
        }
    },
    {
        "file_ID": "1023_0109609",
        "sent_NP_ID": "3_17",
        "sentence": "Ich möchte schon eine Au-pair Stelle in Deutschland haben .",
        "metadata": {
            "corpus": "MERLIN_DE",
            "author": {
                "author_ID": "1023_0109609",
                "L1": "French",
                "age": "38",
                "gender": "female"
            },
            "CEFR": {
                "overall_fairRating": "B1",
                "test_level": "B2"
            },
            "task": {
                "formality": "formal",
                "text_type": "letter",
                "topic": "ask for information at Au pair Agency"
            }
        },
        "NP_info": {
            "len_np": 1,
            "coordination": null
        },
        "HEAD_info": {
            "head": {
                "H_TOK1": {
                    "word_type": "N",
                    "word_form": "Au-pair",
                    "lemma": "Au-pair",
                    "POS_STTS": "NN",
                    "index": "5",
                    "dep_rel": "obja",
                    "head_index": "9",
                    "parser_morph_features": "Fem|Acc|Sg"
                }
            },
            "super_head": {
                "SH_TOK1": {
                    "word_type": "V",
                    "word_form": "haben",
                    "lemma": "haben",
                    "POS_STTS": "VAINF",
                    "index": "9",
                    "dep_rel": "aux",
                    "head_index": "2",
                    "parser_morph_features": "_"
                }
            }
        },
        "POST_info": {},
        "TOK_info": {
            "TOK1": {
                "word_type": "N",
                "word_form": "Stelle",
                "lemma": "Stelle",
                "POS_STTS": "NN",
                "index": "6",
                "dep_rel": "app",
                "head_index": "5",
                "parser_morph_features": "Fem|Acc|Sg",
                "possible_morph_features": []
            }
        },
        "relations": {}
    },
    {
        "file_ID": "1023_0109609",
        "sent_NP_ID": "3_18",
        "sentence": "Ich möchte schon eine Au-pair Stelle in Deutschland haben .",
        "metadata": {
            "corpus": "MERLIN_DE",
            "author": {
                "author_ID": "1023_0109609",
                "L1": "French",
                "age": "38",
                "gender": "female"
            },
            "CEFR": {
                "overall_fairRating": "B1",
                "test_level": "B2"
            },
            "task": {
                "formality": "formal",
                "text_type": "letter",
                "topic": "ask for information at Au pair Agency"
            }
        },
        "NP_info": {
            "len_np": 1,
            "coordination": null
        },
        "HEAD_info": {
            "head": {
                "H_TOK1": {
                    "word_type": "PREP",
                    "word_form": "in",
                    "lemma": "in",
                    "POS_STTS": "APPR",
                    "index": "7",
                    "dep_rel": "pp",
                    "head_index": "9",
                    "parser_morph_features": "_"
                }
            },
            "super_head": {
                "SH_TOK1": {
                    "word_type": "V",
                    "word_form": "haben",
                    "lemma": "haben",
                    "POS_STTS": "VAINF",
                    "index": "9",
                    "dep_rel": "aux",
                    "head_index": "2",
                    "parser_morph_features": "_"
                }
            }
        },
        "POST_info": {},
        "TOK_info": {
            "TOK1": {
                "word_type": "N",
                "word_form": "Deutschland",
                "lemma": "Deutschland",
                "POS_STTS": "NE",
                "index": "8",
                "dep_rel": "pn",
                "head_index": "7",
                "parser_morph_features": "Neut|_|Sg",
                "possible_morph_features": []
            }
        },
        "relations": {}
    },
    {
        "file_ID": "1023_0109609",
        "sent_NP_ID": "4_19",
        "sentence": "Ich liebe Deustchland , Ich mache die formalitäte von mein Aufenthalts an .",
        "metadata": {
            "corpus": "MERLIN_DE",
            "author": {
                "author_ID": "1023_0109609",
                "L1": "French",
                "age": "38",
                "gender": "female"
            },
            "CEFR": {
                "overall_fairRating": "B1",
                "test_level": "B2"
            },
            "task": {
                "formality": "formal",
                "text_type": "letter",
                "topic": "ask for information at Au pair Agency"
            }
        },
        "NP_info": {
            "len_np": 1,
            "coordination": null
        },
        "HEAD_info": {
            "head": {
                "H_TOK1": {
                    "word_type": "V",
                    "word_form": "liebe",
                    "lemma": "lieben",
                    "POS_STTS": "VVFIN",
                    "index": "2",
                    "dep_rel": "root",
                    "head_index": "0",
                    "parser_morph_features": "1|Sg|Pres|_"
                }
            },
            "super_head": {}
        },
        "POST_info": {},
        "TOK_info": {
            "TOK1": {
                "word_type": "N",
                "word_form": "Deustchland",
                "lemma": "Deustchland",
                "POS_STTS": "NE",
                "index": "3",
                "dep_rel": "obja",
                "head_index": "2",
                "parser_morph_features": "_|_|_",
                "possible_morph_features": []
            }
        },
        "relations": {}
    },
    {
        "file_ID": "1023_0109609",
        "sent_NP_ID": "4_20",
        "sentence": "Ich liebe Deustchland , Ich mache die formalitäte von mein Aufenthalts an .",
        "metadata": {
            "corpus": "MERLIN_DE",
            "author": {
                "author_ID": "1023_0109609",
                "L1": "French",
                "age": "38",
                "gender": "female"
            },
            "CEFR": {
                "overall_fairRating": "B1",
                "test_level": "B2"
            },
            "task": {
                "formality": "formal",
                "text_type": "letter",
                "topic": "ask for information at Au pair Agency"
            }
        },
        "NP_info": {
            "len_np": 2,
            "coordination": null
        },
        "HEAD_info": {
            "head": {
                "H_TOK1": {
                    "word_type": "V",
                    "word_form": "mache",
                    "lemma": "machen",
                    "POS_STTS": "VVFIN",
                    "index": "6",
                    "dep_rel": "kon",
                    "head_index": "2",
                    "parser_morph_features": "1|Sg|Pres|_",
                    "lemma_split_verb": "anmachen"
                },
                "H_TOK2": {
                    "word_type": "PTKVZ",
                    "word_form": "an",
                    "lemma": "an",
                    "POS_STTS": "PTKVZ",
                    "index": "12",
                    "dep_rel": "avz",
                    "head_index": "6",
                    "parser_morph_features": "_"
                }
            },
            "super_head": {
                "SH_TOK1": {
                    "word_type": "V",
                    "word_form": "liebe",
                    "lemma": "lieben",
                    "POS_STTS": "VVFIN",
                    "index": "2",
                    "dep_rel": "root",
                    "head_index": "0",
                    "parser_morph_features": "1|Sg|Pres|_"
                }
            }
        },
        "POST_info": {
            "P_TOK1": {
                "word_type": "PREP",
                "word_form": "von",
                "lemma": "von",
                "POS_STTS": "APPR",
                "index": "9",
                "dep_rel": "pp",
                "head_index": "8",
                "parser_morph_features": "_"
            }
        },
        "TOK_info": {
            "TOK1": {
                "word_type": "ART",
                "word_form": "die",
                "lemma": "die",
                "POS_STTS": "ART",
                "index": "7",
                "dep_rel": "det",
                "head_index": "8",
                "parser_morph_features": "Def|_|Acc|_",
                "possible_morph_features": []
            },
            "TOK2": {
                "word_type": "N",
                "word_form": "formalitäte",
                "lemma": "formalitäte",
                "POS_STTS": "NN",
                "index": "8",
                "dep_rel": "obja",
                "head_index": "6",
                "parser_morph_features": "_|Acc|_",
                "possible_morph_features": []
            }
        },
        "relations": {
            "rel_1": {
                "rel_type": "must_agree",
                "involved": [
                    "TOK2",
                    "TOK1"
                ],
                "ruler": "TOK2",
                "possible_agreement": null
            }
        }
    },
    {
        "file_ID": "1023_0109609",
        "sent_NP_ID": "4_21",
        "sentence": "Ich liebe Deustchland , Ich mache die formalitäte von mein Aufenthalts an .",
        "metadata": {
            "corpus": "MERLIN_DE",
            "author": {
                "author_ID": "1023_0109609",
                "L1": "French",
                "age": "38",
                "gender": "female"
            },
            "CEFR": {
                "overall_fairRating": "B1",
                "test_level": "B2"
            },
            "task": {
                "formality": "formal",
                "text_type": "letter",
                "topic": "ask for information at Au pair Agency"
            }
        },
        "NP_info": {
            "len_np": 2,
            "coordination": null
        },
        "HEAD_info": {
            "head": {
                "H_TOK1": {
                    "word_type": "PREP",
                    "word_form": "von",
                    "lemma": "von",
                    "POS_STTS": "APPR",
                    "index": "9",
                    "dep_rel": "pp",
                    "head_index": "8",
                    "parser_morph_features": "_"
                }
            },
            "super_head": {
                "SH_TOK1": {
                    "word_type": "N",
                    "word_form": "formalitäte",
                    "lemma": "formalitäte",
                    "POS_STTS": "NN",
                    "index": "8",
                    "dep_rel": "obja",
                    "head_index": "6",
                    "parser_morph_features": "_|Acc|_"
                }
            }
        },
        "POST_info": {},
        "TOK_info": {
            "TOK1": {
                "word_type": "ART",
                "word_form": "mein",
                "lemma": "meine",
                "POS_STTS": "PPOSAT",
                "index": "10",
                "dep_rel": "det",
                "head_index": "11",
                "parser_morph_features": "_|_|Sg",
                "possible_morph_features": []
            },
            "TOK2": {
                "word_type": "N",
                "word_form": "Aufenthalts",
                "lemma": "Aufenthalt",
                "POS_STTS": "NN",
                "index": "11",
                "dep_rel": "pn",
                "head_index": "9",
                "parser_morph_features": "_|_|Sg",
                "possible_morph_features": []
            }
        },
        "relations": {
            "rel_1": {
                "rel_type": "must_agree",
                "involved": [
                    "TOK2",
                    "TOK1"
                ],
                "ruler": "TOK2",
                "possible_agreement": null
            }
        }
    },
    {
        "file_ID": "1023_0109609",
        "sent_NP_ID": "5_22",
        "sentence": "In meine Heimat habe ich Deutsche kurs gemacht aber Ich denke ist nicht genug , Ich muss noch dort in dieser familie Deutsch lernen , weil es sehr wichtige für mich .",
        "metadata": {
            "corpus": "MERLIN_DE",
            "author": {
                "author_ID": "1023_0109609",
                "L1": "French",
                "age": "38",
                "gender": "female"
            },
            "CEFR": {
                "overall_fairRating": "B1",
                "test_level": "B2"
            },
            "task": {
                "formality": "formal",
                "text_type": "letter",
                "topic": "ask for information at Au pair Agency"
            }
        },
        "NP_info": {
            "len_np": 2,
            "coordination": null
        },
        "HEAD_info": {
            "head": {
                "H_TOK1": {
                    "word_type": "PREP",
                    "word_form": "In",
                    "lemma": "in",
                    "POS_STTS": "APPR",
                    "index": "1",
                    "dep_rel": "pp",
                    "head_index": "4",
                    "parser_morph_features": "Acc"
                }
            },
            "super_head": {
                "SH_TOK1": {
                    "word_type": "V",
                    "word_form": "habe",
                    "lemma": "haben",
                    "POS_STTS": "VAFIN",
                    "index": "4",
                    "dep_rel": "root",
                    "head_index": "0",
                    "parser_morph_features": "1|Sg|Pres|_"
                }
            }
        },
        "POST_info": {},
        "TOK_info": {
            "TOK1": {
                "word_type": "ART",
                "word_form": "meine",
                "lemma": "meine",
                "POS_STTS": "PPOSAT",
                "index": "2",
                "dep_rel": "det",
                "head_index": "3",
                "parser_morph_features": "Fem|Acc|Sg",
                "possible_morph_features": []
            },
            "TOK2": {
                "word_type": "N",
                "word_form": "Heimat",
                "lemma": "Heimat",
                "POS_STTS": "NN",
                "index": "3",
                "dep_rel": "pn",
                "head_index": "1",
                "parser_morph_features": "Fem|Acc|Sg",
                "possible_morph_features": []
            }
        },
        "relations": {
            "rel_1": {
                "rel_type": "must_agree",
                "involved": [
                    "TOK2",
                    "TOK1"
                ],
                "ruler": "TOK2",
                "possible_agreement": null
            }
        }
    },
    {
        "file_ID": "1023_0109609",
        "sent_NP_ID": "5_23",
        "sentence": "In meine Heimat habe ich Deutsche kurs gemacht aber Ich denke ist nicht genug , Ich muss noch dort in dieser familie Deutsch lernen , weil es sehr wichtige für mich .",
        "metadata": {
            "corpus": "MERLIN_DE",
            "author": {
                "author_ID": "1023_0109609",
                "L1": "French",
                "age": "38",
                "gender": "female"
            },
            "CEFR": {
                "overall_fairRating": "B1",
                "test_level": "B2"
            },
            "task": {
                "formality": "formal",
                "text_type": "letter",
                "topic": "ask for information at Au pair Agency"
            }
        },
        "NP_info": {
            "len_np": 1,
            "coordination": null
        },
        "HEAD_info": {
            "head": {
                "H_TOK1": {
                    "word_type": "V",
                    "word_form": "gemacht",
                    "lemma": "machen",
                    "POS_STTS": "VVPP",
                    "index": "8",
                    "dep_rel": "aux",
                    "head_index": "4",
                    "parser_morph_features": "_"
                }
            },
            "super_head": {
                "SH_TOK1": {
                    "word_type": "V",
                    "word_form": "habe",
                    "lemma": "haben",
                    "POS_STTS": "VAFIN",
                    "index": "4",
                    "dep_rel": "root",
                    "head_index": "0",
                    "parser_morph_features": "1|Sg|Pres|_"
                }
            }
        },
        "POST_info": {},
        "TOK_info": {
            "TOK1": {
                "word_type": "N",
                "word_form": "Deutsche",
                "lemma": "Deutsche",
                "POS_STTS": "NN",
                "index": "6",
                "dep_rel": "obja",
                "head_index": "8",
                "parser_morph_features": "_|Acc|_",
                "possible_morph_features": []
            }
        },
        "relations": {}
    },
    {
        "file_ID": "1023_0109609",
        "sent_NP_ID": "5_24",
        "sentence": "In meine Heimat habe ich Deutsche kurs gemacht aber Ich denke ist nicht genug , Ich muss noch dort in dieser familie Deutsch lernen , weil es sehr wichtige für mich .",
        "metadata": {
            "corpus": "MERLIN_DE",
            "author": {
                "author_ID": "1023_0109609",
                "L1": "French",
                "age": "38",
                "gender": "female"
            },
            "CEFR": {
                "overall_fairRating": "B1",
                "test_level": "B2"
            },
            "task": {
                "formality": "formal",
                "text_type": "letter",
                "topic": "ask for information at Au pair Agency"
            }
        },
        "NP_info": {
            "len_np": 3,
            "coordination": null
        },
        "HEAD_info": {
            "head": {
                "H_TOK1": {
                    "word_type": "PREP",
                    "word_form": "in",
                    "lemma": "in",
                    "POS_STTS": "APPR",
                    "index": "20",
                    "dep_rel": "pp",
                    "head_index": "24",
                    "parser_morph_features": "Dat"
                }
            },
            "super_head": {
                "SH_TOK1": {
                    "word_type": "V",
                    "word_form": "lernen",
                    "lemma": "lernen",
                    "POS_STTS": "VVINF",
                    "index": "24",
                    "dep_rel": "aux",
                    "head_index": "17",
                    "parser_morph_features": "_"
                }
            }
        },
        "POST_info": {},
        "TOK_info": {
            "TOK1": {
                "word_type": "ART",
                "word_form": "dieser",
                "lemma": "diese",
                "POS_STTS": "PDAT",
                "index": "21",
                "dep_rel": "det",
                "head_index": "23",
                "parser_morph_features": "_|_|_",
                "possible_morph_features": []
            },
            "TOK2": {
                "word_type": "ADJA",
                "word_form": "familie",
                "lemma": "familie",
                "POS_STTS": "ADJA",
                "index": "22",
                "dep_rel": "attr",
                "head_index": "23",
                "parser_morph_features": "_|Fem|Dat|Sg|_",
                "possible_morph_features": []
            },
            "TOK3": {
                "word_type": "N",
                "word_form": "Deutsch",
                "lemma": "Deutsch",
                "POS_STTS": "NN",
                "index": "23",
                "dep_rel": "pn",
                "head_index": "20",
                "parser_morph_features": "Fem|Dat|Sg",
                "possible_morph_features": []
            }
        },
        "relations": {
            "rel_1": {
                "rel_type": "must_agree",
                "involved": [
                    "TOK1",
                    "TOK2"
                ],
                "ruler": null,
                "possible_agreement": null
            },
            "rel_2": {
                "rel_type": "must_agree",
                "involved": [
                    "TOK3",
                    "TOK1"
                ],
                "ruler": "TOK3",
                "possible_agreement": null
            },
            "rel_3": {
                "rel_type": "must_agree",
                "involved": [
                    "TOK3",
                    "TOK2"
                ],
                "ruler": "TOK3",
                "possible_agreement": null
            }
        }
    },
    {
        "file_ID": "1023_0109609",
        "sent_NP_ID": "6_25",
        "sentence": "Ich habe immer getraum in andere land zu gehen besonders .",
        "metadata": {
            "corpus": "MERLIN_DE",
            "author": {
                "author_ID": "1023_0109609",
                "L1": "French",
                "age": "38",
                "gender": "female"
            },
            "CEFR": {
                "overall_fairRating": "B1",
                "test_level": "B2"
            },
            "task": {
                "formality": "formal",
                "text_type": "letter",
                "topic": "ask for information at Au pair Agency"
            }
        },
        "NP_info": {
            "len_np": 2,
            "coordination": null
        },
        "HEAD_info": {
            "head": {
                "H_TOK1": {
                    "word_type": "PREP",
                    "word_form": "in",
                    "lemma": "in",
                    "POS_STTS": "APPR",
                    "index": "5",
                    "dep_rel": "pp",
                    "head_index": "9",
                    "parser_morph_features": "_"
                }
            },
            "super_head": {
                "SH_TOK1": {
                    "word_type": "V",
                    "word_form": "gehen",
                    "lemma": "gehen",
                    "POS_STTS": "VVINF",
                    "index": "9",
                    "dep_rel": "aux",
                    "head_index": "2",
                    "parser_morph_features": "_"
                }
            }
        },
        "POST_info": {},
        "TOK_info": {
            "TOK1": {
                "word_type": "ADJA",
                "word_form": "andere",
                "lemma": "andere",
                "POS_STTS": "ADJA",
                "index": "6",
                "dep_rel": "attr",
                "head_index": "7",
                "parser_morph_features": "_",
                "possible_morph_features": []
            },
            "TOK2": {
                "word_type": "N",
                "word_form": "land",
                "lemma": "land",
                "POS_STTS": "NN",
                "index": "7",
                "dep_rel": "pn",
                "head_index": "5",
                "parser_morph_features": "_|_|_",
                "possible_morph_features": []
            }
        },
        "relations": {
            "rel_1": {
                "rel_type": "must_agree",
                "involved": [
                    "TOK2",
                    "TOK1"
                ],
                "ruler": "TOK2",
                "possible_agreement": null
            }
        }
    },
    {
        "file_ID": "1023_0109609",
        "sent_NP_ID": "7_26",
        "sentence": "Deutschland , Ich liebe Kinder , mit dem kann mein Sprache verbessern .",
        "metadata": {
            "corpus": "MERLIN_DE",
            "author": {
                "author_ID": "1023_0109609",
                "L1": "French",
                "age": "38",
                "gender": "female"
            },
            "CEFR": {
                "overall_fairRating": "B1",
                "test_level": "B2"
            },
            "task": {
                "formality": "formal",
                "text_type": "letter",
                "topic": "ask for information at Au pair Agency"
            }
        },
        "NP_info": {
            "len_np": 1,
            "coordination": null
        },
        "HEAD_info": {
            "head": {
                "H_TOK1": {
                    "word_type": "V",
                    "word_form": "liebe",
                    "lemma": "lieben",
                    "POS_STTS": "VVFIN",
                    "index": "4",
                    "dep_rel": "root",
                    "head_index": "0",
                    "parser_morph_features": "1|Sg|Pres|_"
                }
            },
            "super_head": {}
        },
        "POST_info": {},
        "TOK_info": {
            "TOK1": {
                "word_type": "N",
                "word_form": "Deutschland",
                "lemma": "Deutschland",
                "POS_STTS": "NE",
                "index": "1",
                "dep_rel": "vok",
                "head_index": "4",
                "parser_morph_features": "Neut|_|Sg",
                "possible_morph_features": []
            }
        },
        "relations": {}
    },
    {
        "file_ID": "1023_0109609",
        "sent_NP_ID": "7_27",
        "sentence": "Deutschland , Ich liebe Kinder , mit dem kann mein Sprache verbessern .",
        "metadata": {
            "corpus": "MERLIN_DE",
            "author": {
                "author_ID": "1023_0109609",
                "L1": "French",
                "age": "38",
                "gender": "female"
            },
            "CEFR": {
                "overall_fairRating": "B1",
                "test_level": "B2"
            },
            "task": {
                "formality": "formal",
                "text_type": "letter",
                "topic": "ask for information at Au pair Agency"
            }
        },
        "NP_info": {
            "len_np": 1,
            "coordination": null
        },
        "HEAD_info": {
            "head": {
                "H_TOK1": {
                    "word_type": "V",
                    "word_form": "liebe",
                    "lemma": "lieben",
                    "POS_STTS": "VVFIN",
                    "index": "4",
                    "dep_rel": "root",
                    "head_index": "0",
                    "parser_morph_features": "1|Sg|Pres|_"
                }
            },
            "super_head": {}
        },
        "POST_info": {},
        "TOK_info": {
            "TOK1": {
                "word_type": "N",
                "word_form": "Kinder",
                "lemma": "Kind",
                "POS_STTS": "NN",
                "index": "5",
                "dep_rel": "obja",
                "head_index": "4",
                "parser_morph_features": "Neut|Acc|Pl",
                "possible_morph_features": []
            }
        },
        "relations": {}
    },
    {
        "file_ID": "1023_0109609",
        "sent_NP_ID": "7_28",
        "sentence": "Deutschland , Ich liebe Kinder , mit dem kann mein Sprache verbessern .",
        "metadata": {
            "corpus": "MERLIN_DE",
            "author": {
                "author_ID": "1023_0109609",
                "L1": "French",
                "age": "38",
                "gender": "female"
            },
            "CEFR": {
                "overall_fairRating": "B1",
                "test_level": "B2"
            },
            "task": {
                "formality": "formal",
                "text_type": "letter",
                "topic": "ask for information at Au pair Agency"
            }
        },
        "NP_info": {
            "len_np": 2,
            "coordination": null
        },
        "HEAD_info": {
            "head": {
                "H_TOK1": {
                    "word_type": "V",
                    "word_form": "kann",
                    "lemma": "können",
                    "POS_STTS": "VMFIN",
                    "index": "9",
                    "dep_rel": "kon",
                    "head_index": "4",
                    "parser_morph_features": "3|Sg|Pres|Ind"
                }
            },
            "super_head": {
                "SH_TOK1": {
                    "word_type": "V",
                    "word_form": "liebe",
                    "lemma": "lieben",
                    "POS_STTS": "VVFIN",
                    "index": "4",
                    "dep_rel": "root",
                    "head_index": "0",
                    "parser_morph_features": "1|Sg|Pres|_"
                }
            }
        },
        "POST_info": {},
        "TOK_info": {
            "TOK1": {
                "word_type": "ART",
                "word_form": "mein",
                "lemma": "meine",
                "POS_STTS": "PPOSAT",
                "index": "10",
                "dep_rel": "det",
                "head_index": "11",
                "parser_morph_features": "_|_|Sg",
                "possible_morph_features": []
            },
            "TOK2": {
                "word_type": "N",
                "word_form": "Sprache",
                "lemma": "Sprache",
                "POS_STTS": "NN",
                "index": "11",
                "dep_rel": "subj",
                "head_index": "9",
                "parser_morph_features": "_|Nom|Sg",
                "possible_morph_features": []
            }
        },
        "relations": {
            "rel_1": {
                "rel_type": "must_agree",
                "involved": [
                    "TOK2",
                    "TOK1"
                ],
                "ruler": "TOK2",
                "possible_agreement": null
            }
        }
    },
    {
        "file_ID": "1023_0109609",
        "sent_NP_ID": "9_29",
        "sentence": "Ich habe viel Zeit Zu machen , egal wann Ich frage , ab wann kann ich fliegen .",
        "metadata": {
            "corpus": "MERLIN_DE",
            "author": {
                "author_ID": "1023_0109609",
                "L1": "French",
                "age": "38",
                "gender": "female"
            },
            "CEFR": {
                "overall_fairRating": "B1",
                "test_level": "B2"
            },
            "task": {
                "formality": "formal",
                "text_type": "letter",
                "topic": "ask for information at Au pair Agency"
            }
        },
        "NP_info": {
            "len_np": 2,
            "coordination": null
        },
        "HEAD_info": {
            "head": {
                "H_TOK1": {
                    "word_type": "V",
                    "word_form": "machen",
                    "lemma": "machen",
                    "POS_STTS": "VVINF",
                    "index": "6",
                    "dep_rel": "aux",
                    "head_index": "2",
                    "parser_morph_features": "_"
                }
            },
            "super_head": {
                "SH_TOK1": {
                    "word_type": "V",
                    "word_form": "habe",
                    "lemma": "haben",
                    "POS_STTS": "VAFIN",
                    "index": "2",
                    "dep_rel": "root",
                    "head_index": "0",
                    "parser_morph_features": "1|Sg|Pres|_"
                }
            }
        },
        "POST_info": {},
        "TOK_info": {
            "TOK1": {
                "word_type": "ART",
                "word_form": "viel",
                "lemma": "viel",
                "POS_STTS": "PIDAT",
                "index": "3",
                "dep_rel": "det",
                "head_index": "4",
                "parser_morph_features": "Fem|Acc|Sg",
                "possible_morph_features": []
            },
            "TOK2": {
                "word_type": "N",
                "word_form": "Zeit",
                "lemma": "Zeit",
                "POS_STTS": "NN",
                "index": "4",
                "dep_rel": "obja",
                "head_index": "6",
                "parser_morph_features": "Fem|Acc|Sg",
                "possible_morph_features": []
            }
        },
        "relations": {
            "rel_1": {
                "rel_type": "must_agree",
                "involved": [
                    "TOK2",
                    "TOK1"
                ],
                "ruler": "TOK2",
                "possible_agreement": null
            }
        }
    },
    {
        "file_ID": "1023_0109609",
        "sent_NP_ID": "10_30",
        "sentence": "bis jetzt bin ich frei Ich hoffe , dass klar Mit Freundlichen Grüßen Julia Müller",
        "metadata": {
            "corpus": "MERLIN_DE",
            "author": {
                "author_ID": "1023_0109609",
                "L1": "French",
                "age": "38",
                "gender": "female"
            },
            "CEFR": {
                "overall_fairRating": "B1",
                "test_level": "B2"
            },
            "task": {
                "formality": "formal",
                "text_type": "letter",
                "topic": "ask for information at Au pair Agency"
            }
        },
        "NP_info": {
            "len_np": 2,
            "coordination": null
        },
        "HEAD_info": {
            "head": {
                "H_TOK1": {
                    "word_type": "PREP",
                    "word_form": "Mit",
                    "lemma": "mit",
                    "POS_STTS": "APPR",
                    "index": "11",
                    "dep_rel": "pp",
                    "head_index": "10",
                    "parser_morph_features": "Dat"
                }
            },
            "super_head": {
                "SH_TOK1": {
                    "word_type": "ADV",
                    "word_form": "klar",
                    "lemma": "klar",
                    "POS_STTS": "ADJD",
                    "index": "10",
                    "dep_rel": "objc",
                    "head_index": "7",
                    "parser_morph_features": "Pos|"
                }
            }
        },
        "POST_info": {
            "P_TOK1": {
                "word_type": "N",
                "word_form": "Julia",
                "lemma": "Julia",
                "POS_STTS": "NE",
                "index": "14",
                "dep_rel": "app",
                "head_index": "13",
                "parser_morph_features": "_|Dat|Sg"
            }
        },
        "TOK_info": {
            "TOK1": {
                "word_type": "ADJA",
                "word_form": "Freundlichen",
                "lemma": "freundlich",
                "POS_STTS": "ADJA",
                "index": "12",
                "dep_rel": "attr",
                "head_index": "13",
                "parser_morph_features": "Pos|_|Dat|_|_|",
                "possible_morph_features": []
            },
            "TOK2": {
                "word_type": "N",
                "word_form": "Grüßen",
                "lemma": "Gruß",
                "POS_STTS": "NN",
                "index": "13",
                "dep_rel": "pn",
                "head_index": "11",
                "parser_morph_features": "_|Dat|_",
                "possible_morph_features": []
            }
        },
        "relations": {
            "rel_1": {
                "rel_type": "must_agree",
                "involved": [
                    "TOK2",
                    "TOK1"
                ],
                "ruler": "TOK2",
                "possible_agreement": null
            }
        }
    },
    {
        "file_ID": "1023_0109609",
        "sent_NP_ID": "10_31",
        "sentence": "bis jetzt bin ich frei Ich hoffe , dass klar Mit Freundlichen Grüßen Julia Müller",
        "metadata": {
            "corpus": "MERLIN_DE",
            "author": {
                "author_ID": "1023_0109609",
                "L1": "French",
                "age": "38",
                "gender": "female"
            },
            "CEFR": {
                "overall_fairRating": "B1",
                "test_level": "B2"
            },
            "task": {
                "formality": "formal",
                "text_type": "letter",
                "topic": "ask for information at Au pair Agency"
            }
        },
        "NP_info": {
            "len_np": 1,
            "coordination": null
        },
        "HEAD_info": {
            "head": {
                "H_TOK1": {
                    "word_type": "N",
                    "word_form": "Grüßen",
                    "lemma": "Gruß",
                    "POS_STTS": "NN",
                    "index": "13",
                    "dep_rel": "pn",
                    "head_index": "11",
                    "parser_morph_features": "_|Dat|_"
                }
            },
            "super_head": {
                "SH_TOK1": {
                    "word_type": "PREP",
                    "word_form": "Mit",
                    "lemma": "mit",
                    "POS_STTS": "APPR",
                    "index": "11",
                    "dep_rel": "pp",
                    "head_index": "10",
                    "parser_morph_features": "Dat"
                }
            }
        },
        "POST_info": {
            "P_TOK1": {
                "word_type": "N",
                "word_form": "Müller",
                "lemma": "Müller",
                "POS_STTS": "NE",
                "index": "15",
                "dep_rel": "app",
                "head_index": "14",
                "parser_morph_features": "_|Dat|Sg"
            }
        },
        "TOK_info": {
            "TOK1": {
                "word_type": "N",
                "word_form": "Julia",
                "lemma": "Julia",
                "POS_STTS": "NE",
                "index": "14",
                "dep_rel": "app",
                "head_index": "13",
                "parser_morph_features": "_|Dat|Sg",
                "possible_morph_features": []
            }
        },
        "relations": {}
    },
    {
        "file_ID": "1023_0109609",
        "sent_NP_ID": "10_32",
        "sentence": "bis jetzt bin ich frei Ich hoffe , dass klar Mit Freundlichen Grüßen Julia Müller",
        "metadata": {
            "corpus": "MERLIN_DE",
            "author": {
                "author_ID": "1023_0109609",
                "L1": "French",
                "age": "38",
                "gender": "female"
            },
            "CEFR": {
                "overall_fairRating": "B1",
                "test_level": "B2"
            },
            "task": {
                "formality": "formal",
                "text_type": "letter",
                "topic": "ask for information at Au pair Agency"
            }
        },
        "NP_info": {
            "len_np": 1,
            "coordination": null
        },
        "HEAD_info": {
            "head": {
                "H_TOK1": {
                    "word_type": "N",
                    "word_form": "Julia",
                    "lemma": "Julia",
                    "POS_STTS": "NE",
                    "index": "14",
                    "dep_rel": "app",
                    "head_index": "13",
                    "parser_morph_features": "_|Dat|Sg"
                }
            },
            "super_head": {
                "SH_TOK1": {
                    "word_type": "N",
                    "word_form": "Grüßen",
                    "lemma": "Gruß",
                    "POS_STTS": "NN",
                    "index": "13",
                    "dep_rel": "pn",
                    "head_index": "11",
                    "parser_morph_features": "_|Dat|_"
                }
            }
        },
        "POST_info": {},
        "TOK_info": {
            "TOK1": {
                "word_type": "N",
                "word_form": "Müller",
                "lemma": "Müller",
                "POS_STTS": "NE",
                "index": "15",
                "dep_rel": "app",
                "head_index": "14",
                "parser_morph_features": "_|Dat|Sg",
                "possible_morph_features": []
            }
        },
        "relations": {}
    }
]