[
    {
        "file_ID": "1031_0002087",
        "sent_NP_ID": "1_1",
        "sentence": "Ich als so genannter Ausländer der , seit vielen Jahren in Deutschland lebt kann vielen dazu schreiben .",
        "metadata": {
            "corpus": "MERLIN_DE",
            "author": {
                "author_ID": "1031_0002087",
                "L1": "Turkish",
                "age": "51",
                "gender": "male"
            },
            "CEFR": {
                "overall_fairRating": "B2+",
                "test_level": "C1"
            },
            "task": {
                "formality": "formal",
                "text_type": "online article",
                "topic": "write article about sticking to one's traditions and assimilation in a new environment"
            }
        },
        "NP_info": {
            "len_np": 3,
            "coordination": null
        },
        "HEAD_info": {
            "head": {
                "H_TOK1": {
                    "word_type": "KOKOM",
                    "word_form": "als",
                    "lemma": "als",
                    "POS_STTS": "KOKOM",
                    "index": "2",
                    "dep_rel": "kom",
                    "head_index": "1",
                    "parser_morph_features": "_"
                }
            },
            "super_head": {
                "SH_TOK1": {
                    "word_type": "PRO",
                    "word_form": "Ich",
                    "lemma": "ich",
                    "POS_STTS": "PPER",
                    "index": "1",
                    "dep_rel": "root",
                    "head_index": "0",
                    "parser_morph_features": "1|Sg|_|Nom"
                }
            }
        },
        "POST_info": {},
        "TOK_info": {
            "TOK1": {
                "word_type": "ADV",
                "word_form": "so",
                "lemma": "so",
                "POS_STTS": "ADV",
                "index": "3",
                "dep_rel": "adv",
                "head_index": "4",
                "parser_morph_features": "_",
                "possible_morph_features": []
            },
            "TOK2": {
                "word_type": "ADJA",
                "word_form": "genannter",
                "lemma": "genannt",
                "POS_STTS": "ADJA",
                "index": "4",
                "dep_rel": "attr",
                "head_index": "5",
                "parser_morph_features": "Pos|Masc|Nom|Sg|St|",
                "possible_morph_features": []
            },
            "TOK3": {
                "word_type": "N",
                "word_form": "Ausländer",
                "lemma": "Ausländer",
                "POS_STTS": "NN",
                "index": "5",
                "dep_rel": "cj",
                "head_index": "2",
                "parser_morph_features": "_|_|_",
                "possible_morph_features": []
            }
        },
        "relations": {
            "rel_1": {
                "rel_type": "must_agree",
                "involved": [
                    "TOK3",
                    "TOK2"
                ],
                "ruler": "TOK3",
                "possible_agreement": null
            }
        }
    },
    {
        "file_ID": "1031_0002087",
        "sent_NP_ID": "1_2",
        "sentence": "Ich als so genannter Ausländer der , seit vielen Jahren in Deutschland lebt kann vielen dazu schreiben .",
        "metadata": {
            "corpus": "MERLIN_DE",
            "author": {
                "author_ID": "1031_0002087",
                "L1": "Turkish",
                "age": "51",
                "gender": "male"
            },
            "CEFR": {
                "overall_fairRating": "B2+",
                "test_level": "C1"
            },
            "task": {
                "formality": "formal",
                "text_type": "online article",
                "topic": "write article about sticking to one's traditions and assimilation in a new environment"
            }
        },
        "NP_info": {
            "len_np": 2,
            "coordination": null
        },
        "HEAD_info": {
            "head": {
                "H_TOK1": {
                    "word_type": "PREP",
                    "word_form": "seit",
                    "lemma": "seit",
                    "POS_STTS": "APPR",
                    "index": "8",
                    "dep_rel": "pp",
                    "head_index": "13",
                    "parser_morph_features": "Dat"
                }
            },
            "super_head": {
                "SH_TOK1": {
                    "word_type": "V",
                    "word_form": "lebt",
                    "lemma": "leben",
                    "POS_STTS": "VVFIN",
                    "index": "13",
                    "dep_rel": "root",
                    "head_index": "0",
                    "parser_morph_features": "_|_|Pres|Ind"
                }
            }
        },
        "POST_info": {
            "P_TOK1": {
                "word_type": "PREP",
                "word_form": "in",
                "lemma": "in",
                "POS_STTS": "APPR",
                "index": "11",
                "dep_rel": "pp",
                "head_index": "10",
                "parser_morph_features": "_"
            }
        },
        "TOK_info": {
            "TOK1": {
                "word_type": "ART",
                "word_form": "vielen",
                "lemma": "viele",
                "POS_STTS": "PIDAT",
                "index": "9",
                "dep_rel": "det",
                "head_index": "10",
                "parser_morph_features": "Neut|Dat|Pl",
                "possible_morph_features": []
            },
            "TOK2": {
                "word_type": "N",
                "word_form": "Jahren",
                "lemma": "Jahr",
                "POS_STTS": "NN",
                "index": "10",
                "dep_rel": "pn",
                "head_index": "8",
                "parser_morph_features": "Neut|Dat|Pl",
                "possible_morph_features": []
            }
        },
        "relations": {
            "rel_1": {
                "rel_type": "must_agree",
                "involved": [
                    "TOK2",
                    "TOK1"
                ],
                "ruler": "TOK2",
                "possible_agreement": null
            }
        }
    },
    {
        "file_ID": "1031_0002087",
        "sent_NP_ID": "1_3",
        "sentence": "Ich als so genannter Ausländer der , seit vielen Jahren in Deutschland lebt kann vielen dazu schreiben .",
        "metadata": {
            "corpus": "MERLIN_DE",
            "author": {
                "author_ID": "1031_0002087",
                "L1": "Turkish",
                "age": "51",
                "gender": "male"
            },
            "CEFR": {
                "overall_fairRating": "B2+",
                "test_level": "C1"
            },
            "task": {
                "formality": "formal",
                "text_type": "online article",
                "topic": "write article about sticking to one's traditions and assimilation in a new environment"
            }
        },
        "NP_info": {
            "len_np": 1,
            "coordination": null
        },
        "HEAD_info": {
            "head": {
                "H_TOK1": {
                    "word_type": "PREP",
                    "word_form": "in",
                    "lemma": "in",
                    "POS_STTS": "APPR",
                    "index": "11",
                    "dep_rel": "pp",
                    "head_index": "10",
                    "parser_morph_features": "_"
                }
            },
            "super_head": {
                "SH_TOK1": {
                    "word_type": "N",
                    "word_form": "Jahren",
                    "lemma": "Jahr",
                    "POS_STTS": "NN",
                    "index": "10",
                    "dep_rel": "pn",
                    "head_index": "8",
                    "parser_morph_features": "Neut|Dat|Pl"
                }
            }
        },
        "POST_info": {},
        "TOK_info": {
            "TOK1": {
                "word_type": "N",
                "word_form": "Deutschland",
                "lemma": "Deutschland",
                "POS_STTS": "NE",
                "index": "12",
                "dep_rel": "pn",
                "head_index": "11",
                "parser_morph_features": "Neut|_|Sg",
                "possible_morph_features": []
            }
        },
        "relations": {}
    },
    {
        "file_ID": "1031_0002087",
        "sent_NP_ID": "2_4",
        "sentence": "Als ich nach Deutschland kamm war alles fremd für mich .",
        "metadata": {
            "corpus": "MERLIN_DE",
            "author": {
                "author_ID": "1031_0002087",
                "L1": "Turkish",
                "age": "51",
                "gender": "male"
            },
            "CEFR": {
                "overall_fairRating": "B2+",
                "test_level": "C1"
            },
            "task": {
                "formality": "formal",
                "text_type": "online article",
                "topic": "write article about sticking to one's traditions and assimilation in a new environment"
            }
        },
        "NP_info": {
            "len_np": 1,
            "coordination": null
        },
        "HEAD_info": {
            "head": {
                "H_TOK1": {
                    "word_type": "PREP",
                    "word_form": "nach",
                    "lemma": "nach",
                    "POS_STTS": "APPR",
                    "index": "3",
                    "dep_rel": "pp",
                    "head_index": "6",
                    "parser_morph_features": "Dat"
                }
            },
            "super_head": {
                "SH_TOK1": {
                    "word_type": "V",
                    "word_form": "war",
                    "lemma": "sein",
                    "POS_STTS": "VAFIN",
                    "index": "6",
                    "dep_rel": "root",
                    "head_index": "0",
                    "parser_morph_features": "1|Sg|Past|Ind"
                }
            }
        },
        "POST_info": {},
        "TOK_info": {
            "TOK1": {
                "word_type": "N",
                "word_form": "Deutschland",
                "lemma": "Deutschland",
                "POS_STTS": "NE",
                "index": "4",
                "dep_rel": "pn",
                "head_index": "3",
                "parser_morph_features": "Neut|Dat|Sg",
                "possible_morph_features": []
            }
        },
        "relations": {}
    },
    {
        "file_ID": "1031_0002087",
        "sent_NP_ID": "3_5",
        "sentence": "Ich dachte damals , die Deutschen sind ein seltsames Volk .",
        "metadata": {
            "corpus": "MERLIN_DE",
            "author": {
                "author_ID": "1031_0002087",
                "L1": "Turkish",
                "age": "51",
                "gender": "male"
            },
            "CEFR": {
                "overall_fairRating": "B2+",
                "test_level": "C1"
            },
            "task": {
                "formality": "formal",
                "text_type": "online article",
                "topic": "write article about sticking to one's traditions and assimilation in a new environment"
            }
        },
        "NP_info": {
            "len_np": 2,
            "coordination": null
        },
        "HEAD_info": {
            "head": {
                "H_TOK1": {
                    "word_type": "V",
                    "word_form": "sind",
                    "lemma": "sein",
                    "POS_STTS": "VAFIN",
                    "index": "7",
                    "dep_rel": "s",
                    "head_index": "2",
                    "parser_morph_features": "3|Pl|Pres|Ind"
                }
            },
            "super_head": {
                "SH_TOK1": {
                    "word_type": "V",
                    "word_form": "dachte",
                    "lemma": "denken",
                    "POS_STTS": "VVFIN",
                    "index": "2",
                    "dep_rel": "root",
                    "head_index": "0",
                    "parser_morph_features": "1|Sg|Past|Ind"
                }
            }
        },
        "POST_info": {},
        "TOK_info": {
            "TOK1": {
                "word_type": "ART",
                "word_form": "die",
                "lemma": "die",
                "POS_STTS": "ART",
                "index": "5",
                "dep_rel": "det",
                "head_index": "6",
                "parser_morph_features": "Def|_|Nom|Pl",
                "possible_morph_features": []
            },
            "TOK2": {
                "word_type": "N",
                "word_form": "Deutschen",
                "lemma": "Deutsche",
                "POS_STTS": "NN",
                "index": "6",
                "dep_rel": "subj",
                "head_index": "7",
                "parser_morph_features": "_|Nom|Pl",
                "possible_morph_features": []
            }
        },
        "relations": {
            "rel_1": {
                "rel_type": "must_agree",
                "involved": [
                    "TOK2",
                    "TOK1"
                ],
                "ruler": "TOK2",
                "possible_agreement": null
            }
        }
    },
    {
        "file_ID": "1031_0002087",
        "sent_NP_ID": "3_6",
        "sentence": "Ich dachte damals , die Deutschen sind ein seltsames Volk .",
        "metadata": {
            "corpus": "MERLIN_DE",
            "author": {
                "author_ID": "1031_0002087",
                "L1": "Turkish",
                "age": "51",
                "gender": "male"
            },
            "CEFR": {
                "overall_fairRating": "B2+",
                "test_level": "C1"
            },
            "task": {
                "formality": "formal",
                "text_type": "online article",
                "topic": "write article about sticking to one's traditions and assimilation in a new environment"
            }
        },
        "NP_info": {
            "len_np": 3,
            "coordination": null
        },
        "HEAD_info": {
            "head": {
                "H_TOK1": {
                    "word_type": "V",
                    "word_form": "sind",
                    "lemma": "sein",
                    "POS_STTS": "VAFIN",
                    "index": "7",
                    "dep_rel": "s",
                    "head_index": "2",
                    "parser_morph_features": "3|Pl|Pres|Ind"
                }
            },
            "super_head": {
                "SH_TOK1": {
                    "word_type": "V",
                    "word_form": "dachte",
                    "lemma": "denken",
                    "POS_STTS": "VVFIN",
                    "index": "2",
                    "dep_rel": "root",
                    "head_index": "0",
                    "parser_morph_features": "1|Sg|Past|Ind"
                }
            }
        },
        "POST_info": {},
        "TOK_info": {
            "TOK1": {
                "word_type": "ART",
                "word_form": "ein",
                "lemma": "eine",
                "POS_STTS": "ART",
                "index": "8",
                "dep_rel": "det",
                "head_index": "10",
                "parser_morph_features": "Indef|Neut|Nom|Sg",
                "possible_morph_features": []
            },
            "TOK2": {
                "word_type": "ADJA",
                "word_form": "seltsames",
                "lemma": "seltsam",
                "POS_STTS": "ADJA",
                "index": "9",
                "dep_rel": "attr",
                "head_index": "10",
                "parser_morph_features": "Pos|Neut|Nom|Sg|St|",
                "possible_morph_features": []
            },
            "TOK3": {
                "word_type": "N",
                "word_form": "Volk",
                "lemma": "Volk",
                "POS_STTS": "NN",
                "index": "10",
                "dep_rel": "pred",
                "head_index": "7",
                "parser_morph_features": "Neut|Nom|Sg",
                "possible_morph_features": []
            }
        },
        "relations": {
            "rel_1": {
                "rel_type": "must_agree",
                "involved": [
                    "TOK1",
                    "TOK2"
                ],
                "ruler": null,
                "possible_agreement": null
            },
            "rel_2": {
                "rel_type": "must_agree",
                "involved": [
                    "TOK3",
                    "TOK1"
                ],
                "ruler": "TOK3",
                "possible_agreement": null
            },
            "rel_3": {
                "rel_type": "must_agree",
                "involved": [
                    "TOK3",
                    "TOK2"
                ],
                "ruler": "TOK3",
                "possible_agreement": null
            }
        }
    },
    {
        "file_ID": "1031_0002087",
        "sent_NP_ID": "4_7",
        "sentence": "wenn man zu ihnen Schwein gesagt wurde waren sie beleidigt , aber wenn man ihnen gesagt wurde ; Sie haben Schwein gehapt , dann waren Sie nicht beleidigt sondern irgendwie erfreut .",
        "metadata": {
            "corpus": "MERLIN_DE",
            "author": {
                "author_ID": "1031_0002087",
                "L1": "Turkish",
                "age": "51",
                "gender": "male"
            },
            "CEFR": {
                "overall_fairRating": "B2+",
                "test_level": "C1"
            },
            "task": {
                "formality": "formal",
                "text_type": "online article",
                "topic": "write article about sticking to one's traditions and assimilation in a new environment"
            }
        },
        "NP_info": {
            "len_np": 1,
            "coordination": null
        },
        "HEAD_info": {
            "head": {
                "H_TOK1": {
                    "word_type": "V",
                    "word_form": "gesagt",
                    "lemma": "sagen",
                    "POS_STTS": "VVPP",
                    "index": "6",
                    "dep_rel": "aux",
                    "head_index": "7",
                    "parser_morph_features": "_"
                }
            },
            "super_head": {
                "SH_TOK1": {
                    "word_type": "V",
                    "word_form": "wurde",
                    "lemma": "werden",
                    "POS_STTS": "VAFIN",
                    "index": "7",
                    "dep_rel": "neb",
                    "head_index": "8",
                    "parser_morph_features": "3|Sg|Past|Ind"
                }
            }
        },
        "POST_info": {},
        "TOK_info": {
            "TOK1": {
                "word_type": "N",
                "word_form": "Schwein",
                "lemma": "Schwein",
                "POS_STTS": "NN",
                "index": "5",
                "dep_rel": "objd",
                "head_index": "6",
                "parser_morph_features": "Neut|Dat|Sg",
                "possible_morph_features": []
            }
        },
        "relations": {}
    },
    {
        "file_ID": "1031_0002087",
        "sent_NP_ID": "4_8",
        "sentence": "wenn man zu ihnen Schwein gesagt wurde waren sie beleidigt , aber wenn man ihnen gesagt wurde ; Sie haben Schwein gehapt , dann waren Sie nicht beleidigt sondern irgendwie erfreut .",
        "metadata": {
            "corpus": "MERLIN_DE",
            "author": {
                "author_ID": "1031_0002087",
                "L1": "Turkish",
                "age": "51",
                "gender": "male"
            },
            "CEFR": {
                "overall_fairRating": "B2+",
                "test_level": "C1"
            },
            "task": {
                "formality": "formal",
                "text_type": "online article",
                "topic": "write article about sticking to one's traditions and assimilation in a new environment"
            }
        },
        "NP_info": {
            "len_np": 1,
            "coordination": null
        },
        "HEAD_info": {
            "head": {
                "H_TOK1": {
                    "word_type": "V",
                    "word_form": "gehapt",
                    "lemma": "gehapt",
                    "POS_STTS": "VVPP",
                    "index": "22",
                    "dep_rel": "aux",
                    "head_index": "20",
                    "parser_morph_features": "_"
                }
            },
            "super_head": {
                "SH_TOK1": {
                    "word_type": "V",
                    "word_form": "haben",
                    "lemma": "haben",
                    "POS_STTS": "VAFIN",
                    "index": "20",
                    "dep_rel": "root",
                    "head_index": "0",
                    "parser_morph_features": "3|Pl|Pres|_"
                }
            }
        },
        "POST_info": {},
        "TOK_info": {
            "TOK1": {
                "word_type": "N",
                "word_form": "Schwein",
                "lemma": "Schwein",
                "POS_STTS": "NN",
                "index": "21",
                "dep_rel": "obja",
                "head_index": "22",
                "parser_morph_features": "Neut|Acc|Sg",
                "possible_morph_features": []
            }
        },
        "relations": {}
    },
    {
        "file_ID": "1031_0002087",
        "sent_NP_ID": "5_9",
        "sentence": "Sie assen Schwein , Sie trunken Alkol un vieles anderes was ich aus Religiosen gründen abgelehnt habe .",
        "metadata": {
            "corpus": "MERLIN_DE",
            "author": {
                "author_ID": "1031_0002087",
                "L1": "Turkish",
                "age": "51",
                "gender": "male"
            },
            "CEFR": {
                "overall_fairRating": "B2+",
                "test_level": "C1"
            },
            "task": {
                "formality": "formal",
                "text_type": "online article",
                "topic": "write article about sticking to one's traditions and assimilation in a new environment"
            }
        },
        "NP_info": {
            "len_np": 1,
            "coordination": null
        },
        "HEAD_info": {
            "head": {
                "H_TOK1": {
                    "word_type": "V",
                    "word_form": "assen",
                    "lemma": "essen",
                    "POS_STTS": "VVFIN",
                    "index": "2",
                    "dep_rel": "root",
                    "head_index": "0",
                    "parser_morph_features": "3|Pl|Past|Ind"
                }
            },
            "super_head": {}
        },
        "POST_info": {},
        "TOK_info": {
            "TOK1": {
                "word_type": "N",
                "word_form": "Schwein",
                "lemma": "Schwein",
                "POS_STTS": "NN",
                "index": "3",
                "dep_rel": "obja",
                "head_index": "2",
                "parser_morph_features": "Neut|Acc|Sg",
                "possible_morph_features": []
            }
        },
        "relations": {}
    },
    {
        "file_ID": "1031_0002087",
        "sent_NP_ID": "5_10",
        "sentence": "Sie assen Schwein , Sie trunken Alkol un vieles anderes was ich aus Religiosen gründen abgelehnt habe .",
        "metadata": {
            "corpus": "MERLIN_DE",
            "author": {
                "author_ID": "1031_0002087",
                "L1": "Turkish",
                "age": "51",
                "gender": "male"
            },
            "CEFR": {
                "overall_fairRating": "B2+",
                "test_level": "C1"
            },
            "task": {
                "formality": "formal",
                "text_type": "online article",
                "topic": "write article about sticking to one's traditions and assimilation in a new environment"
            }
        },
        "NP_info": {
            "len_np": 1,
            "coordination": null
        },
        "HEAD_info": {
            "head": {
                "H_TOK1": {
                    "word_type": "PREP",
                    "word_form": "aus",
                    "lemma": "aus",
                    "POS_STTS": "APPR",
                    "index": "13",
                    "dep_rel": "pp",
                    "head_index": "15",
                    "parser_morph_features": "Dat"
                }
            },
            "super_head": {
                "SH_TOK1": {
                    "word_type": "V",
                    "word_form": "gründen",
                    "lemma": "gründen",
                    "POS_STTS": "VVINF",
                    "index": "15",
                    "dep_rel": "root",
                    "head_index": "0",
                    "parser_morph_features": "_"
                }
            }
        },
        "POST_info": {},
        "TOK_info": {
            "TOK1": {
                "word_type": "N",
                "word_form": "Religiosen",
                "lemma": "Religiosen",
                "POS_STTS": "NE",
                "index": "14",
                "dep_rel": "pn",
                "head_index": "13",
                "parser_morph_features": "_|Dat|_",
                "possible_morph_features": []
            }
        },
        "relations": {}
    },
    {
        "file_ID": "1031_0002087",
        "sent_NP_ID": "6_11",
        "sentence": "Ich ging eines tages mit einem Freund aus .",
        "metadata": {
            "corpus": "MERLIN_DE",
            "author": {
                "author_ID": "1031_0002087",
                "L1": "Turkish",
                "age": "51",
                "gender": "male"
            },
            "CEFR": {
                "overall_fairRating": "B2+",
                "test_level": "C1"
            },
            "task": {
                "formality": "formal",
                "text_type": "online article",
                "topic": "write article about sticking to one's traditions and assimilation in a new environment"
            }
        },
        "NP_info": {
            "len_np": 2,
            "coordination": null
        },
        "HEAD_info": {
            "head": {},
            "super_head": {}
        },
        "POST_info": {
            "P_TOK1": {
                "word_type": "PREP",
                "word_form": "mit",
                "lemma": "mit",
                "POS_STTS": "APPR",
                "index": "5",
                "dep_rel": "pp",
                "head_index": "4",
                "parser_morph_features": "Dat"
            }
        },
        "TOK_info": {
            "TOK1": {
                "word_type": "ART",
                "word_form": "eines",
                "lemma": "eine",
                "POS_STTS": "ART",
                "index": "3",
                "dep_rel": "det",
                "head_index": "4",
                "parser_morph_features": "Indef|_|Gen|Sg",
                "possible_morph_features": []
            },
            "TOK2": {
                "word_type": "N",
                "word_form": "tages",
                "lemma": "tages",
                "POS_STTS": "NN",
                "index": "4",
                "dep_rel": "root",
                "head_index": "0",
                "parser_morph_features": "_|Gen|Sg",
                "possible_morph_features": []
            }
        },
        "relations": {
            "rel_1": {
                "rel_type": "must_agree",
                "involved": [
                    "TOK2",
                    "TOK1"
                ],
                "ruler": "TOK2",
                "possible_agreement": null
            }
        }
    },
    {
        "file_ID": "1031_0002087",
        "sent_NP_ID": "6_12",
        "sentence": "Ich ging eines tages mit einem Freund aus .",
        "metadata": {
            "corpus": "MERLIN_DE",
            "author": {
                "author_ID": "1031_0002087",
                "L1": "Turkish",
                "age": "51",
                "gender": "male"
            },
            "CEFR": {
                "overall_fairRating": "B2+",
                "test_level": "C1"
            },
            "task": {
                "formality": "formal",
                "text_type": "online article",
                "topic": "write article about sticking to one's traditions and assimilation in a new environment"
            }
        },
        "NP_info": {
            "len_np": 2,
            "coordination": null
        },
        "HEAD_info": {
            "head": {
                "H_TOK1": {
                    "word_type": "PREP",
                    "word_form": "mit",
                    "lemma": "mit",
                    "POS_STTS": "APPR",
                    "index": "5",
                    "dep_rel": "pp",
                    "head_index": "4",
                    "parser_morph_features": "Dat"
                }
            },
            "super_head": {
                "SH_TOK1": {
                    "word_type": "N",
                    "word_form": "tages",
                    "lemma": "tages",
                    "POS_STTS": "NN",
                    "index": "4",
                    "dep_rel": "root",
                    "head_index": "0",
                    "parser_morph_features": "_|Gen|Sg"
                }
            }
        },
        "POST_info": {},
        "TOK_info": {
            "TOK1": {
                "word_type": "ART",
                "word_form": "einem",
                "lemma": "eine",
                "POS_STTS": "ART",
                "index": "6",
                "dep_rel": "det",
                "head_index": "7",
                "parser_morph_features": "Indef|Masc|Dat|Sg",
                "possible_morph_features": []
            },
            "TOK2": {
                "word_type": "N",
                "word_form": "Freund",
                "lemma": "Freund",
                "POS_STTS": "NN",
                "index": "7",
                "dep_rel": "pn",
                "head_index": "5",
                "parser_morph_features": "Masc|Dat|Sg",
                "possible_morph_features": []
            }
        },
        "relations": {
            "rel_1": {
                "rel_type": "must_agree",
                "involved": [
                    "TOK2",
                    "TOK1"
                ],
                "ruler": "TOK2",
                "possible_agreement": null
            }
        }
    },
    {
        "file_ID": "1031_0002087",
        "sent_NP_ID": "7_13",
        "sentence": "Es war ein schönes Restaurant wo wir gut gegessen haben , als die Rechnung kamm sagte er , dass jeder für sich bezahlen sollte .",
        "metadata": {
            "corpus": "MERLIN_DE",
            "author": {
                "author_ID": "1031_0002087",
                "L1": "Turkish",
                "age": "51",
                "gender": "male"
            },
            "CEFR": {
                "overall_fairRating": "B2+",
                "test_level": "C1"
            },
            "task": {
                "formality": "formal",
                "text_type": "online article",
                "topic": "write article about sticking to one's traditions and assimilation in a new environment"
            }
        },
        "NP_info": {
            "len_np": 3,
            "coordination": null
        },
        "HEAD_info": {
            "head": {
                "H_TOK1": {
                    "word_type": "V",
                    "word_form": "war",
                    "lemma": "sein",
                    "POS_STTS": "VAFIN",
                    "index": "2",
                    "dep_rel": "root",
                    "head_index": "0",
                    "parser_morph_features": "3|Sg|Past|Ind"
                }
            },
            "super_head": {}
        },
        "POST_info": {},
        "TOK_info": {
            "TOK1": {
                "word_type": "ART",
                "word_form": "ein",
                "lemma": "eine",
                "POS_STTS": "ART",
                "index": "3",
                "dep_rel": "det",
                "head_index": "5",
                "parser_morph_features": "Indef|Neut|Nom|Sg",
                "possible_morph_features": []
            },
            "TOK2": {
                "word_type": "ADJA",
                "word_form": "schönes",
                "lemma": "schön",
                "POS_STTS": "ADJA",
                "index": "4",
                "dep_rel": "attr",
                "head_index": "5",
                "parser_morph_features": "Pos|Neut|Nom|Sg|St|",
                "possible_morph_features": []
            },
            "TOK3": {
                "word_type": "N",
                "word_form": "Restaurant",
                "lemma": "Restaurant",
                "POS_STTS": "NN",
                "index": "5",
                "dep_rel": "pred",
                "head_index": "2",
                "parser_morph_features": "Neut|Nom|Sg",
                "possible_morph_features": []
            }
        },
        "relations": {
            "rel_1": {
                "rel_type": "must_agree",
                "involved": [
                    "TOK1",
                    "TOK2"
                ],
                "ruler": null,
                "possible_agreement": null
            },
            "rel_2": {
                "rel_type": "must_agree",
                "involved": [
                    "TOK3",
                    "TOK1"
                ],
                "ruler": "TOK3",
                "possible_agreement": null
            },
            "rel_3": {
                "rel_type": "must_agree",
                "involved": [
                    "TOK3",
                    "TOK2"
                ],
                "ruler": "TOK3",
                "possible_agreement": null
            }
        }
    },
    {
        "file_ID": "1031_0002087",
        "sent_NP_ID": "7_14",
        "sentence": "Es war ein schönes Restaurant wo wir gut gegessen haben , als die Rechnung kamm sagte er , dass jeder für sich bezahlen sollte .",
        "metadata": {
            "corpus": "MERLIN_DE",
            "author": {
                "author_ID": "1031_0002087",
                "L1": "Turkish",
                "age": "51",
                "gender": "male"
            },
            "CEFR": {
                "overall_fairRating": "B2+",
                "test_level": "C1"
            },
            "task": {
                "formality": "formal",
                "text_type": "online article",
                "topic": "write article about sticking to one's traditions and assimilation in a new environment"
            }
        },
        "NP_info": {
            "len_np": 2,
            "coordination": null
        },
        "HEAD_info": {
            "head": {
                "H_TOK1": {
                    "word_type": "V",
                    "word_form": "sagte",
                    "lemma": "sagen",
                    "POS_STTS": "VVFIN",
                    "index": "16",
                    "dep_rel": "neb",
                    "head_index": "10",
                    "parser_morph_features": "3|Sg|Past|_"
                }
            },
            "super_head": {
                "SH_TOK1": {
                    "word_type": "V",
                    "word_form": "haben",
                    "lemma": "haben",
                    "POS_STTS": "VAFIN",
                    "index": "10",
                    "dep_rel": "objc",
                    "head_index": "2",
                    "parser_morph_features": "1|Pl|Pres|_"
                }
            }
        },
        "POST_info": {
            "P_TOK1": {
                "word_type": "N",
                "word_form": "kamm",
                "lemma": "kamm",
                "POS_STTS": "NE",
                "index": "15",
                "dep_rel": "app",
                "head_index": "14",
                "parser_morph_features": "Fem|Acc|Sg"
            }
        },
        "TOK_info": {
            "TOK1": {
                "word_type": "ART",
                "word_form": "die",
                "lemma": "die",
                "POS_STTS": "ART",
                "index": "13",
                "dep_rel": "det",
                "head_index": "14",
                "parser_morph_features": "Def|Fem|Acc|Sg",
                "possible_morph_features": []
            },
            "TOK2": {
                "word_type": "N",
                "word_form": "Rechnung",
                "lemma": "Rechnung",
                "POS_STTS": "NN",
                "index": "14",
                "dep_rel": "obja",
                "head_index": "16",
                "parser_morph_features": "Fem|Acc|Sg",
                "possible_morph_features": []
            }
        },
        "relations": {
            "rel_1": {
                "rel_type": "must_agree",
                "involved": [
                    "TOK2",
                    "TOK1"
                ],
                "ruler": "TOK2",
                "possible_agreement": null
            }
        }
    },
    {
        "file_ID": "1031_0002087",
        "sent_NP_ID": "7_15",
        "sentence": "Es war ein schönes Restaurant wo wir gut gegessen haben , als die Rechnung kamm sagte er , dass jeder für sich bezahlen sollte .",
        "metadata": {
            "corpus": "MERLIN_DE",
            "author": {
                "author_ID": "1031_0002087",
                "L1": "Turkish",
                "age": "51",
                "gender": "male"
            },
            "CEFR": {
                "overall_fairRating": "B2+",
                "test_level": "C1"
            },
            "task": {
                "formality": "formal",
                "text_type": "online article",
                "topic": "write article about sticking to one's traditions and assimilation in a new environment"
            }
        },
        "NP_info": {
            "len_np": 1,
            "coordination": null
        },
        "HEAD_info": {
            "head": {
                "H_TOK1": {
                    "word_type": "N",
                    "word_form": "Rechnung",
                    "lemma": "Rechnung",
                    "POS_STTS": "NN",
                    "index": "14",
                    "dep_rel": "obja",
                    "head_index": "16",
                    "parser_morph_features": "Fem|Acc|Sg"
                }
            },
            "super_head": {
                "SH_TOK1": {
                    "word_type": "V",
                    "word_form": "sagte",
                    "lemma": "sagen",
                    "POS_STTS": "VVFIN",
                    "index": "16",
                    "dep_rel": "neb",
                    "head_index": "10",
                    "parser_morph_features": "3|Sg|Past|_"
                }
            }
        },
        "POST_info": {},
        "TOK_info": {
            "TOK1": {
                "word_type": "N",
                "word_form": "kamm",
                "lemma": "kamm",
                "POS_STTS": "NE",
                "index": "15",
                "dep_rel": "app",
                "head_index": "14",
                "parser_morph_features": "Fem|Acc|Sg",
                "possible_morph_features": []
            }
        },
        "relations": {}
    },
    {
        "file_ID": "1031_0002087",
        "sent_NP_ID": "8_16",
        "sentence": "Als ich erst nach dem ich entschieden habe die Kultur und die Sprache zu lernen , habe ich Sie verstehen können .",
        "metadata": {
            "corpus": "MERLIN_DE",
            "author": {
                "author_ID": "1031_0002087",
                "L1": "Turkish",
                "age": "51",
                "gender": "male"
            },
            "CEFR": {
                "overall_fairRating": "B2+",
                "test_level": "C1"
            },
            "task": {
                "formality": "formal",
                "text_type": "online article",
                "topic": "write article about sticking to one's traditions and assimilation in a new environment"
            }
        },
        "NP_info": {
            "len_np": 2,
            "coordination": null
        },
        "HEAD_info": {
            "head": {
                "H_TOK1": {
                    "word_type": "V",
                    "word_form": "entschieden",
                    "lemma": "entscheiden",
                    "POS_STTS": "VVPP",
                    "index": "7",
                    "dep_rel": "aux",
                    "head_index": "8",
                    "parser_morph_features": "_"
                }
            },
            "super_head": {
                "SH_TOK1": {
                    "word_type": "V",
                    "word_form": "habe",
                    "lemma": "haben",
                    "POS_STTS": "VAFIN",
                    "index": "8",
                    "dep_rel": "root",
                    "head_index": "0",
                    "parser_morph_features": "1|Sg|Pres|_"
                }
            }
        },
        "POST_info": {},
        "TOK_info": {
            "TOK1": {
                "word_type": "ART",
                "word_form": "die",
                "lemma": "die",
                "POS_STTS": "ART",
                "index": "9",
                "dep_rel": "det",
                "head_index": "10",
                "parser_morph_features": "Def|Fem|Acc|Sg",
                "possible_morph_features": []
            },
            "TOK2": {
                "word_type": "N",
                "word_form": "Kultur",
                "lemma": "Kultur",
                "POS_STTS": "NN",
                "index": "10",
                "dep_rel": "obja",
                "head_index": "7",
                "parser_morph_features": "Fem|Acc|Sg",
                "possible_morph_features": []
            }
        },
        "relations": {
            "rel_1": {
                "rel_type": "must_agree",
                "involved": [
                    "TOK2",
                    "TOK1"
                ],
                "ruler": "TOK2",
                "possible_agreement": null
            }
        }
    },
    {
        "file_ID": "1031_0002087",
        "sent_NP_ID": "8_17",
        "sentence": "Als ich erst nach dem ich entschieden habe die Kultur und die Sprache zu lernen , habe ich Sie verstehen können .",
        "metadata": {
            "corpus": "MERLIN_DE",
            "author": {
                "author_ID": "1031_0002087",
                "L1": "Turkish",
                "age": "51",
                "gender": "male"
            },
            "CEFR": {
                "overall_fairRating": "B2+",
                "test_level": "C1"
            },
            "task": {
                "formality": "formal",
                "text_type": "online article",
                "topic": "write article about sticking to one's traditions and assimilation in a new environment"
            }
        },
        "NP_info": {
            "len_np": 2,
            "coordination": null
        },
        "HEAD_info": {
            "head": {
                "H_TOK1": {
                    "word_type": "V",
                    "word_form": "lernen",
                    "lemma": "lernen",
                    "POS_STTS": "VVINF",
                    "index": "15",
                    "dep_rel": "obji",
                    "head_index": "20",
                    "parser_morph_features": "_"
                }
            },
            "super_head": {
                "SH_TOK1": {
                    "word_type": "V",
                    "word_form": "verstehen",
                    "lemma": "verstehen",
                    "POS_STTS": "VVINF",
                    "index": "20",
                    "dep_rel": "aux",
                    "head_index": "21",
                    "parser_morph_features": "_"
                }
            }
        },
        "POST_info": {},
        "TOK_info": {
            "TOK1": {
                "word_type": "ART",
                "word_form": "die",
                "lemma": "die",
                "POS_STTS": "ART",
                "index": "12",
                "dep_rel": "det",
                "head_index": "13",
                "parser_morph_features": "Def|Fem|Acc|Sg",
                "possible_morph_features": []
            },
            "TOK2": {
                "word_type": "N",
                "word_form": "Sprache",
                "lemma": "Sprache",
                "POS_STTS": "NN",
                "index": "13",
                "dep_rel": "obja",
                "head_index": "15",
                "parser_morph_features": "Fem|Acc|Sg",
                "possible_morph_features": []
            }
        },
        "relations": {
            "rel_1": {
                "rel_type": "must_agree",
                "involved": [
                    "TOK2",
                    "TOK1"
                ],
                "ruler": "TOK2",
                "possible_agreement": null
            }
        }
    },
    {
        "file_ID": "1031_0002087",
        "sent_NP_ID": "9_18",
        "sentence": "Daher denke ich , dass es sehr wichtig ist die Sprache und die Kultur des Landes zu lernen in dem man lebt .",
        "metadata": {
            "corpus": "MERLIN_DE",
            "author": {
                "author_ID": "1031_0002087",
                "L1": "Turkish",
                "age": "51",
                "gender": "male"
            },
            "CEFR": {
                "overall_fairRating": "B2+",
                "test_level": "C1"
            },
            "task": {
                "formality": "formal",
                "text_type": "online article",
                "topic": "write article about sticking to one's traditions and assimilation in a new environment"
            }
        },
        "NP_info": {
            "len_np": 2,
            "coordination": [
                "9_18",
                "9_19"
            ]
        },
        "HEAD_info": {
            "head": {
                "H_TOK1": {
                    "word_type": "V",
                    "word_form": "ist",
                    "lemma": "sein",
                    "POS_STTS": "VAFIN",
                    "index": "9",
                    "dep_rel": "objc",
                    "head_index": "2",
                    "parser_morph_features": "3|Sg|Pres|Ind"
                }
            },
            "super_head": {
                "SH_TOK1": {
                    "word_type": "V",
                    "word_form": "denke",
                    "lemma": "denken",
                    "POS_STTS": "VVFIN",
                    "index": "2",
                    "dep_rel": "root",
                    "head_index": "0",
                    "parser_morph_features": "1|Sg|Pres|_"
                }
            }
        },
        "POST_info": {},
        "TOK_info": {
            "TOK1": {
                "word_type": "ART",
                "word_form": "die",
                "lemma": "die",
                "POS_STTS": "ART",
                "index": "10",
                "dep_rel": "det",
                "head_index": "11",
                "parser_morph_features": "Def|Fem|Nom|Sg",
                "possible_morph_features": []
            },
            "TOK2": {
                "word_type": "N",
                "word_form": "Sprache",
                "lemma": "Sprache",
                "POS_STTS": "NN",
                "index": "11",
                "dep_rel": "subj",
                "head_index": "9",
                "parser_morph_features": "Fem|Nom|Sg",
                "possible_morph_features": []
            }
        },
        "relations": {
            "rel_1": {
                "rel_type": "must_agree",
                "involved": [
                    "TOK2",
                    "TOK1"
                ],
                "ruler": "TOK2",
                "possible_agreement": null
            }
        }
    },
    {
        "file_ID": "1031_0002087",
        "sent_NP_ID": "9_19",
        "sentence": "Daher denke ich , dass es sehr wichtig ist die Sprache und die Kultur des Landes zu lernen in dem man lebt .",
        "metadata": {
            "corpus": "MERLIN_DE",
            "author": {
                "author_ID": "1031_0002087",
                "L1": "Turkish",
                "age": "51",
                "gender": "male"
            },
            "CEFR": {
                "overall_fairRating": "B2+",
                "test_level": "C1"
            },
            "task": {
                "formality": "formal",
                "text_type": "online article",
                "topic": "write article about sticking to one's traditions and assimilation in a new environment"
            }
        },
        "NP_info": {
            "len_np": 2,
            "coordination": [
                "9_18",
                "9_19"
            ]
        },
        "HEAD_info": {
            "head": {
                "H_TOK1": {
                    "word_type": "KON",
                    "word_form": "und",
                    "lemma": "und",
                    "POS_STTS": "KON",
                    "index": "12",
                    "dep_rel": "kon",
                    "head_index": "11",
                    "parser_morph_features": "_"
                }
            },
            "super_head": {
                "SH_TOK1": {
                    "word_type": "N",
                    "word_form": "Sprache",
                    "lemma": "Sprache",
                    "POS_STTS": "NN",
                    "index": "11",
                    "dep_rel": "subj",
                    "head_index": "9",
                    "parser_morph_features": "Fem|Nom|Sg"
                }
            }
        },
        "POST_info": {
            "P_TOK1": {
                "word_type": "N",
                "word_form": "Landes",
                "lemma": "Land",
                "POS_STTS": "NN",
                "index": "16",
                "dep_rel": "gmod",
                "head_index": "14",
                "parser_morph_features": "Neut|Gen|Sg"
            }
        },
        "TOK_info": {
            "TOK1": {
                "word_type": "ART",
                "word_form": "die",
                "lemma": "die",
                "POS_STTS": "ART",
                "index": "13",
                "dep_rel": "det",
                "head_index": "14",
                "parser_morph_features": "Def|Fem|Nom|Sg",
                "possible_morph_features": []
            },
            "TOK2": {
                "word_type": "N",
                "word_form": "Kultur",
                "lemma": "Kultur",
                "POS_STTS": "NN",
                "index": "14",
                "dep_rel": "cj",
                "head_index": "12",
                "parser_morph_features": "Fem|Nom|Sg",
                "possible_morph_features": []
            }
        },
        "relations": {
            "rel_1": {
                "rel_type": "must_agree",
                "involved": [
                    "TOK2",
                    "TOK1"
                ],
                "ruler": "TOK2",
                "possible_agreement": null
            }
        }
    },
    {
        "file_ID": "1031_0002087",
        "sent_NP_ID": "9_20",
        "sentence": "Daher denke ich , dass es sehr wichtig ist die Sprache und die Kultur des Landes zu lernen in dem man lebt .",
        "metadata": {
            "corpus": "MERLIN_DE",
            "author": {
                "author_ID": "1031_0002087",
                "L1": "Turkish",
                "age": "51",
                "gender": "male"
            },
            "CEFR": {
                "overall_fairRating": "B2+",
                "test_level": "C1"
            },
            "task": {
                "formality": "formal",
                "text_type": "online article",
                "topic": "write article about sticking to one's traditions and assimilation in a new environment"
            }
        },
        "NP_info": {
            "len_np": 2,
            "coordination": null
        },
        "HEAD_info": {
            "head": {
                "H_TOK1": {
                    "word_type": "N",
                    "word_form": "Kultur",
                    "lemma": "Kultur",
                    "POS_STTS": "NN",
                    "index": "14",
                    "dep_rel": "cj",
                    "head_index": "12",
                    "parser_morph_features": "Fem|Nom|Sg"
                }
            },
            "super_head": {
                "SH_TOK1": {
                    "word_type": "KON",
                    "word_form": "und",
                    "lemma": "und",
                    "POS_STTS": "KON",
                    "index": "12",
                    "dep_rel": "kon",
                    "head_index": "11",
                    "parser_morph_features": "_"
                }
            }
        },
        "POST_info": {},
        "TOK_info": {
            "TOK1": {
                "word_type": "ART",
                "word_form": "des",
                "lemma": "die",
                "POS_STTS": "ART",
                "index": "15",
                "dep_rel": "det",
                "head_index": "16",
                "parser_morph_features": "Def|Neut|Gen|Sg",
                "possible_morph_features": []
            },
            "TOK2": {
                "word_type": "N",
                "word_form": "Landes",
                "lemma": "Land",
                "POS_STTS": "NN",
                "index": "16",
                "dep_rel": "gmod",
                "head_index": "14",
                "parser_morph_features": "Neut|Gen|Sg",
                "possible_morph_features": []
            }
        },
        "relations": {
            "rel_1": {
                "rel_type": "must_agree",
                "involved": [
                    "TOK2",
                    "TOK1"
                ],
                "ruler": "TOK2",
                "possible_agreement": null
            }
        }
    },
    {
        "file_ID": "1031_0002087",
        "sent_NP_ID": "10_21",
        "sentence": "Die Kultur die ich habe kann ich trotzdem bei behalten .",
        "metadata": {
            "corpus": "MERLIN_DE",
            "author": {
                "author_ID": "1031_0002087",
                "L1": "Turkish",
                "age": "51",
                "gender": "male"
            },
            "CEFR": {
                "overall_fairRating": "B2+",
                "test_level": "C1"
            },
            "task": {
                "formality": "formal",
                "text_type": "online article",
                "topic": "write article about sticking to one's traditions and assimilation in a new environment"
            }
        },
        "NP_info": {
            "len_np": 2,
            "coordination": null
        },
        "HEAD_info": {
            "head": {},
            "super_head": {}
        },
        "POST_info": {},
        "TOK_info": {
            "TOK1": {
                "word_type": "ART",
                "word_form": "Die",
                "lemma": "die",
                "POS_STTS": "ART",
                "index": "1",
                "dep_rel": "det",
                "head_index": "2",
                "parser_morph_features": "Def|Fem|_|Sg",
                "possible_morph_features": []
            },
            "TOK2": {
                "word_type": "N",
                "word_form": "Kultur",
                "lemma": "Kultur",
                "POS_STTS": "NN",
                "index": "2",
                "dep_rel": "root",
                "head_index": "0",
                "parser_morph_features": "Fem|_|Sg",
                "possible_morph_features": []
            }
        },
        "relations": {
            "rel_1": {
                "rel_type": "must_agree",
                "involved": [
                    "TOK2",
                    "TOK1"
                ],
                "ruler": "TOK2",
                "possible_agreement": null
            }
        }
    },
    {
        "file_ID": "1031_0002087",
        "sent_NP_ID": "11_22",
        "sentence": "Mit der Zeit habe ich gelernt , nicht zwischen zwei Kulturen zu leben , sondern , mit zwei Kulturen zusammen zu leben .",
        "metadata": {
            "corpus": "MERLIN_DE",
            "author": {
                "author_ID": "1031_0002087",
                "L1": "Turkish",
                "age": "51",
                "gender": "male"
            },
            "CEFR": {
                "overall_fairRating": "B2+",
                "test_level": "C1"
            },
            "task": {
                "formality": "formal",
                "text_type": "online article",
                "topic": "write article about sticking to one's traditions and assimilation in a new environment"
            }
        },
        "NP_info": {
            "len_np": 2,
            "coordination": null
        },
        "HEAD_info": {
            "head": {
                "H_TOK1": {
                    "word_type": "PREP",
                    "word_form": "Mit",
                    "lemma": "mit",
                    "POS_STTS": "APPR",
                    "index": "1",
                    "dep_rel": "pp",
                    "head_index": "4",
                    "parser_morph_features": "Dat"
                }
            },
            "super_head": {
                "SH_TOK1": {
                    "word_type": "V",
                    "word_form": "habe",
                    "lemma": "haben",
                    "POS_STTS": "VAFIN",
                    "index": "4",
                    "dep_rel": "root",
                    "head_index": "0",
                    "parser_morph_features": "1|Sg|Pres|_"
                }
            }
        },
        "POST_info": {},
        "TOK_info": {
            "TOK1": {
                "word_type": "ART",
                "word_form": "der",
                "lemma": "die",
                "POS_STTS": "ART",
                "index": "2",
                "dep_rel": "det",
                "head_index": "3",
                "parser_morph_features": "Def|Fem|Dat|Sg",
                "possible_morph_features": []
            },
            "TOK2": {
                "word_type": "N",
                "word_form": "Zeit",
                "lemma": "Zeit",
                "POS_STTS": "NN",
                "index": "3",
                "dep_rel": "pn",
                "head_index": "1",
                "parser_morph_features": "Fem|Dat|Sg",
                "possible_morph_features": []
            }
        },
        "relations": {
            "rel_1": {
                "rel_type": "must_agree",
                "involved": [
                    "TOK2",
                    "TOK1"
                ],
                "ruler": "TOK2",
                "possible_agreement": null
            }
        }
    },
    {
        "file_ID": "1031_0002087",
        "sent_NP_ID": "11_23",
        "sentence": "Mit der Zeit habe ich gelernt , nicht zwischen zwei Kulturen zu leben , sondern , mit zwei Kulturen zusammen zu leben .",
        "metadata": {
            "corpus": "MERLIN_DE",
            "author": {
                "author_ID": "1031_0002087",
                "L1": "Turkish",
                "age": "51",
                "gender": "male"
            },
            "CEFR": {
                "overall_fairRating": "B2+",
                "test_level": "C1"
            },
            "task": {
                "formality": "formal",
                "text_type": "online article",
                "topic": "write article about sticking to one's traditions and assimilation in a new environment"
            }
        },
        "NP_info": {
            "len_np": 2,
            "coordination": null
        },
        "HEAD_info": {
            "head": {
                "H_TOK1": {
                    "word_type": "PREP",
                    "word_form": "zwischen",
                    "lemma": "zwischen",
                    "POS_STTS": "APPR",
                    "index": "9",
                    "dep_rel": "pp",
                    "head_index": "13",
                    "parser_morph_features": "_"
                }
            },
            "super_head": {
                "SH_TOK1": {
                    "word_type": "V",
                    "word_form": "leben",
                    "lemma": "leben",
                    "POS_STTS": "VVINF",
                    "index": "13",
                    "dep_rel": "obji",
                    "head_index": "6",
                    "parser_morph_features": "_"
                }
            }
        },
        "POST_info": {},
        "TOK_info": {
            "TOK1": {
                "word_type": "CARD",
                "word_form": "zwei",
                "lemma": "zwei",
                "POS_STTS": "CARD",
                "index": "10",
                "dep_rel": "attr",
                "head_index": "11",
                "parser_morph_features": "_",
                "possible_morph_features": []
            },
            "TOK2": {
                "word_type": "N",
                "word_form": "Kulturen",
                "lemma": "Kultur",
                "POS_STTS": "NN",
                "index": "11",
                "dep_rel": "pn",
                "head_index": "9",
                "parser_morph_features": "Fem|_|Pl",
                "possible_morph_features": []
            }
        },
        "relations": {}
    },
    {
        "file_ID": "1031_0002087",
        "sent_NP_ID": "11_24",
        "sentence": "Mit der Zeit habe ich gelernt , nicht zwischen zwei Kulturen zu leben , sondern , mit zwei Kulturen zusammen zu leben .",
        "metadata": {
            "corpus": "MERLIN_DE",
            "author": {
                "author_ID": "1031_0002087",
                "L1": "Turkish",
                "age": "51",
                "gender": "male"
            },
            "CEFR": {
                "overall_fairRating": "B2+",
                "test_level": "C1"
            },
            "task": {
                "formality": "formal",
                "text_type": "online article",
                "topic": "write article about sticking to one's traditions and assimilation in a new environment"
            }
        },
        "NP_info": {
            "len_np": 2,
            "coordination": null
        },
        "HEAD_info": {
            "head": {
                "H_TOK1": {
                    "word_type": "PREP",
                    "word_form": "mit",
                    "lemma": "mit",
                    "POS_STTS": "APPR",
                    "index": "17",
                    "dep_rel": "root",
                    "head_index": "0",
                    "parser_morph_features": "Dat"
                }
            },
            "super_head": {
                "SH_TOK1": {
                    "word_type": "PTKVZ",
                    "word_form": "zusammen",
                    "lemma": "zusammen",
                    "POS_STTS": "PTKVZ",
                    "index": "20",
                    "dep_rel": "root",
                    "head_index": "0",
                    "parser_morph_features": "_"
                }
            }
        },
        "POST_info": {},
        "TOK_info": {
            "TOK1": {
                "word_type": "CARD",
                "word_form": "zwei",
                "lemma": "zwei",
                "POS_STTS": "CARD",
                "index": "18",
                "dep_rel": "attr",
                "head_index": "19",
                "parser_morph_features": "_",
                "possible_morph_features": []
            },
            "TOK2": {
                "word_type": "N",
                "word_form": "Kulturen",
                "lemma": "Kultur",
                "POS_STTS": "NN",
                "index": "19",
                "dep_rel": "pn",
                "head_index": "17",
                "parser_morph_features": "Fem|Dat|Pl",
                "possible_morph_features": []
            }
        },
        "relations": {}
    },
    {
        "file_ID": "1031_0002087",
        "sent_NP_ID": "12_25",
        "sentence": "Des wegen empfehle ich jeden der in eine andere Land lebt die Sprach zu lernen .",
        "metadata": {
            "corpus": "MERLIN_DE",
            "author": {
                "author_ID": "1031_0002087",
                "L1": "Turkish",
                "age": "51",
                "gender": "male"
            },
            "CEFR": {
                "overall_fairRating": "B2+",
                "test_level": "C1"
            },
            "task": {
                "formality": "formal",
                "text_type": "online article",
                "topic": "write article about sticking to one's traditions and assimilation in a new environment"
            }
        },
        "NP_info": {
            "len_np": 3,
            "coordination": null
        },
        "HEAD_info": {
            "head": {
                "H_TOK1": {
                    "word_type": "PREP",
                    "word_form": "in",
                    "lemma": "in",
                    "POS_STTS": "APPR",
                    "index": "7",
                    "dep_rel": "pp",
                    "head_index": "11",
                    "parser_morph_features": "Acc"
                }
            },
            "super_head": {
                "SH_TOK1": {
                    "word_type": "V",
                    "word_form": "lebt",
                    "lemma": "leben",
                    "POS_STTS": "VVFIN",
                    "index": "11",
                    "dep_rel": "root",
                    "head_index": "0",
                    "parser_morph_features": "3|Sg|Pres|Ind"
                }
            }
        },
        "POST_info": {},
        "TOK_info": {
            "TOK1": {
                "word_type": "ART",
                "word_form": "eine",
                "lemma": "eine",
                "POS_STTS": "ART",
                "index": "8",
                "dep_rel": "det",
                "head_index": "10",
                "parser_morph_features": "Indef|Fem|_|Sg",
                "possible_morph_features": []
            },
            "TOK2": {
                "word_type": "ADJA",
                "word_form": "andere",
                "lemma": "andere",
                "POS_STTS": "ADJA",
                "index": "9",
                "dep_rel": "attr",
                "head_index": "10",
                "parser_morph_features": "_|Fem|Acc|Sg|_",
                "possible_morph_features": []
            },
            "TOK3": {
                "word_type": "N",
                "word_form": "Land",
                "lemma": "Land",
                "POS_STTS": "NN",
                "index": "10",
                "dep_rel": "pn",
                "head_index": "7",
                "parser_morph_features": "Fem|Acc|Sg",
                "possible_morph_features": []
            }
        },
        "relations": {
            "rel_1": {
                "rel_type": "must_agree",
                "involved": [
                    "TOK1",
                    "TOK2"
                ],
                "ruler": null,
                "possible_agreement": null
            },
            "rel_2": {
                "rel_type": "must_agree",
                "involved": [
                    "TOK3",
                    "TOK1"
                ],
                "ruler": "TOK3",
                "possible_agreement": null
            },
            "rel_3": {
                "rel_type": "must_agree",
                "involved": [
                    "TOK3",
                    "TOK2"
                ],
                "ruler": "TOK3",
                "possible_agreement": null
            }
        }
    },
    {
        "file_ID": "1031_0002087",
        "sent_NP_ID": "12_26",
        "sentence": "Des wegen empfehle ich jeden der in eine andere Land lebt die Sprach zu lernen .",
        "metadata": {
            "corpus": "MERLIN_DE",
            "author": {
                "author_ID": "1031_0002087",
                "L1": "Turkish",
                "age": "51",
                "gender": "male"
            },
            "CEFR": {
                "overall_fairRating": "B2+",
                "test_level": "C1"
            },
            "task": {
                "formality": "formal",
                "text_type": "online article",
                "topic": "write article about sticking to one's traditions and assimilation in a new environment"
            }
        },
        "NP_info": {
            "len_np": 2,
            "coordination": null
        },
        "HEAD_info": {
            "head": {
                "H_TOK1": {
                    "word_type": "V",
                    "word_form": "lebt",
                    "lemma": "leben",
                    "POS_STTS": "VVFIN",
                    "index": "11",
                    "dep_rel": "root",
                    "head_index": "0",
                    "parser_morph_features": "3|Sg|Pres|Ind"
                }
            },
            "super_head": {}
        },
        "POST_info": {},
        "TOK_info": {
            "TOK1": {
                "word_type": "ART",
                "word_form": "die",
                "lemma": "die",
                "POS_STTS": "ART",
                "index": "12",
                "dep_rel": "det",
                "head_index": "13",
                "parser_morph_features": "Def|Fem|Nom|Sg",
                "possible_morph_features": []
            },
            "TOK2": {
                "word_type": "N",
                "word_form": "Sprach",
                "lemma": "Sprach",
                "POS_STTS": "NN",
                "index": "13",
                "dep_rel": "subj",
                "head_index": "11",
                "parser_morph_features": "Fem|Nom|Sg",
                "possible_morph_features": []
            }
        },
        "relations": {
            "rel_1": {
                "rel_type": "must_agree",
                "involved": [
                    "TOK2",
                    "TOK1"
                ],
                "ruler": "TOK2",
                "possible_agreement": null
            }
        }
    },
    {
        "file_ID": "1031_0002087",
        "sent_NP_ID": "13_27",
        "sentence": "Ihr braucht dabei keine angst zuhaben , ihr verliert nicht dabei .",
        "metadata": {
            "corpus": "MERLIN_DE",
            "author": {
                "author_ID": "1031_0002087",
                "L1": "Turkish",
                "age": "51",
                "gender": "male"
            },
            "CEFR": {
                "overall_fairRating": "B2+",
                "test_level": "C1"
            },
            "task": {
                "formality": "formal",
                "text_type": "online article",
                "topic": "write article about sticking to one's traditions and assimilation in a new environment"
            }
        },
        "NP_info": {
            "len_np": 2,
            "coordination": null
        },
        "HEAD_info": {
            "head": {
                "H_TOK1": {
                    "word_type": "V",
                    "word_form": "braucht",
                    "lemma": "brauchen",
                    "POS_STTS": "VVFIN",
                    "index": "2",
                    "dep_rel": "root",
                    "head_index": "0",
                    "parser_morph_features": "2|Pl|Pres|Ind"
                }
            },
            "super_head": {}
        },
        "POST_info": {},
        "TOK_info": {
            "TOK1": {
                "word_type": "ART",
                "word_form": "keine",
                "lemma": "keine",
                "POS_STTS": "PIAT",
                "index": "4",
                "dep_rel": "det",
                "head_index": "5",
                "parser_morph_features": "_|Acc|_",
                "possible_morph_features": []
            },
            "TOK2": {
                "word_type": "N",
                "word_form": "angst",
                "lemma": "angst",
                "POS_STTS": "NN",
                "index": "5",
                "dep_rel": "obja",
                "head_index": "2",
                "parser_morph_features": "_|Acc|_",
                "possible_morph_features": []
            }
        },
        "relations": {
            "rel_1": {
                "rel_type": "must_agree",
                "involved": [
                    "TOK2",
                    "TOK1"
                ],
                "ruler": "TOK2",
                "possible_agreement": null
            }
        }
    },
    {
        "file_ID": "1031_0002087",
        "sent_NP_ID": "14_28",
        "sentence": "Es ist ein pluspunk wenn man die sprache beherscht und die Kultur kennt , in dem ausland in dem Sie zuzeit leben .",
        "metadata": {
            "corpus": "MERLIN_DE",
            "author": {
                "author_ID": "1031_0002087",
                "L1": "Turkish",
                "age": "51",
                "gender": "male"
            },
            "CEFR": {
                "overall_fairRating": "B2+",
                "test_level": "C1"
            },
            "task": {
                "formality": "formal",
                "text_type": "online article",
                "topic": "write article about sticking to one's traditions and assimilation in a new environment"
            }
        },
        "NP_info": {
            "len_np": 2,
            "coordination": null
        },
        "HEAD_info": {
            "head": {
                "H_TOK1": {
                    "word_type": "V",
                    "word_form": "beherscht",
                    "lemma": "beherscht",
                    "POS_STTS": "VVFIN",
                    "index": "9",
                    "dep_rel": "neb",
                    "head_index": "2",
                    "parser_morph_features": "_|Sg|_|_"
                }
            },
            "super_head": {
                "SH_TOK1": {
                    "word_type": "V",
                    "word_form": "ist",
                    "lemma": "sein",
                    "POS_STTS": "VAFIN",
                    "index": "2",
                    "dep_rel": "root",
                    "head_index": "0",
                    "parser_morph_features": "3|Sg|Pres|Ind"
                }
            }
        },
        "POST_info": {},
        "TOK_info": {
            "TOK1": {
                "word_type": "ART",
                "word_form": "die",
                "lemma": "die",
                "POS_STTS": "ART",
                "index": "7",
                "dep_rel": "det",
                "head_index": "8",
                "parser_morph_features": "Def|_|Acc|_",
                "possible_morph_features": []
            },
            "TOK2": {
                "word_type": "N",
                "word_form": "sprache",
                "lemma": "sprache",
                "POS_STTS": "NN",
                "index": "8",
                "dep_rel": "obja",
                "head_index": "9",
                "parser_morph_features": "_|Acc|_",
                "possible_morph_features": []
            }
        },
        "relations": {
            "rel_1": {
                "rel_type": "must_agree",
                "involved": [
                    "TOK2",
                    "TOK1"
                ],
                "ruler": "TOK2",
                "possible_agreement": null
            }
        }
    },
    {
        "file_ID": "1031_0002087",
        "sent_NP_ID": "14_29",
        "sentence": "Es ist ein pluspunk wenn man die sprache beherscht und die Kultur kennt , in dem ausland in dem Sie zuzeit leben .",
        "metadata": {
            "corpus": "MERLIN_DE",
            "author": {
                "author_ID": "1031_0002087",
                "L1": "Turkish",
                "age": "51",
                "gender": "male"
            },
            "CEFR": {
                "overall_fairRating": "B2+",
                "test_level": "C1"
            },
            "task": {
                "formality": "formal",
                "text_type": "online article",
                "topic": "write article about sticking to one's traditions and assimilation in a new environment"
            }
        },
        "NP_info": {
            "len_np": 2,
            "coordination": null
        },
        "HEAD_info": {
            "head": {
                "H_TOK1": {
                    "word_type": "V",
                    "word_form": "kennt",
                    "lemma": "kennen",
                    "POS_STTS": "VVFIN",
                    "index": "13",
                    "dep_rel": "cj",
                    "head_index": "10",
                    "parser_morph_features": "3|Sg|Pres|Ind"
                }
            },
            "super_head": {
                "SH_TOK1": {
                    "word_type": "KON",
                    "word_form": "und",
                    "lemma": "und",
                    "POS_STTS": "KON",
                    "index": "10",
                    "dep_rel": "kon",
                    "head_index": "9",
                    "parser_morph_features": "_"
                }
            }
        },
        "POST_info": {},
        "TOK_info": {
            "TOK1": {
                "word_type": "ART",
                "word_form": "die",
                "lemma": "die",
                "POS_STTS": "ART",
                "index": "11",
                "dep_rel": "det",
                "head_index": "12",
                "parser_morph_features": "Def|Fem|Nom|Sg",
                "possible_morph_features": []
            },
            "TOK2": {
                "word_type": "N",
                "word_form": "Kultur",
                "lemma": "Kultur",
                "POS_STTS": "NN",
                "index": "12",
                "dep_rel": "subj",
                "head_index": "13",
                "parser_morph_features": "Fem|Nom|Sg",
                "possible_morph_features": []
            }
        },
        "relations": {
            "rel_1": {
                "rel_type": "must_agree",
                "involved": [
                    "TOK2",
                    "TOK1"
                ],
                "ruler": "TOK2",
                "possible_agreement": null
            }
        }
    },
    {
        "file_ID": "1031_0002087",
        "sent_NP_ID": "14_30",
        "sentence": "Es ist ein pluspunk wenn man die sprache beherscht und die Kultur kennt , in dem ausland in dem Sie zuzeit leben .",
        "metadata": {
            "corpus": "MERLIN_DE",
            "author": {
                "author_ID": "1031_0002087",
                "L1": "Turkish",
                "age": "51",
                "gender": "male"
            },
            "CEFR": {
                "overall_fairRating": "B2+",
                "test_level": "C1"
            },
            "task": {
                "formality": "formal",
                "text_type": "online article",
                "topic": "write article about sticking to one's traditions and assimilation in a new environment"
            }
        },
        "NP_info": {
            "len_np": 1,
            "coordination": null
        },
        "HEAD_info": {
            "head": {},
            "super_head": {}
        },
        "POST_info": {},
        "TOK_info": {
            "TOK1": {
                "word_type": "N",
                "word_form": "ausland",
                "lemma": "ausland",
                "POS_STTS": "NN",
                "index": "17",
                "dep_rel": "root",
                "head_index": "0",
                "parser_morph_features": "_",
                "possible_morph_features": []
            }
        },
        "relations": {}
    },
    {
        "file_ID": "1031_0002087",
        "sent_NP_ID": "15_31",
        "sentence": "Es gibt bei uns ein Sprichwort .",
        "metadata": {
            "corpus": "MERLIN_DE",
            "author": {
                "author_ID": "1031_0002087",
                "L1": "Turkish",
                "age": "51",
                "gender": "male"
            },
            "CEFR": {
                "overall_fairRating": "B2+",
                "test_level": "C1"
            },
            "task": {
                "formality": "formal",
                "text_type": "online article",
                "topic": "write article about sticking to one's traditions and assimilation in a new environment"
            }
        },
        "NP_info": {
            "len_np": 2,
            "coordination": null
        },
        "HEAD_info": {
            "head": {
                "H_TOK1": {
                    "word_type": "V",
                    "word_form": "gibt",
                    "lemma": "geben",
                    "POS_STTS": "VVFIN",
                    "index": "2",
                    "dep_rel": "root",
                    "head_index": "0",
                    "parser_morph_features": "3|Sg|Pres|Ind"
                }
            },
            "super_head": {}
        },
        "POST_info": {},
        "TOK_info": {
            "TOK1": {
                "word_type": "ART",
                "word_form": "ein",
                "lemma": "eine",
                "POS_STTS": "ART",
                "index": "5",
                "dep_rel": "det",
                "head_index": "6",
                "parser_morph_features": "Indef|Neut|Acc|Sg",
                "possible_morph_features": []
            },
            "TOK2": {
                "word_type": "N",
                "word_form": "Sprichwort",
                "lemma": "Sprichwort",
                "POS_STTS": "NN",
                "index": "6",
                "dep_rel": "obja",
                "head_index": "2",
                "parser_morph_features": "Neut|Acc|Sg",
                "possible_morph_features": []
            }
        },
        "relations": {
            "rel_1": {
                "rel_type": "must_agree",
                "involved": [
                    "TOK2",
                    "TOK1"
                ],
                "ruler": "TOK2",
                "possible_agreement": null
            }
        }
    },
    {
        "file_ID": "1031_0002087",
        "sent_NP_ID": "16_32",
        "sentence": "Eine Sprache eine Mensch , zwei Sprachen , zwei Mensch .",
        "metadata": {
            "corpus": "MERLIN_DE",
            "author": {
                "author_ID": "1031_0002087",
                "L1": "Turkish",
                "age": "51",
                "gender": "male"
            },
            "CEFR": {
                "overall_fairRating": "B2+",
                "test_level": "C1"
            },
            "task": {
                "formality": "formal",
                "text_type": "online article",
                "topic": "write article about sticking to one's traditions and assimilation in a new environment"
            }
        },
        "NP_info": {
            "len_np": 2,
            "coordination": null
        },
        "HEAD_info": {
            "head": {},
            "super_head": {}
        },
        "POST_info": {},
        "TOK_info": {
            "TOK1": {
                "word_type": "ART",
                "word_form": "Eine",
                "lemma": "eine",
                "POS_STTS": "ART",
                "index": "1",
                "dep_rel": "det",
                "head_index": "2",
                "parser_morph_features": "Indef|Fem|_|Sg",
                "possible_morph_features": []
            },
            "TOK2": {
                "word_type": "N",
                "word_form": "Sprache",
                "lemma": "Sprache",
                "POS_STTS": "NN",
                "index": "2",
                "dep_rel": "root",
                "head_index": "0",
                "parser_morph_features": "Fem|_|Sg",
                "possible_morph_features": []
            }
        },
        "relations": {
            "rel_1": {
                "rel_type": "must_agree",
                "involved": [
                    "TOK2",
                    "TOK1"
                ],
                "ruler": "TOK2",
                "possible_agreement": null
            }
        }
    },
    {
        "file_ID": "1031_0002087",
        "sent_NP_ID": "16_33",
        "sentence": "Eine Sprache eine Mensch , zwei Sprachen , zwei Mensch .",
        "metadata": {
            "corpus": "MERLIN_DE",
            "author": {
                "author_ID": "1031_0002087",
                "L1": "Turkish",
                "age": "51",
                "gender": "male"
            },
            "CEFR": {
                "overall_fairRating": "B2+",
                "test_level": "C1"
            },
            "task": {
                "formality": "formal",
                "text_type": "online article",
                "topic": "write article about sticking to one's traditions and assimilation in a new environment"
            }
        },
        "NP_info": {
            "len_np": 2,
            "coordination": null
        },
        "HEAD_info": {
            "head": {},
            "super_head": {}
        },
        "POST_info": {
            "P_TOK1": {
                "word_type": "N",
                "word_form": "Sprachen",
                "lemma": "Sprache",
                "POS_STTS": "NN",
                "index": "7",
                "dep_rel": "app",
                "head_index": "4",
                "parser_morph_features": "Fem|_|Pl"
            }
        },
        "TOK_info": {
            "TOK1": {
                "word_type": "ART",
                "word_form": "eine",
                "lemma": "eine",
                "POS_STTS": "ART",
                "index": "3",
                "dep_rel": "det",
                "head_index": "4",
                "parser_morph_features": "Indef|Fem|_|Sg",
                "possible_morph_features": []
            },
            "TOK2": {
                "word_type": "N",
                "word_form": "Mensch",
                "lemma": "Mensch",
                "POS_STTS": "NN",
                "index": "4",
                "dep_rel": "root",
                "head_index": "0",
                "parser_morph_features": "Fem|_|Sg",
                "possible_morph_features": []
            }
        },
        "relations": {
            "rel_1": {
                "rel_type": "must_agree",
                "involved": [
                    "TOK2",
                    "TOK1"
                ],
                "ruler": "TOK2",
                "possible_agreement": null
            }
        }
    },
    {
        "file_ID": "1031_0002087",
        "sent_NP_ID": "16_34",
        "sentence": "Eine Sprache eine Mensch , zwei Sprachen , zwei Mensch .",
        "metadata": {
            "corpus": "MERLIN_DE",
            "author": {
                "author_ID": "1031_0002087",
                "L1": "Turkish",
                "age": "51",
                "gender": "male"
            },
            "CEFR": {
                "overall_fairRating": "B2+",
                "test_level": "C1"
            },
            "task": {
                "formality": "formal",
                "text_type": "online article",
                "topic": "write article about sticking to one's traditions and assimilation in a new environment"
            }
        },
        "NP_info": {
            "len_np": 2,
            "coordination": null
        },
        "HEAD_info": {
            "head": {
                "H_TOK1": {
                    "word_type": "N",
                    "word_form": "Mensch",
                    "lemma": "Mensch",
                    "POS_STTS": "NN",
                    "index": "4",
                    "dep_rel": "root",
                    "head_index": "0",
                    "parser_morph_features": "Fem|_|Sg"
                }
            },
            "super_head": {}
        },
        "POST_info": {},
        "TOK_info": {
            "TOK1": {
                "word_type": "CARD",
                "word_form": "zwei",
                "lemma": "zwei",
                "POS_STTS": "CARD",
                "index": "6",
                "dep_rel": "attr",
                "head_index": "7",
                "parser_morph_features": "_",
                "possible_morph_features": []
            },
            "TOK2": {
                "word_type": "N",
                "word_form": "Sprachen",
                "lemma": "Sprache",
                "POS_STTS": "NN",
                "index": "7",
                "dep_rel": "app",
                "head_index": "4",
                "parser_morph_features": "Fem|_|Pl",
                "possible_morph_features": []
            }
        },
        "relations": {}
    },
    {
        "file_ID": "1031_0002087",
        "sent_NP_ID": "16_35",
        "sentence": "Eine Sprache eine Mensch , zwei Sprachen , zwei Mensch .",
        "metadata": {
            "corpus": "MERLIN_DE",
            "author": {
                "author_ID": "1031_0002087",
                "L1": "Turkish",
                "age": "51",
                "gender": "male"
            },
            "CEFR": {
                "overall_fairRating": "B2+",
                "test_level": "C1"
            },
            "task": {
                "formality": "formal",
                "text_type": "online article",
                "topic": "write article about sticking to one's traditions and assimilation in a new environment"
            }
        },
        "NP_info": {
            "len_np": 1,
            "coordination": null
        },
        "HEAD_info": {
            "head": {},
            "super_head": {}
        },
        "POST_info": {},
        "TOK_info": {
            "TOK1": {
                "word_type": "N",
                "word_form": "Mensch",
                "lemma": "Mensch",
                "POS_STTS": "NN",
                "index": "10",
                "dep_rel": "root",
                "head_index": "0",
                "parser_morph_features": "_|_|Sg",
                "possible_morph_features": []
            }
        },
        "relations": {}
    }
]