[
    {
        "file_ID": "1031_0003052",
        "sent_NP_ID": "1_1",
        "sentence": "Dieser Bericht richtet sich an allen ausländische Leuten , die sich um eine Stelle bei \" MfG „ bewerben wollen und er gibt Auskünfte über die Stadt und die Preise von Häusern .",
        "metadata": {
            "corpus": "MERLIN_DE",
            "author": {
                "author_ID": "1031_0003052",
                "L1": "Italian",
                "age": "22",
                "gender": "female"
            },
            "CEFR": {
                "overall_fairRating": "B2+",
                "test_level": "C1"
            },
            "task": {
                "formality": "formal",
                "text_type": "report",
                "topic": "reporting about the housing situation"
            }
        },
        "NP_info": {
            "len_np": 2,
            "coordination": null
        },
        "HEAD_info": {
            "head": {
                "H_TOK1": {
                    "word_type": "V",
                    "word_form": "richtet",
                    "lemma": "richten",
                    "POS_STTS": "VVFIN",
                    "index": "3",
                    "dep_rel": "root",
                    "head_index": "0",
                    "parser_morph_features": "3|Sg|Pres|Ind"
                }
            },
            "super_head": {}
        },
        "POST_info": {},
        "TOK_info": {
            "TOK1": {
                "word_type": "ART",
                "word_form": "Dieser",
                "lemma": "diese",
                "POS_STTS": "PDAT",
                "index": "1",
                "dep_rel": "det",
                "head_index": "2",
                "parser_morph_features": "Masc|Nom|Sg",
                "possible_morph_features": []
            },
            "TOK2": {
                "word_type": "N",
                "word_form": "Bericht",
                "lemma": "Bericht",
                "POS_STTS": "NN",
                "index": "2",
                "dep_rel": "subj",
                "head_index": "3",
                "parser_morph_features": "Masc|Nom|Sg",
                "possible_morph_features": []
            }
        },
        "relations": {
            "rel_1": {
                "rel_type": "must_agree",
                "involved": [
                    "TOK2",
                    "TOK1"
                ],
                "ruler": "TOK2",
                "possible_agreement": null
            }
        }
    },
    {
        "file_ID": "1031_0003052",
        "sent_NP_ID": "1_2",
        "sentence": "Dieser Bericht richtet sich an allen ausländische Leuten , die sich um eine Stelle bei \" MfG „ bewerben wollen und er gibt Auskünfte über die Stadt und die Preise von Häusern .",
        "metadata": {
            "corpus": "MERLIN_DE",
            "author": {
                "author_ID": "1031_0003052",
                "L1": "Italian",
                "age": "22",
                "gender": "female"
            },
            "CEFR": {
                "overall_fairRating": "B2+",
                "test_level": "C1"
            },
            "task": {
                "formality": "formal",
                "text_type": "report",
                "topic": "reporting about the housing situation"
            }
        },
        "NP_info": {
            "len_np": 3,
            "coordination": null
        },
        "HEAD_info": {
            "head": {
                "H_TOK1": {
                    "word_type": "PREP",
                    "word_form": "an",
                    "lemma": "an",
                    "POS_STTS": "APPR",
                    "index": "5",
                    "dep_rel": "pp",
                    "head_index": "3",
                    "parser_morph_features": "Dat"
                }
            },
            "super_head": {
                "SH_TOK1": {
                    "word_type": "V",
                    "word_form": "richtet",
                    "lemma": "richten",
                    "POS_STTS": "VVFIN",
                    "index": "3",
                    "dep_rel": "root",
                    "head_index": "0",
                    "parser_morph_features": "3|Sg|Pres|Ind"
                }
            }
        },
        "POST_info": {
            "P_TOK1": {
                "word_type": "V",
                "word_form": "wollen",
                "lemma": "wollen",
                "POS_STTS": "VMFIN",
                "index": "20",
                "dep_rel": "rel",
                "head_index": "8",
                "parser_morph_features": "3|Pl|Pres|_"
            }
        },
        "TOK_info": {
            "TOK1": {
                "word_type": "ART",
                "word_form": "allen",
                "lemma": "alle",
                "POS_STTS": "PIDAT",
                "index": "6",
                "dep_rel": "det",
                "head_index": "8",
                "parser_morph_features": "_|Dat|Pl",
                "possible_morph_features": []
            },
            "TOK2": {
                "word_type": "ADJA",
                "word_form": "ausländische",
                "lemma": "ausländisch",
                "POS_STTS": "ADJA",
                "index": "7",
                "dep_rel": "attr",
                "head_index": "8",
                "parser_morph_features": "Pos|_|_|_|_|",
                "possible_morph_features": []
            },
            "TOK3": {
                "word_type": "N",
                "word_form": "Leuten",
                "lemma": "Leute",
                "POS_STTS": "NN",
                "index": "8",
                "dep_rel": "pn",
                "head_index": "5",
                "parser_morph_features": "_|Dat|Pl",
                "possible_morph_features": []
            }
        },
        "relations": {
            "rel_1": {
                "rel_type": "must_agree",
                "involved": [
                    "TOK1",
                    "TOK2"
                ],
                "ruler": null,
                "possible_agreement": null
            },
            "rel_2": {
                "rel_type": "must_agree",
                "involved": [
                    "TOK3",
                    "TOK1"
                ],
                "ruler": "TOK3",
                "possible_agreement": null
            },
            "rel_3": {
                "rel_type": "must_agree",
                "involved": [
                    "TOK3",
                    "TOK2"
                ],
                "ruler": "TOK3",
                "possible_agreement": null
            }
        }
    },
    {
        "file_ID": "1031_0003052",
        "sent_NP_ID": "1_3",
        "sentence": "Dieser Bericht richtet sich an allen ausländische Leuten , die sich um eine Stelle bei \" MfG „ bewerben wollen und er gibt Auskünfte über die Stadt und die Preise von Häusern .",
        "metadata": {
            "corpus": "MERLIN_DE",
            "author": {
                "author_ID": "1031_0003052",
                "L1": "Italian",
                "age": "22",
                "gender": "female"
            },
            "CEFR": {
                "overall_fairRating": "B2+",
                "test_level": "C1"
            },
            "task": {
                "formality": "formal",
                "text_type": "report",
                "topic": "reporting about the housing situation"
            }
        },
        "NP_info": {
            "len_np": 2,
            "coordination": null
        },
        "HEAD_info": {
            "head": {
                "H_TOK1": {
                    "word_type": "PREP",
                    "word_form": "um",
                    "lemma": "um",
                    "POS_STTS": "APPR",
                    "index": "12",
                    "dep_rel": "pp",
                    "head_index": "19",
                    "parser_morph_features": "Acc"
                }
            },
            "super_head": {
                "SH_TOK1": {
                    "word_type": "V",
                    "word_form": "bewerben",
                    "lemma": "bewerben",
                    "POS_STTS": "VVINF",
                    "index": "19",
                    "dep_rel": "aux",
                    "head_index": "20",
                    "parser_morph_features": "_"
                }
            }
        },
        "POST_info": {},
        "TOK_info": {
            "TOK1": {
                "word_type": "ART",
                "word_form": "eine",
                "lemma": "eine",
                "POS_STTS": "ART",
                "index": "13",
                "dep_rel": "det",
                "head_index": "14",
                "parser_morph_features": "Indef|Fem|Acc|Sg",
                "possible_morph_features": []
            },
            "TOK2": {
                "word_type": "N",
                "word_form": "Stelle",
                "lemma": "Stelle",
                "POS_STTS": "NN",
                "index": "14",
                "dep_rel": "pn",
                "head_index": "12",
                "parser_morph_features": "Fem|Acc|Sg",
                "possible_morph_features": []
            }
        },
        "relations": {
            "rel_1": {
                "rel_type": "must_agree",
                "involved": [
                    "TOK2",
                    "TOK1"
                ],
                "ruler": "TOK2",
                "possible_agreement": null
            }
        }
    },
    {
        "file_ID": "1031_0003052",
        "sent_NP_ID": "1_4",
        "sentence": "Dieser Bericht richtet sich an allen ausländische Leuten , die sich um eine Stelle bei \" MfG „ bewerben wollen und er gibt Auskünfte über die Stadt und die Preise von Häusern .",
        "metadata": {
            "corpus": "MERLIN_DE",
            "author": {
                "author_ID": "1031_0003052",
                "L1": "Italian",
                "age": "22",
                "gender": "female"
            },
            "CEFR": {
                "overall_fairRating": "B2+",
                "test_level": "C1"
            },
            "task": {
                "formality": "formal",
                "text_type": "report",
                "topic": "reporting about the housing situation"
            }
        },
        "NP_info": {
            "len_np": 1,
            "coordination": null
        },
        "HEAD_info": {
            "head": {
                "H_TOK1": {
                    "word_type": "V",
                    "word_form": "gibt",
                    "lemma": "geben",
                    "POS_STTS": "VVFIN",
                    "index": "23",
                    "dep_rel": "cj",
                    "head_index": "21",
                    "parser_morph_features": "3|Sg|Pres|Ind"
                }
            },
            "super_head": {
                "SH_TOK1": {
                    "word_type": "KON",
                    "word_form": "und",
                    "lemma": "und",
                    "POS_STTS": "KON",
                    "index": "21",
                    "dep_rel": "kon",
                    "head_index": "20",
                    "parser_morph_features": "_"
                }
            }
        },
        "POST_info": {
            "P_TOK1": {
                "word_type": "PREP",
                "word_form": "über",
                "lemma": "über",
                "POS_STTS": "APPR",
                "index": "25",
                "dep_rel": "pp",
                "head_index": "24",
                "parser_morph_features": "Acc"
            }
        },
        "TOK_info": {
            "TOK1": {
                "word_type": "N",
                "word_form": "Auskünfte",
                "lemma": "Auskunft",
                "POS_STTS": "NN",
                "index": "24",
                "dep_rel": "obja",
                "head_index": "23",
                "parser_morph_features": "Fem|Acc|Pl",
                "possible_morph_features": []
            }
        },
        "relations": {}
    },
    {
        "file_ID": "1031_0003052",
        "sent_NP_ID": "1_5",
        "sentence": "Dieser Bericht richtet sich an allen ausländische Leuten , die sich um eine Stelle bei \" MfG „ bewerben wollen und er gibt Auskünfte über die Stadt und die Preise von Häusern .",
        "metadata": {
            "corpus": "MERLIN_DE",
            "author": {
                "author_ID": "1031_0003052",
                "L1": "Italian",
                "age": "22",
                "gender": "female"
            },
            "CEFR": {
                "overall_fairRating": "B2+",
                "test_level": "C1"
            },
            "task": {
                "formality": "formal",
                "text_type": "report",
                "topic": "reporting about the housing situation"
            }
        },
        "NP_info": {
            "len_np": 2,
            "coordination": [
                "1_5",
                "1_6"
            ]
        },
        "HEAD_info": {
            "head": {
                "H_TOK1": {
                    "word_type": "PREP",
                    "word_form": "über",
                    "lemma": "über",
                    "POS_STTS": "APPR",
                    "index": "25",
                    "dep_rel": "pp",
                    "head_index": "24",
                    "parser_morph_features": "Acc"
                }
            },
            "super_head": {
                "SH_TOK1": {
                    "word_type": "N",
                    "word_form": "Auskünfte",
                    "lemma": "Auskunft",
                    "POS_STTS": "NN",
                    "index": "24",
                    "dep_rel": "obja",
                    "head_index": "23",
                    "parser_morph_features": "Fem|Acc|Pl"
                }
            }
        },
        "POST_info": {},
        "TOK_info": {
            "TOK1": {
                "word_type": "ART",
                "word_form": "die",
                "lemma": "die",
                "POS_STTS": "ART",
                "index": "26",
                "dep_rel": "det",
                "head_index": "27",
                "parser_morph_features": "Def|Fem|Acc|Sg",
                "possible_morph_features": []
            },
            "TOK2": {
                "word_type": "N",
                "word_form": "Stadt",
                "lemma": "Stadt",
                "POS_STTS": "NN",
                "index": "27",
                "dep_rel": "pn",
                "head_index": "25",
                "parser_morph_features": "Fem|Acc|Sg",
                "possible_morph_features": []
            }
        },
        "relations": {
            "rel_1": {
                "rel_type": "must_agree",
                "involved": [
                    "TOK2",
                    "TOK1"
                ],
                "ruler": "TOK2",
                "possible_agreement": null
            }
        }
    },
    {
        "file_ID": "1031_0003052",
        "sent_NP_ID": "1_6",
        "sentence": "Dieser Bericht richtet sich an allen ausländische Leuten , die sich um eine Stelle bei \" MfG „ bewerben wollen und er gibt Auskünfte über die Stadt und die Preise von Häusern .",
        "metadata": {
            "corpus": "MERLIN_DE",
            "author": {
                "author_ID": "1031_0003052",
                "L1": "Italian",
                "age": "22",
                "gender": "female"
            },
            "CEFR": {
                "overall_fairRating": "B2+",
                "test_level": "C1"
            },
            "task": {
                "formality": "formal",
                "text_type": "report",
                "topic": "reporting about the housing situation"
            }
        },
        "NP_info": {
            "len_np": 2,
            "coordination": [
                "1_5",
                "1_6"
            ]
        },
        "HEAD_info": {
            "head": {
                "H_TOK1": {
                    "word_type": "KON",
                    "word_form": "und",
                    "lemma": "und",
                    "POS_STTS": "KON",
                    "index": "28",
                    "dep_rel": "kon",
                    "head_index": "27",
                    "parser_morph_features": "_"
                }
            },
            "super_head": {
                "SH_TOK1": {
                    "word_type": "N",
                    "word_form": "Stadt",
                    "lemma": "Stadt",
                    "POS_STTS": "NN",
                    "index": "27",
                    "dep_rel": "pn",
                    "head_index": "25",
                    "parser_morph_features": "Fem|Acc|Sg"
                }
            }
        },
        "POST_info": {
            "P_TOK1": {
                "word_type": "PREP",
                "word_form": "von",
                "lemma": "von",
                "POS_STTS": "APPR",
                "index": "31",
                "dep_rel": "pp",
                "head_index": "30",
                "parser_morph_features": "Dat"
            }
        },
        "TOK_info": {
            "TOK1": {
                "word_type": "ART",
                "word_form": "die",
                "lemma": "die",
                "POS_STTS": "ART",
                "index": "29",
                "dep_rel": "det",
                "head_index": "30",
                "parser_morph_features": "Def|Masc|Acc|Pl",
                "possible_morph_features": []
            },
            "TOK2": {
                "word_type": "N",
                "word_form": "Preise",
                "lemma": "Preis",
                "POS_STTS": "NN",
                "index": "30",
                "dep_rel": "cj",
                "head_index": "28",
                "parser_morph_features": "Masc|Acc|Pl",
                "possible_morph_features": []
            }
        },
        "relations": {
            "rel_1": {
                "rel_type": "must_agree",
                "involved": [
                    "TOK2",
                    "TOK1"
                ],
                "ruler": "TOK2",
                "possible_agreement": null
            }
        }
    },
    {
        "file_ID": "1031_0003052",
        "sent_NP_ID": "1_7",
        "sentence": "Dieser Bericht richtet sich an allen ausländische Leuten , die sich um eine Stelle bei \" MfG „ bewerben wollen und er gibt Auskünfte über die Stadt und die Preise von Häusern .",
        "metadata": {
            "corpus": "MERLIN_DE",
            "author": {
                "author_ID": "1031_0003052",
                "L1": "Italian",
                "age": "22",
                "gender": "female"
            },
            "CEFR": {
                "overall_fairRating": "B2+",
                "test_level": "C1"
            },
            "task": {
                "formality": "formal",
                "text_type": "report",
                "topic": "reporting about the housing situation"
            }
        },
        "NP_info": {
            "len_np": 1,
            "coordination": null
        },
        "HEAD_info": {
            "head": {
                "H_TOK1": {
                    "word_type": "PREP",
                    "word_form": "von",
                    "lemma": "von",
                    "POS_STTS": "APPR",
                    "index": "31",
                    "dep_rel": "pp",
                    "head_index": "30",
                    "parser_morph_features": "Dat"
                }
            },
            "super_head": {
                "SH_TOK1": {
                    "word_type": "N",
                    "word_form": "Preise",
                    "lemma": "Preis",
                    "POS_STTS": "NN",
                    "index": "30",
                    "dep_rel": "cj",
                    "head_index": "28",
                    "parser_morph_features": "Masc|Acc|Pl"
                }
            }
        },
        "POST_info": {},
        "TOK_info": {
            "TOK1": {
                "word_type": "N",
                "word_form": "Häusern",
                "lemma": "Haus",
                "POS_STTS": "NN",
                "index": "32",
                "dep_rel": "pn",
                "head_index": "31",
                "parser_morph_features": "_|Dat|Pl",
                "possible_morph_features": []
            }
        },
        "relations": {}
    },
    {
        "file_ID": "1031_0003052",
        "sent_NP_ID": "2_8",
        "sentence": "Prinzipiell ist Stadt X eine sehr schöne Stadt , wo besonders Kinder ihre Freude finden können , weil Stadt X reich an Spielplätze und Wiesen sind .",
        "metadata": {
            "corpus": "MERLIN_DE",
            "author": {
                "author_ID": "1031_0003052",
                "L1": "Italian",
                "age": "22",
                "gender": "female"
            },
            "CEFR": {
                "overall_fairRating": "B2+",
                "test_level": "C1"
            },
            "task": {
                "formality": "formal",
                "text_type": "report",
                "topic": "reporting about the housing situation"
            }
        },
        "NP_info": {
            "len_np": 1,
            "coordination": null
        },
        "HEAD_info": {
            "head": {
                "H_TOK1": {
                    "word_type": "V",
                    "word_form": "ist",
                    "lemma": "sein",
                    "POS_STTS": "VAFIN",
                    "index": "2",
                    "dep_rel": "root",
                    "head_index": "0",
                    "parser_morph_features": "3|Sg|Pres|Ind"
                }
            },
            "super_head": {}
        },
        "POST_info": {
            "P_TOK1": {
                "word_type": "N",
                "word_form": "X",
                "lemma": "X",
                "POS_STTS": "NE",
                "index": "4",
                "dep_rel": "app",
                "head_index": "3",
                "parser_morph_features": "Fem|Nom|Sg"
            }
        },
        "TOK_info": {
            "TOK1": {
                "word_type": "N",
                "word_form": "Stadt",
                "lemma": "Stadt",
                "POS_STTS": "NN",
                "index": "3",
                "dep_rel": "subj",
                "head_index": "2",
                "parser_morph_features": "Fem|Nom|Sg",
                "possible_morph_features": []
            }
        },
        "relations": {}
    },
    {
        "file_ID": "1031_0003052",
        "sent_NP_ID": "2_9",
        "sentence": "Prinzipiell ist Stadt X eine sehr schöne Stadt , wo besonders Kinder ihre Freude finden können , weil Stadt X reich an Spielplätze und Wiesen sind .",
        "metadata": {
            "corpus": "MERLIN_DE",
            "author": {
                "author_ID": "1031_0003052",
                "L1": "Italian",
                "age": "22",
                "gender": "female"
            },
            "CEFR": {
                "overall_fairRating": "B2+",
                "test_level": "C1"
            },
            "task": {
                "formality": "formal",
                "text_type": "report",
                "topic": "reporting about the housing situation"
            }
        },
        "NP_info": {
            "len_np": 1,
            "coordination": null
        },
        "HEAD_info": {
            "head": {
                "H_TOK1": {
                    "word_type": "N",
                    "word_form": "Stadt",
                    "lemma": "Stadt",
                    "POS_STTS": "NN",
                    "index": "3",
                    "dep_rel": "subj",
                    "head_index": "2",
                    "parser_morph_features": "Fem|Nom|Sg"
                }
            },
            "super_head": {
                "SH_TOK1": {
                    "word_type": "V",
                    "word_form": "ist",
                    "lemma": "sein",
                    "POS_STTS": "VAFIN",
                    "index": "2",
                    "dep_rel": "root",
                    "head_index": "0",
                    "parser_morph_features": "3|Sg|Pres|Ind"
                }
            }
        },
        "POST_info": {},
        "TOK_info": {
            "TOK1": {
                "word_type": "N",
                "word_form": "X",
                "lemma": "X",
                "POS_STTS": "NE",
                "index": "4",
                "dep_rel": "app",
                "head_index": "3",
                "parser_morph_features": "Fem|Nom|Sg",
                "possible_morph_features": []
            }
        },
        "relations": {}
    },
    {
        "file_ID": "1031_0003052",
        "sent_NP_ID": "2_10",
        "sentence": "Prinzipiell ist Stadt X eine sehr schöne Stadt , wo besonders Kinder ihre Freude finden können , weil Stadt X reich an Spielplätze und Wiesen sind .",
        "metadata": {
            "corpus": "MERLIN_DE",
            "author": {
                "author_ID": "1031_0003052",
                "L1": "Italian",
                "age": "22",
                "gender": "female"
            },
            "CEFR": {
                "overall_fairRating": "B2+",
                "test_level": "C1"
            },
            "task": {
                "formality": "formal",
                "text_type": "report",
                "topic": "reporting about the housing situation"
            }
        },
        "NP_info": {
            "len_np": 4,
            "coordination": null
        },
        "HEAD_info": {
            "head": {
                "H_TOK1": {
                    "word_type": "V",
                    "word_form": "ist",
                    "lemma": "sein",
                    "POS_STTS": "VAFIN",
                    "index": "2",
                    "dep_rel": "root",
                    "head_index": "0",
                    "parser_morph_features": "3|Sg|Pres|Ind"
                }
            },
            "super_head": {}
        },
        "POST_info": {},
        "TOK_info": {
            "TOK1": {
                "word_type": "ART",
                "word_form": "eine",
                "lemma": "eine",
                "POS_STTS": "ART",
                "index": "5",
                "dep_rel": "det",
                "head_index": "8",
                "parser_morph_features": "Indef|Fem|Nom|Sg",
                "possible_morph_features": []
            },
            "TOK2": {
                "word_type": "ADV",
                "word_form": "sehr",
                "lemma": "sehr",
                "POS_STTS": "ADV",
                "index": "6",
                "dep_rel": "adv",
                "head_index": "7",
                "parser_morph_features": "_",
                "possible_morph_features": []
            },
            "TOK3": {
                "word_type": "ADJA",
                "word_form": "schöne",
                "lemma": "schön",
                "POS_STTS": "ADJA",
                "index": "7",
                "dep_rel": "attr",
                "head_index": "8",
                "parser_morph_features": "Pos|Fem|Nom|Sg|_|",
                "possible_morph_features": []
            },
            "TOK4": {
                "word_type": "N",
                "word_form": "Stadt",
                "lemma": "Stadt",
                "POS_STTS": "NN",
                "index": "8",
                "dep_rel": "pred",
                "head_index": "2",
                "parser_morph_features": "Fem|Nom|Sg",
                "possible_morph_features": []
            }
        },
        "relations": {
            "rel_1": {
                "rel_type": "must_agree",
                "involved": [
                    "TOK1",
                    "TOK3"
                ],
                "ruler": null,
                "possible_agreement": null
            },
            "rel_2": {
                "rel_type": "must_agree",
                "involved": [
                    "TOK4",
                    "TOK1"
                ],
                "ruler": "TOK4",
                "possible_agreement": null
            },
            "rel_3": {
                "rel_type": "must_agree",
                "involved": [
                    "TOK4",
                    "TOK3"
                ],
                "ruler": "TOK4",
                "possible_agreement": null
            }
        }
    },
    {
        "file_ID": "1031_0003052",
        "sent_NP_ID": "2_11",
        "sentence": "Prinzipiell ist Stadt X eine sehr schöne Stadt , wo besonders Kinder ihre Freude finden können , weil Stadt X reich an Spielplätze und Wiesen sind .",
        "metadata": {
            "corpus": "MERLIN_DE",
            "author": {
                "author_ID": "1031_0003052",
                "L1": "Italian",
                "age": "22",
                "gender": "female"
            },
            "CEFR": {
                "overall_fairRating": "B2+",
                "test_level": "C1"
            },
            "task": {
                "formality": "formal",
                "text_type": "report",
                "topic": "reporting about the housing situation"
            }
        },
        "NP_info": {
            "len_np": 2,
            "coordination": null
        },
        "HEAD_info": {
            "head": {
                "H_TOK1": {
                    "word_type": "V",
                    "word_form": "können",
                    "lemma": "können",
                    "POS_STTS": "VMFIN",
                    "index": "16",
                    "dep_rel": "objc",
                    "head_index": "2",
                    "parser_morph_features": "3|Pl|Pres|_"
                }
            },
            "super_head": {
                "SH_TOK1": {
                    "word_type": "V",
                    "word_form": "ist",
                    "lemma": "sein",
                    "POS_STTS": "VAFIN",
                    "index": "2",
                    "dep_rel": "root",
                    "head_index": "0",
                    "parser_morph_features": "3|Sg|Pres|Ind"
                }
            }
        },
        "POST_info": {},
        "TOK_info": {
            "TOK1": {
                "word_type": "ADV",
                "word_form": "besonders",
                "lemma": "besonders",
                "POS_STTS": "ADV",
                "index": "11",
                "dep_rel": "adv",
                "head_index": "12",
                "parser_morph_features": "_",
                "possible_morph_features": []
            },
            "TOK2": {
                "word_type": "N",
                "word_form": "Kinder",
                "lemma": "Kind",
                "POS_STTS": "NN",
                "index": "12",
                "dep_rel": "subj",
                "head_index": "16",
                "parser_morph_features": "Neut|Nom|Pl",
                "possible_morph_features": []
            }
        },
        "relations": {}
    },
    {
        "file_ID": "1031_0003052",
        "sent_NP_ID": "2_12",
        "sentence": "Prinzipiell ist Stadt X eine sehr schöne Stadt , wo besonders Kinder ihre Freude finden können , weil Stadt X reich an Spielplätze und Wiesen sind .",
        "metadata": {
            "corpus": "MERLIN_DE",
            "author": {
                "author_ID": "1031_0003052",
                "L1": "Italian",
                "age": "22",
                "gender": "female"
            },
            "CEFR": {
                "overall_fairRating": "B2+",
                "test_level": "C1"
            },
            "task": {
                "formality": "formal",
                "text_type": "report",
                "topic": "reporting about the housing situation"
            }
        },
        "NP_info": {
            "len_np": 2,
            "coordination": null
        },
        "HEAD_info": {
            "head": {
                "H_TOK1": {
                    "word_type": "V",
                    "word_form": "finden",
                    "lemma": "finden",
                    "POS_STTS": "VVINF",
                    "index": "15",
                    "dep_rel": "aux",
                    "head_index": "16",
                    "parser_morph_features": "_"
                }
            },
            "super_head": {
                "SH_TOK1": {
                    "word_type": "V",
                    "word_form": "können",
                    "lemma": "können",
                    "POS_STTS": "VMFIN",
                    "index": "16",
                    "dep_rel": "objc",
                    "head_index": "2",
                    "parser_morph_features": "3|Pl|Pres|_"
                }
            }
        },
        "POST_info": {},
        "TOK_info": {
            "TOK1": {
                "word_type": "ART",
                "word_form": "ihre",
                "lemma": "ihre",
                "POS_STTS": "PPOSAT",
                "index": "13",
                "dep_rel": "det",
                "head_index": "14",
                "parser_morph_features": "Fem|Acc|Sg",
                "possible_morph_features": []
            },
            "TOK2": {
                "word_type": "N",
                "word_form": "Freude",
                "lemma": "Freude",
                "POS_STTS": "NN",
                "index": "14",
                "dep_rel": "obja",
                "head_index": "15",
                "parser_morph_features": "Fem|Acc|Sg",
                "possible_morph_features": []
            }
        },
        "relations": {
            "rel_1": {
                "rel_type": "must_agree",
                "involved": [
                    "TOK2",
                    "TOK1"
                ],
                "ruler": "TOK2",
                "possible_agreement": null
            }
        }
    },
    {
        "file_ID": "1031_0003052",
        "sent_NP_ID": "2_13",
        "sentence": "Prinzipiell ist Stadt X eine sehr schöne Stadt , wo besonders Kinder ihre Freude finden können , weil Stadt X reich an Spielplätze und Wiesen sind .",
        "metadata": {
            "corpus": "MERLIN_DE",
            "author": {
                "author_ID": "1031_0003052",
                "L1": "Italian",
                "age": "22",
                "gender": "female"
            },
            "CEFR": {
                "overall_fairRating": "B2+",
                "test_level": "C1"
            },
            "task": {
                "formality": "formal",
                "text_type": "report",
                "topic": "reporting about the housing situation"
            }
        },
        "NP_info": {
            "len_np": 1,
            "coordination": null
        },
        "HEAD_info": {
            "head": {
                "H_TOK1": {
                    "word_type": "V",
                    "word_form": "sind",
                    "lemma": "sein",
                    "POS_STTS": "VAFIN",
                    "index": "26",
                    "dep_rel": "neb",
                    "head_index": "16",
                    "parser_morph_features": "3|Pl|Pres|Ind"
                }
            },
            "super_head": {
                "SH_TOK1": {
                    "word_type": "V",
                    "word_form": "können",
                    "lemma": "können",
                    "POS_STTS": "VMFIN",
                    "index": "16",
                    "dep_rel": "objc",
                    "head_index": "2",
                    "parser_morph_features": "3|Pl|Pres|_"
                }
            }
        },
        "POST_info": {},
        "TOK_info": {
            "TOK1": {
                "word_type": "N",
                "word_form": "Stadt",
                "lemma": "Stadt",
                "POS_STTS": "NN",
                "index": "19",
                "dep_rel": "objd",
                "head_index": "26",
                "parser_morph_features": "Fem|Dat|Sg",
                "possible_morph_features": []
            }
        },
        "relations": {}
    },
    {
        "file_ID": "1031_0003052",
        "sent_NP_ID": "2_14",
        "sentence": "Prinzipiell ist Stadt X eine sehr schöne Stadt , wo besonders Kinder ihre Freude finden können , weil Stadt X reich an Spielplätze und Wiesen sind .",
        "metadata": {
            "corpus": "MERLIN_DE",
            "author": {
                "author_ID": "1031_0003052",
                "L1": "Italian",
                "age": "22",
                "gender": "female"
            },
            "CEFR": {
                "overall_fairRating": "B2+",
                "test_level": "C1"
            },
            "task": {
                "formality": "formal",
                "text_type": "report",
                "topic": "reporting about the housing situation"
            }
        },
        "NP_info": {
            "len_np": 1,
            "coordination": null
        },
        "HEAD_info": {
            "head": {
                "H_TOK1": {
                    "word_type": "V",
                    "word_form": "sind",
                    "lemma": "sein",
                    "POS_STTS": "VAFIN",
                    "index": "26",
                    "dep_rel": "neb",
                    "head_index": "16",
                    "parser_morph_features": "3|Pl|Pres|Ind"
                }
            },
            "super_head": {
                "SH_TOK1": {
                    "word_type": "V",
                    "word_form": "können",
                    "lemma": "können",
                    "POS_STTS": "VMFIN",
                    "index": "16",
                    "dep_rel": "objc",
                    "head_index": "2",
                    "parser_morph_features": "3|Pl|Pres|_"
                }
            }
        },
        "POST_info": {},
        "TOK_info": {
            "TOK1": {
                "word_type": "N",
                "word_form": "X",
                "lemma": "X",
                "POS_STTS": "NE",
                "index": "20",
                "dep_rel": "subj",
                "head_index": "26",
                "parser_morph_features": "_|Nom|Pl",
                "possible_morph_features": []
            }
        },
        "relations": {}
    },
    {
        "file_ID": "1031_0003052",
        "sent_NP_ID": "2_15",
        "sentence": "Prinzipiell ist Stadt X eine sehr schöne Stadt , wo besonders Kinder ihre Freude finden können , weil Stadt X reich an Spielplätze und Wiesen sind .",
        "metadata": {
            "corpus": "MERLIN_DE",
            "author": {
                "author_ID": "1031_0003052",
                "L1": "Italian",
                "age": "22",
                "gender": "female"
            },
            "CEFR": {
                "overall_fairRating": "B2+",
                "test_level": "C1"
            },
            "task": {
                "formality": "formal",
                "text_type": "report",
                "topic": "reporting about the housing situation"
            }
        },
        "NP_info": {
            "len_np": 1,
            "coordination": [
                "2_15",
                "2_16"
            ]
        },
        "HEAD_info": {
            "head": {
                "H_TOK1": {
                    "word_type": "PREP",
                    "word_form": "an",
                    "lemma": "an",
                    "POS_STTS": "APPR",
                    "index": "22",
                    "dep_rel": "pp",
                    "head_index": "26",
                    "parser_morph_features": "Acc"
                }
            },
            "super_head": {
                "SH_TOK1": {
                    "word_type": "V",
                    "word_form": "sind",
                    "lemma": "sein",
                    "POS_STTS": "VAFIN",
                    "index": "26",
                    "dep_rel": "neb",
                    "head_index": "16",
                    "parser_morph_features": "3|Pl|Pres|Ind"
                }
            }
        },
        "POST_info": {},
        "TOK_info": {
            "TOK1": {
                "word_type": "N",
                "word_form": "Spielplätze",
                "lemma": "Spielplatz",
                "POS_STTS": "NN",
                "index": "23",
                "dep_rel": "pn",
                "head_index": "22",
                "parser_morph_features": "Masc|Acc|Pl",
                "possible_morph_features": []
            }
        },
        "relations": {}
    },
    {
        "file_ID": "1031_0003052",
        "sent_NP_ID": "2_16",
        "sentence": "Prinzipiell ist Stadt X eine sehr schöne Stadt , wo besonders Kinder ihre Freude finden können , weil Stadt X reich an Spielplätze und Wiesen sind .",
        "metadata": {
            "corpus": "MERLIN_DE",
            "author": {
                "author_ID": "1031_0003052",
                "L1": "Italian",
                "age": "22",
                "gender": "female"
            },
            "CEFR": {
                "overall_fairRating": "B2+",
                "test_level": "C1"
            },
            "task": {
                "formality": "formal",
                "text_type": "report",
                "topic": "reporting about the housing situation"
            }
        },
        "NP_info": {
            "len_np": 1,
            "coordination": [
                "2_15",
                "2_16"
            ]
        },
        "HEAD_info": {
            "head": {
                "H_TOK1": {
                    "word_type": "KON",
                    "word_form": "und",
                    "lemma": "und",
                    "POS_STTS": "KON",
                    "index": "24",
                    "dep_rel": "kon",
                    "head_index": "23",
                    "parser_morph_features": "_"
                }
            },
            "super_head": {
                "SH_TOK1": {
                    "word_type": "N",
                    "word_form": "Spielplätze",
                    "lemma": "Spielplatz",
                    "POS_STTS": "NN",
                    "index": "23",
                    "dep_rel": "pn",
                    "head_index": "22",
                    "parser_morph_features": "Masc|Acc|Pl"
                }
            }
        },
        "POST_info": {},
        "TOK_info": {
            "TOK1": {
                "word_type": "N",
                "word_form": "Wiesen",
                "lemma": "Wiese",
                "POS_STTS": "NN",
                "index": "25",
                "dep_rel": "cj",
                "head_index": "24",
                "parser_morph_features": "_|Acc|_",
                "possible_morph_features": []
            }
        },
        "relations": {}
    },
    {
        "file_ID": "1031_0003052",
        "sent_NP_ID": "3_17",
        "sentence": "Auch Erwachsene können sich jedoch gut unterhalten , denn Vereine sind hier überall Verbraitet , und besonders Einzelpersonen können hier viele Kontakte knüpfen und , wenn jemand Glück hat , vielleicht auch die Leibe finden .",
        "metadata": {
            "corpus": "MERLIN_DE",
            "author": {
                "author_ID": "1031_0003052",
                "L1": "Italian",
                "age": "22",
                "gender": "female"
            },
            "CEFR": {
                "overall_fairRating": "B2+",
                "test_level": "C1"
            },
            "task": {
                "formality": "formal",
                "text_type": "report",
                "topic": "reporting about the housing situation"
            }
        },
        "NP_info": {
            "len_np": 2,
            "coordination": null
        },
        "HEAD_info": {
            "head": {
                "H_TOK1": {
                    "word_type": "V",
                    "word_form": "können",
                    "lemma": "können",
                    "POS_STTS": "VMFIN",
                    "index": "3",
                    "dep_rel": "root",
                    "head_index": "0",
                    "parser_morph_features": "3|Pl|Pres|_"
                }
            },
            "super_head": {}
        },
        "POST_info": {},
        "TOK_info": {
            "TOK1": {
                "word_type": "ADV",
                "word_form": "Auch",
                "lemma": "auch",
                "POS_STTS": "ADV",
                "index": "1",
                "dep_rel": "adv",
                "head_index": "2",
                "parser_morph_features": "_",
                "possible_morph_features": []
            },
            "TOK2": {
                "word_type": "N",
                "word_form": "Erwachsene",
                "lemma": "Erwachsene",
                "POS_STTS": "NN",
                "index": "2",
                "dep_rel": "subj",
                "head_index": "3",
                "parser_morph_features": "_|Nom|Pl",
                "possible_morph_features": []
            }
        },
        "relations": {}
    },
    {
        "file_ID": "1031_0003052",
        "sent_NP_ID": "3_18",
        "sentence": "Auch Erwachsene können sich jedoch gut unterhalten , denn Vereine sind hier überall Verbraitet , und besonders Einzelpersonen können hier viele Kontakte knüpfen und , wenn jemand Glück hat , vielleicht auch die Leibe finden .",
        "metadata": {
            "corpus": "MERLIN_DE",
            "author": {
                "author_ID": "1031_0003052",
                "L1": "Italian",
                "age": "22",
                "gender": "female"
            },
            "CEFR": {
                "overall_fairRating": "B2+",
                "test_level": "C1"
            },
            "task": {
                "formality": "formal",
                "text_type": "report",
                "topic": "reporting about the housing situation"
            }
        },
        "NP_info": {
            "len_np": 1,
            "coordination": null
        },
        "HEAD_info": {
            "head": {
                "H_TOK1": {
                    "word_type": "V",
                    "word_form": "sind",
                    "lemma": "sein",
                    "POS_STTS": "VAFIN",
                    "index": "11",
                    "dep_rel": "cj",
                    "head_index": "9",
                    "parser_morph_features": "3|Pl|Pres|Ind"
                }
            },
            "super_head": {
                "SH_TOK1": {
                    "word_type": "KON",
                    "word_form": "denn",
                    "lemma": "denn",
                    "POS_STTS": "KON",
                    "index": "9",
                    "dep_rel": "kon",
                    "head_index": "3",
                    "parser_morph_features": "_"
                }
            }
        },
        "POST_info": {},
        "TOK_info": {
            "TOK1": {
                "word_type": "N",
                "word_form": "Vereine",
                "lemma": "Verein",
                "POS_STTS": "NN",
                "index": "10",
                "dep_rel": "subj",
                "head_index": "11",
                "parser_morph_features": "Masc|Nom|Pl",
                "possible_morph_features": []
            }
        },
        "relations": {}
    },
    {
        "file_ID": "1031_0003052",
        "sent_NP_ID": "3_19",
        "sentence": "Auch Erwachsene können sich jedoch gut unterhalten , denn Vereine sind hier überall Verbraitet , und besonders Einzelpersonen können hier viele Kontakte knüpfen und , wenn jemand Glück hat , vielleicht auch die Leibe finden .",
        "metadata": {
            "corpus": "MERLIN_DE",
            "author": {
                "author_ID": "1031_0003052",
                "L1": "Italian",
                "age": "22",
                "gender": "female"
            },
            "CEFR": {
                "overall_fairRating": "B2+",
                "test_level": "C1"
            },
            "task": {
                "formality": "formal",
                "text_type": "report",
                "topic": "reporting about the housing situation"
            }
        },
        "NP_info": {
            "len_np": 1,
            "coordination": null
        },
        "HEAD_info": {
            "head": {
                "H_TOK1": {
                    "word_type": "V",
                    "word_form": "sind",
                    "lemma": "sein",
                    "POS_STTS": "VAFIN",
                    "index": "11",
                    "dep_rel": "cj",
                    "head_index": "9",
                    "parser_morph_features": "3|Pl|Pres|Ind"
                }
            },
            "super_head": {
                "SH_TOK1": {
                    "word_type": "KON",
                    "word_form": "denn",
                    "lemma": "denn",
                    "POS_STTS": "KON",
                    "index": "9",
                    "dep_rel": "kon",
                    "head_index": "3",
                    "parser_morph_features": "_"
                }
            }
        },
        "POST_info": {},
        "TOK_info": {
            "TOK1": {
                "word_type": "N",
                "word_form": "Verbraitet",
                "lemma": "Verbraitet",
                "POS_STTS": "NN",
                "index": "14",
                "dep_rel": "pred",
                "head_index": "11",
                "parser_morph_features": "_|Nom|_",
                "possible_morph_features": []
            }
        },
        "relations": {}
    },
    {
        "file_ID": "1031_0003052",
        "sent_NP_ID": "3_20",
        "sentence": "Auch Erwachsene können sich jedoch gut unterhalten , denn Vereine sind hier überall Verbraitet , und besonders Einzelpersonen können hier viele Kontakte knüpfen und , wenn jemand Glück hat , vielleicht auch die Leibe finden .",
        "metadata": {
            "corpus": "MERLIN_DE",
            "author": {
                "author_ID": "1031_0003052",
                "L1": "Italian",
                "age": "22",
                "gender": "female"
            },
            "CEFR": {
                "overall_fairRating": "B2+",
                "test_level": "C1"
            },
            "task": {
                "formality": "formal",
                "text_type": "report",
                "topic": "reporting about the housing situation"
            }
        },
        "NP_info": {
            "len_np": 2,
            "coordination": null
        },
        "HEAD_info": {
            "head": {
                "H_TOK1": {
                    "word_type": "V",
                    "word_form": "können",
                    "lemma": "können",
                    "POS_STTS": "VMFIN",
                    "index": "19",
                    "dep_rel": "cj",
                    "head_index": "16",
                    "parser_morph_features": "3|Pl|Pres|_"
                }
            },
            "super_head": {
                "SH_TOK1": {
                    "word_type": "KON",
                    "word_form": "und",
                    "lemma": "und",
                    "POS_STTS": "KON",
                    "index": "16",
                    "dep_rel": "kon",
                    "head_index": "11",
                    "parser_morph_features": "_"
                }
            }
        },
        "POST_info": {},
        "TOK_info": {
            "TOK1": {
                "word_type": "ADV",
                "word_form": "besonders",
                "lemma": "besonders",
                "POS_STTS": "ADV",
                "index": "17",
                "dep_rel": "adv",
                "head_index": "18",
                "parser_morph_features": "_",
                "possible_morph_features": []
            },
            "TOK2": {
                "word_type": "N",
                "word_form": "Einzelpersonen",
                "lemma": "Einzelperson",
                "POS_STTS": "NN",
                "index": "18",
                "dep_rel": "subj",
                "head_index": "19",
                "parser_morph_features": "Fem|Nom|Pl",
                "possible_morph_features": []
            }
        },
        "relations": {}
    },
    {
        "file_ID": "1031_0003052",
        "sent_NP_ID": "3_21",
        "sentence": "Auch Erwachsene können sich jedoch gut unterhalten , denn Vereine sind hier überall Verbraitet , und besonders Einzelpersonen können hier viele Kontakte knüpfen und , wenn jemand Glück hat , vielleicht auch die Leibe finden .",
        "metadata": {
            "corpus": "MERLIN_DE",
            "author": {
                "author_ID": "1031_0003052",
                "L1": "Italian",
                "age": "22",
                "gender": "female"
            },
            "CEFR": {
                "overall_fairRating": "B2+",
                "test_level": "C1"
            },
            "task": {
                "formality": "formal",
                "text_type": "report",
                "topic": "reporting about the housing situation"
            }
        },
        "NP_info": {
            "len_np": 2,
            "coordination": null
        },
        "HEAD_info": {
            "head": {
                "H_TOK1": {
                    "word_type": "V",
                    "word_form": "knüpfen",
                    "lemma": "knüpfen",
                    "POS_STTS": "VVINF",
                    "index": "23",
                    "dep_rel": "aux",
                    "head_index": "19",
                    "parser_morph_features": "_"
                }
            },
            "super_head": {
                "SH_TOK1": {
                    "word_type": "V",
                    "word_form": "können",
                    "lemma": "können",
                    "POS_STTS": "VMFIN",
                    "index": "19",
                    "dep_rel": "cj",
                    "head_index": "16",
                    "parser_morph_features": "3|Pl|Pres|_"
                }
            }
        },
        "POST_info": {},
        "TOK_info": {
            "TOK1": {
                "word_type": "ART",
                "word_form": "viele",
                "lemma": "viele",
                "POS_STTS": "PIDAT",
                "index": "21",
                "dep_rel": "det",
                "head_index": "22",
                "parser_morph_features": "Masc|Acc|Pl",
                "possible_morph_features": []
            },
            "TOK2": {
                "word_type": "N",
                "word_form": "Kontakte",
                "lemma": "Kontakt",
                "POS_STTS": "NN",
                "index": "22",
                "dep_rel": "obja",
                "head_index": "23",
                "parser_morph_features": "Masc|Acc|Pl",
                "possible_morph_features": []
            }
        },
        "relations": {
            "rel_1": {
                "rel_type": "must_agree",
                "involved": [
                    "TOK2",
                    "TOK1"
                ],
                "ruler": "TOK2",
                "possible_agreement": null
            }
        }
    },
    {
        "file_ID": "1031_0003052",
        "sent_NP_ID": "3_22",
        "sentence": "Auch Erwachsene können sich jedoch gut unterhalten , denn Vereine sind hier überall Verbraitet , und besonders Einzelpersonen können hier viele Kontakte knüpfen und , wenn jemand Glück hat , vielleicht auch die Leibe finden .",
        "metadata": {
            "corpus": "MERLIN_DE",
            "author": {
                "author_ID": "1031_0003052",
                "L1": "Italian",
                "age": "22",
                "gender": "female"
            },
            "CEFR": {
                "overall_fairRating": "B2+",
                "test_level": "C1"
            },
            "task": {
                "formality": "formal",
                "text_type": "report",
                "topic": "reporting about the housing situation"
            }
        },
        "NP_info": {
            "len_np": 1,
            "coordination": null
        },
        "HEAD_info": {
            "head": {
                "H_TOK1": {
                    "word_type": "V",
                    "word_form": "hat",
                    "lemma": "haben",
                    "POS_STTS": "VAFIN",
                    "index": "29",
                    "dep_rel": "cj",
                    "head_index": "24",
                    "parser_morph_features": "3|Sg|Pres|Ind"
                }
            },
            "super_head": {
                "SH_TOK1": {
                    "word_type": "KON",
                    "word_form": "und",
                    "lemma": "und",
                    "POS_STTS": "KON",
                    "index": "24",
                    "dep_rel": "root",
                    "head_index": "0",
                    "parser_morph_features": "_"
                }
            }
        },
        "POST_info": {},
        "TOK_info": {
            "TOK1": {
                "word_type": "N",
                "word_form": "Glück",
                "lemma": "Glück",
                "POS_STTS": "NN",
                "index": "28",
                "dep_rel": "obja",
                "head_index": "29",
                "parser_morph_features": "Neut|Acc|Sg",
                "possible_morph_features": []
            }
        },
        "relations": {}
    },
    {
        "file_ID": "1031_0003052",
        "sent_NP_ID": "3_23",
        "sentence": "Auch Erwachsene können sich jedoch gut unterhalten , denn Vereine sind hier überall Verbraitet , und besonders Einzelpersonen können hier viele Kontakte knüpfen und , wenn jemand Glück hat , vielleicht auch die Leibe finden .",
        "metadata": {
            "corpus": "MERLIN_DE",
            "author": {
                "author_ID": "1031_0003052",
                "L1": "Italian",
                "age": "22",
                "gender": "female"
            },
            "CEFR": {
                "overall_fairRating": "B2+",
                "test_level": "C1"
            },
            "task": {
                "formality": "formal",
                "text_type": "report",
                "topic": "reporting about the housing situation"
            }
        },
        "NP_info": {
            "len_np": 2,
            "coordination": null
        },
        "HEAD_info": {
            "head": {
                "H_TOK1": {
                    "word_type": "V",
                    "word_form": "finden",
                    "lemma": "finden",
                    "POS_STTS": "VVINF",
                    "index": "35",
                    "dep_rel": "root",
                    "head_index": "0",
                    "parser_morph_features": "_"
                }
            },
            "super_head": {}
        },
        "POST_info": {},
        "TOK_info": {
            "TOK1": {
                "word_type": "ART",
                "word_form": "die",
                "lemma": "die",
                "POS_STTS": "ART",
                "index": "33",
                "dep_rel": "det",
                "head_index": "34",
                "parser_morph_features": "Def|_|_|_",
                "possible_morph_features": []
            },
            "TOK2": {
                "word_type": "N",
                "word_form": "Leibe",
                "lemma": "Leib",
                "POS_STTS": "NN",
                "index": "34",
                "dep_rel": "obja",
                "head_index": "35",
                "parser_morph_features": "_|Acc|_",
                "possible_morph_features": []
            }
        },
        "relations": {
            "rel_1": {
                "rel_type": "must_agree",
                "involved": [
                    "TOK2",
                    "TOK1"
                ],
                "ruler": "TOK2",
                "possible_agreement": null
            }
        }
    },
    {
        "file_ID": "1031_0003052",
        "sent_NP_ID": "4_24",
        "sentence": "Von wichtigen Bedeutung ist , dass in dieser Stadt alle immer bereit sind , dem anderen zu helfen , wenn er in Not ist .",
        "metadata": {
            "corpus": "MERLIN_DE",
            "author": {
                "author_ID": "1031_0003052",
                "L1": "Italian",
                "age": "22",
                "gender": "female"
            },
            "CEFR": {
                "overall_fairRating": "B2+",
                "test_level": "C1"
            },
            "task": {
                "formality": "formal",
                "text_type": "report",
                "topic": "reporting about the housing situation"
            }
        },
        "NP_info": {
            "len_np": 2,
            "coordination": null
        },
        "HEAD_info": {
            "head": {
                "H_TOK1": {
                    "word_type": "PREP",
                    "word_form": "Von",
                    "lemma": "von",
                    "POS_STTS": "APPR",
                    "index": "1",
                    "dep_rel": "pp",
                    "head_index": "4",
                    "parser_morph_features": "_"
                }
            },
            "super_head": {
                "SH_TOK1": {
                    "word_type": "V",
                    "word_form": "ist",
                    "lemma": "sein",
                    "POS_STTS": "VAFIN",
                    "index": "4",
                    "dep_rel": "root",
                    "head_index": "0",
                    "parser_morph_features": "3|Sg|Pres|Ind"
                }
            }
        },
        "POST_info": {},
        "TOK_info": {
            "TOK1": {
                "word_type": "ADJA",
                "word_form": "wichtigen",
                "lemma": "wichtig",
                "POS_STTS": "ADJA",
                "index": "2",
                "dep_rel": "attr",
                "head_index": "3",
                "parser_morph_features": "Pos|Fem|_|Sg|Wk|",
                "possible_morph_features": []
            },
            "TOK2": {
                "word_type": "N",
                "word_form": "Bedeutung",
                "lemma": "Bedeutung",
                "POS_STTS": "NN",
                "index": "3",
                "dep_rel": "pn",
                "head_index": "1",
                "parser_morph_features": "Fem|_|Sg",
                "possible_morph_features": []
            }
        },
        "relations": {
            "rel_1": {
                "rel_type": "must_agree",
                "involved": [
                    "TOK2",
                    "TOK1"
                ],
                "ruler": "TOK2",
                "possible_agreement": null
            }
        }
    },
    {
        "file_ID": "1031_0003052",
        "sent_NP_ID": "4_25",
        "sentence": "Von wichtigen Bedeutung ist , dass in dieser Stadt alle immer bereit sind , dem anderen zu helfen , wenn er in Not ist .",
        "metadata": {
            "corpus": "MERLIN_DE",
            "author": {
                "author_ID": "1031_0003052",
                "L1": "Italian",
                "age": "22",
                "gender": "female"
            },
            "CEFR": {
                "overall_fairRating": "B2+",
                "test_level": "C1"
            },
            "task": {
                "formality": "formal",
                "text_type": "report",
                "topic": "reporting about the housing situation"
            }
        },
        "NP_info": {
            "len_np": 2,
            "coordination": null
        },
        "HEAD_info": {
            "head": {
                "H_TOK1": {
                    "word_type": "PREP",
                    "word_form": "in",
                    "lemma": "in",
                    "POS_STTS": "APPR",
                    "index": "7",
                    "dep_rel": "root",
                    "head_index": "0",
                    "parser_morph_features": "Dat"
                }
            },
            "super_head": {}
        },
        "POST_info": {},
        "TOK_info": {
            "TOK1": {
                "word_type": "ART",
                "word_form": "dieser",
                "lemma": "diese",
                "POS_STTS": "PDAT",
                "index": "8",
                "dep_rel": "det",
                "head_index": "9",
                "parser_morph_features": "Fem|Dat|Sg",
                "possible_morph_features": []
            },
            "TOK2": {
                "word_type": "N",
                "word_form": "Stadt",
                "lemma": "Stadt",
                "POS_STTS": "NN",
                "index": "9",
                "dep_rel": "pn",
                "head_index": "7",
                "parser_morph_features": "Fem|Dat|Sg",
                "possible_morph_features": []
            }
        },
        "relations": {
            "rel_1": {
                "rel_type": "must_agree",
                "involved": [
                    "TOK2",
                    "TOK1"
                ],
                "ruler": "TOK2",
                "possible_agreement": null
            }
        }
    },
    {
        "file_ID": "1031_0003052",
        "sent_NP_ID": "4_26",
        "sentence": "Von wichtigen Bedeutung ist , dass in dieser Stadt alle immer bereit sind , dem anderen zu helfen , wenn er in Not ist .",
        "metadata": {
            "corpus": "MERLIN_DE",
            "author": {
                "author_ID": "1031_0003052",
                "L1": "Italian",
                "age": "22",
                "gender": "female"
            },
            "CEFR": {
                "overall_fairRating": "B2+",
                "test_level": "C1"
            },
            "task": {
                "formality": "formal",
                "text_type": "report",
                "topic": "reporting about the housing situation"
            }
        },
        "NP_info": {
            "len_np": 1,
            "coordination": null
        },
        "HEAD_info": {
            "head": {
                "H_TOK1": {
                    "word_type": "PREP",
                    "word_form": "in",
                    "lemma": "in",
                    "POS_STTS": "APPR",
                    "index": "22",
                    "dep_rel": "pp",
                    "head_index": "24",
                    "parser_morph_features": "_"
                }
            },
            "super_head": {
                "SH_TOK1": {
                    "word_type": "V",
                    "word_form": "ist",
                    "lemma": "sein",
                    "POS_STTS": "VAFIN",
                    "index": "24",
                    "dep_rel": "neb",
                    "head_index": "18",
                    "parser_morph_features": "3|Sg|Pres|Ind"
                }
            }
        },
        "POST_info": {},
        "TOK_info": {
            "TOK1": {
                "word_type": "N",
                "word_form": "Not",
                "lemma": "Not",
                "POS_STTS": "NN",
                "index": "23",
                "dep_rel": "pn",
                "head_index": "22",
                "parser_morph_features": "Fem|_|Sg",
                "possible_morph_features": []
            }
        },
        "relations": {}
    },
    {
        "file_ID": "1031_0003052",
        "sent_NP_ID": "5_27",
        "sentence": "Was Wohnungsmarkt betrefft , sind die Preise hier sehr teuer wenn man nicht genau weißt , wo man suchen sollte .",
        "metadata": {
            "corpus": "MERLIN_DE",
            "author": {
                "author_ID": "1031_0003052",
                "L1": "Italian",
                "age": "22",
                "gender": "female"
            },
            "CEFR": {
                "overall_fairRating": "B2+",
                "test_level": "C1"
            },
            "task": {
                "formality": "formal",
                "text_type": "report",
                "topic": "reporting about the housing situation"
            }
        },
        "NP_info": {
            "len_np": 1,
            "coordination": null
        },
        "HEAD_info": {
            "head": {
                "H_TOK1": {
                    "word_type": "V",
                    "word_form": "betrefft",
                    "lemma": "betreffen",
                    "POS_STTS": "VVFIN",
                    "index": "3",
                    "dep_rel": "root",
                    "head_index": "0",
                    "parser_morph_features": "2|Pl|Pres|Ind"
                }
            },
            "super_head": {}
        },
        "POST_info": {},
        "TOK_info": {
            "TOK1": {
                "word_type": "N",
                "word_form": "Wohnungsmarkt",
                "lemma": "Wohnungsmarkt",
                "POS_STTS": "NN",
                "index": "2",
                "dep_rel": "obja",
                "head_index": "3",
                "parser_morph_features": "Masc|Acc|Sg",
                "possible_morph_features": []
            }
        },
        "relations": {}
    },
    {
        "file_ID": "1031_0003052",
        "sent_NP_ID": "5_28",
        "sentence": "Was Wohnungsmarkt betrefft , sind die Preise hier sehr teuer wenn man nicht genau weißt , wo man suchen sollte .",
        "metadata": {
            "corpus": "MERLIN_DE",
            "author": {
                "author_ID": "1031_0003052",
                "L1": "Italian",
                "age": "22",
                "gender": "female"
            },
            "CEFR": {
                "overall_fairRating": "B2+",
                "test_level": "C1"
            },
            "task": {
                "formality": "formal",
                "text_type": "report",
                "topic": "reporting about the housing situation"
            }
        },
        "NP_info": {
            "len_np": 2,
            "coordination": null
        },
        "HEAD_info": {
            "head": {
                "H_TOK1": {
                    "word_type": "V",
                    "word_form": "sind",
                    "lemma": "sein",
                    "POS_STTS": "VAFIN",
                    "index": "5",
                    "dep_rel": "root",
                    "head_index": "0",
                    "parser_morph_features": "3|Pl|Pres|Ind"
                }
            },
            "super_head": {}
        },
        "POST_info": {},
        "TOK_info": {
            "TOK1": {
                "word_type": "ART",
                "word_form": "die",
                "lemma": "die",
                "POS_STTS": "ART",
                "index": "6",
                "dep_rel": "det",
                "head_index": "7",
                "parser_morph_features": "Def|Masc|Nom|Pl",
                "possible_morph_features": []
            },
            "TOK2": {
                "word_type": "N",
                "word_form": "Preise",
                "lemma": "Preis",
                "POS_STTS": "NN",
                "index": "7",
                "dep_rel": "subj",
                "head_index": "5",
                "parser_morph_features": "Masc|Nom|Pl",
                "possible_morph_features": []
            }
        },
        "relations": {
            "rel_1": {
                "rel_type": "must_agree",
                "involved": [
                    "TOK2",
                    "TOK1"
                ],
                "ruler": "TOK2",
                "possible_agreement": null
            }
        }
    },
    {
        "file_ID": "1031_0003052",
        "sent_NP_ID": "6_29",
        "sentence": "Aus diesem Grund gibt es in Stadt X ein zuständiger Amt , wo man fragen und herausfinden kann , was am bestens für jeder passt .",
        "metadata": {
            "corpus": "MERLIN_DE",
            "author": {
                "author_ID": "1031_0003052",
                "L1": "Italian",
                "age": "22",
                "gender": "female"
            },
            "CEFR": {
                "overall_fairRating": "B2+",
                "test_level": "C1"
            },
            "task": {
                "formality": "formal",
                "text_type": "report",
                "topic": "reporting about the housing situation"
            }
        },
        "NP_info": {
            "len_np": 2,
            "coordination": null
        },
        "HEAD_info": {
            "head": {
                "H_TOK1": {
                    "word_type": "PREP",
                    "word_form": "Aus",
                    "lemma": "aus",
                    "POS_STTS": "APPR",
                    "index": "1",
                    "dep_rel": "objp",
                    "head_index": "4",
                    "parser_morph_features": "Dat"
                }
            },
            "super_head": {
                "SH_TOK1": {
                    "word_type": "V",
                    "word_form": "gibt",
                    "lemma": "geben",
                    "POS_STTS": "VVFIN",
                    "index": "4",
                    "dep_rel": "root",
                    "head_index": "0",
                    "parser_morph_features": "3|Sg|Pres|Ind"
                }
            }
        },
        "POST_info": {},
        "TOK_info": {
            "TOK1": {
                "word_type": "ART",
                "word_form": "diesem",
                "lemma": "diese",
                "POS_STTS": "PDAT",
                "index": "2",
                "dep_rel": "det",
                "head_index": "3",
                "parser_morph_features": "Masc|Dat|Sg",
                "possible_morph_features": []
            },
            "TOK2": {
                "word_type": "N",
                "word_form": "Grund",
                "lemma": "Grund",
                "POS_STTS": "NN",
                "index": "3",
                "dep_rel": "pn",
                "head_index": "1",
                "parser_morph_features": "Masc|Dat|Sg",
                "possible_morph_features": []
            }
        },
        "relations": {
            "rel_1": {
                "rel_type": "must_agree",
                "involved": [
                    "TOK2",
                    "TOK1"
                ],
                "ruler": "TOK2",
                "possible_agreement": null
            }
        }
    },
    {
        "file_ID": "1031_0003052",
        "sent_NP_ID": "6_30",
        "sentence": "Aus diesem Grund gibt es in Stadt X ein zuständiger Amt , wo man fragen und herausfinden kann , was am bestens für jeder passt .",
        "metadata": {
            "corpus": "MERLIN_DE",
            "author": {
                "author_ID": "1031_0003052",
                "L1": "Italian",
                "age": "22",
                "gender": "female"
            },
            "CEFR": {
                "overall_fairRating": "B2+",
                "test_level": "C1"
            },
            "task": {
                "formality": "formal",
                "text_type": "report",
                "topic": "reporting about the housing situation"
            }
        },
        "NP_info": {
            "len_np": 1,
            "coordination": null
        },
        "HEAD_info": {
            "head": {
                "H_TOK1": {
                    "word_type": "PREP",
                    "word_form": "in",
                    "lemma": "in",
                    "POS_STTS": "APPR",
                    "index": "6",
                    "dep_rel": "pp",
                    "head_index": "4",
                    "parser_morph_features": "_"
                }
            },
            "super_head": {
                "SH_TOK1": {
                    "word_type": "V",
                    "word_form": "gibt",
                    "lemma": "geben",
                    "POS_STTS": "VVFIN",
                    "index": "4",
                    "dep_rel": "root",
                    "head_index": "0",
                    "parser_morph_features": "3|Sg|Pres|Ind"
                }
            }
        },
        "POST_info": {
            "P_TOK1": {
                "word_type": "N",
                "word_form": "X",
                "lemma": "X",
                "POS_STTS": "NE",
                "index": "8",
                "dep_rel": "app",
                "head_index": "7",
                "parser_morph_features": "Fem|_|Sg"
            }
        },
        "TOK_info": {
            "TOK1": {
                "word_type": "N",
                "word_form": "Stadt",
                "lemma": "Stadt",
                "POS_STTS": "NN",
                "index": "7",
                "dep_rel": "pn",
                "head_index": "6",
                "parser_morph_features": "Fem|_|Sg",
                "possible_morph_features": []
            }
        },
        "relations": {}
    },
    {
        "file_ID": "1031_0003052",
        "sent_NP_ID": "6_31",
        "sentence": "Aus diesem Grund gibt es in Stadt X ein zuständiger Amt , wo man fragen und herausfinden kann , was am bestens für jeder passt .",
        "metadata": {
            "corpus": "MERLIN_DE",
            "author": {
                "author_ID": "1031_0003052",
                "L1": "Italian",
                "age": "22",
                "gender": "female"
            },
            "CEFR": {
                "overall_fairRating": "B2+",
                "test_level": "C1"
            },
            "task": {
                "formality": "formal",
                "text_type": "report",
                "topic": "reporting about the housing situation"
            }
        },
        "NP_info": {
            "len_np": 1,
            "coordination": null
        },
        "HEAD_info": {
            "head": {
                "H_TOK1": {
                    "word_type": "N",
                    "word_form": "Stadt",
                    "lemma": "Stadt",
                    "POS_STTS": "NN",
                    "index": "7",
                    "dep_rel": "pn",
                    "head_index": "6",
                    "parser_morph_features": "Fem|_|Sg"
                }
            },
            "super_head": {
                "SH_TOK1": {
                    "word_type": "PREP",
                    "word_form": "in",
                    "lemma": "in",
                    "POS_STTS": "APPR",
                    "index": "6",
                    "dep_rel": "pp",
                    "head_index": "4",
                    "parser_morph_features": "_"
                }
            }
        },
        "POST_info": {},
        "TOK_info": {
            "TOK1": {
                "word_type": "N",
                "word_form": "X",
                "lemma": "X",
                "POS_STTS": "NE",
                "index": "8",
                "dep_rel": "app",
                "head_index": "7",
                "parser_morph_features": "Fem|_|Sg",
                "possible_morph_features": []
            }
        },
        "relations": {}
    },
    {
        "file_ID": "1031_0003052",
        "sent_NP_ID": "6_32",
        "sentence": "Aus diesem Grund gibt es in Stadt X ein zuständiger Amt , wo man fragen und herausfinden kann , was am bestens für jeder passt .",
        "metadata": {
            "corpus": "MERLIN_DE",
            "author": {
                "author_ID": "1031_0003052",
                "L1": "Italian",
                "age": "22",
                "gender": "female"
            },
            "CEFR": {
                "overall_fairRating": "B2+",
                "test_level": "C1"
            },
            "task": {
                "formality": "formal",
                "text_type": "report",
                "topic": "reporting about the housing situation"
            }
        },
        "NP_info": {
            "len_np": 3,
            "coordination": null
        },
        "HEAD_info": {
            "head": {
                "H_TOK1": {
                    "word_type": "V",
                    "word_form": "gibt",
                    "lemma": "geben",
                    "POS_STTS": "VVFIN",
                    "index": "4",
                    "dep_rel": "root",
                    "head_index": "0",
                    "parser_morph_features": "3|Sg|Pres|Ind"
                }
            },
            "super_head": {}
        },
        "POST_info": {},
        "TOK_info": {
            "TOK1": {
                "word_type": "ART",
                "word_form": "ein",
                "lemma": "eine",
                "POS_STTS": "ART",
                "index": "9",
                "dep_rel": "det",
                "head_index": "11",
                "parser_morph_features": "Indef|Neut|Acc|Sg",
                "possible_morph_features": []
            },
            "TOK2": {
                "word_type": "ADJA",
                "word_form": "zuständiger",
                "lemma": "zuständig",
                "POS_STTS": "ADJA",
                "index": "10",
                "dep_rel": "attr",
                "head_index": "11",
                "parser_morph_features": "Pos|_|_|_|St|",
                "possible_morph_features": []
            },
            "TOK3": {
                "word_type": "N",
                "word_form": "Amt",
                "lemma": "Amt",
                "POS_STTS": "NN",
                "index": "11",
                "dep_rel": "obja",
                "head_index": "4",
                "parser_morph_features": "Neut|Acc|Sg",
                "possible_morph_features": []
            }
        },
        "relations": {
            "rel_1": {
                "rel_type": "must_agree",
                "involved": [
                    "TOK1",
                    "TOK2"
                ],
                "ruler": null,
                "possible_agreement": null
            },
            "rel_2": {
                "rel_type": "must_agree",
                "involved": [
                    "TOK3",
                    "TOK1"
                ],
                "ruler": "TOK3",
                "possible_agreement": null
            },
            "rel_3": {
                "rel_type": "must_agree",
                "involved": [
                    "TOK3",
                    "TOK2"
                ],
                "ruler": "TOK3",
                "possible_agreement": null
            }
        }
    },
    {
        "file_ID": "1031_0003052",
        "sent_NP_ID": "7_33",
        "sentence": "Dieser Amt heißt \" Ein Haus , ein Leben „ und befindet sich in Winkelsweg 19.",
        "metadata": {
            "corpus": "MERLIN_DE",
            "author": {
                "author_ID": "1031_0003052",
                "L1": "Italian",
                "age": "22",
                "gender": "female"
            },
            "CEFR": {
                "overall_fairRating": "B2+",
                "test_level": "C1"
            },
            "task": {
                "formality": "formal",
                "text_type": "report",
                "topic": "reporting about the housing situation"
            }
        },
        "NP_info": {
            "len_np": 2,
            "coordination": null
        },
        "HEAD_info": {
            "head": {
                "H_TOK1": {
                    "word_type": "V",
                    "word_form": "heißt",
                    "lemma": "heißen",
                    "POS_STTS": "VVFIN",
                    "index": "3",
                    "dep_rel": "root",
                    "head_index": "0",
                    "parser_morph_features": "3|Sg|Pres|Ind"
                }
            },
            "super_head": {}
        },
        "POST_info": {},
        "TOK_info": {
            "TOK1": {
                "word_type": "ART",
                "word_form": "Dieser",
                "lemma": "diese",
                "POS_STTS": "PDAT",
                "index": "1",
                "dep_rel": "det",
                "head_index": "2",
                "parser_morph_features": "_|_|_",
                "possible_morph_features": []
            },
            "TOK2": {
                "word_type": "N",
                "word_form": "Amt",
                "lemma": "Amt",
                "POS_STTS": "NN",
                "index": "2",
                "dep_rel": "subj",
                "head_index": "3",
                "parser_morph_features": "Masc|Nom|Sg",
                "possible_morph_features": []
            }
        },
        "relations": {
            "rel_1": {
                "rel_type": "must_agree",
                "involved": [
                    "TOK2",
                    "TOK1"
                ],
                "ruler": "TOK2",
                "possible_agreement": null
            }
        }
    },
    {
        "file_ID": "1031_0003052",
        "sent_NP_ID": "7_34",
        "sentence": "Dieser Amt heißt \" Ein Haus , ein Leben „ und befindet sich in Winkelsweg 19.",
        "metadata": {
            "corpus": "MERLIN_DE",
            "author": {
                "author_ID": "1031_0003052",
                "L1": "Italian",
                "age": "22",
                "gender": "female"
            },
            "CEFR": {
                "overall_fairRating": "B2+",
                "test_level": "C1"
            },
            "task": {
                "formality": "formal",
                "text_type": "report",
                "topic": "reporting about the housing situation"
            }
        },
        "NP_info": {
            "len_np": 2,
            "coordination": null
        },
        "HEAD_info": {
            "head": {
                "H_TOK1": {
                    "word_type": "V",
                    "word_form": "heißt",
                    "lemma": "heißen",
                    "POS_STTS": "VVFIN",
                    "index": "3",
                    "dep_rel": "root",
                    "head_index": "0",
                    "parser_morph_features": "3|Sg|Pres|Ind"
                }
            },
            "super_head": {}
        },
        "POST_info": {},
        "TOK_info": {
            "TOK1": {
                "word_type": "ART",
                "word_form": "Ein",
                "lemma": "ein",
                "POS_STTS": "ART",
                "index": "5",
                "dep_rel": "det",
                "head_index": "6",
                "parser_morph_features": "Indef|Neut|Nom|Sg",
                "possible_morph_features": []
            },
            "TOK2": {
                "word_type": "N",
                "word_form": "Haus",
                "lemma": "Haus",
                "POS_STTS": "NN",
                "index": "6",
                "dep_rel": "pred",
                "head_index": "3",
                "parser_morph_features": "Neut|Nom|Sg",
                "possible_morph_features": []
            }
        },
        "relations": {
            "rel_1": {
                "rel_type": "must_agree",
                "involved": [
                    "TOK2",
                    "TOK1"
                ],
                "ruler": "TOK2",
                "possible_agreement": null
            }
        }
    },
    {
        "file_ID": "1031_0003052",
        "sent_NP_ID": "7_35",
        "sentence": "Dieser Amt heißt \" Ein Haus , ein Leben „ und befindet sich in Winkelsweg 19.",
        "metadata": {
            "corpus": "MERLIN_DE",
            "author": {
                "author_ID": "1031_0003052",
                "L1": "Italian",
                "age": "22",
                "gender": "female"
            },
            "CEFR": {
                "overall_fairRating": "B2+",
                "test_level": "C1"
            },
            "task": {
                "formality": "formal",
                "text_type": "report",
                "topic": "reporting about the housing situation"
            }
        },
        "NP_info": {
            "len_np": 2,
            "coordination": null
        },
        "HEAD_info": {
            "head": {},
            "super_head": {}
        },
        "POST_info": {
            "P_TOK1": {
                "word_type": "N",
                "word_form": "„",
                "lemma": "„",
                "POS_STTS": "NE",
                "index": "10",
                "dep_rel": "app",
                "head_index": "9",
                "parser_morph_features": "Neut|_|Sg"
            }
        },
        "TOK_info": {
            "TOK1": {
                "word_type": "ART",
                "word_form": "ein",
                "lemma": "eine",
                "POS_STTS": "ART",
                "index": "8",
                "dep_rel": "det",
                "head_index": "9",
                "parser_morph_features": "Indef|Neut|_|Sg",
                "possible_morph_features": []
            },
            "TOK2": {
                "word_type": "N",
                "word_form": "Leben",
                "lemma": "Leben",
                "POS_STTS": "NN",
                "index": "9",
                "dep_rel": "root",
                "head_index": "0",
                "parser_morph_features": "Neut|_|Sg",
                "possible_morph_features": []
            }
        },
        "relations": {
            "rel_1": {
                "rel_type": "must_agree",
                "involved": [
                    "TOK2",
                    "TOK1"
                ],
                "ruler": "TOK2",
                "possible_agreement": null
            }
        }
    },
    {
        "file_ID": "1031_0003052",
        "sent_NP_ID": "7_36",
        "sentence": "Dieser Amt heißt \" Ein Haus , ein Leben „ und befindet sich in Winkelsweg 19.",
        "metadata": {
            "corpus": "MERLIN_DE",
            "author": {
                "author_ID": "1031_0003052",
                "L1": "Italian",
                "age": "22",
                "gender": "female"
            },
            "CEFR": {
                "overall_fairRating": "B2+",
                "test_level": "C1"
            },
            "task": {
                "formality": "formal",
                "text_type": "report",
                "topic": "reporting about the housing situation"
            }
        },
        "NP_info": {
            "len_np": 1,
            "coordination": null
        },
        "HEAD_info": {
            "head": {
                "H_TOK1": {
                    "word_type": "N",
                    "word_form": "Leben",
                    "lemma": "Leben",
                    "POS_STTS": "NN",
                    "index": "9",
                    "dep_rel": "root",
                    "head_index": "0",
                    "parser_morph_features": "Neut|_|Sg"
                }
            },
            "super_head": {}
        },
        "POST_info": {},
        "TOK_info": {
            "TOK1": {
                "word_type": "N",
                "word_form": "„",
                "lemma": "„",
                "POS_STTS": "NE",
                "index": "10",
                "dep_rel": "app",
                "head_index": "9",
                "parser_morph_features": "Neut|_|Sg",
                "possible_morph_features": []
            }
        },
        "relations": {}
    },
    {
        "file_ID": "1031_0003052",
        "sent_NP_ID": "7_37",
        "sentence": "Dieser Amt heißt \" Ein Haus , ein Leben „ und befindet sich in Winkelsweg 19.",
        "metadata": {
            "corpus": "MERLIN_DE",
            "author": {
                "author_ID": "1031_0003052",
                "L1": "Italian",
                "age": "22",
                "gender": "female"
            },
            "CEFR": {
                "overall_fairRating": "B2+",
                "test_level": "C1"
            },
            "task": {
                "formality": "formal",
                "text_type": "report",
                "topic": "reporting about the housing situation"
            }
        },
        "NP_info": {
            "len_np": 1,
            "coordination": null
        },
        "HEAD_info": {
            "head": {
                "H_TOK1": {
                    "word_type": "PREP",
                    "word_form": "in",
                    "lemma": "in",
                    "POS_STTS": "APPR",
                    "index": "14",
                    "dep_rel": "pp",
                    "head_index": "16",
                    "parser_morph_features": "_"
                }
            },
            "super_head": {
                "SH_TOK1": {
                    "word_type": "ADJA",
                    "word_form": "19.",
                    "lemma": "19.",
                    "POS_STTS": "ADJA",
                    "index": "16",
                    "dep_rel": "objd",
                    "head_index": "12",
                    "parser_morph_features": "_|_|Dat|_|_|"
                }
            }
        },
        "POST_info": {},
        "TOK_info": {
            "TOK1": {
                "word_type": "N",
                "word_form": "Winkelsweg",
                "lemma": "Winkelsweg",
                "POS_STTS": "NN",
                "index": "15",
                "dep_rel": "pn",
                "head_index": "14",
                "parser_morph_features": "Masc|_|Sg",
                "possible_morph_features": []
            }
        },
        "relations": {}
    },
    {
        "file_ID": "1031_0003052",
        "sent_NP_ID": "8_38",
        "sentence": "Es lohnt sich aber immer mehr , ein Haus zu kaufen , statt eines zu mieten .",
        "metadata": {
            "corpus": "MERLIN_DE",
            "author": {
                "author_ID": "1031_0003052",
                "L1": "Italian",
                "age": "22",
                "gender": "female"
            },
            "CEFR": {
                "overall_fairRating": "B2+",
                "test_level": "C1"
            },
            "task": {
                "formality": "formal",
                "text_type": "report",
                "topic": "reporting about the housing situation"
            }
        },
        "NP_info": {
            "len_np": 2,
            "coordination": null
        },
        "HEAD_info": {
            "head": {
                "H_TOK1": {
                    "word_type": "V",
                    "word_form": "kaufen",
                    "lemma": "kaufen",
                    "POS_STTS": "VVINF",
                    "index": "11",
                    "dep_rel": "obji",
                    "head_index": "2",
                    "parser_morph_features": "_"
                }
            },
            "super_head": {
                "SH_TOK1": {
                    "word_type": "V",
                    "word_form": "lohnt",
                    "lemma": "lohnen",
                    "POS_STTS": "VVFIN",
                    "index": "2",
                    "dep_rel": "root",
                    "head_index": "0",
                    "parser_morph_features": "_|_|Pres|Ind"
                }
            }
        },
        "POST_info": {},
        "TOK_info": {
            "TOK1": {
                "word_type": "ART",
                "word_form": "ein",
                "lemma": "eine",
                "POS_STTS": "ART",
                "index": "8",
                "dep_rel": "det",
                "head_index": "9",
                "parser_morph_features": "Indef|Neut|Acc|Sg",
                "possible_morph_features": []
            },
            "TOK2": {
                "word_type": "N",
                "word_form": "Haus",
                "lemma": "Haus",
                "POS_STTS": "NN",
                "index": "9",
                "dep_rel": "obja",
                "head_index": "11",
                "parser_morph_features": "Neut|Acc|Sg",
                "possible_morph_features": []
            }
        },
        "relations": {
            "rel_1": {
                "rel_type": "must_agree",
                "involved": [
                    "TOK2",
                    "TOK1"
                ],
                "ruler": "TOK2",
                "possible_agreement": null
            }
        }
    }
]