[
    {
        "file_ID": "1061_0120382",
        "sent_NP_ID": "1_1",
        "sentence": "Liebe Dana , 22.03.2012 ich habe den Brief heute mage gebekommen .",
        "metadata": {
            "corpus": "MERLIN_DE",
            "author": {
                "author_ID": "1061_0120382",
                "L1": "Spanish",
                "age": "48",
                "gender": "female"
            },
            "CEFR": {
                "overall_fairRating": "A2+",
                "test_level": "B1"
            },
            "task": {
                "formality": "informal",
                "text_type": "letter",
                "topic": "write a letter to a friend (visit)"
            }
        },
        "NP_info": {
            "len_np": 2,
            "coordination": null
        },
        "HEAD_info": {
            "head": {},
            "super_head": {}
        },
        "POST_info": {},
        "TOK_info": {
            "TOK1": {
                "word_type": "ADJA",
                "word_form": "Liebe",
                "lemma": "lieb",
                "POS_STTS": "ADJA",
                "index": "1",
                "dep_rel": "attr",
                "head_index": "2",
                "parser_morph_features": "Pos|_|_|_|_|",
                "possible_morph_features": []
            },
            "TOK2": {
                "word_type": "N",
                "word_form": "Dana",
                "lemma": "Dana",
                "POS_STTS": "NN",
                "index": "2",
                "dep_rel": "root",
                "head_index": "0",
                "parser_morph_features": "_|_|_",
                "possible_morph_features": []
            }
        },
        "relations": {
            "rel_1": {
                "rel_type": "must_agree",
                "involved": [
                    "TOK2",
                    "TOK1"
                ],
                "ruler": "TOK2",
                "possible_agreement": null
            }
        }
    },
    {
        "file_ID": "1061_0120382",
        "sent_NP_ID": "1_2",
        "sentence": "Liebe Dana , 22.03.2012 ich habe den Brief heute mage gebekommen .",
        "metadata": {
            "corpus": "MERLIN_DE",
            "author": {
                "author_ID": "1061_0120382",
                "L1": "Spanish",
                "age": "48",
                "gender": "female"
            },
            "CEFR": {
                "overall_fairRating": "A2+",
                "test_level": "B1"
            },
            "task": {
                "formality": "informal",
                "text_type": "letter",
                "topic": "write a letter to a friend (visit)"
            }
        },
        "NP_info": {
            "len_np": 2,
            "coordination": null
        },
        "HEAD_info": {
            "head": {
                "H_TOK1": {
                    "word_type": "V",
                    "word_form": "habe",
                    "lemma": "haben",
                    "POS_STTS": "VAFIN",
                    "index": "6",
                    "dep_rel": "root",
                    "head_index": "0",
                    "parser_morph_features": "1|Sg|Pres|_"
                }
            },
            "super_head": {}
        },
        "POST_info": {
            "P_TOK1": {
                "word_type": "N",
                "word_form": "gebekommen",
                "lemma": "gebekommen",
                "POS_STTS": "NN",
                "index": "11",
                "dep_rel": "app",
                "head_index": "8",
                "parser_morph_features": "Masc|Acc|Sg"
            }
        },
        "TOK_info": {
            "TOK1": {
                "word_type": "ART",
                "word_form": "den",
                "lemma": "die",
                "POS_STTS": "ART",
                "index": "7",
                "dep_rel": "det",
                "head_index": "8",
                "parser_morph_features": "Def|Masc|Acc|Sg",
                "possible_morph_features": []
            },
            "TOK2": {
                "word_type": "N",
                "word_form": "Brief",
                "lemma": "Brief",
                "POS_STTS": "NN",
                "index": "8",
                "dep_rel": "obja",
                "head_index": "6",
                "parser_morph_features": "Masc|Acc|Sg",
                "possible_morph_features": []
            }
        },
        "relations": {
            "rel_1": {
                "rel_type": "must_agree",
                "involved": [
                    "TOK2",
                    "TOK1"
                ],
                "ruler": "TOK2",
                "possible_agreement": null
            }
        }
    },
    {
        "file_ID": "1061_0120382",
        "sent_NP_ID": "1_3",
        "sentence": "Liebe Dana , 22.03.2012 ich habe den Brief heute mage gebekommen .",
        "metadata": {
            "corpus": "MERLIN_DE",
            "author": {
                "author_ID": "1061_0120382",
                "L1": "Spanish",
                "age": "48",
                "gender": "female"
            },
            "CEFR": {
                "overall_fairRating": "A2+",
                "test_level": "B1"
            },
            "task": {
                "formality": "informal",
                "text_type": "letter",
                "topic": "write a letter to a friend (visit)"
            }
        },
        "NP_info": {
            "len_np": 3,
            "coordination": null
        },
        "HEAD_info": {
            "head": {
                "H_TOK1": {
                    "word_type": "N",
                    "word_form": "Brief",
                    "lemma": "Brief",
                    "POS_STTS": "NN",
                    "index": "8",
                    "dep_rel": "obja",
                    "head_index": "6",
                    "parser_morph_features": "Masc|Acc|Sg"
                }
            },
            "super_head": {
                "SH_TOK1": {
                    "word_type": "V",
                    "word_form": "habe",
                    "lemma": "haben",
                    "POS_STTS": "VAFIN",
                    "index": "6",
                    "dep_rel": "root",
                    "head_index": "0",
                    "parser_morph_features": "1|Sg|Pres|_"
                }
            }
        },
        "POST_info": {},
        "TOK_info": {
            "TOK1": {
                "word_type": "ADV",
                "word_form": "heute",
                "lemma": "heute",
                "POS_STTS": "ADV",
                "index": "9",
                "dep_rel": "adv",
                "head_index": "10",
                "parser_morph_features": "_",
                "possible_morph_features": []
            },
            "TOK2": {
                "word_type": "ADJA",
                "word_form": "mage",
                "lemma": "mage",
                "POS_STTS": "ADJA",
                "index": "10",
                "dep_rel": "attr",
                "head_index": "11",
                "parser_morph_features": "_",
                "possible_morph_features": []
            },
            "TOK3": {
                "word_type": "N",
                "word_form": "gebekommen",
                "lemma": "gebekommen",
                "POS_STTS": "NN",
                "index": "11",
                "dep_rel": "app",
                "head_index": "8",
                "parser_morph_features": "Masc|Acc|Sg",
                "possible_morph_features": []
            }
        },
        "relations": {
            "rel_1": {
                "rel_type": "must_agree",
                "involved": [
                    "TOK3",
                    "TOK2"
                ],
                "ruler": "TOK3",
                "possible_agreement": null
            }
        }
    },
    {
        "file_ID": "1061_0120382",
        "sent_NP_ID": "2_4",
        "sentence": "das freue mich auch dich das du Prüfung bestanden hast .",
        "metadata": {
            "corpus": "MERLIN_DE",
            "author": {
                "author_ID": "1061_0120382",
                "L1": "Spanish",
                "age": "48",
                "gender": "female"
            },
            "CEFR": {
                "overall_fairRating": "A2+",
                "test_level": "B1"
            },
            "task": {
                "formality": "informal",
                "text_type": "letter",
                "topic": "write a letter to a friend (visit)"
            }
        },
        "NP_info": {
            "len_np": 3,
            "coordination": null
        },
        "HEAD_info": {
            "head": {
                "H_TOK1": {
                    "word_type": "V",
                    "word_form": "freue",
                    "lemma": "freuen",
                    "POS_STTS": "VVFIN",
                    "index": "2",
                    "dep_rel": "root",
                    "head_index": "0",
                    "parser_morph_features": "3|Sg|Pres|Subj"
                }
            },
            "super_head": {}
        },
        "POST_info": {},
        "TOK_info": {
            "TOK1": {
                "word_type": "ART",
                "word_form": "das",
                "lemma": "die",
                "POS_STTS": "ART",
                "index": "6",
                "dep_rel": "det",
                "head_index": "8",
                "parser_morph_features": "Def|Neut|_|Sg",
                "possible_morph_features": []
            },
            "TOK2": {
                "word_type": "ADJA",
                "word_form": "du",
                "lemma": "du",
                "POS_STTS": "ADJA",
                "index": "7",
                "dep_rel": "attr",
                "head_index": "8",
                "parser_morph_features": "_|Neut|Nom|Sg|_",
                "possible_morph_features": []
            },
            "TOK3": {
                "word_type": "N",
                "word_form": "Prüfung",
                "lemma": "Prüfung",
                "POS_STTS": "NN",
                "index": "8",
                "dep_rel": "subj",
                "head_index": "2",
                "parser_morph_features": "Neut|Nom|Sg",
                "possible_morph_features": []
            }
        },
        "relations": {
            "rel_1": {
                "rel_type": "must_agree",
                "involved": [
                    "TOK1",
                    "TOK2"
                ],
                "ruler": null,
                "possible_agreement": null
            },
            "rel_2": {
                "rel_type": "must_agree",
                "involved": [
                    "TOK3",
                    "TOK1"
                ],
                "ruler": "TOK3",
                "possible_agreement": null
            },
            "rel_3": {
                "rel_type": "must_agree",
                "involved": [
                    "TOK3",
                    "TOK2"
                ],
                "ruler": "TOK3",
                "possible_agreement": null
            }
        }
    },
    {
        "file_ID": "1061_0120382",
        "sent_NP_ID": "3_5",
        "sentence": "Wie ich gelessen habe , du bist bei deine Familie in Istanbul geflogen .",
        "metadata": {
            "corpus": "MERLIN_DE",
            "author": {
                "author_ID": "1061_0120382",
                "L1": "Spanish",
                "age": "48",
                "gender": "female"
            },
            "CEFR": {
                "overall_fairRating": "A2+",
                "test_level": "B1"
            },
            "task": {
                "formality": "informal",
                "text_type": "letter",
                "topic": "write a letter to a friend (visit)"
            }
        },
        "NP_info": {
            "len_np": 2,
            "coordination": null
        },
        "HEAD_info": {
            "head": {
                "H_TOK1": {
                    "word_type": "PREP",
                    "word_form": "bei",
                    "lemma": "bei",
                    "POS_STTS": "APPR",
                    "index": "8",
                    "dep_rel": "pp",
                    "head_index": "13",
                    "parser_morph_features": "Dat"
                }
            },
            "super_head": {
                "SH_TOK1": {
                    "word_type": "V",
                    "word_form": "geflogen",
                    "lemma": "fliegen",
                    "POS_STTS": "VVPP",
                    "index": "13",
                    "dep_rel": "aux",
                    "head_index": "7",
                    "parser_morph_features": "_"
                }
            }
        },
        "POST_info": {},
        "TOK_info": {
            "TOK1": {
                "word_type": "ART",
                "word_form": "deine",
                "lemma": "deine",
                "POS_STTS": "PPOSAT",
                "index": "9",
                "dep_rel": "det",
                "head_index": "10",
                "parser_morph_features": "Fem|_|Sg",
                "possible_morph_features": []
            },
            "TOK2": {
                "word_type": "N",
                "word_form": "Familie",
                "lemma": "Familie",
                "POS_STTS": "NN",
                "index": "10",
                "dep_rel": "pn",
                "head_index": "8",
                "parser_morph_features": "Fem|_|Sg",
                "possible_morph_features": []
            }
        },
        "relations": {
            "rel_1": {
                "rel_type": "must_agree",
                "involved": [
                    "TOK2",
                    "TOK1"
                ],
                "ruler": "TOK2",
                "possible_agreement": null
            }
        }
    },
    {
        "file_ID": "1061_0120382",
        "sent_NP_ID": "3_6",
        "sentence": "Wie ich gelessen habe , du bist bei deine Familie in Istanbul geflogen .",
        "metadata": {
            "corpus": "MERLIN_DE",
            "author": {
                "author_ID": "1061_0120382",
                "L1": "Spanish",
                "age": "48",
                "gender": "female"
            },
            "CEFR": {
                "overall_fairRating": "A2+",
                "test_level": "B1"
            },
            "task": {
                "formality": "informal",
                "text_type": "letter",
                "topic": "write a letter to a friend (visit)"
            }
        },
        "NP_info": {
            "len_np": 1,
            "coordination": null
        },
        "HEAD_info": {
            "head": {
                "H_TOK1": {
                    "word_type": "PREP",
                    "word_form": "in",
                    "lemma": "in",
                    "POS_STTS": "APPR",
                    "index": "11",
                    "dep_rel": "pp",
                    "head_index": "13",
                    "parser_morph_features": "_"
                }
            },
            "super_head": {
                "SH_TOK1": {
                    "word_type": "V",
                    "word_form": "geflogen",
                    "lemma": "fliegen",
                    "POS_STTS": "VVPP",
                    "index": "13",
                    "dep_rel": "aux",
                    "head_index": "7",
                    "parser_morph_features": "_"
                }
            }
        },
        "POST_info": {},
        "TOK_info": {
            "TOK1": {
                "word_type": "N",
                "word_form": "Istanbul",
                "lemma": "Istanbul",
                "POS_STTS": "NE",
                "index": "12",
                "dep_rel": "pn",
                "head_index": "11",
                "parser_morph_features": "Neut|_|Sg",
                "possible_morph_features": []
            }
        },
        "relations": {}
    },
    {
        "file_ID": "1061_0120382",
        "sent_NP_ID": "4_7",
        "sentence": "Ich hoffe das du viele wilden hast von Istanbul dann kannst du mir bringen , und wir zusammen sehen kann .",
        "metadata": {
            "corpus": "MERLIN_DE",
            "author": {
                "author_ID": "1061_0120382",
                "L1": "Spanish",
                "age": "48",
                "gender": "female"
            },
            "CEFR": {
                "overall_fairRating": "A2+",
                "test_level": "B1"
            },
            "task": {
                "formality": "informal",
                "text_type": "letter",
                "topic": "write a letter to a friend (visit)"
            }
        },
        "NP_info": {
            "len_np": 1,
            "coordination": null
        },
        "HEAD_info": {
            "head": {
                "H_TOK1": {
                    "word_type": "PREP",
                    "word_form": "von",
                    "lemma": "von",
                    "POS_STTS": "APPR",
                    "index": "8",
                    "dep_rel": "pp",
                    "head_index": "7",
                    "parser_morph_features": "_"
                }
            },
            "super_head": {
                "SH_TOK1": {
                    "word_type": "V",
                    "word_form": "hast",
                    "lemma": "haben",
                    "POS_STTS": "VAFIN",
                    "index": "7",
                    "dep_rel": "root",
                    "head_index": "0",
                    "parser_morph_features": "2|Sg|Pres|Ind"
                }
            }
        },
        "POST_info": {},
        "TOK_info": {
            "TOK1": {
                "word_type": "N",
                "word_form": "Istanbul",
                "lemma": "Istanbul",
                "POS_STTS": "NE",
                "index": "9",
                "dep_rel": "pn",
                "head_index": "8",
                "parser_morph_features": "Neut|_|Sg",
                "possible_morph_features": []
            }
        },
        "relations": {}
    },
    {
        "file_ID": "1061_0120382",
        "sent_NP_ID": "5_8",
        "sentence": "Leider ich kann nicht kommen , ich muss vorbereit über mein Prüfung auch .",
        "metadata": {
            "corpus": "MERLIN_DE",
            "author": {
                "author_ID": "1061_0120382",
                "L1": "Spanish",
                "age": "48",
                "gender": "female"
            },
            "CEFR": {
                "overall_fairRating": "A2+",
                "test_level": "B1"
            },
            "task": {
                "formality": "informal",
                "text_type": "letter",
                "topic": "write a letter to a friend (visit)"
            }
        },
        "NP_info": {
            "len_np": 2,
            "coordination": null
        },
        "HEAD_info": {
            "head": {
                "H_TOK1": {
                    "word_type": "PREP",
                    "word_form": "über",
                    "lemma": "über",
                    "POS_STTS": "APPR",
                    "index": "10",
                    "dep_rel": "pp",
                    "head_index": "8",
                    "parser_morph_features": "Acc"
                }
            },
            "super_head": {
                "SH_TOK1": {
                    "word_type": "V",
                    "word_form": "muss",
                    "lemma": "müssen",
                    "POS_STTS": "VMFIN",
                    "index": "8",
                    "dep_rel": "kon",
                    "head_index": "3",
                    "parser_morph_features": "1|Sg|Pres|Ind"
                }
            }
        },
        "POST_info": {},
        "TOK_info": {
            "TOK1": {
                "word_type": "ART",
                "word_form": "mein",
                "lemma": "meine",
                "POS_STTS": "PPOSAT",
                "index": "11",
                "dep_rel": "det",
                "head_index": "12",
                "parser_morph_features": "_|_|Sg",
                "possible_morph_features": []
            },
            "TOK2": {
                "word_type": "N",
                "word_form": "Prüfung",
                "lemma": "Prüfung",
                "POS_STTS": "NN",
                "index": "12",
                "dep_rel": "pn",
                "head_index": "10",
                "parser_morph_features": "Neut|Acc|Sg",
                "possible_morph_features": []
            }
        },
        "relations": {
            "rel_1": {
                "rel_type": "must_agree",
                "involved": [
                    "TOK2",
                    "TOK1"
                ],
                "ruler": "TOK2",
                "possible_agreement": null
            }
        }
    },
    {
        "file_ID": "1061_0120382",
        "sent_NP_ID": "6_9",
        "sentence": "Kannst du mir sagen wo genau , in welche Stad wonht deine Familie .",
        "metadata": {
            "corpus": "MERLIN_DE",
            "author": {
                "author_ID": "1061_0120382",
                "L1": "Spanish",
                "age": "48",
                "gender": "female"
            },
            "CEFR": {
                "overall_fairRating": "A2+",
                "test_level": "B1"
            },
            "task": {
                "formality": "informal",
                "text_type": "letter",
                "topic": "write a letter to a friend (visit)"
            }
        },
        "NP_info": {
            "len_np": 2,
            "coordination": null
        },
        "HEAD_info": {
            "head": {
                "H_TOK1": {
                    "word_type": "PREP",
                    "word_form": "in",
                    "lemma": "in",
                    "POS_STTS": "APPR",
                    "index": "8",
                    "dep_rel": "root",
                    "head_index": "0",
                    "parser_morph_features": "Acc"
                }
            },
            "super_head": {}
        },
        "POST_info": {
            "P_TOK1": {
                "word_type": "N",
                "word_form": "wonht",
                "lemma": "wonht",
                "POS_STTS": "NE",
                "index": "11",
                "dep_rel": "app",
                "head_index": "10",
                "parser_morph_features": "_|Acc|_"
            }
        },
        "TOK_info": {
            "TOK1": {
                "word_type": "ART",
                "word_form": "welche",
                "lemma": "welche",
                "POS_STTS": "PWAT",
                "index": "9",
                "dep_rel": "det",
                "head_index": "10",
                "parser_morph_features": "_|Acc|_",
                "possible_morph_features": []
            },
            "TOK2": {
                "word_type": "N",
                "word_form": "Stad",
                "lemma": "Stad",
                "POS_STTS": "NN",
                "index": "10",
                "dep_rel": "pn",
                "head_index": "8",
                "parser_morph_features": "_|Acc|_",
                "possible_morph_features": []
            }
        },
        "relations": {
            "rel_1": {
                "rel_type": "must_agree",
                "involved": [
                    "TOK2",
                    "TOK1"
                ],
                "ruler": "TOK2",
                "possible_agreement": null
            }
        }
    },
    {
        "file_ID": "1061_0120382",
        "sent_NP_ID": "6_10",
        "sentence": "Kannst du mir sagen wo genau , in welche Stad wonht deine Familie .",
        "metadata": {
            "corpus": "MERLIN_DE",
            "author": {
                "author_ID": "1061_0120382",
                "L1": "Spanish",
                "age": "48",
                "gender": "female"
            },
            "CEFR": {
                "overall_fairRating": "A2+",
                "test_level": "B1"
            },
            "task": {
                "formality": "informal",
                "text_type": "letter",
                "topic": "write a letter to a friend (visit)"
            }
        },
        "NP_info": {
            "len_np": 1,
            "coordination": null
        },
        "HEAD_info": {
            "head": {
                "H_TOK1": {
                    "word_type": "N",
                    "word_form": "Stad",
                    "lemma": "Stad",
                    "POS_STTS": "NN",
                    "index": "10",
                    "dep_rel": "pn",
                    "head_index": "8",
                    "parser_morph_features": "_|Acc|_"
                }
            },
            "super_head": {
                "SH_TOK1": {
                    "word_type": "PREP",
                    "word_form": "in",
                    "lemma": "in",
                    "POS_STTS": "APPR",
                    "index": "8",
                    "dep_rel": "root",
                    "head_index": "0",
                    "parser_morph_features": "Acc"
                }
            }
        },
        "POST_info": {},
        "TOK_info": {
            "TOK1": {
                "word_type": "N",
                "word_form": "wonht",
                "lemma": "wonht",
                "POS_STTS": "NE",
                "index": "11",
                "dep_rel": "app",
                "head_index": "10",
                "parser_morph_features": "_|Acc|_",
                "possible_morph_features": []
            }
        },
        "relations": {}
    },
    {
        "file_ID": "1061_0120382",
        "sent_NP_ID": "6_11",
        "sentence": "Kannst du mir sagen wo genau , in welche Stad wonht deine Familie .",
        "metadata": {
            "corpus": "MERLIN_DE",
            "author": {
                "author_ID": "1061_0120382",
                "L1": "Spanish",
                "age": "48",
                "gender": "female"
            },
            "CEFR": {
                "overall_fairRating": "A2+",
                "test_level": "B1"
            },
            "task": {
                "formality": "informal",
                "text_type": "letter",
                "topic": "write a letter to a friend (visit)"
            }
        },
        "NP_info": {
            "len_np": 2,
            "coordination": null
        },
        "HEAD_info": {
            "head": {},
            "super_head": {}
        },
        "POST_info": {},
        "TOK_info": {
            "TOK1": {
                "word_type": "ART",
                "word_form": "deine",
                "lemma": "deine",
                "POS_STTS": "PPOSAT",
                "index": "12",
                "dep_rel": "det",
                "head_index": "13",
                "parser_morph_features": "Fem|_|Sg",
                "possible_morph_features": []
            },
            "TOK2": {
                "word_type": "N",
                "word_form": "Familie",
                "lemma": "Familie",
                "POS_STTS": "NN",
                "index": "13",
                "dep_rel": "root",
                "head_index": "0",
                "parser_morph_features": "Fem|_|Sg",
                "possible_morph_features": []
            }
        },
        "relations": {
            "rel_1": {
                "rel_type": "must_agree",
                "involved": [
                    "TOK2",
                    "TOK1"
                ],
                "ruler": "TOK2",
                "possible_agreement": null
            }
        }
    },
    {
        "file_ID": "1061_0120382",
        "sent_NP_ID": "7_12",
        "sentence": "„ PS \" .",
        "metadata": {
            "corpus": "MERLIN_DE",
            "author": {
                "author_ID": "1061_0120382",
                "L1": "Spanish",
                "age": "48",
                "gender": "female"
            },
            "CEFR": {
                "overall_fairRating": "A2+",
                "test_level": "B1"
            },
            "task": {
                "formality": "informal",
                "text_type": "letter",
                "topic": "write a letter to a friend (visit)"
            }
        },
        "NP_info": {
            "len_np": 2,
            "coordination": null
        },
        "HEAD_info": {
            "head": {},
            "super_head": {}
        },
        "POST_info": {},
        "TOK_info": {
            "TOK1": {
                "word_type": "ADJA",
                "word_form": "„",
                "lemma": "„",
                "POS_STTS": "ADJA",
                "index": "1",
                "dep_rel": "attr",
                "head_index": "2",
                "parser_morph_features": "_|Neut|_|Sg|_",
                "possible_morph_features": []
            },
            "TOK2": {
                "word_type": "N",
                "word_form": "PS",
                "lemma": "PS",
                "POS_STTS": "NN",
                "index": "2",
                "dep_rel": "root",
                "head_index": "0",
                "parser_morph_features": "Neut|_|Sg",
                "possible_morph_features": []
            }
        },
        "relations": {
            "rel_1": {
                "rel_type": "must_agree",
                "involved": [
                    "TOK2",
                    "TOK1"
                ],
                "ruler": "TOK2",
                "possible_agreement": null
            }
        }
    },
    {
        "file_ID": "1061_0120382",
        "sent_NP_ID": "8_13",
        "sentence": "Meine liebe Dana .",
        "metadata": {
            "corpus": "MERLIN_DE",
            "author": {
                "author_ID": "1061_0120382",
                "L1": "Spanish",
                "age": "48",
                "gender": "female"
            },
            "CEFR": {
                "overall_fairRating": "A2+",
                "test_level": "B1"
            },
            "task": {
                "formality": "informal",
                "text_type": "letter",
                "topic": "write a letter to a friend (visit)"
            }
        },
        "NP_info": {
            "len_np": 3,
            "coordination": null
        },
        "HEAD_info": {
            "head": {},
            "super_head": {}
        },
        "POST_info": {},
        "TOK_info": {
            "TOK1": {
                "word_type": "ART",
                "word_form": "Meine",
                "lemma": "meine",
                "POS_STTS": "PPOSAT",
                "index": "1",
                "dep_rel": "det",
                "head_index": "3",
                "parser_morph_features": "_|_|_",
                "possible_morph_features": []
            },
            "TOK2": {
                "word_type": "ADJA",
                "word_form": "liebe",
                "lemma": "lieb",
                "POS_STTS": "ADJA",
                "index": "2",
                "dep_rel": "attr",
                "head_index": "3",
                "parser_morph_features": "Pos|_|_|_|_|",
                "possible_morph_features": []
            },
            "TOK3": {
                "word_type": "N",
                "word_form": "Dana",
                "lemma": "Dana",
                "POS_STTS": "NN",
                "index": "3",
                "dep_rel": "root",
                "head_index": "0",
                "parser_morph_features": "_|_|_",
                "possible_morph_features": []
            }
        },
        "relations": {
            "rel_1": {
                "rel_type": "must_agree",
                "involved": [
                    "TOK1",
                    "TOK2"
                ],
                "ruler": null,
                "possible_agreement": null
            },
            "rel_2": {
                "rel_type": "must_agree",
                "involved": [
                    "TOK3",
                    "TOK1"
                ],
                "ruler": "TOK3",
                "possible_agreement": null
            },
            "rel_3": {
                "rel_type": "must_agree",
                "involved": [
                    "TOK3",
                    "TOK2"
                ],
                "ruler": "TOK3",
                "possible_agreement": null
            }
        }
    },
    {
        "file_ID": "1061_0120382",
        "sent_NP_ID": "9_14",
        "sentence": "ich wünsche dir Alles Gute du hast geschaf .",
        "metadata": {
            "corpus": "MERLIN_DE",
            "author": {
                "author_ID": "1061_0120382",
                "L1": "Spanish",
                "age": "48",
                "gender": "female"
            },
            "CEFR": {
                "overall_fairRating": "A2+",
                "test_level": "B1"
            },
            "task": {
                "formality": "informal",
                "text_type": "letter",
                "topic": "write a letter to a friend (visit)"
            }
        },
        "NP_info": {
            "len_np": 2,
            "coordination": null
        },
        "HEAD_info": {
            "head": {
                "H_TOK1": {
                    "word_type": "V",
                    "word_form": "wünsche",
                    "lemma": "wünschen",
                    "POS_STTS": "VVFIN",
                    "index": "2",
                    "dep_rel": "root",
                    "head_index": "0",
                    "parser_morph_features": "1|Sg|Pres|_"
                }
            },
            "super_head": {}
        },
        "POST_info": {},
        "TOK_info": {
            "TOK1": {
                "word_type": "ART",
                "word_form": "Alles",
                "lemma": "alle",
                "POS_STTS": "PIDAT",
                "index": "4",
                "dep_rel": "det",
                "head_index": "5",
                "parser_morph_features": "Neut|Acc|Sg",
                "possible_morph_features": []
            },
            "TOK2": {
                "word_type": "N",
                "word_form": "Gute",
                "lemma": "Gut",
                "POS_STTS": "NN",
                "index": "5",
                "dep_rel": "obja",
                "head_index": "2",
                "parser_morph_features": "Neut|Acc|Sg",
                "possible_morph_features": []
            }
        },
        "relations": {
            "rel_1": {
                "rel_type": "must_agree",
                "involved": [
                    "TOK2",
                    "TOK1"
                ],
                "ruler": "TOK2",
                "possible_agreement": null
            }
        }
    },
    {
        "file_ID": "1061_0120382",
        "sent_NP_ID": "9_15",
        "sentence": "ich wünsche dir Alles Gute du hast geschaf .",
        "metadata": {
            "corpus": "MERLIN_DE",
            "author": {
                "author_ID": "1061_0120382",
                "L1": "Spanish",
                "age": "48",
                "gender": "female"
            },
            "CEFR": {
                "overall_fairRating": "A2+",
                "test_level": "B1"
            },
            "task": {
                "formality": "informal",
                "text_type": "letter",
                "topic": "write a letter to a friend (visit)"
            }
        },
        "NP_info": {
            "len_np": 1,
            "coordination": null
        },
        "HEAD_info": {
            "head": {
                "H_TOK1": {
                    "word_type": "V",
                    "word_form": "hast",
                    "lemma": "haben",
                    "POS_STTS": "VAFIN",
                    "index": "7",
                    "dep_rel": "root",
                    "head_index": "0",
                    "parser_morph_features": "2|Sg|Pres|Ind"
                }
            },
            "super_head": {}
        },
        "POST_info": {},
        "TOK_info": {
            "TOK1": {
                "word_type": "N",
                "word_form": "geschaf",
                "lemma": "geschaf",
                "POS_STTS": "NE",
                "index": "8",
                "dep_rel": "obja",
                "head_index": "7",
                "parser_morph_features": "_|_|_",
                "possible_morph_features": []
            }
        },
        "relations": {}
    },
    {
        "file_ID": "1061_0120382",
        "sent_NP_ID": "10_16",
        "sentence": "schön Grüß a deine Familie und geniese den Urlaub „ Vergese nicht etwas für mich mit bringe .",
        "metadata": {
            "corpus": "MERLIN_DE",
            "author": {
                "author_ID": "1061_0120382",
                "L1": "Spanish",
                "age": "48",
                "gender": "female"
            },
            "CEFR": {
                "overall_fairRating": "A2+",
                "test_level": "B1"
            },
            "task": {
                "formality": "informal",
                "text_type": "letter",
                "topic": "write a letter to a friend (visit)"
            }
        },
        "NP_info": {
            "len_np": 2,
            "coordination": null
        },
        "HEAD_info": {
            "head": {},
            "super_head": {}
        },
        "POST_info": {},
        "TOK_info": {
            "TOK1": {
                "word_type": "ART",
                "word_form": "deine",
                "lemma": "deine",
                "POS_STTS": "PPOSAT",
                "index": "4",
                "dep_rel": "det",
                "head_index": "5",
                "parser_morph_features": "Fem|_|Sg",
                "possible_morph_features": []
            },
            "TOK2": {
                "word_type": "N",
                "word_form": "Familie",
                "lemma": "Familie",
                "POS_STTS": "NN",
                "index": "5",
                "dep_rel": "root",
                "head_index": "0",
                "parser_morph_features": "Fem|_|Sg",
                "possible_morph_features": []
            }
        },
        "relations": {
            "rel_1": {
                "rel_type": "must_agree",
                "involved": [
                    "TOK2",
                    "TOK1"
                ],
                "ruler": "TOK2",
                "possible_agreement": null
            }
        }
    },
    {
        "file_ID": "1061_0120382",
        "sent_NP_ID": "10_17",
        "sentence": "schön Grüß a deine Familie und geniese den Urlaub „ Vergese nicht etwas für mich mit bringe .",
        "metadata": {
            "corpus": "MERLIN_DE",
            "author": {
                "author_ID": "1061_0120382",
                "L1": "Spanish",
                "age": "48",
                "gender": "female"
            },
            "CEFR": {
                "overall_fairRating": "A2+",
                "test_level": "B1"
            },
            "task": {
                "formality": "informal",
                "text_type": "letter",
                "topic": "write a letter to a friend (visit)"
            }
        },
        "NP_info": {
            "len_np": 2,
            "coordination": null
        },
        "HEAD_info": {
            "head": {},
            "super_head": {}
        },
        "POST_info": {
            "P_TOK1": {
                "word_type": "N",
                "word_form": "„",
                "lemma": "„",
                "POS_STTS": "NE",
                "index": "10",
                "dep_rel": "app",
                "head_index": "9",
                "parser_morph_features": "Masc|Acc|Sg"
            }
        },
        "TOK_info": {
            "TOK1": {
                "word_type": "ART",
                "word_form": "den",
                "lemma": "die",
                "POS_STTS": "ART",
                "index": "8",
                "dep_rel": "det",
                "head_index": "9",
                "parser_morph_features": "Def|Masc|Acc|Sg",
                "possible_morph_features": []
            },
            "TOK2": {
                "word_type": "N",
                "word_form": "Urlaub",
                "lemma": "Urlaub",
                "POS_STTS": "NN",
                "index": "9",
                "dep_rel": "root",
                "head_index": "0",
                "parser_morph_features": "Masc|Acc|Sg",
                "possible_morph_features": []
            }
        },
        "relations": {
            "rel_1": {
                "rel_type": "must_agree",
                "involved": [
                    "TOK2",
                    "TOK1"
                ],
                "ruler": "TOK2",
                "possible_agreement": null
            }
        }
    },
    {
        "file_ID": "1061_0120382",
        "sent_NP_ID": "10_18",
        "sentence": "schön Grüß a deine Familie und geniese den Urlaub „ Vergese nicht etwas für mich mit bringe .",
        "metadata": {
            "corpus": "MERLIN_DE",
            "author": {
                "author_ID": "1061_0120382",
                "L1": "Spanish",
                "age": "48",
                "gender": "female"
            },
            "CEFR": {
                "overall_fairRating": "A2+",
                "test_level": "B1"
            },
            "task": {
                "formality": "informal",
                "text_type": "letter",
                "topic": "write a letter to a friend (visit)"
            }
        },
        "NP_info": {
            "len_np": 1,
            "coordination": null
        },
        "HEAD_info": {
            "head": {
                "H_TOK1": {
                    "word_type": "N",
                    "word_form": "Urlaub",
                    "lemma": "Urlaub",
                    "POS_STTS": "NN",
                    "index": "9",
                    "dep_rel": "root",
                    "head_index": "0",
                    "parser_morph_features": "Masc|Acc|Sg"
                }
            },
            "super_head": {}
        },
        "POST_info": {
            "P_TOK1": {
                "word_type": "N",
                "word_form": "Vergese",
                "lemma": "Vergese",
                "POS_STTS": "NE",
                "index": "11",
                "dep_rel": "app",
                "head_index": "10",
                "parser_morph_features": "Masc|Acc|Sg"
            }
        },
        "TOK_info": {
            "TOK1": {
                "word_type": "N",
                "word_form": "„",
                "lemma": "„",
                "POS_STTS": "NE",
                "index": "10",
                "dep_rel": "app",
                "head_index": "9",
                "parser_morph_features": "Masc|Acc|Sg",
                "possible_morph_features": []
            }
        },
        "relations": {}
    },
    {
        "file_ID": "1061_0120382",
        "sent_NP_ID": "10_19",
        "sentence": "schön Grüß a deine Familie und geniese den Urlaub „ Vergese nicht etwas für mich mit bringe .",
        "metadata": {
            "corpus": "MERLIN_DE",
            "author": {
                "author_ID": "1061_0120382",
                "L1": "Spanish",
                "age": "48",
                "gender": "female"
            },
            "CEFR": {
                "overall_fairRating": "A2+",
                "test_level": "B1"
            },
            "task": {
                "formality": "informal",
                "text_type": "letter",
                "topic": "write a letter to a friend (visit)"
            }
        },
        "NP_info": {
            "len_np": 1,
            "coordination": null
        },
        "HEAD_info": {
            "head": {
                "H_TOK1": {
                    "word_type": "N",
                    "word_form": "„",
                    "lemma": "„",
                    "POS_STTS": "NE",
                    "index": "10",
                    "dep_rel": "app",
                    "head_index": "9",
                    "parser_morph_features": "Masc|Acc|Sg"
                }
            },
            "super_head": {
                "SH_TOK1": {
                    "word_type": "N",
                    "word_form": "Urlaub",
                    "lemma": "Urlaub",
                    "POS_STTS": "NN",
                    "index": "9",
                    "dep_rel": "root",
                    "head_index": "0",
                    "parser_morph_features": "Masc|Acc|Sg"
                }
            }
        },
        "POST_info": {},
        "TOK_info": {
            "TOK1": {
                "word_type": "N",
                "word_form": "Vergese",
                "lemma": "Vergese",
                "POS_STTS": "NE",
                "index": "11",
                "dep_rel": "app",
                "head_index": "10",
                "parser_morph_features": "Masc|Acc|Sg",
                "possible_morph_features": []
            }
        },
        "relations": {}
    },
    {
        "file_ID": "1061_0120382",
        "sent_NP_ID": "11_20",
        "sentence": "Kuss Kuss Kuss Deine liebe Freundi Katharina",
        "metadata": {
            "corpus": "MERLIN_DE",
            "author": {
                "author_ID": "1061_0120382",
                "L1": "Spanish",
                "age": "48",
                "gender": "female"
            },
            "CEFR": {
                "overall_fairRating": "A2+",
                "test_level": "B1"
            },
            "task": {
                "formality": "informal",
                "text_type": "letter",
                "topic": "write a letter to a friend (visit)"
            }
        },
        "NP_info": {
            "len_np": 1,
            "coordination": null
        },
        "HEAD_info": {
            "head": {},
            "super_head": {}
        },
        "POST_info": {
            "P_TOK1": {
                "word_type": "N",
                "word_form": "Kuss",
                "lemma": "Kuss",
                "POS_STTS": "NN",
                "index": "2",
                "dep_rel": "app",
                "head_index": "1",
                "parser_morph_features": "Masc|_|Sg"
            }
        },
        "TOK_info": {
            "TOK1": {
                "word_type": "N",
                "word_form": "Kuss",
                "lemma": "Kuss",
                "POS_STTS": "NN",
                "index": "1",
                "dep_rel": "root",
                "head_index": "0",
                "parser_morph_features": "Masc|_|Sg",
                "possible_morph_features": []
            }
        },
        "relations": {}
    },
    {
        "file_ID": "1061_0120382",
        "sent_NP_ID": "11_21",
        "sentence": "Kuss Kuss Kuss Deine liebe Freundi Katharina",
        "metadata": {
            "corpus": "MERLIN_DE",
            "author": {
                "author_ID": "1061_0120382",
                "L1": "Spanish",
                "age": "48",
                "gender": "female"
            },
            "CEFR": {
                "overall_fairRating": "A2+",
                "test_level": "B1"
            },
            "task": {
                "formality": "informal",
                "text_type": "letter",
                "topic": "write a letter to a friend (visit)"
            }
        },
        "NP_info": {
            "len_np": 1,
            "coordination": null
        },
        "HEAD_info": {
            "head": {
                "H_TOK1": {
                    "word_type": "N",
                    "word_form": "Kuss",
                    "lemma": "Kuss",
                    "POS_STTS": "NN",
                    "index": "1",
                    "dep_rel": "root",
                    "head_index": "0",
                    "parser_morph_features": "Masc|_|Sg"
                }
            },
            "super_head": {}
        },
        "POST_info": {
            "P_TOK1": {
                "word_type": "N",
                "word_form": "Kuss",
                "lemma": "Kuss",
                "POS_STTS": "NN",
                "index": "3",
                "dep_rel": "app",
                "head_index": "2",
                "parser_morph_features": "Masc|_|Sg"
            }
        },
        "TOK_info": {
            "TOK1": {
                "word_type": "N",
                "word_form": "Kuss",
                "lemma": "Kuss",
                "POS_STTS": "NN",
                "index": "2",
                "dep_rel": "app",
                "head_index": "1",
                "parser_morph_features": "Masc|_|Sg",
                "possible_morph_features": []
            }
        },
        "relations": {}
    },
    {
        "file_ID": "1061_0120382",
        "sent_NP_ID": "11_22",
        "sentence": "Kuss Kuss Kuss Deine liebe Freundi Katharina",
        "metadata": {
            "corpus": "MERLIN_DE",
            "author": {
                "author_ID": "1061_0120382",
                "L1": "Spanish",
                "age": "48",
                "gender": "female"
            },
            "CEFR": {
                "overall_fairRating": "A2+",
                "test_level": "B1"
            },
            "task": {
                "formality": "informal",
                "text_type": "letter",
                "topic": "write a letter to a friend (visit)"
            }
        },
        "NP_info": {
            "len_np": 1,
            "coordination": null
        },
        "HEAD_info": {
            "head": {
                "H_TOK1": {
                    "word_type": "N",
                    "word_form": "Kuss",
                    "lemma": "Kuss",
                    "POS_STTS": "NN",
                    "index": "2",
                    "dep_rel": "app",
                    "head_index": "1",
                    "parser_morph_features": "Masc|_|Sg"
                }
            },
            "super_head": {
                "SH_TOK1": {
                    "word_type": "N",
                    "word_form": "Kuss",
                    "lemma": "Kuss",
                    "POS_STTS": "NN",
                    "index": "1",
                    "dep_rel": "root",
                    "head_index": "0",
                    "parser_morph_features": "Masc|_|Sg"
                }
            }
        },
        "POST_info": {},
        "TOK_info": {
            "TOK1": {
                "word_type": "N",
                "word_form": "Kuss",
                "lemma": "Kuss",
                "POS_STTS": "NN",
                "index": "3",
                "dep_rel": "app",
                "head_index": "2",
                "parser_morph_features": "Masc|_|Sg",
                "possible_morph_features": []
            }
        },
        "relations": {}
    },
    {
        "file_ID": "1061_0120382",
        "sent_NP_ID": "11_23",
        "sentence": "Kuss Kuss Kuss Deine liebe Freundi Katharina",
        "metadata": {
            "corpus": "MERLIN_DE",
            "author": {
                "author_ID": "1061_0120382",
                "L1": "Spanish",
                "age": "48",
                "gender": "female"
            },
            "CEFR": {
                "overall_fairRating": "A2+",
                "test_level": "B1"
            },
            "task": {
                "formality": "informal",
                "text_type": "letter",
                "topic": "write a letter to a friend (visit)"
            }
        },
        "NP_info": {
            "len_np": 3,
            "coordination": null
        },
        "HEAD_info": {
            "head": {},
            "super_head": {}
        },
        "POST_info": {
            "P_TOK1": {
                "word_type": "N",
                "word_form": "Katharina",
                "lemma": "Katharina",
                "POS_STTS": "NE",
                "index": "7",
                "dep_rel": "app",
                "head_index": "6",
                "parser_morph_features": "_|_|_"
            }
        },
        "TOK_info": {
            "TOK1": {
                "word_type": "ART",
                "word_form": "Deine",
                "lemma": "deine",
                "POS_STTS": "PPOSAT",
                "index": "4",
                "dep_rel": "det",
                "head_index": "6",
                "parser_morph_features": "_|_|_",
                "possible_morph_features": []
            },
            "TOK2": {
                "word_type": "ADJA",
                "word_form": "liebe",
                "lemma": "lieb",
                "POS_STTS": "ADJA",
                "index": "5",
                "dep_rel": "attr",
                "head_index": "6",
                "parser_morph_features": "Pos|_|_|_|_|",
                "possible_morph_features": []
            },
            "TOK3": {
                "word_type": "N",
                "word_form": "Freundi",
                "lemma": "Freundi",
                "POS_STTS": "NN",
                "index": "6",
                "dep_rel": "root",
                "head_index": "0",
                "parser_morph_features": "_|_|_",
                "possible_morph_features": []
            }
        },
        "relations": {
            "rel_1": {
                "rel_type": "must_agree",
                "involved": [
                    "TOK1",
                    "TOK2"
                ],
                "ruler": null,
                "possible_agreement": null
            },
            "rel_2": {
                "rel_type": "must_agree",
                "involved": [
                    "TOK3",
                    "TOK1"
                ],
                "ruler": "TOK3",
                "possible_agreement": null
            },
            "rel_3": {
                "rel_type": "must_agree",
                "involved": [
                    "TOK3",
                    "TOK2"
                ],
                "ruler": "TOK3",
                "possible_agreement": null
            }
        }
    },
    {
        "file_ID": "1061_0120382",
        "sent_NP_ID": "11_24",
        "sentence": "Kuss Kuss Kuss Deine liebe Freundi Katharina",
        "metadata": {
            "corpus": "MERLIN_DE",
            "author": {
                "author_ID": "1061_0120382",
                "L1": "Spanish",
                "age": "48",
                "gender": "female"
            },
            "CEFR": {
                "overall_fairRating": "A2+",
                "test_level": "B1"
            },
            "task": {
                "formality": "informal",
                "text_type": "letter",
                "topic": "write a letter to a friend (visit)"
            }
        },
        "NP_info": {
            "len_np": 1,
            "coordination": null
        },
        "HEAD_info": {
            "head": {
                "H_TOK1": {
                    "word_type": "N",
                    "word_form": "Freundi",
                    "lemma": "Freundi",
                    "POS_STTS": "NN",
                    "index": "6",
                    "dep_rel": "root",
                    "head_index": "0",
                    "parser_morph_features": "_|_|_"
                }
            },
            "super_head": {}
        },
        "POST_info": {},
        "TOK_info": {
            "TOK1": {
                "word_type": "N",
                "word_form": "Katharina",
                "lemma": "Katharina",
                "POS_STTS": "NE",
                "index": "7",
                "dep_rel": "app",
                "head_index": "6",
                "parser_morph_features": "_|_|_",
                "possible_morph_features": []
            }
        },
        "relations": {}
    }
]