[
    {
        "file_ID": "1061_0120486",
        "sent_NP_ID": "1_1",
        "sentence": "Stadt X , 8.03.2012 Lieber Michael , ich freue mich auf deinen Brief !",
        "metadata": {
            "corpus": "MERLIN_DE",
            "author": {
                "author_ID": "1061_0120486",
                "L1": "Russian",
                "age": "23",
                "gender": "female"
            },
            "CEFR": {
                "overall_fairRating": "B1",
                "test_level": "B1"
            },
            "task": {
                "formality": "informal",
                "text_type": "letter",
                "topic": "write a letter for New Year to a friend"
            }
        },
        "NP_info": {
            "len_np": 1,
            "coordination": null
        },
        "HEAD_info": {
            "head": {
                "H_TOK1": {
                    "word_type": "V",
                    "word_form": "freue",
                    "lemma": "freuen",
                    "POS_STTS": "VVFIN",
                    "index": "9",
                    "dep_rel": "root",
                    "head_index": "0",
                    "parser_morph_features": "1|Sg|Pres|_"
                }
            },
            "super_head": {}
        },
        "POST_info": {
            "P_TOK1": {
                "word_type": "N",
                "word_form": "X",
                "lemma": "X",
                "POS_STTS": "NE",
                "index": "2",
                "dep_rel": "app",
                "head_index": "1",
                "parser_morph_features": "_|_|Pl"
            }
        },
        "TOK_info": {
            "TOK1": {
                "word_type": "N",
                "word_form": "Stadt",
                "lemma": "Stadt",
                "POS_STTS": "NN",
                "index": "1",
                "dep_rel": "vok",
                "head_index": "9",
                "parser_morph_features": "Fem|_|Sg",
                "possible_morph_features": []
            }
        },
        "relations": {}
    },
    {
        "file_ID": "1061_0120486",
        "sent_NP_ID": "1_2",
        "sentence": "Stadt X , 8.03.2012 Lieber Michael , ich freue mich auf deinen Brief !",
        "metadata": {
            "corpus": "MERLIN_DE",
            "author": {
                "author_ID": "1061_0120486",
                "L1": "Russian",
                "age": "23",
                "gender": "female"
            },
            "CEFR": {
                "overall_fairRating": "B1",
                "test_level": "B1"
            },
            "task": {
                "formality": "informal",
                "text_type": "letter",
                "topic": "write a letter for New Year to a friend"
            }
        },
        "NP_info": {
            "len_np": 1,
            "coordination": null
        },
        "HEAD_info": {
            "head": {
                "H_TOK1": {
                    "word_type": "N",
                    "word_form": "Stadt",
                    "lemma": "Stadt",
                    "POS_STTS": "NN",
                    "index": "1",
                    "dep_rel": "vok",
                    "head_index": "9",
                    "parser_morph_features": "Fem|_|Sg"
                }
            },
            "super_head": {
                "SH_TOK1": {
                    "word_type": "V",
                    "word_form": "freue",
                    "lemma": "freuen",
                    "POS_STTS": "VVFIN",
                    "index": "9",
                    "dep_rel": "root",
                    "head_index": "0",
                    "parser_morph_features": "1|Sg|Pres|_"
                }
            }
        },
        "POST_info": {
            "P_TOK1": {
                "word_type": "N",
                "word_form": "Lieber",
                "lemma": "Liebe",
                "POS_STTS": "NN",
                "index": "5",
                "dep_rel": "app",
                "head_index": "2",
                "parser_morph_features": "_|_|Pl"
            }
        },
        "TOK_info": {
            "TOK1": {
                "word_type": "N",
                "word_form": "X",
                "lemma": "X",
                "POS_STTS": "NE",
                "index": "2",
                "dep_rel": "app",
                "head_index": "1",
                "parser_morph_features": "_|_|Pl",
                "possible_morph_features": []
            }
        },
        "relations": {}
    },
    {
        "file_ID": "1061_0120486",
        "sent_NP_ID": "1_3",
        "sentence": "Stadt X , 8.03.2012 Lieber Michael , ich freue mich auf deinen Brief !",
        "metadata": {
            "corpus": "MERLIN_DE",
            "author": {
                "author_ID": "1061_0120486",
                "L1": "Russian",
                "age": "23",
                "gender": "female"
            },
            "CEFR": {
                "overall_fairRating": "B1",
                "test_level": "B1"
            },
            "task": {
                "formality": "informal",
                "text_type": "letter",
                "topic": "write a letter for New Year to a friend"
            }
        },
        "NP_info": {
            "len_np": 2,
            "coordination": null
        },
        "HEAD_info": {
            "head": {
                "H_TOK1": {
                    "word_type": "N",
                    "word_form": "X",
                    "lemma": "X",
                    "POS_STTS": "NE",
                    "index": "2",
                    "dep_rel": "app",
                    "head_index": "1",
                    "parser_morph_features": "_|_|Pl"
                }
            },
            "super_head": {
                "SH_TOK1": {
                    "word_type": "N",
                    "word_form": "Stadt",
                    "lemma": "Stadt",
                    "POS_STTS": "NN",
                    "index": "1",
                    "dep_rel": "vok",
                    "head_index": "9",
                    "parser_morph_features": "Fem|_|Sg"
                }
            }
        },
        "POST_info": {
            "P_TOK1": {
                "word_type": "N",
                "word_form": "Michael",
                "lemma": "Michael",
                "POS_STTS": "NE",
                "index": "6",
                "dep_rel": "app",
                "head_index": "5",
                "parser_morph_features": "Masc|_|Sg"
            }
        },
        "TOK_info": {
            "TOK1": {
                "word_type": "CARD",
                "word_form": "8.03.2012",
                "lemma": "8.03.2012",
                "POS_STTS": "CARD",
                "index": "4",
                "dep_rel": "attr",
                "head_index": "5",
                "parser_morph_features": "_",
                "possible_morph_features": []
            },
            "TOK2": {
                "word_type": "N",
                "word_form": "Lieber",
                "lemma": "Liebe",
                "POS_STTS": "NN",
                "index": "5",
                "dep_rel": "app",
                "head_index": "2",
                "parser_morph_features": "_|_|Pl",
                "possible_morph_features": []
            }
        },
        "relations": {}
    },
    {
        "file_ID": "1061_0120486",
        "sent_NP_ID": "1_4",
        "sentence": "Stadt X , 8.03.2012 Lieber Michael , ich freue mich auf deinen Brief !",
        "metadata": {
            "corpus": "MERLIN_DE",
            "author": {
                "author_ID": "1061_0120486",
                "L1": "Russian",
                "age": "23",
                "gender": "female"
            },
            "CEFR": {
                "overall_fairRating": "B1",
                "test_level": "B1"
            },
            "task": {
                "formality": "informal",
                "text_type": "letter",
                "topic": "write a letter for New Year to a friend"
            }
        },
        "NP_info": {
            "len_np": 1,
            "coordination": null
        },
        "HEAD_info": {
            "head": {
                "H_TOK1": {
                    "word_type": "N",
                    "word_form": "Lieber",
                    "lemma": "Liebe",
                    "POS_STTS": "NN",
                    "index": "5",
                    "dep_rel": "app",
                    "head_index": "2",
                    "parser_morph_features": "_|_|Pl"
                }
            },
            "super_head": {
                "SH_TOK1": {
                    "word_type": "N",
                    "word_form": "X",
                    "lemma": "X",
                    "POS_STTS": "NE",
                    "index": "2",
                    "dep_rel": "app",
                    "head_index": "1",
                    "parser_morph_features": "_|_|Pl"
                }
            }
        },
        "POST_info": {},
        "TOK_info": {
            "TOK1": {
                "word_type": "N",
                "word_form": "Michael",
                "lemma": "Michael",
                "POS_STTS": "NE",
                "index": "6",
                "dep_rel": "app",
                "head_index": "5",
                "parser_morph_features": "Masc|_|Sg",
                "possible_morph_features": []
            }
        },
        "relations": {}
    },
    {
        "file_ID": "1061_0120486",
        "sent_NP_ID": "1_5",
        "sentence": "Stadt X , 8.03.2012 Lieber Michael , ich freue mich auf deinen Brief !",
        "metadata": {
            "corpus": "MERLIN_DE",
            "author": {
                "author_ID": "1061_0120486",
                "L1": "Russian",
                "age": "23",
                "gender": "female"
            },
            "CEFR": {
                "overall_fairRating": "B1",
                "test_level": "B1"
            },
            "task": {
                "formality": "informal",
                "text_type": "letter",
                "topic": "write a letter for New Year to a friend"
            }
        },
        "NP_info": {
            "len_np": 2,
            "coordination": null
        },
        "HEAD_info": {
            "head": {
                "H_TOK1": {
                    "word_type": "PREP",
                    "word_form": "auf",
                    "lemma": "auf",
                    "POS_STTS": "APPR",
                    "index": "11",
                    "dep_rel": "pp",
                    "head_index": "9",
                    "parser_morph_features": "_"
                }
            },
            "super_head": {
                "SH_TOK1": {
                    "word_type": "V",
                    "word_form": "freue",
                    "lemma": "freuen",
                    "POS_STTS": "VVFIN",
                    "index": "9",
                    "dep_rel": "root",
                    "head_index": "0",
                    "parser_morph_features": "1|Sg|Pres|_"
                }
            }
        },
        "POST_info": {},
        "TOK_info": {
            "TOK1": {
                "word_type": "ART",
                "word_form": "deinen",
                "lemma": "deine",
                "POS_STTS": "PPOSAT",
                "index": "12",
                "dep_rel": "det",
                "head_index": "13",
                "parser_morph_features": "Masc|_|Sg",
                "possible_morph_features": []
            },
            "TOK2": {
                "word_type": "N",
                "word_form": "Brief",
                "lemma": "Brief",
                "POS_STTS": "NN",
                "index": "13",
                "dep_rel": "pn",
                "head_index": "11",
                "parser_morph_features": "Masc|_|Sg",
                "possible_morph_features": []
            }
        },
        "relations": {
            "rel_1": {
                "rel_type": "must_agree",
                "involved": [
                    "TOK2",
                    "TOK1"
                ],
                "ruler": "TOK2",
                "possible_agreement": null
            }
        }
    },
    {
        "file_ID": "1061_0120486",
        "sent_NP_ID": "2_6",
        "sentence": "Es ist toll , dass haben sie die Silvesternacht zusamen verbracht .",
        "metadata": {
            "corpus": "MERLIN_DE",
            "author": {
                "author_ID": "1061_0120486",
                "L1": "Russian",
                "age": "23",
                "gender": "female"
            },
            "CEFR": {
                "overall_fairRating": "B1",
                "test_level": "B1"
            },
            "task": {
                "formality": "informal",
                "text_type": "letter",
                "topic": "write a letter for New Year to a friend"
            }
        },
        "NP_info": {
            "len_np": 2,
            "coordination": null
        },
        "HEAD_info": {
            "head": {},
            "super_head": {}
        },
        "POST_info": {
            "P_TOK1": {
                "word_type": "N",
                "word_form": "zusamen",
                "lemma": "zusamen",
                "POS_STTS": "NE",
                "index": "10",
                "dep_rel": "app",
                "head_index": "9",
                "parser_morph_features": "Fem|_|Sg"
            }
        },
        "TOK_info": {
            "TOK1": {
                "word_type": "ART",
                "word_form": "die",
                "lemma": "die",
                "POS_STTS": "ART",
                "index": "8",
                "dep_rel": "det",
                "head_index": "9",
                "parser_morph_features": "Def|Fem|_|Sg",
                "possible_morph_features": []
            },
            "TOK2": {
                "word_type": "N",
                "word_form": "Silvesternacht",
                "lemma": "Silvesternacht",
                "POS_STTS": "NN",
                "index": "9",
                "dep_rel": "root",
                "head_index": "0",
                "parser_morph_features": "Fem|_|Sg",
                "possible_morph_features": []
            }
        },
        "relations": {
            "rel_1": {
                "rel_type": "must_agree",
                "involved": [
                    "TOK2",
                    "TOK1"
                ],
                "ruler": "TOK2",
                "possible_agreement": null
            }
        }
    },
    {
        "file_ID": "1061_0120486",
        "sent_NP_ID": "2_7",
        "sentence": "Es ist toll , dass haben sie die Silvesternacht zusamen verbracht .",
        "metadata": {
            "corpus": "MERLIN_DE",
            "author": {
                "author_ID": "1061_0120486",
                "L1": "Russian",
                "age": "23",
                "gender": "female"
            },
            "CEFR": {
                "overall_fairRating": "B1",
                "test_level": "B1"
            },
            "task": {
                "formality": "informal",
                "text_type": "letter",
                "topic": "write a letter for New Year to a friend"
            }
        },
        "NP_info": {
            "len_np": 1,
            "coordination": null
        },
        "HEAD_info": {
            "head": {
                "H_TOK1": {
                    "word_type": "N",
                    "word_form": "Silvesternacht",
                    "lemma": "Silvesternacht",
                    "POS_STTS": "NN",
                    "index": "9",
                    "dep_rel": "root",
                    "head_index": "0",
                    "parser_morph_features": "Fem|_|Sg"
                }
            },
            "super_head": {}
        },
        "POST_info": {},
        "TOK_info": {
            "TOK1": {
                "word_type": "N",
                "word_form": "zusamen",
                "lemma": "zusamen",
                "POS_STTS": "NE",
                "index": "10",
                "dep_rel": "app",
                "head_index": "9",
                "parser_morph_features": "Fem|_|Sg",
                "possible_morph_features": []
            }
        },
        "relations": {}
    },
    {
        "file_ID": "1061_0120486",
        "sent_NP_ID": "3_8",
        "sentence": "Ich wünsche euch alles gute in neuen Jahr !",
        "metadata": {
            "corpus": "MERLIN_DE",
            "author": {
                "author_ID": "1061_0120486",
                "L1": "Russian",
                "age": "23",
                "gender": "female"
            },
            "CEFR": {
                "overall_fairRating": "B1",
                "test_level": "B1"
            },
            "task": {
                "formality": "informal",
                "text_type": "letter",
                "topic": "write a letter for New Year to a friend"
            }
        },
        "NP_info": {
            "len_np": 2,
            "coordination": null
        },
        "HEAD_info": {
            "head": {
                "H_TOK1": {
                    "word_type": "PREP",
                    "word_form": "in",
                    "lemma": "in",
                    "POS_STTS": "APPR",
                    "index": "6",
                    "dep_rel": "pp",
                    "head_index": "2",
                    "parser_morph_features": "Dat"
                }
            },
            "super_head": {
                "SH_TOK1": {
                    "word_type": "V",
                    "word_form": "wünsche",
                    "lemma": "wünschen",
                    "POS_STTS": "VVFIN",
                    "index": "2",
                    "dep_rel": "root",
                    "head_index": "0",
                    "parser_morph_features": "1|Sg|Pres|_"
                }
            }
        },
        "POST_info": {},
        "TOK_info": {
            "TOK1": {
                "word_type": "ADJA",
                "word_form": "neuen",
                "lemma": "neu",
                "POS_STTS": "ADJA",
                "index": "7",
                "dep_rel": "attr",
                "head_index": "8",
                "parser_morph_features": "Pos|Neut|Dat|Sg|Wk|",
                "possible_morph_features": []
            },
            "TOK2": {
                "word_type": "N",
                "word_form": "Jahr",
                "lemma": "Jahr",
                "POS_STTS": "NN",
                "index": "8",
                "dep_rel": "pn",
                "head_index": "6",
                "parser_morph_features": "Neut|Dat|Sg",
                "possible_morph_features": []
            }
        },
        "relations": {
            "rel_1": {
                "rel_type": "must_agree",
                "involved": [
                    "TOK2",
                    "TOK1"
                ],
                "ruler": "TOK2",
                "possible_agreement": null
            }
        }
    },
    {
        "file_ID": "1061_0120486",
        "sent_NP_ID": "4_9",
        "sentence": "Was für meine Silvesternacht - es war einfach toll !",
        "metadata": {
            "corpus": "MERLIN_DE",
            "author": {
                "author_ID": "1061_0120486",
                "L1": "Russian",
                "age": "23",
                "gender": "female"
            },
            "CEFR": {
                "overall_fairRating": "B1",
                "test_level": "B1"
            },
            "task": {
                "formality": "informal",
                "text_type": "letter",
                "topic": "write a letter for New Year to a friend"
            }
        },
        "NP_info": {
            "len_np": 2,
            "coordination": null
        },
        "HEAD_info": {
            "head": {
                "H_TOK1": {
                    "word_type": "PREP",
                    "word_form": "für",
                    "lemma": "für",
                    "POS_STTS": "APPR",
                    "index": "2",
                    "dep_rel": "pp",
                    "head_index": "1",
                    "parser_morph_features": "Acc"
                }
            },
            "super_head": {
                "SH_TOK1": {
                    "word_type": "PRO",
                    "word_form": "Was",
                    "lemma": "was",
                    "POS_STTS": "PWS",
                    "index": "1",
                    "dep_rel": "root",
                    "head_index": "0",
                    "parser_morph_features": "Neut|_|Sg"
                }
            }
        },
        "POST_info": {},
        "TOK_info": {
            "TOK1": {
                "word_type": "ART",
                "word_form": "meine",
                "lemma": "meine",
                "POS_STTS": "PPOSAT",
                "index": "3",
                "dep_rel": "det",
                "head_index": "4",
                "parser_morph_features": "Fem|Acc|Sg",
                "possible_morph_features": []
            },
            "TOK2": {
                "word_type": "N",
                "word_form": "Silvesternacht",
                "lemma": "Silvesternacht",
                "POS_STTS": "NN",
                "index": "4",
                "dep_rel": "pn",
                "head_index": "2",
                "parser_morph_features": "Fem|Acc|Sg",
                "possible_morph_features": []
            }
        },
        "relations": {
            "rel_1": {
                "rel_type": "must_agree",
                "involved": [
                    "TOK2",
                    "TOK1"
                ],
                "ruler": "TOK2",
                "possible_agreement": null
            }
        }
    },
    {
        "file_ID": "1061_0120486",
        "sent_NP_ID": "5_10",
        "sentence": "Mein Man hat ein Platz ins Restaurant reserviert und wir waren dort ganze Nacht und einen guter Konzert angeschauen und viel getanzt haben .",
        "metadata": {
            "corpus": "MERLIN_DE",
            "author": {
                "author_ID": "1061_0120486",
                "L1": "Russian",
                "age": "23",
                "gender": "female"
            },
            "CEFR": {
                "overall_fairRating": "B1",
                "test_level": "B1"
            },
            "task": {
                "formality": "informal",
                "text_type": "letter",
                "topic": "write a letter for New Year to a friend"
            }
        },
        "NP_info": {
            "len_np": 2,
            "coordination": null
        },
        "HEAD_info": {
            "head": {
                "H_TOK1": {
                    "word_type": "V",
                    "word_form": "hat",
                    "lemma": "haben",
                    "POS_STTS": "VAFIN",
                    "index": "3",
                    "dep_rel": "root",
                    "head_index": "0",
                    "parser_morph_features": "3|Sg|Pres|Ind"
                }
            },
            "super_head": {}
        },
        "POST_info": {},
        "TOK_info": {
            "TOK1": {
                "word_type": "ART",
                "word_form": "ein",
                "lemma": "eine",
                "POS_STTS": "ART",
                "index": "4",
                "dep_rel": "det",
                "head_index": "5",
                "parser_morph_features": "Indef|Masc|Nom|Sg",
                "possible_morph_features": []
            },
            "TOK2": {
                "word_type": "N",
                "word_form": "Platz",
                "lemma": "Platz",
                "POS_STTS": "NN",
                "index": "5",
                "dep_rel": "subj",
                "head_index": "3",
                "parser_morph_features": "Masc|Nom|Sg",
                "possible_morph_features": []
            }
        },
        "relations": {
            "rel_1": {
                "rel_type": "must_agree",
                "involved": [
                    "TOK2",
                    "TOK1"
                ],
                "ruler": "TOK2",
                "possible_agreement": null
            }
        }
    },
    {
        "file_ID": "1061_0120486",
        "sent_NP_ID": "5_11",
        "sentence": "Mein Man hat ein Platz ins Restaurant reserviert und wir waren dort ganze Nacht und einen guter Konzert angeschauen und viel getanzt haben .",
        "metadata": {
            "corpus": "MERLIN_DE",
            "author": {
                "author_ID": "1061_0120486",
                "L1": "Russian",
                "age": "23",
                "gender": "female"
            },
            "CEFR": {
                "overall_fairRating": "B1",
                "test_level": "B1"
            },
            "task": {
                "formality": "informal",
                "text_type": "letter",
                "topic": "write a letter for New Year to a friend"
            }
        },
        "NP_info": {
            "len_np": 1,
            "coordination": null
        },
        "HEAD_info": {
            "head": {
                "H_TOK1": {
                    "word_type": "PREP",
                    "word_form": "ins",
                    "lemma": "in",
                    "POS_STTS": "APPRART",
                    "index": "6",
                    "dep_rel": "pp",
                    "head_index": "8",
                    "parser_morph_features": "Acc"
                }
            },
            "super_head": {
                "SH_TOK1": {
                    "word_type": "V",
                    "word_form": "reserviert",
                    "lemma": "reservieren",
                    "POS_STTS": "VVPP",
                    "index": "8",
                    "dep_rel": "aux",
                    "head_index": "3",
                    "parser_morph_features": "_"
                }
            }
        },
        "POST_info": {},
        "TOK_info": {
            "TOK1": {
                "word_type": "N",
                "word_form": "Restaurant",
                "lemma": "Restaurant",
                "POS_STTS": "NN",
                "index": "7",
                "dep_rel": "pn",
                "head_index": "6",
                "parser_morph_features": "Neut|Acc|Sg",
                "possible_morph_features": []
            }
        },
        "relations": {
            "rel_1": {
                "rel_type": "must_agree",
                "involved": [
                    "TOK1",
                    "H_TOK1"
                ],
                "ruler": "TOK1",
                "possible_agreement": null
            }
        }
    },
    {
        "file_ID": "1061_0120486",
        "sent_NP_ID": "5_12",
        "sentence": "Mein Man hat ein Platz ins Restaurant reserviert und wir waren dort ganze Nacht und einen guter Konzert angeschauen und viel getanzt haben .",
        "metadata": {
            "corpus": "MERLIN_DE",
            "author": {
                "author_ID": "1061_0120486",
                "L1": "Russian",
                "age": "23",
                "gender": "female"
            },
            "CEFR": {
                "overall_fairRating": "B1",
                "test_level": "B1"
            },
            "task": {
                "formality": "informal",
                "text_type": "letter",
                "topic": "write a letter for New Year to a friend"
            }
        },
        "NP_info": {
            "len_np": 3,
            "coordination": [
                "5_12",
                "5_13"
            ]
        },
        "HEAD_info": {
            "head": {
                "H_TOK1": {
                    "word_type": "V",
                    "word_form": "waren",
                    "lemma": "sein",
                    "POS_STTS": "VAFIN",
                    "index": "11",
                    "dep_rel": "cj",
                    "head_index": "9",
                    "parser_morph_features": "1|Pl|Past|Ind"
                }
            },
            "super_head": {
                "SH_TOK1": {
                    "word_type": "KON",
                    "word_form": "und",
                    "lemma": "und",
                    "POS_STTS": "KON",
                    "index": "9",
                    "dep_rel": "kon",
                    "head_index": "3",
                    "parser_morph_features": "_"
                }
            }
        },
        "POST_info": {},
        "TOK_info": {
            "TOK1": {
                "word_type": "ADV",
                "word_form": "dort",
                "lemma": "dort",
                "POS_STTS": "ADV",
                "index": "12",
                "dep_rel": "adv",
                "head_index": "13",
                "parser_morph_features": "_",
                "possible_morph_features": []
            },
            "TOK2": {
                "word_type": "ADJA",
                "word_form": "ganze",
                "lemma": "ganz",
                "POS_STTS": "ADJA",
                "index": "13",
                "dep_rel": "attr",
                "head_index": "14",
                "parser_morph_features": "Pos|Fem|Acc|Sg|_|",
                "possible_morph_features": []
            },
            "TOK3": {
                "word_type": "N",
                "word_form": "Nacht",
                "lemma": "Nacht",
                "POS_STTS": "NN",
                "index": "14",
                "dep_rel": "obja",
                "head_index": "11",
                "parser_morph_features": "Fem|Acc|Sg",
                "possible_morph_features": []
            }
        },
        "relations": {
            "rel_1": {
                "rel_type": "must_agree",
                "involved": [
                    "TOK3",
                    "TOK2"
                ],
                "ruler": "TOK3",
                "possible_agreement": null
            }
        }
    },
    {
        "file_ID": "1061_0120486",
        "sent_NP_ID": "5_13",
        "sentence": "Mein Man hat ein Platz ins Restaurant reserviert und wir waren dort ganze Nacht und einen guter Konzert angeschauen und viel getanzt haben .",
        "metadata": {
            "corpus": "MERLIN_DE",
            "author": {
                "author_ID": "1061_0120486",
                "L1": "Russian",
                "age": "23",
                "gender": "female"
            },
            "CEFR": {
                "overall_fairRating": "B1",
                "test_level": "B1"
            },
            "task": {
                "formality": "informal",
                "text_type": "letter",
                "topic": "write a letter for New Year to a friend"
            }
        },
        "NP_info": {
            "len_np": 3,
            "coordination": [
                "5_12",
                "5_13"
            ]
        },
        "HEAD_info": {
            "head": {
                "H_TOK1": {
                    "word_type": "KON",
                    "word_form": "und",
                    "lemma": "und",
                    "POS_STTS": "KON",
                    "index": "15",
                    "dep_rel": "kon",
                    "head_index": "14",
                    "parser_morph_features": "_"
                }
            },
            "super_head": {
                "SH_TOK1": {
                    "word_type": "N",
                    "word_form": "Nacht",
                    "lemma": "Nacht",
                    "POS_STTS": "NN",
                    "index": "14",
                    "dep_rel": "obja",
                    "head_index": "11",
                    "parser_morph_features": "Fem|Acc|Sg"
                }
            }
        },
        "POST_info": {},
        "TOK_info": {
            "TOK1": {
                "word_type": "ART",
                "word_form": "einen",
                "lemma": "eine",
                "POS_STTS": "ART",
                "index": "16",
                "dep_rel": "det",
                "head_index": "18",
                "parser_morph_features": "Indef|Masc|Acc|Sg",
                "possible_morph_features": []
            },
            "TOK2": {
                "word_type": "ADJA",
                "word_form": "guter",
                "lemma": "gut",
                "POS_STTS": "ADJA",
                "index": "17",
                "dep_rel": "attr",
                "head_index": "18",
                "parser_morph_features": "Pos|_|_|_|St|",
                "possible_morph_features": []
            },
            "TOK3": {
                "word_type": "N",
                "word_form": "Konzert",
                "lemma": "Konzert",
                "POS_STTS": "NN",
                "index": "18",
                "dep_rel": "cj",
                "head_index": "15",
                "parser_morph_features": "Masc|Acc|Sg",
                "possible_morph_features": []
            }
        },
        "relations": {
            "rel_1": {
                "rel_type": "must_agree",
                "involved": [
                    "TOK1",
                    "TOK2"
                ],
                "ruler": null,
                "possible_agreement": null
            },
            "rel_2": {
                "rel_type": "must_agree",
                "involved": [
                    "TOK3",
                    "TOK1"
                ],
                "ruler": "TOK3",
                "possible_agreement": null
            },
            "rel_3": {
                "rel_type": "must_agree",
                "involved": [
                    "TOK3",
                    "TOK2"
                ],
                "ruler": "TOK3",
                "possible_agreement": null
            }
        }
    },
    {
        "file_ID": "1061_0120486",
        "sent_NP_ID": "5_14",
        "sentence": "Mein Man hat ein Platz ins Restaurant reserviert und wir waren dort ganze Nacht und einen guter Konzert angeschauen und viel getanzt haben .",
        "metadata": {
            "corpus": "MERLIN_DE",
            "author": {
                "author_ID": "1061_0120486",
                "L1": "Russian",
                "age": "23",
                "gender": "female"
            },
            "CEFR": {
                "overall_fairRating": "B1",
                "test_level": "B1"
            },
            "task": {
                "formality": "informal",
                "text_type": "letter",
                "topic": "write a letter for New Year to a friend"
            }
        },
        "NP_info": {
            "len_np": 1,
            "coordination": null
        },
        "HEAD_info": {
            "head": {
                "H_TOK1": {
                    "word_type": "V",
                    "word_form": "waren",
                    "lemma": "sein",
                    "POS_STTS": "VAFIN",
                    "index": "11",
                    "dep_rel": "cj",
                    "head_index": "9",
                    "parser_morph_features": "1|Pl|Past|Ind"
                }
            },
            "super_head": {
                "SH_TOK1": {
                    "word_type": "KON",
                    "word_form": "und",
                    "lemma": "und",
                    "POS_STTS": "KON",
                    "index": "9",
                    "dep_rel": "kon",
                    "head_index": "3",
                    "parser_morph_features": "_"
                }
            }
        },
        "POST_info": {},
        "TOK_info": {
            "TOK1": {
                "word_type": "N",
                "word_form": "angeschauen",
                "lemma": "angeschauen",
                "POS_STTS": "NE",
                "index": "19",
                "dep_rel": "pred",
                "head_index": "11",
                "parser_morph_features": "_|Nom|_",
                "possible_morph_features": []
            }
        },
        "relations": {}
    },
    {
        "file_ID": "1061_0120486",
        "sent_NP_ID": "6_15",
        "sentence": "Danach war sehr großer Feuerwerk .",
        "metadata": {
            "corpus": "MERLIN_DE",
            "author": {
                "author_ID": "1061_0120486",
                "L1": "Russian",
                "age": "23",
                "gender": "female"
            },
            "CEFR": {
                "overall_fairRating": "B1",
                "test_level": "B1"
            },
            "task": {
                "formality": "informal",
                "text_type": "letter",
                "topic": "write a letter for New Year to a friend"
            }
        },
        "NP_info": {
            "len_np": 3,
            "coordination": null
        },
        "HEAD_info": {
            "head": {
                "H_TOK1": {
                    "word_type": "V",
                    "word_form": "war",
                    "lemma": "sein",
                    "POS_STTS": "VAFIN",
                    "index": "2",
                    "dep_rel": "root",
                    "head_index": "0",
                    "parser_morph_features": "3|Sg|Past|Ind"
                }
            },
            "super_head": {}
        },
        "POST_info": {},
        "TOK_info": {
            "TOK1": {
                "word_type": "ADV",
                "word_form": "sehr",
                "lemma": "sehr",
                "POS_STTS": "ADV",
                "index": "3",
                "dep_rel": "adv",
                "head_index": "4",
                "parser_morph_features": "_",
                "possible_morph_features": []
            },
            "TOK2": {
                "word_type": "ADJA",
                "word_form": "großer",
                "lemma": "groß",
                "POS_STTS": "ADJA",
                "index": "4",
                "dep_rel": "attr",
                "head_index": "5",
                "parser_morph_features": "Pos|_|_|_|St|",
                "possible_morph_features": []
            },
            "TOK3": {
                "word_type": "N",
                "word_form": "Feuerwerk",
                "lemma": "Feuerwerk",
                "POS_STTS": "NN",
                "index": "5",
                "dep_rel": "subj",
                "head_index": "2",
                "parser_morph_features": "Neut|Nom|Sg",
                "possible_morph_features": []
            }
        },
        "relations": {
            "rel_1": {
                "rel_type": "must_agree",
                "involved": [
                    "TOK3",
                    "TOK2"
                ],
                "ruler": "TOK3",
                "possible_agreement": null
            }
        }
    },
    {
        "file_ID": "1061_0120486",
        "sent_NP_ID": "7_16",
        "sentence": "Bei meiner neues Arbeit es gibt alles gut .",
        "metadata": {
            "corpus": "MERLIN_DE",
            "author": {
                "author_ID": "1061_0120486",
                "L1": "Russian",
                "age": "23",
                "gender": "female"
            },
            "CEFR": {
                "overall_fairRating": "B1",
                "test_level": "B1"
            },
            "task": {
                "formality": "informal",
                "text_type": "letter",
                "topic": "write a letter for New Year to a friend"
            }
        },
        "NP_info": {
            "len_np": 3,
            "coordination": null
        },
        "HEAD_info": {
            "head": {
                "H_TOK1": {
                    "word_type": "PREP",
                    "word_form": "Bei",
                    "lemma": "bei",
                    "POS_STTS": "APPR",
                    "index": "1",
                    "dep_rel": "pp",
                    "head_index": "5",
                    "parser_morph_features": "Dat"
                }
            },
            "super_head": {
                "SH_TOK1": {
                    "word_type": "PRO",
                    "word_form": "es",
                    "lemma": "es",
                    "POS_STTS": "PPER",
                    "index": "5",
                    "dep_rel": "subj",
                    "head_index": "6",
                    "parser_morph_features": "3|Sg|Neut|Nom"
                }
            }
        },
        "POST_info": {},
        "TOK_info": {
            "TOK1": {
                "word_type": "ART",
                "word_form": "meiner",
                "lemma": "meine",
                "POS_STTS": "PPOSAT",
                "index": "2",
                "dep_rel": "det",
                "head_index": "4",
                "parser_morph_features": "Fem|Dat|Sg",
                "possible_morph_features": []
            },
            "TOK2": {
                "word_type": "ADJA",
                "word_form": "neues",
                "lemma": "neu",
                "POS_STTS": "ADJA",
                "index": "3",
                "dep_rel": "attr",
                "head_index": "4",
                "parser_morph_features": "Pos|Neut|_|Sg|St|",
                "possible_morph_features": []
            },
            "TOK3": {
                "word_type": "N",
                "word_form": "Arbeit",
                "lemma": "Arbeit",
                "POS_STTS": "NN",
                "index": "4",
                "dep_rel": "pn",
                "head_index": "1",
                "parser_morph_features": "Fem|Dat|Sg",
                "possible_morph_features": []
            }
        },
        "relations": {
            "rel_1": {
                "rel_type": "must_agree",
                "involved": [
                    "TOK1",
                    "TOK2"
                ],
                "ruler": null,
                "possible_agreement": null
            },
            "rel_2": {
                "rel_type": "must_agree",
                "involved": [
                    "TOK3",
                    "TOK1"
                ],
                "ruler": "TOK3",
                "possible_agreement": null
            },
            "rel_3": {
                "rel_type": "must_agree",
                "involved": [
                    "TOK3",
                    "TOK2"
                ],
                "ruler": "TOK3",
                "possible_agreement": null
            }
        }
    },
    {
        "file_ID": "1061_0120486",
        "sent_NP_ID": "8_17",
        "sentence": "Ich habe einer guter Schef und das Office liegt in der Nähe von meiner Haus .",
        "metadata": {
            "corpus": "MERLIN_DE",
            "author": {
                "author_ID": "1061_0120486",
                "L1": "Russian",
                "age": "23",
                "gender": "female"
            },
            "CEFR": {
                "overall_fairRating": "B1",
                "test_level": "B1"
            },
            "task": {
                "formality": "informal",
                "text_type": "letter",
                "topic": "write a letter for New Year to a friend"
            }
        },
        "NP_info": {
            "len_np": 3,
            "coordination": null
        },
        "HEAD_info": {
            "head": {
                "H_TOK1": {
                    "word_type": "V",
                    "word_form": "habe",
                    "lemma": "haben",
                    "POS_STTS": "VAFIN",
                    "index": "2",
                    "dep_rel": "root",
                    "head_index": "0",
                    "parser_morph_features": "1|Sg|Pres|_"
                }
            },
            "super_head": {}
        },
        "POST_info": {},
        "TOK_info": {
            "TOK1": {
                "word_type": "ART",
                "word_form": "einer",
                "lemma": "eine",
                "POS_STTS": "ART",
                "index": "3",
                "dep_rel": "det",
                "head_index": "5",
                "parser_morph_features": "Indef|Fem|Dat|Sg",
                "possible_morph_features": []
            },
            "TOK2": {
                "word_type": "ADJA",
                "word_form": "guter",
                "lemma": "gut",
                "POS_STTS": "ADJA",
                "index": "4",
                "dep_rel": "attr",
                "head_index": "5",
                "parser_morph_features": "Pos|Fem|Dat|Sg|St|",
                "possible_morph_features": []
            },
            "TOK3": {
                "word_type": "N",
                "word_form": "Schef",
                "lemma": "Schef",
                "POS_STTS": "NN",
                "index": "5",
                "dep_rel": "objd",
                "head_index": "2",
                "parser_morph_features": "Fem|Dat|Sg",
                "possible_morph_features": []
            }
        },
        "relations": {
            "rel_1": {
                "rel_type": "must_agree",
                "involved": [
                    "TOK1",
                    "TOK2"
                ],
                "ruler": null,
                "possible_agreement": null
            },
            "rel_2": {
                "rel_type": "must_agree",
                "involved": [
                    "TOK3",
                    "TOK1"
                ],
                "ruler": "TOK3",
                "possible_agreement": null
            },
            "rel_3": {
                "rel_type": "must_agree",
                "involved": [
                    "TOK3",
                    "TOK2"
                ],
                "ruler": "TOK3",
                "possible_agreement": null
            }
        }
    },
    {
        "file_ID": "1061_0120486",
        "sent_NP_ID": "8_18",
        "sentence": "Ich habe einer guter Schef und das Office liegt in der Nähe von meiner Haus .",
        "metadata": {
            "corpus": "MERLIN_DE",
            "author": {
                "author_ID": "1061_0120486",
                "L1": "Russian",
                "age": "23",
                "gender": "female"
            },
            "CEFR": {
                "overall_fairRating": "B1",
                "test_level": "B1"
            },
            "task": {
                "formality": "informal",
                "text_type": "letter",
                "topic": "write a letter for New Year to a friend"
            }
        },
        "NP_info": {
            "len_np": 2,
            "coordination": null
        },
        "HEAD_info": {
            "head": {
                "H_TOK1": {
                    "word_type": "V",
                    "word_form": "liegt",
                    "lemma": "liegen",
                    "POS_STTS": "VVFIN",
                    "index": "9",
                    "dep_rel": "cj",
                    "head_index": "6",
                    "parser_morph_features": "3|Sg|Pres|Ind"
                }
            },
            "super_head": {
                "SH_TOK1": {
                    "word_type": "KON",
                    "word_form": "und",
                    "lemma": "und",
                    "POS_STTS": "KON",
                    "index": "6",
                    "dep_rel": "kon",
                    "head_index": "2",
                    "parser_morph_features": "_"
                }
            }
        },
        "POST_info": {},
        "TOK_info": {
            "TOK1": {
                "word_type": "ART",
                "word_form": "das",
                "lemma": "die",
                "POS_STTS": "ART",
                "index": "7",
                "dep_rel": "det",
                "head_index": "8",
                "parser_morph_features": "Def|Neut|Nom|Sg",
                "possible_morph_features": []
            },
            "TOK2": {
                "word_type": "N",
                "word_form": "Office",
                "lemma": "Office",
                "POS_STTS": "NN",
                "index": "8",
                "dep_rel": "subj",
                "head_index": "9",
                "parser_morph_features": "Neut|Nom|Sg",
                "possible_morph_features": []
            }
        },
        "relations": {
            "rel_1": {
                "rel_type": "must_agree",
                "involved": [
                    "TOK2",
                    "TOK1"
                ],
                "ruler": "TOK2",
                "possible_agreement": null
            }
        }
    },
    {
        "file_ID": "1061_0120486",
        "sent_NP_ID": "8_19",
        "sentence": "Ich habe einer guter Schef und das Office liegt in der Nähe von meiner Haus .",
        "metadata": {
            "corpus": "MERLIN_DE",
            "author": {
                "author_ID": "1061_0120486",
                "L1": "Russian",
                "age": "23",
                "gender": "female"
            },
            "CEFR": {
                "overall_fairRating": "B1",
                "test_level": "B1"
            },
            "task": {
                "formality": "informal",
                "text_type": "letter",
                "topic": "write a letter for New Year to a friend"
            }
        },
        "NP_info": {
            "len_np": 2,
            "coordination": null
        },
        "HEAD_info": {
            "head": {
                "H_TOK1": {
                    "word_type": "PREP",
                    "word_form": "in",
                    "lemma": "in",
                    "POS_STTS": "APPR",
                    "index": "10",
                    "dep_rel": "objp",
                    "head_index": "9",
                    "parser_morph_features": "Dat"
                }
            },
            "super_head": {
                "SH_TOK1": {
                    "word_type": "V",
                    "word_form": "liegt",
                    "lemma": "liegen",
                    "POS_STTS": "VVFIN",
                    "index": "9",
                    "dep_rel": "cj",
                    "head_index": "6",
                    "parser_morph_features": "3|Sg|Pres|Ind"
                }
            }
        },
        "POST_info": {
            "P_TOK1": {
                "word_type": "PREP",
                "word_form": "von",
                "lemma": "von",
                "POS_STTS": "APPR",
                "index": "13",
                "dep_rel": "pp",
                "head_index": "12",
                "parser_morph_features": "_"
            }
        },
        "TOK_info": {
            "TOK1": {
                "word_type": "ART",
                "word_form": "der",
                "lemma": "die",
                "POS_STTS": "ART",
                "index": "11",
                "dep_rel": "det",
                "head_index": "12",
                "parser_morph_features": "Def|Fem|Dat|Sg",
                "possible_morph_features": []
            },
            "TOK2": {
                "word_type": "N",
                "word_form": "Nähe",
                "lemma": "Nähe",
                "POS_STTS": "NN",
                "index": "12",
                "dep_rel": "pn",
                "head_index": "10",
                "parser_morph_features": "Fem|Dat|Sg",
                "possible_morph_features": []
            }
        },
        "relations": {
            "rel_1": {
                "rel_type": "must_agree",
                "involved": [
                    "TOK2",
                    "TOK1"
                ],
                "ruler": "TOK2",
                "possible_agreement": null
            }
        }
    },
    {
        "file_ID": "1061_0120486",
        "sent_NP_ID": "8_20",
        "sentence": "Ich habe einer guter Schef und das Office liegt in der Nähe von meiner Haus .",
        "metadata": {
            "corpus": "MERLIN_DE",
            "author": {
                "author_ID": "1061_0120486",
                "L1": "Russian",
                "age": "23",
                "gender": "female"
            },
            "CEFR": {
                "overall_fairRating": "B1",
                "test_level": "B1"
            },
            "task": {
                "formality": "informal",
                "text_type": "letter",
                "topic": "write a letter for New Year to a friend"
            }
        },
        "NP_info": {
            "len_np": 2,
            "coordination": null
        },
        "HEAD_info": {
            "head": {
                "H_TOK1": {
                    "word_type": "PREP",
                    "word_form": "von",
                    "lemma": "von",
                    "POS_STTS": "APPR",
                    "index": "13",
                    "dep_rel": "pp",
                    "head_index": "12",
                    "parser_morph_features": "_"
                }
            },
            "super_head": {
                "SH_TOK1": {
                    "word_type": "N",
                    "word_form": "Nähe",
                    "lemma": "Nähe",
                    "POS_STTS": "NN",
                    "index": "12",
                    "dep_rel": "pn",
                    "head_index": "10",
                    "parser_morph_features": "Fem|Dat|Sg"
                }
            }
        },
        "POST_info": {},
        "TOK_info": {
            "TOK1": {
                "word_type": "ART",
                "word_form": "meiner",
                "lemma": "meine",
                "POS_STTS": "PPOSAT",
                "index": "14",
                "dep_rel": "det",
                "head_index": "15",
                "parser_morph_features": "_|_|_",
                "possible_morph_features": []
            },
            "TOK2": {
                "word_type": "N",
                "word_form": "Haus",
                "lemma": "Haus",
                "POS_STTS": "NN",
                "index": "15",
                "dep_rel": "pn",
                "head_index": "13",
                "parser_morph_features": "_|_|_",
                "possible_morph_features": []
            }
        },
        "relations": {
            "rel_1": {
                "rel_type": "must_agree",
                "involved": [
                    "TOK2",
                    "TOK1"
                ],
                "ruler": "TOK2",
                "possible_agreement": null
            }
        }
    },
    {
        "file_ID": "1061_0120486",
        "sent_NP_ID": "9_21",
        "sentence": "Ich möchte gerne mit dir in nextes Monat treffen .",
        "metadata": {
            "corpus": "MERLIN_DE",
            "author": {
                "author_ID": "1061_0120486",
                "L1": "Russian",
                "age": "23",
                "gender": "female"
            },
            "CEFR": {
                "overall_fairRating": "B1",
                "test_level": "B1"
            },
            "task": {
                "formality": "informal",
                "text_type": "letter",
                "topic": "write a letter for New Year to a friend"
            }
        },
        "NP_info": {
            "len_np": 2,
            "coordination": null
        },
        "HEAD_info": {
            "head": {
                "H_TOK1": {
                    "word_type": "PREP",
                    "word_form": "in",
                    "lemma": "in",
                    "POS_STTS": "APPR",
                    "index": "6",
                    "dep_rel": "pp",
                    "head_index": "9",
                    "parser_morph_features": "_"
                }
            },
            "super_head": {
                "SH_TOK1": {
                    "word_type": "V",
                    "word_form": "treffen",
                    "lemma": "treffen",
                    "POS_STTS": "VVINF",
                    "index": "9",
                    "dep_rel": "aux",
                    "head_index": "2",
                    "parser_morph_features": "_"
                }
            }
        },
        "POST_info": {},
        "TOK_info": {
            "TOK1": {
                "word_type": "ADJA",
                "word_form": "nextes",
                "lemma": "nextes",
                "POS_STTS": "ADJA",
                "index": "7",
                "dep_rel": "attr",
                "head_index": "8",
                "parser_morph_features": "_|Masc|_|Sg|_",
                "possible_morph_features": []
            },
            "TOK2": {
                "word_type": "N",
                "word_form": "Monat",
                "lemma": "Monat",
                "POS_STTS": "NN",
                "index": "8",
                "dep_rel": "pn",
                "head_index": "6",
                "parser_morph_features": "Masc|_|Sg",
                "possible_morph_features": []
            }
        },
        "relations": {
            "rel_1": {
                "rel_type": "must_agree",
                "involved": [
                    "TOK2",
                    "TOK1"
                ],
                "ruler": "TOK2",
                "possible_agreement": null
            }
        }
    },
    {
        "file_ID": "1061_0120486",
        "sent_NP_ID": "10_22",
        "sentence": "Hast du Zeit ?",
        "metadata": {
            "corpus": "MERLIN_DE",
            "author": {
                "author_ID": "1061_0120486",
                "L1": "Russian",
                "age": "23",
                "gender": "female"
            },
            "CEFR": {
                "overall_fairRating": "B1",
                "test_level": "B1"
            },
            "task": {
                "formality": "informal",
                "text_type": "letter",
                "topic": "write a letter for New Year to a friend"
            }
        },
        "NP_info": {
            "len_np": 1,
            "coordination": null
        },
        "HEAD_info": {
            "head": {
                "H_TOK1": {
                    "word_type": "V",
                    "word_form": "Hast",
                    "lemma": "haben",
                    "POS_STTS": "VAFIN",
                    "index": "1",
                    "dep_rel": "root",
                    "head_index": "0",
                    "parser_morph_features": "2|Sg|Pres|Ind"
                }
            },
            "super_head": {}
        },
        "POST_info": {},
        "TOK_info": {
            "TOK1": {
                "word_type": "N",
                "word_form": "Zeit",
                "lemma": "Zeit",
                "POS_STTS": "NN",
                "index": "3",
                "dep_rel": "obja",
                "head_index": "1",
                "parser_morph_features": "Fem|Acc|Sg",
                "possible_morph_features": []
            }
        },
        "relations": {}
    },
    {
        "file_ID": "1061_0120486",
        "sent_NP_ID": "11_23",
        "sentence": "Ich möchte dein Antwort schnel bekomen !",
        "metadata": {
            "corpus": "MERLIN_DE",
            "author": {
                "author_ID": "1061_0120486",
                "L1": "Russian",
                "age": "23",
                "gender": "female"
            },
            "CEFR": {
                "overall_fairRating": "B1",
                "test_level": "B1"
            },
            "task": {
                "formality": "informal",
                "text_type": "letter",
                "topic": "write a letter for New Year to a friend"
            }
        },
        "NP_info": {
            "len_np": 2,
            "coordination": null
        },
        "HEAD_info": {
            "head": {
                "H_TOK1": {
                    "word_type": "V",
                    "word_form": "möchte",
                    "lemma": "mögen",
                    "POS_STTS": "VMFIN",
                    "index": "2",
                    "dep_rel": "root",
                    "head_index": "0",
                    "parser_morph_features": "1|Sg|Past|Subj"
                }
            },
            "super_head": {}
        },
        "POST_info": {
            "P_TOK1": {
                "word_type": "FM",
                "word_form": "schnel",
                "lemma": "schnel",
                "POS_STTS": "FM",
                "index": "5",
                "dep_rel": "app",
                "head_index": "4",
                "parser_morph_features": "Neut|Acc|Sg"
            }
        },
        "TOK_info": {
            "TOK1": {
                "word_type": "ART",
                "word_form": "dein",
                "lemma": "deine",
                "POS_STTS": "PPOSAT",
                "index": "3",
                "dep_rel": "det",
                "head_index": "4",
                "parser_morph_features": "_|_|Sg",
                "possible_morph_features": []
            },
            "TOK2": {
                "word_type": "N",
                "word_form": "Antwort",
                "lemma": "Antwort",
                "POS_STTS": "NN",
                "index": "4",
                "dep_rel": "obja",
                "head_index": "2",
                "parser_morph_features": "Neut|Acc|Sg",
                "possible_morph_features": []
            }
        },
        "relations": {
            "rel_1": {
                "rel_type": "must_agree",
                "involved": [
                    "TOK2",
                    "TOK1"
                ],
                "ruler": "TOK2",
                "possible_agreement": null
            }
        }
    },
    {
        "file_ID": "1061_0120486",
        "sent_NP_ID": "13_24",
        "sentence": "Julia",
        "metadata": {
            "corpus": "MERLIN_DE",
            "author": {
                "author_ID": "1061_0120486",
                "L1": "Russian",
                "age": "23",
                "gender": "female"
            },
            "CEFR": {
                "overall_fairRating": "B1",
                "test_level": "B1"
            },
            "task": {
                "formality": "informal",
                "text_type": "letter",
                "topic": "write a letter for New Year to a friend"
            }
        },
        "NP_info": {
            "len_np": 1,
            "coordination": null
        },
        "HEAD_info": {
            "head": {},
            "super_head": {}
        },
        "POST_info": {},
        "TOK_info": {
            "TOK1": {
                "word_type": "N",
                "word_form": "Julia",
                "lemma": "Julia",
                "POS_STTS": "NE",
                "index": "1",
                "dep_rel": "root",
                "head_index": "0",
                "parser_morph_features": "Fem|_|Sg",
                "possible_morph_features": []
            }
        },
        "relations": {}
    }
]