[
    {
        "file_ID": "1061_1029114",
        "sent_NP_ID": "1_1",
        "sentence": "Stadt X , 28.02.2012 Liebe Dana wie geht dir ?",
        "metadata": {
            "corpus": "MERLIN_DE",
            "author": {
                "author_ID": "1061_1029114",
                "L1": "not reported",
                "age": "32",
                "gender": "female"
            },
            "CEFR": {
                "overall_fairRating": "A2+",
                "test_level": "B1"
            },
            "task": {
                "formality": "informal",
                "text_type": "letter",
                "topic": "write a letter to a friend (visit)"
            }
        },
        "NP_info": {
            "len_np": 1,
            "coordination": null
        },
        "HEAD_info": {
            "head": {},
            "super_head": {}
        },
        "POST_info": {
            "P_TOK1": {
                "word_type": "N",
                "word_form": "X",
                "lemma": "X",
                "POS_STTS": "NE",
                "index": "2",
                "dep_rel": "app",
                "head_index": "1",
                "parser_morph_features": "Fem|_|Sg"
            }
        },
        "TOK_info": {
            "TOK1": {
                "word_type": "N",
                "word_form": "Stadt",
                "lemma": "Stadt",
                "POS_STTS": "NN",
                "index": "1",
                "dep_rel": "root",
                "head_index": "0",
                "parser_morph_features": "Fem|_|Sg",
                "possible_morph_features": []
            }
        },
        "relations": {}
    },
    {
        "file_ID": "1061_1029114",
        "sent_NP_ID": "1_2",
        "sentence": "Stadt X , 28.02.2012 Liebe Dana wie geht dir ?",
        "metadata": {
            "corpus": "MERLIN_DE",
            "author": {
                "author_ID": "1061_1029114",
                "L1": "not reported",
                "age": "32",
                "gender": "female"
            },
            "CEFR": {
                "overall_fairRating": "A2+",
                "test_level": "B1"
            },
            "task": {
                "formality": "informal",
                "text_type": "letter",
                "topic": "write a letter to a friend (visit)"
            }
        },
        "NP_info": {
            "len_np": 1,
            "coordination": null
        },
        "HEAD_info": {
            "head": {
                "H_TOK1": {
                    "word_type": "N",
                    "word_form": "Stadt",
                    "lemma": "Stadt",
                    "POS_STTS": "NN",
                    "index": "1",
                    "dep_rel": "root",
                    "head_index": "0",
                    "parser_morph_features": "Fem|_|Sg"
                }
            },
            "super_head": {}
        },
        "POST_info": {},
        "TOK_info": {
            "TOK1": {
                "word_type": "N",
                "word_form": "X",
                "lemma": "X",
                "POS_STTS": "NE",
                "index": "2",
                "dep_rel": "app",
                "head_index": "1",
                "parser_morph_features": "Fem|_|Sg",
                "possible_morph_features": []
            }
        },
        "relations": {}
    },
    {
        "file_ID": "1061_1029114",
        "sent_NP_ID": "1_3",
        "sentence": "Stadt X , 28.02.2012 Liebe Dana wie geht dir ?",
        "metadata": {
            "corpus": "MERLIN_DE",
            "author": {
                "author_ID": "1061_1029114",
                "L1": "not reported",
                "age": "32",
                "gender": "female"
            },
            "CEFR": {
                "overall_fairRating": "A2+",
                "test_level": "B1"
            },
            "task": {
                "formality": "informal",
                "text_type": "letter",
                "topic": "write a letter to a friend (visit)"
            }
        },
        "NP_info": {
            "len_np": 2,
            "coordination": null
        },
        "HEAD_info": {
            "head": {},
            "super_head": {}
        },
        "POST_info": {
            "P_TOK1": {
                "word_type": "N",
                "word_form": "Dana",
                "lemma": "Dana",
                "POS_STTS": "NE",
                "index": "6",
                "dep_rel": "app",
                "head_index": "5",
                "parser_morph_features": "_|_|Pl"
            }
        },
        "TOK_info": {
            "TOK1": {
                "word_type": "CARD",
                "word_form": "28.02.2012",
                "lemma": "28.02.2012",
                "POS_STTS": "CARD",
                "index": "4",
                "dep_rel": "attr",
                "head_index": "5",
                "parser_morph_features": "_",
                "possible_morph_features": []
            },
            "TOK2": {
                "word_type": "N",
                "word_form": "Liebe",
                "lemma": "Liebe",
                "POS_STTS": "NN",
                "index": "5",
                "dep_rel": "root",
                "head_index": "0",
                "parser_morph_features": "_|_|Pl",
                "possible_morph_features": []
            }
        },
        "relations": {}
    },
    {
        "file_ID": "1061_1029114",
        "sent_NP_ID": "1_4",
        "sentence": "Stadt X , 28.02.2012 Liebe Dana wie geht dir ?",
        "metadata": {
            "corpus": "MERLIN_DE",
            "author": {
                "author_ID": "1061_1029114",
                "L1": "not reported",
                "age": "32",
                "gender": "female"
            },
            "CEFR": {
                "overall_fairRating": "A2+",
                "test_level": "B1"
            },
            "task": {
                "formality": "informal",
                "text_type": "letter",
                "topic": "write a letter to a friend (visit)"
            }
        },
        "NP_info": {
            "len_np": 1,
            "coordination": null
        },
        "HEAD_info": {
            "head": {
                "H_TOK1": {
                    "word_type": "N",
                    "word_form": "Liebe",
                    "lemma": "Liebe",
                    "POS_STTS": "NN",
                    "index": "5",
                    "dep_rel": "root",
                    "head_index": "0",
                    "parser_morph_features": "_|_|Pl"
                }
            },
            "super_head": {}
        },
        "POST_info": {},
        "TOK_info": {
            "TOK1": {
                "word_type": "N",
                "word_form": "Dana",
                "lemma": "Dana",
                "POS_STTS": "NE",
                "index": "6",
                "dep_rel": "app",
                "head_index": "5",
                "parser_morph_features": "_|_|Pl",
                "possible_morph_features": []
            }
        },
        "relations": {}
    },
    {
        "file_ID": "1061_1029114",
        "sent_NP_ID": "2_5",
        "sentence": "Ich habe deine Brief bekommen .",
        "metadata": {
            "corpus": "MERLIN_DE",
            "author": {
                "author_ID": "1061_1029114",
                "L1": "not reported",
                "age": "32",
                "gender": "female"
            },
            "CEFR": {
                "overall_fairRating": "A2+",
                "test_level": "B1"
            },
            "task": {
                "formality": "informal",
                "text_type": "letter",
                "topic": "write a letter to a friend (visit)"
            }
        },
        "NP_info": {
            "len_np": 2,
            "coordination": null
        },
        "HEAD_info": {
            "head": {
                "H_TOK1": {
                    "word_type": "V",
                    "word_form": "habe",
                    "lemma": "haben",
                    "POS_STTS": "VAFIN",
                    "index": "2",
                    "dep_rel": "root",
                    "head_index": "0",
                    "parser_morph_features": "3|Sg|Pres|Subj"
                }
            },
            "super_head": {}
        },
        "POST_info": {},
        "TOK_info": {
            "TOK1": {
                "word_type": "ART",
                "word_form": "deine",
                "lemma": "deine",
                "POS_STTS": "PPOSAT",
                "index": "3",
                "dep_rel": "det",
                "head_index": "4",
                "parser_morph_features": "Masc|Nom|Sg",
                "possible_morph_features": []
            },
            "TOK2": {
                "word_type": "N",
                "word_form": "Brief",
                "lemma": "Brief",
                "POS_STTS": "NN",
                "index": "4",
                "dep_rel": "subj",
                "head_index": "2",
                "parser_morph_features": "Masc|Nom|Sg",
                "possible_morph_features": []
            }
        },
        "relations": {
            "rel_1": {
                "rel_type": "must_agree",
                "involved": [
                    "TOK2",
                    "TOK1"
                ],
                "ruler": "TOK2",
                "possible_agreement": null
            }
        }
    },
    {
        "file_ID": "1061_1029114",
        "sent_NP_ID": "3_6",
        "sentence": "Glückwunsch zur deine prüfung , Ich bin schietoll für dich , für mir , get mir gut und Ich finde sehr gut dass deine tante und onkel besucht in Istanbul hat , und was Ich wüsche in istanbul ist dass eine Mütze , Mütze finde ich schön .",
        "metadata": {
            "corpus": "MERLIN_DE",
            "author": {
                "author_ID": "1061_1029114",
                "L1": "not reported",
                "age": "32",
                "gender": "female"
            },
            "CEFR": {
                "overall_fairRating": "A2+",
                "test_level": "B1"
            },
            "task": {
                "formality": "informal",
                "text_type": "letter",
                "topic": "write a letter to a friend (visit)"
            }
        },
        "NP_info": {
            "len_np": 1,
            "coordination": null
        },
        "HEAD_info": {
            "head": {
                "H_TOK1": {
                    "word_type": "V",
                    "word_form": "bin",
                    "lemma": "sein",
                    "POS_STTS": "VAFIN",
                    "index": "7",
                    "dep_rel": "root",
                    "head_index": "0",
                    "parser_morph_features": "1|Sg|Pres|Ind"
                }
            },
            "super_head": {}
        },
        "POST_info": {
            "P_TOK1": {
                "word_type": "PREP",
                "word_form": "zur",
                "lemma": "zu",
                "POS_STTS": "APPRART",
                "index": "2",
                "dep_rel": "pp",
                "head_index": "1",
                "parser_morph_features": "Dat"
            }
        },
        "TOK_info": {
            "TOK1": {
                "word_type": "N",
                "word_form": "Glückwunsch",
                "lemma": "Glückwunsch",
                "POS_STTS": "NN",
                "index": "1",
                "dep_rel": "vok",
                "head_index": "7",
                "parser_morph_features": "Masc|_|Sg",
                "possible_morph_features": []
            }
        },
        "relations": {}
    },
    {
        "file_ID": "1061_1029114",
        "sent_NP_ID": "3_7",
        "sentence": "Glückwunsch zur deine prüfung , Ich bin schietoll für dich , für mir , get mir gut und Ich finde sehr gut dass deine tante und onkel besucht in Istanbul hat , und was Ich wüsche in istanbul ist dass eine Mütze , Mütze finde ich schön .",
        "metadata": {
            "corpus": "MERLIN_DE",
            "author": {
                "author_ID": "1061_1029114",
                "L1": "not reported",
                "age": "32",
                "gender": "female"
            },
            "CEFR": {
                "overall_fairRating": "A2+",
                "test_level": "B1"
            },
            "task": {
                "formality": "informal",
                "text_type": "letter",
                "topic": "write a letter to a friend (visit)"
            }
        },
        "NP_info": {
            "len_np": 2,
            "coordination": null
        },
        "HEAD_info": {
            "head": {
                "H_TOK1": {
                    "word_type": "PREP",
                    "word_form": "zur",
                    "lemma": "zu",
                    "POS_STTS": "APPRART",
                    "index": "2",
                    "dep_rel": "pp",
                    "head_index": "1",
                    "parser_morph_features": "Dat"
                }
            },
            "super_head": {
                "SH_TOK1": {
                    "word_type": "N",
                    "word_form": "Glückwunsch",
                    "lemma": "Glückwunsch",
                    "POS_STTS": "NN",
                    "index": "1",
                    "dep_rel": "vok",
                    "head_index": "7",
                    "parser_morph_features": "Masc|_|Sg"
                }
            }
        },
        "POST_info": {},
        "TOK_info": {
            "TOK1": {
                "word_type": "ART",
                "word_form": "deine",
                "lemma": "deine",
                "POS_STTS": "PPOSAT",
                "index": "3",
                "dep_rel": "det",
                "head_index": "4",
                "parser_morph_features": "_|_|_",
                "possible_morph_features": []
            },
            "TOK2": {
                "word_type": "N",
                "word_form": "prüfung",
                "lemma": "prüfung",
                "POS_STTS": "NN",
                "index": "4",
                "dep_rel": "pn",
                "head_index": "2",
                "parser_morph_features": "_|_|_",
                "possible_morph_features": []
            }
        },
        "relations": {
            "rel_1": {
                "rel_type": "must_agree",
                "involved": [
                    "TOK1",
                    "H_TOK1"
                ],
                "ruler": null,
                "possible_agreement": null
            },
            "rel_2": {
                "rel_type": "must_agree",
                "involved": [
                    "TOK2",
                    "TOK1"
                ],
                "ruler": "TOK2",
                "possible_agreement": null
            },
            "rel_3": {
                "rel_type": "must_agree",
                "involved": [
                    "TOK2",
                    "H_TOK1"
                ],
                "ruler": "TOK2",
                "possible_agreement": null
            }
        }
    },
    {
        "file_ID": "1061_1029114",
        "sent_NP_ID": "3_8",
        "sentence": "Glückwunsch zur deine prüfung , Ich bin schietoll für dich , für mir , get mir gut und Ich finde sehr gut dass deine tante und onkel besucht in Istanbul hat , und was Ich wüsche in istanbul ist dass eine Mütze , Mütze finde ich schön .",
        "metadata": {
            "corpus": "MERLIN_DE",
            "author": {
                "author_ID": "1061_1029114",
                "L1": "not reported",
                "age": "32",
                "gender": "female"
            },
            "CEFR": {
                "overall_fairRating": "A2+",
                "test_level": "B1"
            },
            "task": {
                "formality": "informal",
                "text_type": "letter",
                "topic": "write a letter to a friend (visit)"
            }
        },
        "NP_info": {
            "len_np": 2,
            "coordination": [
                "3_8",
                "3_9"
            ]
        },
        "HEAD_info": {
            "head": {
                "H_TOK1": {
                    "word_type": "V",
                    "word_form": "besucht",
                    "lemma": "besuchen",
                    "POS_STTS": "VVFIN",
                    "index": "28",
                    "dep_rel": "objc",
                    "head_index": "20",
                    "parser_morph_features": "3|Sg|Pres|Ind"
                }
            },
            "super_head": {
                "SH_TOK1": {
                    "word_type": "V",
                    "word_form": "finde",
                    "lemma": "finden",
                    "POS_STTS": "VVFIN",
                    "index": "20",
                    "dep_rel": "cj",
                    "head_index": "18",
                    "parser_morph_features": "1|Sg|Pres|_"
                }
            }
        },
        "POST_info": {},
        "TOK_info": {
            "TOK1": {
                "word_type": "ART",
                "word_form": "deine",
                "lemma": "deine",
                "POS_STTS": "PPOSAT",
                "index": "24",
                "dep_rel": "det",
                "head_index": "25",
                "parser_morph_features": "_|Nom|_",
                "possible_morph_features": []
            },
            "TOK2": {
                "word_type": "N",
                "word_form": "tante",
                "lemma": "tante",
                "POS_STTS": "NN",
                "index": "25",
                "dep_rel": "subj",
                "head_index": "28",
                "parser_morph_features": "_|Nom|_",
                "possible_morph_features": []
            }
        },
        "relations": {
            "rel_1": {
                "rel_type": "must_agree",
                "involved": [
                    "TOK2",
                    "TOK1"
                ],
                "ruler": "TOK2",
                "possible_agreement": null
            }
        }
    },
    {
        "file_ID": "1061_1029114",
        "sent_NP_ID": "3_9",
        "sentence": "Glückwunsch zur deine prüfung , Ich bin schietoll für dich , für mir , get mir gut und Ich finde sehr gut dass deine tante und onkel besucht in Istanbul hat , und was Ich wüsche in istanbul ist dass eine Mütze , Mütze finde ich schön .",
        "metadata": {
            "corpus": "MERLIN_DE",
            "author": {
                "author_ID": "1061_1029114",
                "L1": "not reported",
                "age": "32",
                "gender": "female"
            },
            "CEFR": {
                "overall_fairRating": "A2+",
                "test_level": "B1"
            },
            "task": {
                "formality": "informal",
                "text_type": "letter",
                "topic": "write a letter to a friend (visit)"
            }
        },
        "NP_info": {
            "len_np": 1,
            "coordination": [
                "3_8",
                "3_9"
            ]
        },
        "HEAD_info": {
            "head": {
                "H_TOK1": {
                    "word_type": "KON",
                    "word_form": "und",
                    "lemma": "und",
                    "POS_STTS": "KON",
                    "index": "26",
                    "dep_rel": "kon",
                    "head_index": "25",
                    "parser_morph_features": "_"
                }
            },
            "super_head": {
                "SH_TOK1": {
                    "word_type": "N",
                    "word_form": "tante",
                    "lemma": "tante",
                    "POS_STTS": "NN",
                    "index": "25",
                    "dep_rel": "subj",
                    "head_index": "28",
                    "parser_morph_features": "_|Nom|_"
                }
            }
        },
        "POST_info": {},
        "TOK_info": {
            "TOK1": {
                "word_type": "N",
                "word_form": "onkel",
                "lemma": "onkel",
                "POS_STTS": "NE",
                "index": "27",
                "dep_rel": "cj",
                "head_index": "26",
                "parser_morph_features": "_|Nom|_",
                "possible_morph_features": []
            }
        },
        "relations": {}
    },
    {
        "file_ID": "1061_1029114",
        "sent_NP_ID": "3_10",
        "sentence": "Glückwunsch zur deine prüfung , Ich bin schietoll für dich , für mir , get mir gut und Ich finde sehr gut dass deine tante und onkel besucht in Istanbul hat , und was Ich wüsche in istanbul ist dass eine Mütze , Mütze finde ich schön .",
        "metadata": {
            "corpus": "MERLIN_DE",
            "author": {
                "author_ID": "1061_1029114",
                "L1": "not reported",
                "age": "32",
                "gender": "female"
            },
            "CEFR": {
                "overall_fairRating": "A2+",
                "test_level": "B1"
            },
            "task": {
                "formality": "informal",
                "text_type": "letter",
                "topic": "write a letter to a friend (visit)"
            }
        },
        "NP_info": {
            "len_np": 1,
            "coordination": null
        },
        "HEAD_info": {
            "head": {
                "H_TOK1": {
                    "word_type": "PREP",
                    "word_form": "in",
                    "lemma": "in",
                    "POS_STTS": "APPR",
                    "index": "29",
                    "dep_rel": "pp",
                    "head_index": "28",
                    "parser_morph_features": "_"
                }
            },
            "super_head": {
                "SH_TOK1": {
                    "word_type": "V",
                    "word_form": "besucht",
                    "lemma": "besuchen",
                    "POS_STTS": "VVFIN",
                    "index": "28",
                    "dep_rel": "objc",
                    "head_index": "20",
                    "parser_morph_features": "3|Sg|Pres|Ind"
                }
            }
        },
        "POST_info": {},
        "TOK_info": {
            "TOK1": {
                "word_type": "N",
                "word_form": "Istanbul",
                "lemma": "Istanbul",
                "POS_STTS": "NE",
                "index": "30",
                "dep_rel": "pn",
                "head_index": "29",
                "parser_morph_features": "Neut|_|Sg",
                "possible_morph_features": []
            }
        },
        "relations": {}
    },
    {
        "file_ID": "1061_1029114",
        "sent_NP_ID": "3_11",
        "sentence": "Glückwunsch zur deine prüfung , Ich bin schietoll für dich , für mir , get mir gut und Ich finde sehr gut dass deine tante und onkel besucht in Istanbul hat , und was Ich wüsche in istanbul ist dass eine Mütze , Mütze finde ich schön .",
        "metadata": {
            "corpus": "MERLIN_DE",
            "author": {
                "author_ID": "1061_1029114",
                "L1": "not reported",
                "age": "32",
                "gender": "female"
            },
            "CEFR": {
                "overall_fairRating": "A2+",
                "test_level": "B1"
            },
            "task": {
                "formality": "informal",
                "text_type": "letter",
                "topic": "write a letter to a friend (visit)"
            }
        },
        "NP_info": {
            "len_np": 1,
            "coordination": null
        },
        "HEAD_info": {
            "head": {
                "H_TOK1": {
                    "word_type": "PREP",
                    "word_form": "in",
                    "lemma": "in",
                    "POS_STTS": "APPR",
                    "index": "37",
                    "dep_rel": "pp",
                    "head_index": "36",
                    "parser_morph_features": "_"
                }
            },
            "super_head": {
                "SH_TOK1": {
                    "word_type": "V",
                    "word_form": "wüsche",
                    "lemma": "waschen",
                    "POS_STTS": "VVFIN",
                    "index": "36",
                    "dep_rel": "objc",
                    "head_index": "39",
                    "parser_morph_features": "1|Sg|Past|Subj"
                }
            }
        },
        "POST_info": {},
        "TOK_info": {
            "TOK1": {
                "word_type": "N",
                "word_form": "istanbul",
                "lemma": "istanbul",
                "POS_STTS": "NE",
                "index": "38",
                "dep_rel": "pn",
                "head_index": "37",
                "parser_morph_features": "_|_|_",
                "possible_morph_features": []
            }
        },
        "relations": {}
    },
    {
        "file_ID": "1061_1029114",
        "sent_NP_ID": "3_12",
        "sentence": "Glückwunsch zur deine prüfung , Ich bin schietoll für dich , für mir , get mir gut und Ich finde sehr gut dass deine tante und onkel besucht in Istanbul hat , und was Ich wüsche in istanbul ist dass eine Mütze , Mütze finde ich schön .",
        "metadata": {
            "corpus": "MERLIN_DE",
            "author": {
                "author_ID": "1061_1029114",
                "L1": "not reported",
                "age": "32",
                "gender": "female"
            },
            "CEFR": {
                "overall_fairRating": "A2+",
                "test_level": "B1"
            },
            "task": {
                "formality": "informal",
                "text_type": "letter",
                "topic": "write a letter to a friend (visit)"
            }
        },
        "NP_info": {
            "len_np": 2,
            "coordination": null
        },
        "HEAD_info": {
            "head": {},
            "super_head": {}
        },
        "POST_info": {},
        "TOK_info": {
            "TOK1": {
                "word_type": "ART",
                "word_form": "eine",
                "lemma": "eine",
                "POS_STTS": "ART",
                "index": "41",
                "dep_rel": "det",
                "head_index": "42",
                "parser_morph_features": "Indef|Fem|_|Sg",
                "possible_morph_features": []
            },
            "TOK2": {
                "word_type": "N",
                "word_form": "Mütze",
                "lemma": "Mütze",
                "POS_STTS": "NN",
                "index": "42",
                "dep_rel": "root",
                "head_index": "0",
                "parser_morph_features": "Fem|_|Sg",
                "possible_morph_features": []
            }
        },
        "relations": {
            "rel_1": {
                "rel_type": "must_agree",
                "involved": [
                    "TOK2",
                    "TOK1"
                ],
                "ruler": "TOK2",
                "possible_agreement": null
            }
        }
    },
    {
        "file_ID": "1061_1029114",
        "sent_NP_ID": "3_13",
        "sentence": "Glückwunsch zur deine prüfung , Ich bin schietoll für dich , für mir , get mir gut und Ich finde sehr gut dass deine tante und onkel besucht in Istanbul hat , und was Ich wüsche in istanbul ist dass eine Mütze , Mütze finde ich schön .",
        "metadata": {
            "corpus": "MERLIN_DE",
            "author": {
                "author_ID": "1061_1029114",
                "L1": "not reported",
                "age": "32",
                "gender": "female"
            },
            "CEFR": {
                "overall_fairRating": "A2+",
                "test_level": "B1"
            },
            "task": {
                "formality": "informal",
                "text_type": "letter",
                "topic": "write a letter to a friend (visit)"
            }
        },
        "NP_info": {
            "len_np": 1,
            "coordination": null
        },
        "HEAD_info": {
            "head": {
                "H_TOK1": {
                    "word_type": "V",
                    "word_form": "finde",
                    "lemma": "finden",
                    "POS_STTS": "VVFIN",
                    "index": "45",
                    "dep_rel": "root",
                    "head_index": "0",
                    "parser_morph_features": "1|Sg|Pres|_"
                }
            },
            "super_head": {}
        },
        "POST_info": {},
        "TOK_info": {
            "TOK1": {
                "word_type": "N",
                "word_form": "Mütze",
                "lemma": "Mütze",
                "POS_STTS": "NN",
                "index": "44",
                "dep_rel": "obja",
                "head_index": "45",
                "parser_morph_features": "Fem|Acc|Sg",
                "possible_morph_features": []
            }
        },
        "relations": {}
    },
    {
        "file_ID": "1061_1029114",
        "sent_NP_ID": "4_14",
        "sentence": "Ich habe auch meine verwandten in der Schweiz und manchmal gehe Ich zu besuch und wenn Ich besuch gehe in die Stadt sehen was dagibt finde Ich sehr interessant , wenn du heir bist , Ich komme zur besuch niest Monat .",
        "metadata": {
            "corpus": "MERLIN_DE",
            "author": {
                "author_ID": "1061_1029114",
                "L1": "not reported",
                "age": "32",
                "gender": "female"
            },
            "CEFR": {
                "overall_fairRating": "A2+",
                "test_level": "B1"
            },
            "task": {
                "formality": "informal",
                "text_type": "letter",
                "topic": "write a letter to a friend (visit)"
            }
        },
        "NP_info": {
            "len_np": 2,
            "coordination": null
        },
        "HEAD_info": {
            "head": {
                "H_TOK1": {
                    "word_type": "PREP",
                    "word_form": "in",
                    "lemma": "in",
                    "POS_STTS": "APPR",
                    "index": "6",
                    "dep_rel": "pp",
                    "head_index": "2",
                    "parser_morph_features": "Dat"
                }
            },
            "super_head": {
                "SH_TOK1": {
                    "word_type": "V",
                    "word_form": "habe",
                    "lemma": "haben",
                    "POS_STTS": "VAFIN",
                    "index": "2",
                    "dep_rel": "root",
                    "head_index": "0",
                    "parser_morph_features": "1|Sg|Pres|_"
                }
            }
        },
        "POST_info": {},
        "TOK_info": {
            "TOK1": {
                "word_type": "ART",
                "word_form": "der",
                "lemma": "die",
                "POS_STTS": "ART",
                "index": "7",
                "dep_rel": "det",
                "head_index": "8",
                "parser_morph_features": "Def|Fem|Dat|Sg",
                "possible_morph_features": []
            },
            "TOK2": {
                "word_type": "N",
                "word_form": "Schweiz",
                "lemma": "Schweiz",
                "POS_STTS": "NE",
                "index": "8",
                "dep_rel": "pn",
                "head_index": "6",
                "parser_morph_features": "Fem|Dat|Sg",
                "possible_morph_features": []
            }
        },
        "relations": {
            "rel_1": {
                "rel_type": "must_agree",
                "involved": [
                    "TOK2",
                    "TOK1"
                ],
                "ruler": "TOK2",
                "possible_agreement": null
            }
        }
    },
    {
        "file_ID": "1061_1029114",
        "sent_NP_ID": "4_15",
        "sentence": "Ich habe auch meine verwandten in der Schweiz und manchmal gehe Ich zu besuch und wenn Ich besuch gehe in die Stadt sehen was dagibt finde Ich sehr interessant , wenn du heir bist , Ich komme zur besuch niest Monat .",
        "metadata": {
            "corpus": "MERLIN_DE",
            "author": {
                "author_ID": "1061_1029114",
                "L1": "not reported",
                "age": "32",
                "gender": "female"
            },
            "CEFR": {
                "overall_fairRating": "A2+",
                "test_level": "B1"
            },
            "task": {
                "formality": "informal",
                "text_type": "letter",
                "topic": "write a letter to a friend (visit)"
            }
        },
        "NP_info": {
            "len_np": 1,
            "coordination": null
        },
        "HEAD_info": {
            "head": {
                "H_TOK1": {
                    "word_type": "V",
                    "word_form": "gehe",
                    "lemma": "gehen",
                    "POS_STTS": "VVFIN",
                    "index": "19",
                    "dep_rel": "neb",
                    "head_index": "23",
                    "parser_morph_features": "1|Sg|Pres|_"
                }
            },
            "super_head": {
                "SH_TOK1": {
                    "word_type": "V",
                    "word_form": "sehen",
                    "lemma": "sehen",
                    "POS_STTS": "VVFIN",
                    "index": "23",
                    "dep_rel": "cj",
                    "head_index": "15",
                    "parser_morph_features": "3|Pl|Pres|_"
                }
            }
        },
        "POST_info": {},
        "TOK_info": {
            "TOK1": {
                "word_type": "N",
                "word_form": "besuch",
                "lemma": "besuch",
                "POS_STTS": "NN",
                "index": "18",
                "dep_rel": "objd",
                "head_index": "19",
                "parser_morph_features": "_|Dat|_",
                "possible_morph_features": []
            }
        },
        "relations": {}
    },
    {
        "file_ID": "1061_1029114",
        "sent_NP_ID": "4_16",
        "sentence": "Ich habe auch meine verwandten in der Schweiz und manchmal gehe Ich zu besuch und wenn Ich besuch gehe in die Stadt sehen was dagibt finde Ich sehr interessant , wenn du heir bist , Ich komme zur besuch niest Monat .",
        "metadata": {
            "corpus": "MERLIN_DE",
            "author": {
                "author_ID": "1061_1029114",
                "L1": "not reported",
                "age": "32",
                "gender": "female"
            },
            "CEFR": {
                "overall_fairRating": "A2+",
                "test_level": "B1"
            },
            "task": {
                "formality": "informal",
                "text_type": "letter",
                "topic": "write a letter to a friend (visit)"
            }
        },
        "NP_info": {
            "len_np": 2,
            "coordination": null
        },
        "HEAD_info": {
            "head": {
                "H_TOK1": {
                    "word_type": "PREP",
                    "word_form": "in",
                    "lemma": "in",
                    "POS_STTS": "APPR",
                    "index": "20",
                    "dep_rel": "objp",
                    "head_index": "19",
                    "parser_morph_features": "Acc"
                }
            },
            "super_head": {
                "SH_TOK1": {
                    "word_type": "V",
                    "word_form": "gehe",
                    "lemma": "gehen",
                    "POS_STTS": "VVFIN",
                    "index": "19",
                    "dep_rel": "neb",
                    "head_index": "23",
                    "parser_morph_features": "1|Sg|Pres|_"
                }
            }
        },
        "POST_info": {},
        "TOK_info": {
            "TOK1": {
                "word_type": "ART",
                "word_form": "die",
                "lemma": "die",
                "POS_STTS": "ART",
                "index": "21",
                "dep_rel": "det",
                "head_index": "22",
                "parser_morph_features": "Def|Fem|Acc|Sg",
                "possible_morph_features": []
            },
            "TOK2": {
                "word_type": "N",
                "word_form": "Stadt",
                "lemma": "Stadt",
                "POS_STTS": "NN",
                "index": "22",
                "dep_rel": "pn",
                "head_index": "20",
                "parser_morph_features": "Fem|Acc|Sg",
                "possible_morph_features": []
            }
        },
        "relations": {
            "rel_1": {
                "rel_type": "must_agree",
                "involved": [
                    "TOK2",
                    "TOK1"
                ],
                "ruler": "TOK2",
                "possible_agreement": null
            }
        }
    },
    {
        "file_ID": "1061_1029114",
        "sent_NP_ID": "4_17",
        "sentence": "Ich habe auch meine verwandten in der Schweiz und manchmal gehe Ich zu besuch und wenn Ich besuch gehe in die Stadt sehen was dagibt finde Ich sehr interessant , wenn du heir bist , Ich komme zur besuch niest Monat .",
        "metadata": {
            "corpus": "MERLIN_DE",
            "author": {
                "author_ID": "1061_1029114",
                "L1": "not reported",
                "age": "32",
                "gender": "female"
            },
            "CEFR": {
                "overall_fairRating": "A2+",
                "test_level": "B1"
            },
            "task": {
                "formality": "informal",
                "text_type": "letter",
                "topic": "write a letter to a friend (visit)"
            }
        },
        "NP_info": {
            "len_np": 1,
            "coordination": null
        },
        "HEAD_info": {
            "head": {
                "H_TOK1": {
                    "word_type": "PREP",
                    "word_form": "zur",
                    "lemma": "zu",
                    "POS_STTS": "APPRART",
                    "index": "38",
                    "dep_rel": "objp",
                    "head_index": "37",
                    "parser_morph_features": "Dat"
                }
            },
            "super_head": {
                "SH_TOK1": {
                    "word_type": "V",
                    "word_form": "komme",
                    "lemma": "kommen",
                    "POS_STTS": "VVFIN",
                    "index": "37",
                    "dep_rel": "kon",
                    "head_index": "26",
                    "parser_morph_features": "1|Sg|Pres|_"
                }
            }
        },
        "POST_info": {},
        "TOK_info": {
            "TOK1": {
                "word_type": "N",
                "word_form": "besuch",
                "lemma": "besuch",
                "POS_STTS": "NN",
                "index": "39",
                "dep_rel": "pn",
                "head_index": "38",
                "parser_morph_features": "_|Dat|_",
                "possible_morph_features": []
            }
        },
        "relations": {
            "rel_1": {
                "rel_type": "must_agree",
                "involved": [
                    "TOK1",
                    "H_TOK1"
                ],
                "ruler": "TOK1",
                "possible_agreement": null
            }
        }
    },
    {
        "file_ID": "1061_1029114",
        "sent_NP_ID": "4_18",
        "sentence": "Ich habe auch meine verwandten in der Schweiz und manchmal gehe Ich zu besuch und wenn Ich besuch gehe in die Stadt sehen was dagibt finde Ich sehr interessant , wenn du heir bist , Ich komme zur besuch niest Monat .",
        "metadata": {
            "corpus": "MERLIN_DE",
            "author": {
                "author_ID": "1061_1029114",
                "L1": "not reported",
                "age": "32",
                "gender": "female"
            },
            "CEFR": {
                "overall_fairRating": "A2+",
                "test_level": "B1"
            },
            "task": {
                "formality": "informal",
                "text_type": "letter",
                "topic": "write a letter to a friend (visit)"
            }
        },
        "NP_info": {
            "len_np": 1,
            "coordination": null
        },
        "HEAD_info": {
            "head": {
                "H_TOK1": {
                    "word_type": "V",
                    "word_form": "niest",
                    "lemma": "niesen",
                    "POS_STTS": "VVFIN",
                    "index": "40",
                    "dep_rel": "root",
                    "head_index": "0",
                    "parser_morph_features": "3|Sg|Pres|Ind"
                }
            },
            "super_head": {}
        },
        "POST_info": {},
        "TOK_info": {
            "TOK1": {
                "word_type": "N",
                "word_form": "Monat",
                "lemma": "Monat",
                "POS_STTS": "NN",
                "index": "41",
                "dep_rel": "subj",
                "head_index": "40",
                "parser_morph_features": "Masc|Nom|Sg",
                "possible_morph_features": []
            }
        },
        "relations": {}
    },
    {
        "file_ID": "1061_1029114",
        "sent_NP_ID": "5_19",
        "sentence": "Viele Grüße Maria",
        "metadata": {
            "corpus": "MERLIN_DE",
            "author": {
                "author_ID": "1061_1029114",
                "L1": "not reported",
                "age": "32",
                "gender": "female"
            },
            "CEFR": {
                "overall_fairRating": "A2+",
                "test_level": "B1"
            },
            "task": {
                "formality": "informal",
                "text_type": "letter",
                "topic": "write a letter to a friend (visit)"
            }
        },
        "NP_info": {
            "len_np": 2,
            "coordination": null
        },
        "HEAD_info": {
            "head": {},
            "super_head": {}
        },
        "POST_info": {
            "P_TOK1": {
                "word_type": "N",
                "word_form": "Maria",
                "lemma": "Maria",
                "POS_STTS": "NE",
                "index": "3",
                "dep_rel": "app",
                "head_index": "2",
                "parser_morph_features": "_|_|Sg"
            }
        },
        "TOK_info": {
            "TOK1": {
                "word_type": "ART",
                "word_form": "Viele",
                "lemma": "viele",
                "POS_STTS": "PIDAT",
                "index": "1",
                "dep_rel": "det",
                "head_index": "2",
                "parser_morph_features": "Masc|_|Pl",
                "possible_morph_features": []
            },
            "TOK2": {
                "word_type": "N",
                "word_form": "Grüße",
                "lemma": "Gruß",
                "POS_STTS": "NN",
                "index": "2",
                "dep_rel": "root",
                "head_index": "0",
                "parser_morph_features": "Masc|_|Pl",
                "possible_morph_features": []
            }
        },
        "relations": {
            "rel_1": {
                "rel_type": "must_agree",
                "involved": [
                    "TOK2",
                    "TOK1"
                ],
                "ruler": "TOK2",
                "possible_agreement": null
            }
        }
    },
    {
        "file_ID": "1061_1029114",
        "sent_NP_ID": "5_20",
        "sentence": "Viele Grüße Maria",
        "metadata": {
            "corpus": "MERLIN_DE",
            "author": {
                "author_ID": "1061_1029114",
                "L1": "not reported",
                "age": "32",
                "gender": "female"
            },
            "CEFR": {
                "overall_fairRating": "A2+",
                "test_level": "B1"
            },
            "task": {
                "formality": "informal",
                "text_type": "letter",
                "topic": "write a letter to a friend (visit)"
            }
        },
        "NP_info": {
            "len_np": 1,
            "coordination": null
        },
        "HEAD_info": {
            "head": {
                "H_TOK1": {
                    "word_type": "N",
                    "word_form": "Grüße",
                    "lemma": "Gruß",
                    "POS_STTS": "NN",
                    "index": "2",
                    "dep_rel": "root",
                    "head_index": "0",
                    "parser_morph_features": "Masc|_|Pl"
                }
            },
            "super_head": {}
        },
        "POST_info": {},
        "TOK_info": {
            "TOK1": {
                "word_type": "N",
                "word_form": "Maria",
                "lemma": "Maria",
                "POS_STTS": "NE",
                "index": "3",
                "dep_rel": "app",
                "head_index": "2",
                "parser_morph_features": "_|_|Sg",
                "possible_morph_features": []
            }
        },
        "relations": {}
    }
]