[
    {
        "file_ID": "1061_0120448",
        "sent_NP_ID": "1_1",
        "sentence": "Stadt X 17.04.2012 Lieber Michael , ich habe mich gefreut , weil ich deinen Brief bekommen habe .",
        "metadata": {
            "corpus": "MERLIN_DE",
            "author": {
                "author_ID": "1061_0120448",
                "L1": "not reported",
                "age": "27",
                "gender": "female"
            },
            "CEFR": {
                "overall_fairRating": "B2",
                "test_level": "B1"
            },
            "task": {
                "formality": "informal",
                "text_type": "letter",
                "topic": "write a letter for New Year to a friend"
            }
        },
        "NP_info": {
            "len_np": 1,
            "coordination": null
        },
        "HEAD_info": {
            "head": {
                "H_TOK1": {
                    "word_type": "V",
                    "word_form": "habe",
                    "lemma": "haben",
                    "POS_STTS": "VAFIN",
                    "index": "8",
                    "dep_rel": "root",
                    "head_index": "0",
                    "parser_morph_features": "1|Sg|Pres|_"
                }
            },
            "super_head": {}
        },
        "POST_info": {
            "P_TOK1": {
                "word_type": "N",
                "word_form": "X",
                "lemma": "X",
                "POS_STTS": "NE",
                "index": "2",
                "dep_rel": "app",
                "head_index": "1",
                "parser_morph_features": "_|_|Pl"
            }
        },
        "TOK_info": {
            "TOK1": {
                "word_type": "N",
                "word_form": "Stadt",
                "lemma": "Stadt",
                "POS_STTS": "NN",
                "index": "1",
                "dep_rel": "vok",
                "head_index": "8",
                "parser_morph_features": "Fem|_|Sg",
                "possible_morph_features": []
            }
        },
        "relations": {}
    },
    {
        "file_ID": "1061_0120448",
        "sent_NP_ID": "1_2",
        "sentence": "Stadt X 17.04.2012 Lieber Michael , ich habe mich gefreut , weil ich deinen Brief bekommen habe .",
        "metadata": {
            "corpus": "MERLIN_DE",
            "author": {
                "author_ID": "1061_0120448",
                "L1": "not reported",
                "age": "27",
                "gender": "female"
            },
            "CEFR": {
                "overall_fairRating": "B2",
                "test_level": "B1"
            },
            "task": {
                "formality": "informal",
                "text_type": "letter",
                "topic": "write a letter for New Year to a friend"
            }
        },
        "NP_info": {
            "len_np": 1,
            "coordination": null
        },
        "HEAD_info": {
            "head": {
                "H_TOK1": {
                    "word_type": "N",
                    "word_form": "Stadt",
                    "lemma": "Stadt",
                    "POS_STTS": "NN",
                    "index": "1",
                    "dep_rel": "vok",
                    "head_index": "8",
                    "parser_morph_features": "Fem|_|Sg"
                }
            },
            "super_head": {
                "SH_TOK1": {
                    "word_type": "V",
                    "word_form": "habe",
                    "lemma": "haben",
                    "POS_STTS": "VAFIN",
                    "index": "8",
                    "dep_rel": "root",
                    "head_index": "0",
                    "parser_morph_features": "1|Sg|Pres|_"
                }
            }
        },
        "POST_info": {
            "P_TOK1": {
                "word_type": "N",
                "word_form": "Lieber",
                "lemma": "Liebe",
                "POS_STTS": "NN",
                "index": "4",
                "dep_rel": "app",
                "head_index": "2",
                "parser_morph_features": "_|_|Pl"
            }
        },
        "TOK_info": {
            "TOK1": {
                "word_type": "N",
                "word_form": "X",
                "lemma": "X",
                "POS_STTS": "NE",
                "index": "2",
                "dep_rel": "app",
                "head_index": "1",
                "parser_morph_features": "_|_|Pl",
                "possible_morph_features": []
            }
        },
        "relations": {}
    },
    {
        "file_ID": "1061_0120448",
        "sent_NP_ID": "1_3",
        "sentence": "Stadt X 17.04.2012 Lieber Michael , ich habe mich gefreut , weil ich deinen Brief bekommen habe .",
        "metadata": {
            "corpus": "MERLIN_DE",
            "author": {
                "author_ID": "1061_0120448",
                "L1": "not reported",
                "age": "27",
                "gender": "female"
            },
            "CEFR": {
                "overall_fairRating": "B2",
                "test_level": "B1"
            },
            "task": {
                "formality": "informal",
                "text_type": "letter",
                "topic": "write a letter for New Year to a friend"
            }
        },
        "NP_info": {
            "len_np": 2,
            "coordination": null
        },
        "HEAD_info": {
            "head": {
                "H_TOK1": {
                    "word_type": "N",
                    "word_form": "X",
                    "lemma": "X",
                    "POS_STTS": "NE",
                    "index": "2",
                    "dep_rel": "app",
                    "head_index": "1",
                    "parser_morph_features": "_|_|Pl"
                }
            },
            "super_head": {
                "SH_TOK1": {
                    "word_type": "N",
                    "word_form": "Stadt",
                    "lemma": "Stadt",
                    "POS_STTS": "NN",
                    "index": "1",
                    "dep_rel": "vok",
                    "head_index": "8",
                    "parser_morph_features": "Fem|_|Sg"
                }
            }
        },
        "POST_info": {
            "P_TOK1": {
                "word_type": "N",
                "word_form": "Michael",
                "lemma": "Michael",
                "POS_STTS": "NE",
                "index": "5",
                "dep_rel": "app",
                "head_index": "4",
                "parser_morph_features": "Masc|_|Sg"
            }
        },
        "TOK_info": {
            "TOK1": {
                "word_type": "CARD",
                "word_form": "17.04.2012",
                "lemma": "17.04.2012",
                "POS_STTS": "CARD",
                "index": "3",
                "dep_rel": "attr",
                "head_index": "4",
                "parser_morph_features": "_",
                "possible_morph_features": []
            },
            "TOK2": {
                "word_type": "N",
                "word_form": "Lieber",
                "lemma": "Liebe",
                "POS_STTS": "NN",
                "index": "4",
                "dep_rel": "app",
                "head_index": "2",
                "parser_morph_features": "_|_|Pl",
                "possible_morph_features": []
            }
        },
        "relations": {}
    },
    {
        "file_ID": "1061_0120448",
        "sent_NP_ID": "1_4",
        "sentence": "Stadt X 17.04.2012 Lieber Michael , ich habe mich gefreut , weil ich deinen Brief bekommen habe .",
        "metadata": {
            "corpus": "MERLIN_DE",
            "author": {
                "author_ID": "1061_0120448",
                "L1": "not reported",
                "age": "27",
                "gender": "female"
            },
            "CEFR": {
                "overall_fairRating": "B2",
                "test_level": "B1"
            },
            "task": {
                "formality": "informal",
                "text_type": "letter",
                "topic": "write a letter for New Year to a friend"
            }
        },
        "NP_info": {
            "len_np": 1,
            "coordination": null
        },
        "HEAD_info": {
            "head": {
                "H_TOK1": {
                    "word_type": "N",
                    "word_form": "Lieber",
                    "lemma": "Liebe",
                    "POS_STTS": "NN",
                    "index": "4",
                    "dep_rel": "app",
                    "head_index": "2",
                    "parser_morph_features": "_|_|Pl"
                }
            },
            "super_head": {
                "SH_TOK1": {
                    "word_type": "N",
                    "word_form": "X",
                    "lemma": "X",
                    "POS_STTS": "NE",
                    "index": "2",
                    "dep_rel": "app",
                    "head_index": "1",
                    "parser_morph_features": "_|_|Pl"
                }
            }
        },
        "POST_info": {},
        "TOK_info": {
            "TOK1": {
                "word_type": "N",
                "word_form": "Michael",
                "lemma": "Michael",
                "POS_STTS": "NE",
                "index": "5",
                "dep_rel": "app",
                "head_index": "4",
                "parser_morph_features": "Masc|_|Sg",
                "possible_morph_features": []
            }
        },
        "relations": {}
    },
    {
        "file_ID": "1061_0120448",
        "sent_NP_ID": "1_5",
        "sentence": "Stadt X 17.04.2012 Lieber Michael , ich habe mich gefreut , weil ich deinen Brief bekommen habe .",
        "metadata": {
            "corpus": "MERLIN_DE",
            "author": {
                "author_ID": "1061_0120448",
                "L1": "not reported",
                "age": "27",
                "gender": "female"
            },
            "CEFR": {
                "overall_fairRating": "B2",
                "test_level": "B1"
            },
            "task": {
                "formality": "informal",
                "text_type": "letter",
                "topic": "write a letter for New Year to a friend"
            }
        },
        "NP_info": {
            "len_np": 2,
            "coordination": null
        },
        "HEAD_info": {
            "head": {
                "H_TOK1": {
                    "word_type": "V",
                    "word_form": "bekommen",
                    "lemma": "bekommen",
                    "POS_STTS": "VVPP",
                    "index": "16",
                    "dep_rel": "aux",
                    "head_index": "17",
                    "parser_morph_features": "_"
                }
            },
            "super_head": {
                "SH_TOK1": {
                    "word_type": "V",
                    "word_form": "habe",
                    "lemma": "haben",
                    "POS_STTS": "VAFIN",
                    "index": "17",
                    "dep_rel": "neb",
                    "head_index": "8",
                    "parser_morph_features": "1|Sg|Pres|_"
                }
            }
        },
        "POST_info": {},
        "TOK_info": {
            "TOK1": {
                "word_type": "ART",
                "word_form": "deinen",
                "lemma": "deine",
                "POS_STTS": "PPOSAT",
                "index": "14",
                "dep_rel": "det",
                "head_index": "15",
                "parser_morph_features": "Masc|Acc|Sg",
                "possible_morph_features": []
            },
            "TOK2": {
                "word_type": "N",
                "word_form": "Brief",
                "lemma": "Brief",
                "POS_STTS": "NN",
                "index": "15",
                "dep_rel": "obja",
                "head_index": "16",
                "parser_morph_features": "Masc|Acc|Sg",
                "possible_morph_features": []
            }
        },
        "relations": {
            "rel_1": {
                "rel_type": "must_agree",
                "involved": [
                    "TOK2",
                    "TOK1"
                ],
                "ruler": "TOK2",
                "possible_agreement": null
            }
        }
    },
    {
        "file_ID": "1061_0120448",
        "sent_NP_ID": "3_6",
        "sentence": "Die Silvesternacht habe ich mit meinem Mann verbracht .",
        "metadata": {
            "corpus": "MERLIN_DE",
            "author": {
                "author_ID": "1061_0120448",
                "L1": "not reported",
                "age": "27",
                "gender": "female"
            },
            "CEFR": {
                "overall_fairRating": "B2",
                "test_level": "B1"
            },
            "task": {
                "formality": "informal",
                "text_type": "letter",
                "topic": "write a letter for New Year to a friend"
            }
        },
        "NP_info": {
            "len_np": 2,
            "coordination": null
        },
        "HEAD_info": {
            "head": {
                "H_TOK1": {
                    "word_type": "V",
                    "word_form": "verbracht",
                    "lemma": "verbringen",
                    "POS_STTS": "VVPP",
                    "index": "8",
                    "dep_rel": "aux",
                    "head_index": "3",
                    "parser_morph_features": "_"
                }
            },
            "super_head": {
                "SH_TOK1": {
                    "word_type": "V",
                    "word_form": "habe",
                    "lemma": "haben",
                    "POS_STTS": "VAFIN",
                    "index": "3",
                    "dep_rel": "root",
                    "head_index": "0",
                    "parser_morph_features": "1|Sg|Pres|_"
                }
            }
        },
        "POST_info": {},
        "TOK_info": {
            "TOK1": {
                "word_type": "ART",
                "word_form": "Die",
                "lemma": "die",
                "POS_STTS": "ART",
                "index": "1",
                "dep_rel": "det",
                "head_index": "2",
                "parser_morph_features": "Def|Fem|Acc|Sg",
                "possible_morph_features": []
            },
            "TOK2": {
                "word_type": "N",
                "word_form": "Silvesternacht",
                "lemma": "Silvesternacht",
                "POS_STTS": "NN",
                "index": "2",
                "dep_rel": "obja",
                "head_index": "8",
                "parser_morph_features": "Fem|Acc|Sg",
                "possible_morph_features": []
            }
        },
        "relations": {
            "rel_1": {
                "rel_type": "must_agree",
                "involved": [
                    "TOK2",
                    "TOK1"
                ],
                "ruler": "TOK2",
                "possible_agreement": null
            }
        }
    },
    {
        "file_ID": "1061_0120448",
        "sent_NP_ID": "3_7",
        "sentence": "Die Silvesternacht habe ich mit meinem Mann verbracht .",
        "metadata": {
            "corpus": "MERLIN_DE",
            "author": {
                "author_ID": "1061_0120448",
                "L1": "not reported",
                "age": "27",
                "gender": "female"
            },
            "CEFR": {
                "overall_fairRating": "B2",
                "test_level": "B1"
            },
            "task": {
                "formality": "informal",
                "text_type": "letter",
                "topic": "write a letter for New Year to a friend"
            }
        },
        "NP_info": {
            "len_np": 2,
            "coordination": null
        },
        "HEAD_info": {
            "head": {
                "H_TOK1": {
                    "word_type": "PREP",
                    "word_form": "mit",
                    "lemma": "mit",
                    "POS_STTS": "APPR",
                    "index": "5",
                    "dep_rel": "pp",
                    "head_index": "8",
                    "parser_morph_features": "Dat"
                }
            },
            "super_head": {
                "SH_TOK1": {
                    "word_type": "V",
                    "word_form": "verbracht",
                    "lemma": "verbringen",
                    "POS_STTS": "VVPP",
                    "index": "8",
                    "dep_rel": "aux",
                    "head_index": "3",
                    "parser_morph_features": "_"
                }
            }
        },
        "POST_info": {},
        "TOK_info": {
            "TOK1": {
                "word_type": "ART",
                "word_form": "meinem",
                "lemma": "meine",
                "POS_STTS": "PPOSAT",
                "index": "6",
                "dep_rel": "det",
                "head_index": "7",
                "parser_morph_features": "Masc|Dat|Sg",
                "possible_morph_features": []
            },
            "TOK2": {
                "word_type": "N",
                "word_form": "Mann",
                "lemma": "Mann",
                "POS_STTS": "NN",
                "index": "7",
                "dep_rel": "pn",
                "head_index": "5",
                "parser_morph_features": "Masc|Dat|Sg",
                "possible_morph_features": []
            }
        },
        "relations": {
            "rel_1": {
                "rel_type": "must_agree",
                "involved": [
                    "TOK2",
                    "TOK1"
                ],
                "ruler": "TOK2",
                "possible_agreement": null
            }
        }
    },
    {
        "file_ID": "1061_0120448",
        "sent_NP_ID": "5_8",
        "sentence": "Dann sind wir in die Stadt in Stadt X gefahren .",
        "metadata": {
            "corpus": "MERLIN_DE",
            "author": {
                "author_ID": "1061_0120448",
                "L1": "not reported",
                "age": "27",
                "gender": "female"
            },
            "CEFR": {
                "overall_fairRating": "B2",
                "test_level": "B1"
            },
            "task": {
                "formality": "informal",
                "text_type": "letter",
                "topic": "write a letter for New Year to a friend"
            }
        },
        "NP_info": {
            "len_np": 2,
            "coordination": null
        },
        "HEAD_info": {
            "head": {
                "H_TOK1": {
                    "word_type": "PREP",
                    "word_form": "in",
                    "lemma": "in",
                    "POS_STTS": "APPR",
                    "index": "4",
                    "dep_rel": "pp",
                    "head_index": "10",
                    "parser_morph_features": "Acc"
                }
            },
            "super_head": {
                "SH_TOK1": {
                    "word_type": "V",
                    "word_form": "gefahren",
                    "lemma": "fahren",
                    "POS_STTS": "VVPP",
                    "index": "10",
                    "dep_rel": "aux",
                    "head_index": "2",
                    "parser_morph_features": "_"
                }
            }
        },
        "POST_info": {},
        "TOK_info": {
            "TOK1": {
                "word_type": "ART",
                "word_form": "die",
                "lemma": "die",
                "POS_STTS": "ART",
                "index": "5",
                "dep_rel": "det",
                "head_index": "6",
                "parser_morph_features": "Def|Fem|Acc|Sg",
                "possible_morph_features": []
            },
            "TOK2": {
                "word_type": "N",
                "word_form": "Stadt",
                "lemma": "Stadt",
                "POS_STTS": "NN",
                "index": "6",
                "dep_rel": "pn",
                "head_index": "4",
                "parser_morph_features": "Fem|Acc|Sg",
                "possible_morph_features": []
            }
        },
        "relations": {
            "rel_1": {
                "rel_type": "must_agree",
                "involved": [
                    "TOK2",
                    "TOK1"
                ],
                "ruler": "TOK2",
                "possible_agreement": null
            }
        }
    },
    {
        "file_ID": "1061_0120448",
        "sent_NP_ID": "5_9",
        "sentence": "Dann sind wir in die Stadt in Stadt X gefahren .",
        "metadata": {
            "corpus": "MERLIN_DE",
            "author": {
                "author_ID": "1061_0120448",
                "L1": "not reported",
                "age": "27",
                "gender": "female"
            },
            "CEFR": {
                "overall_fairRating": "B2",
                "test_level": "B1"
            },
            "task": {
                "formality": "informal",
                "text_type": "letter",
                "topic": "write a letter for New Year to a friend"
            }
        },
        "NP_info": {
            "len_np": 1,
            "coordination": null
        },
        "HEAD_info": {
            "head": {
                "H_TOK1": {
                    "word_type": "PREP",
                    "word_form": "in",
                    "lemma": "in",
                    "POS_STTS": "APPR",
                    "index": "7",
                    "dep_rel": "pp",
                    "head_index": "10",
                    "parser_morph_features": "_"
                }
            },
            "super_head": {
                "SH_TOK1": {
                    "word_type": "V",
                    "word_form": "gefahren",
                    "lemma": "fahren",
                    "POS_STTS": "VVPP",
                    "index": "10",
                    "dep_rel": "aux",
                    "head_index": "2",
                    "parser_morph_features": "_"
                }
            }
        },
        "POST_info": {
            "P_TOK1": {
                "word_type": "N",
                "word_form": "X",
                "lemma": "X",
                "POS_STTS": "NE",
                "index": "9",
                "dep_rel": "app",
                "head_index": "8",
                "parser_morph_features": "Fem|_|Sg"
            }
        },
        "TOK_info": {
            "TOK1": {
                "word_type": "N",
                "word_form": "Stadt",
                "lemma": "Stadt",
                "POS_STTS": "NN",
                "index": "8",
                "dep_rel": "pn",
                "head_index": "7",
                "parser_morph_features": "Fem|_|Sg",
                "possible_morph_features": []
            }
        },
        "relations": {}
    },
    {
        "file_ID": "1061_0120448",
        "sent_NP_ID": "5_10",
        "sentence": "Dann sind wir in die Stadt in Stadt X gefahren .",
        "metadata": {
            "corpus": "MERLIN_DE",
            "author": {
                "author_ID": "1061_0120448",
                "L1": "not reported",
                "age": "27",
                "gender": "female"
            },
            "CEFR": {
                "overall_fairRating": "B2",
                "test_level": "B1"
            },
            "task": {
                "formality": "informal",
                "text_type": "letter",
                "topic": "write a letter for New Year to a friend"
            }
        },
        "NP_info": {
            "len_np": 1,
            "coordination": null
        },
        "HEAD_info": {
            "head": {
                "H_TOK1": {
                    "word_type": "N",
                    "word_form": "Stadt",
                    "lemma": "Stadt",
                    "POS_STTS": "NN",
                    "index": "8",
                    "dep_rel": "pn",
                    "head_index": "7",
                    "parser_morph_features": "Fem|_|Sg"
                }
            },
            "super_head": {
                "SH_TOK1": {
                    "word_type": "PREP",
                    "word_form": "in",
                    "lemma": "in",
                    "POS_STTS": "APPR",
                    "index": "7",
                    "dep_rel": "pp",
                    "head_index": "10",
                    "parser_morph_features": "_"
                }
            }
        },
        "POST_info": {},
        "TOK_info": {
            "TOK1": {
                "word_type": "N",
                "word_form": "X",
                "lemma": "X",
                "POS_STTS": "NE",
                "index": "9",
                "dep_rel": "app",
                "head_index": "8",
                "parser_morph_features": "Fem|_|Sg",
                "possible_morph_features": []
            }
        },
        "relations": {}
    },
    {
        "file_ID": "1061_0120448",
        "sent_NP_ID": "8_11",
        "sentence": "Ich würde gern für das neue Jahr ein Kind bekommen .",
        "metadata": {
            "corpus": "MERLIN_DE",
            "author": {
                "author_ID": "1061_0120448",
                "L1": "not reported",
                "age": "27",
                "gender": "female"
            },
            "CEFR": {
                "overall_fairRating": "B2",
                "test_level": "B1"
            },
            "task": {
                "formality": "informal",
                "text_type": "letter",
                "topic": "write a letter for New Year to a friend"
            }
        },
        "NP_info": {
            "len_np": 3,
            "coordination": null
        },
        "HEAD_info": {
            "head": {
                "H_TOK1": {
                    "word_type": "PREP",
                    "word_form": "für",
                    "lemma": "für",
                    "POS_STTS": "APPR",
                    "index": "4",
                    "dep_rel": "pp",
                    "head_index": "10",
                    "parser_morph_features": "Acc"
                }
            },
            "super_head": {
                "SH_TOK1": {
                    "word_type": "V",
                    "word_form": "bekommen",
                    "lemma": "bekommen",
                    "POS_STTS": "VVINF",
                    "index": "10",
                    "dep_rel": "aux",
                    "head_index": "2",
                    "parser_morph_features": "_"
                }
            }
        },
        "POST_info": {},
        "TOK_info": {
            "TOK1": {
                "word_type": "ART",
                "word_form": "das",
                "lemma": "die",
                "POS_STTS": "ART",
                "index": "5",
                "dep_rel": "det",
                "head_index": "7",
                "parser_morph_features": "Def|Neut|Acc|Sg",
                "possible_morph_features": []
            },
            "TOK2": {
                "word_type": "ADJA",
                "word_form": "neue",
                "lemma": "neu",
                "POS_STTS": "ADJA",
                "index": "6",
                "dep_rel": "attr",
                "head_index": "7",
                "parser_morph_features": "Pos|Neut|Acc|Sg|Wk|",
                "possible_morph_features": []
            },
            "TOK3": {
                "word_type": "N",
                "word_form": "Jahr",
                "lemma": "Jahr",
                "POS_STTS": "NN",
                "index": "7",
                "dep_rel": "pn",
                "head_index": "4",
                "parser_morph_features": "Neut|Acc|Sg",
                "possible_morph_features": []
            }
        },
        "relations": {
            "rel_1": {
                "rel_type": "must_agree",
                "involved": [
                    "TOK1",
                    "TOK2"
                ],
                "ruler": null,
                "possible_agreement": null
            },
            "rel_2": {
                "rel_type": "must_agree",
                "involved": [
                    "TOK3",
                    "TOK1"
                ],
                "ruler": "TOK3",
                "possible_agreement": null
            },
            "rel_3": {
                "rel_type": "must_agree",
                "involved": [
                    "TOK3",
                    "TOK2"
                ],
                "ruler": "TOK3",
                "possible_agreement": null
            }
        }
    },
    {
        "file_ID": "1061_0120448",
        "sent_NP_ID": "8_12",
        "sentence": "Ich würde gern für das neue Jahr ein Kind bekommen .",
        "metadata": {
            "corpus": "MERLIN_DE",
            "author": {
                "author_ID": "1061_0120448",
                "L1": "not reported",
                "age": "27",
                "gender": "female"
            },
            "CEFR": {
                "overall_fairRating": "B2",
                "test_level": "B1"
            },
            "task": {
                "formality": "informal",
                "text_type": "letter",
                "topic": "write a letter for New Year to a friend"
            }
        },
        "NP_info": {
            "len_np": 2,
            "coordination": null
        },
        "HEAD_info": {
            "head": {
                "H_TOK1": {
                    "word_type": "V",
                    "word_form": "bekommen",
                    "lemma": "bekommen",
                    "POS_STTS": "VVINF",
                    "index": "10",
                    "dep_rel": "aux",
                    "head_index": "2",
                    "parser_morph_features": "_"
                }
            },
            "super_head": {
                "SH_TOK1": {
                    "word_type": "V",
                    "word_form": "würde",
                    "lemma": "werden",
                    "POS_STTS": "VAFIN",
                    "index": "2",
                    "dep_rel": "root",
                    "head_index": "0",
                    "parser_morph_features": "1|Sg|Past|Subj"
                }
            }
        },
        "POST_info": {},
        "TOK_info": {
            "TOK1": {
                "word_type": "ART",
                "word_form": "ein",
                "lemma": "eine",
                "POS_STTS": "ART",
                "index": "8",
                "dep_rel": "det",
                "head_index": "9",
                "parser_morph_features": "Indef|Neut|Acc|Sg",
                "possible_morph_features": []
            },
            "TOK2": {
                "word_type": "N",
                "word_form": "Kind",
                "lemma": "Kind",
                "POS_STTS": "NN",
                "index": "9",
                "dep_rel": "obja",
                "head_index": "10",
                "parser_morph_features": "Neut|Acc|Sg",
                "possible_morph_features": []
            }
        },
        "relations": {
            "rel_1": {
                "rel_type": "must_agree",
                "involved": [
                    "TOK2",
                    "TOK1"
                ],
                "ruler": "TOK2",
                "possible_agreement": null
            }
        }
    },
    {
        "file_ID": "1061_0120448",
        "sent_NP_ID": "10_13",
        "sentence": "Das ist ein schöner Wunsch .",
        "metadata": {
            "corpus": "MERLIN_DE",
            "author": {
                "author_ID": "1061_0120448",
                "L1": "not reported",
                "age": "27",
                "gender": "female"
            },
            "CEFR": {
                "overall_fairRating": "B2",
                "test_level": "B1"
            },
            "task": {
                "formality": "informal",
                "text_type": "letter",
                "topic": "write a letter for New Year to a friend"
            }
        },
        "NP_info": {
            "len_np": 3,
            "coordination": null
        },
        "HEAD_info": {
            "head": {
                "H_TOK1": {
                    "word_type": "V",
                    "word_form": "ist",
                    "lemma": "sein",
                    "POS_STTS": "VAFIN",
                    "index": "2",
                    "dep_rel": "root",
                    "head_index": "0",
                    "parser_morph_features": "3|Sg|Pres|Ind"
                }
            },
            "super_head": {}
        },
        "POST_info": {},
        "TOK_info": {
            "TOK1": {
                "word_type": "ART",
                "word_form": "ein",
                "lemma": "eine",
                "POS_STTS": "ART",
                "index": "3",
                "dep_rel": "det",
                "head_index": "5",
                "parser_morph_features": "Indef|Masc|Nom|Sg",
                "possible_morph_features": []
            },
            "TOK2": {
                "word_type": "ADJA",
                "word_form": "schöner",
                "lemma": "schön",
                "POS_STTS": "ADJA",
                "index": "4",
                "dep_rel": "attr",
                "head_index": "5",
                "parser_morph_features": "Pos|Masc|Nom|Sg|St|",
                "possible_morph_features": []
            },
            "TOK3": {
                "word_type": "N",
                "word_form": "Wunsch",
                "lemma": "Wunsch",
                "POS_STTS": "NN",
                "index": "5",
                "dep_rel": "pred",
                "head_index": "2",
                "parser_morph_features": "Masc|Nom|Sg",
                "possible_morph_features": []
            }
        },
        "relations": {
            "rel_1": {
                "rel_type": "must_agree",
                "involved": [
                    "TOK1",
                    "TOK2"
                ],
                "ruler": null,
                "possible_agreement": null
            },
            "rel_2": {
                "rel_type": "must_agree",
                "involved": [
                    "TOK3",
                    "TOK1"
                ],
                "ruler": "TOK3",
                "possible_agreement": null
            },
            "rel_3": {
                "rel_type": "must_agree",
                "involved": [
                    "TOK3",
                    "TOK2"
                ],
                "ruler": "TOK3",
                "possible_agreement": null
            }
        }
    },
    {
        "file_ID": "1061_0120448",
        "sent_NP_ID": "11_14",
        "sentence": "Bei meiner Arbeit bleibt alles wie jedes Jahr .",
        "metadata": {
            "corpus": "MERLIN_DE",
            "author": {
                "author_ID": "1061_0120448",
                "L1": "not reported",
                "age": "27",
                "gender": "female"
            },
            "CEFR": {
                "overall_fairRating": "B2",
                "test_level": "B1"
            },
            "task": {
                "formality": "informal",
                "text_type": "letter",
                "topic": "write a letter for New Year to a friend"
            }
        },
        "NP_info": {
            "len_np": 2,
            "coordination": null
        },
        "HEAD_info": {
            "head": {
                "H_TOK1": {
                    "word_type": "PREP",
                    "word_form": "Bei",
                    "lemma": "bei",
                    "POS_STTS": "APPR",
                    "index": "1",
                    "dep_rel": "objp",
                    "head_index": "4",
                    "parser_morph_features": "Dat"
                }
            },
            "super_head": {
                "SH_TOK1": {
                    "word_type": "V",
                    "word_form": "bleibt",
                    "lemma": "bleiben",
                    "POS_STTS": "VVFIN",
                    "index": "4",
                    "dep_rel": "root",
                    "head_index": "0",
                    "parser_morph_features": "3|Sg|Pres|Ind"
                }
            }
        },
        "POST_info": {},
        "TOK_info": {
            "TOK1": {
                "word_type": "ART",
                "word_form": "meiner",
                "lemma": "meine",
                "POS_STTS": "PPOSAT",
                "index": "2",
                "dep_rel": "det",
                "head_index": "3",
                "parser_morph_features": "Fem|Dat|Sg",
                "possible_morph_features": []
            },
            "TOK2": {
                "word_type": "N",
                "word_form": "Arbeit",
                "lemma": "Arbeit",
                "POS_STTS": "NN",
                "index": "3",
                "dep_rel": "pn",
                "head_index": "1",
                "parser_morph_features": "Fem|Dat|Sg",
                "possible_morph_features": []
            }
        },
        "relations": {
            "rel_1": {
                "rel_type": "must_agree",
                "involved": [
                    "TOK2",
                    "TOK1"
                ],
                "ruler": "TOK2",
                "possible_agreement": null
            }
        }
    },
    {
        "file_ID": "1061_0120448",
        "sent_NP_ID": "11_15",
        "sentence": "Bei meiner Arbeit bleibt alles wie jedes Jahr .",
        "metadata": {
            "corpus": "MERLIN_DE",
            "author": {
                "author_ID": "1061_0120448",
                "L1": "not reported",
                "age": "27",
                "gender": "female"
            },
            "CEFR": {
                "overall_fairRating": "B2",
                "test_level": "B1"
            },
            "task": {
                "formality": "informal",
                "text_type": "letter",
                "topic": "write a letter for New Year to a friend"
            }
        },
        "NP_info": {
            "len_np": 2,
            "coordination": null
        },
        "HEAD_info": {
            "head": {
                "H_TOK1": {
                    "word_type": "KOKOM",
                    "word_form": "wie",
                    "lemma": "wie",
                    "POS_STTS": "KOKOM",
                    "index": "6",
                    "dep_rel": "kom",
                    "head_index": "4",
                    "parser_morph_features": "_"
                }
            },
            "super_head": {
                "SH_TOK1": {
                    "word_type": "V",
                    "word_form": "bleibt",
                    "lemma": "bleiben",
                    "POS_STTS": "VVFIN",
                    "index": "4",
                    "dep_rel": "root",
                    "head_index": "0",
                    "parser_morph_features": "3|Sg|Pres|Ind"
                }
            }
        },
        "POST_info": {},
        "TOK_info": {
            "TOK1": {
                "word_type": "ART",
                "word_form": "jedes",
                "lemma": "jede",
                "POS_STTS": "PIDAT",
                "index": "7",
                "dep_rel": "det",
                "head_index": "8",
                "parser_morph_features": "Neut|_|Sg",
                "possible_morph_features": []
            },
            "TOK2": {
                "word_type": "N",
                "word_form": "Jahr",
                "lemma": "Jahr",
                "POS_STTS": "NN",
                "index": "8",
                "dep_rel": "cj",
                "head_index": "6",
                "parser_morph_features": "Neut|_|Sg",
                "possible_morph_features": []
            }
        },
        "relations": {
            "rel_1": {
                "rel_type": "must_agree",
                "involved": [
                    "TOK2",
                    "TOK1"
                ],
                "ruler": "TOK2",
                "possible_agreement": null
            }
        }
    },
    {
        "file_ID": "1061_0120448",
        "sent_NP_ID": "12_16",
        "sentence": "Aber mein Gehalt ist etwas hoch .",
        "metadata": {
            "corpus": "MERLIN_DE",
            "author": {
                "author_ID": "1061_0120448",
                "L1": "not reported",
                "age": "27",
                "gender": "female"
            },
            "CEFR": {
                "overall_fairRating": "B2",
                "test_level": "B1"
            },
            "task": {
                "formality": "informal",
                "text_type": "letter",
                "topic": "write a letter for New Year to a friend"
            }
        },
        "NP_info": {
            "len_np": 2,
            "coordination": null
        },
        "HEAD_info": {
            "head": {
                "H_TOK1": {
                    "word_type": "V",
                    "word_form": "ist",
                    "lemma": "sein",
                    "POS_STTS": "VAFIN",
                    "index": "4",
                    "dep_rel": "cj",
                    "head_index": "1",
                    "parser_morph_features": "3|Sg|Pres|Ind"
                }
            },
            "super_head": {
                "SH_TOK1": {
                    "word_type": "KON",
                    "word_form": "Aber",
                    "lemma": "aber",
                    "POS_STTS": "KON",
                    "index": "1",
                    "dep_rel": "root",
                    "head_index": "0",
                    "parser_morph_features": "_"
                }
            }
        },
        "POST_info": {},
        "TOK_info": {
            "TOK1": {
                "word_type": "ART",
                "word_form": "mein",
                "lemma": "meine",
                "POS_STTS": "PPOSAT",
                "index": "2",
                "dep_rel": "det",
                "head_index": "3",
                "parser_morph_features": "_|Nom|Sg",
                "possible_morph_features": []
            },
            "TOK2": {
                "word_type": "N",
                "word_form": "Gehalt",
                "lemma": "Gehalt",
                "POS_STTS": "NN",
                "index": "3",
                "dep_rel": "subj",
                "head_index": "4",
                "parser_morph_features": "_|Nom|Sg",
                "possible_morph_features": []
            }
        },
        "relations": {
            "rel_1": {
                "rel_type": "must_agree",
                "involved": [
                    "TOK2",
                    "TOK1"
                ],
                "ruler": "TOK2",
                "possible_agreement": null
            }
        }
    },
    {
        "file_ID": "1061_0120448",
        "sent_NP_ID": "14_17",
        "sentence": "Wie geht es Julia ?",
        "metadata": {
            "corpus": "MERLIN_DE",
            "author": {
                "author_ID": "1061_0120448",
                "L1": "not reported",
                "age": "27",
                "gender": "female"
            },
            "CEFR": {
                "overall_fairRating": "B2",
                "test_level": "B1"
            },
            "task": {
                "formality": "informal",
                "text_type": "letter",
                "topic": "write a letter for New Year to a friend"
            }
        },
        "NP_info": {
            "len_np": 1,
            "coordination": null
        },
        "HEAD_info": {
            "head": {
                "H_TOK1": {
                    "word_type": "V",
                    "word_form": "geht",
                    "lemma": "gehen",
                    "POS_STTS": "VVFIN",
                    "index": "2",
                    "dep_rel": "root",
                    "head_index": "0",
                    "parser_morph_features": "3|Sg|Pres|Ind"
                }
            },
            "super_head": {}
        },
        "POST_info": {},
        "TOK_info": {
            "TOK1": {
                "word_type": "N",
                "word_form": "Julia",
                "lemma": "Julia",
                "POS_STTS": "NE",
                "index": "4",
                "dep_rel": "subj",
                "head_index": "2",
                "parser_morph_features": "Fem|Nom|Sg",
                "possible_morph_features": []
            }
        },
        "relations": {}
    },
    {
        "file_ID": "1061_0120448",
        "sent_NP_ID": "15_18",
        "sentence": "Wir haben Zeit am nächsten Monat .",
        "metadata": {
            "corpus": "MERLIN_DE",
            "author": {
                "author_ID": "1061_0120448",
                "L1": "not reported",
                "age": "27",
                "gender": "female"
            },
            "CEFR": {
                "overall_fairRating": "B2",
                "test_level": "B1"
            },
            "task": {
                "formality": "informal",
                "text_type": "letter",
                "topic": "write a letter for New Year to a friend"
            }
        },
        "NP_info": {
            "len_np": 1,
            "coordination": null
        },
        "HEAD_info": {
            "head": {
                "H_TOK1": {
                    "word_type": "V",
                    "word_form": "haben",
                    "lemma": "haben",
                    "POS_STTS": "VAFIN",
                    "index": "2",
                    "dep_rel": "root",
                    "head_index": "0",
                    "parser_morph_features": "1|Pl|Pres|_"
                }
            },
            "super_head": {}
        },
        "POST_info": {},
        "TOK_info": {
            "TOK1": {
                "word_type": "N",
                "word_form": "Zeit",
                "lemma": "Zeit",
                "POS_STTS": "NN",
                "index": "3",
                "dep_rel": "obja",
                "head_index": "2",
                "parser_morph_features": "Fem|Acc|Sg",
                "possible_morph_features": []
            }
        },
        "relations": {}
    },
    {
        "file_ID": "1061_0120448",
        "sent_NP_ID": "15_19",
        "sentence": "Wir haben Zeit am nächsten Monat .",
        "metadata": {
            "corpus": "MERLIN_DE",
            "author": {
                "author_ID": "1061_0120448",
                "L1": "not reported",
                "age": "27",
                "gender": "female"
            },
            "CEFR": {
                "overall_fairRating": "B2",
                "test_level": "B1"
            },
            "task": {
                "formality": "informal",
                "text_type": "letter",
                "topic": "write a letter for New Year to a friend"
            }
        },
        "NP_info": {
            "len_np": 2,
            "coordination": null
        },
        "HEAD_info": {
            "head": {
                "H_TOK1": {
                    "word_type": "PREP",
                    "word_form": "am",
                    "lemma": "an",
                    "POS_STTS": "APPRART",
                    "index": "4",
                    "dep_rel": "pp",
                    "head_index": "2",
                    "parser_morph_features": "Dat"
                }
            },
            "super_head": {
                "SH_TOK1": {
                    "word_type": "V",
                    "word_form": "haben",
                    "lemma": "haben",
                    "POS_STTS": "VAFIN",
                    "index": "2",
                    "dep_rel": "root",
                    "head_index": "0",
                    "parser_morph_features": "1|Pl|Pres|_"
                }
            }
        },
        "POST_info": {},
        "TOK_info": {
            "TOK1": {
                "word_type": "ADJA",
                "word_form": "nächsten",
                "lemma": "nah",
                "POS_STTS": "ADJA",
                "index": "5",
                "dep_rel": "attr",
                "head_index": "6",
                "parser_morph_features": "_|Masc|Dat|Sg|Wk|",
                "possible_morph_features": []
            },
            "TOK2": {
                "word_type": "N",
                "word_form": "Monat",
                "lemma": "Monat",
                "POS_STTS": "NN",
                "index": "6",
                "dep_rel": "pn",
                "head_index": "4",
                "parser_morph_features": "Masc|Dat|Sg",
                "possible_morph_features": []
            }
        },
        "relations": {
            "rel_1": {
                "rel_type": "must_agree",
                "involved": [
                    "TOK1",
                    "H_TOK1"
                ],
                "ruler": null,
                "possible_agreement": null
            },
            "rel_2": {
                "rel_type": "must_agree",
                "involved": [
                    "TOK2",
                    "TOK1"
                ],
                "ruler": "TOK2",
                "possible_agreement": null
            },
            "rel_3": {
                "rel_type": "must_agree",
                "involved": [
                    "TOK2",
                    "H_TOK1"
                ],
                "ruler": "TOK2",
                "possible_agreement": null
            }
        }
    },
    {
        "file_ID": "1061_0120448",
        "sent_NP_ID": "19_20",
        "sentence": "Ich warte auf deinen Brief !",
        "metadata": {
            "corpus": "MERLIN_DE",
            "author": {
                "author_ID": "1061_0120448",
                "L1": "not reported",
                "age": "27",
                "gender": "female"
            },
            "CEFR": {
                "overall_fairRating": "B2",
                "test_level": "B1"
            },
            "task": {
                "formality": "informal",
                "text_type": "letter",
                "topic": "write a letter for New Year to a friend"
            }
        },
        "NP_info": {
            "len_np": 2,
            "coordination": null
        },
        "HEAD_info": {
            "head": {
                "H_TOK1": {
                    "word_type": "PREP",
                    "word_form": "auf",
                    "lemma": "auf",
                    "POS_STTS": "APPR",
                    "index": "3",
                    "dep_rel": "pp",
                    "head_index": "2",
                    "parser_morph_features": "_"
                }
            },
            "super_head": {
                "SH_TOK1": {
                    "word_type": "V",
                    "word_form": "warte",
                    "lemma": "warten",
                    "POS_STTS": "VVFIN",
                    "index": "2",
                    "dep_rel": "root",
                    "head_index": "0",
                    "parser_morph_features": "1|Sg|Pres|_"
                }
            }
        },
        "POST_info": {},
        "TOK_info": {
            "TOK1": {
                "word_type": "ART",
                "word_form": "deinen",
                "lemma": "deine",
                "POS_STTS": "PPOSAT",
                "index": "4",
                "dep_rel": "det",
                "head_index": "5",
                "parser_morph_features": "Masc|_|Sg",
                "possible_morph_features": []
            },
            "TOK2": {
                "word_type": "N",
                "word_form": "Brief",
                "lemma": "Brief",
                "POS_STTS": "NN",
                "index": "5",
                "dep_rel": "pn",
                "head_index": "3",
                "parser_morph_features": "Masc|_|Sg",
                "possible_morph_features": []
            }
        },
        "relations": {
            "rel_1": {
                "rel_type": "must_agree",
                "involved": [
                    "TOK2",
                    "TOK1"
                ],
                "ruler": "TOK2",
                "possible_agreement": null
            }
        }
    },
    {
        "file_ID": "1061_0120448",
        "sent_NP_ID": "20_21",
        "sentence": "Alles Gute Maria Meier",
        "metadata": {
            "corpus": "MERLIN_DE",
            "author": {
                "author_ID": "1061_0120448",
                "L1": "not reported",
                "age": "27",
                "gender": "female"
            },
            "CEFR": {
                "overall_fairRating": "B2",
                "test_level": "B1"
            },
            "task": {
                "formality": "informal",
                "text_type": "letter",
                "topic": "write a letter for New Year to a friend"
            }
        },
        "NP_info": {
            "len_np": 1,
            "coordination": null
        },
        "HEAD_info": {
            "head": {
                "H_TOK1": {
                    "word_type": "PRO",
                    "word_form": "Alles",
                    "lemma": "alle",
                    "POS_STTS": "PIS",
                    "index": "1",
                    "dep_rel": "root",
                    "head_index": "0",
                    "parser_morph_features": "_|_|_"
                }
            },
            "super_head": {}
        },
        "POST_info": {
            "P_TOK1": {
                "word_type": "N",
                "word_form": "Maria",
                "lemma": "Maria",
                "POS_STTS": "NE",
                "index": "3",
                "dep_rel": "app",
                "head_index": "2",
                "parser_morph_features": "_|_|Sg"
            }
        },
        "TOK_info": {
            "TOK1": {
                "word_type": "N",
                "word_form": "Gute",
                "lemma": "Gut",
                "POS_STTS": "NN",
                "index": "2",
                "dep_rel": "app",
                "head_index": "1",
                "parser_morph_features": "_|_|_",
                "possible_morph_features": []
            }
        },
        "relations": {}
    },
    {
        "file_ID": "1061_0120448",
        "sent_NP_ID": "20_22",
        "sentence": "Alles Gute Maria Meier",
        "metadata": {
            "corpus": "MERLIN_DE",
            "author": {
                "author_ID": "1061_0120448",
                "L1": "not reported",
                "age": "27",
                "gender": "female"
            },
            "CEFR": {
                "overall_fairRating": "B2",
                "test_level": "B1"
            },
            "task": {
                "formality": "informal",
                "text_type": "letter",
                "topic": "write a letter for New Year to a friend"
            }
        },
        "NP_info": {
            "len_np": 1,
            "coordination": null
        },
        "HEAD_info": {
            "head": {
                "H_TOK1": {
                    "word_type": "N",
                    "word_form": "Gute",
                    "lemma": "Gut",
                    "POS_STTS": "NN",
                    "index": "2",
                    "dep_rel": "app",
                    "head_index": "1",
                    "parser_morph_features": "_|_|_"
                }
            },
            "super_head": {
                "SH_TOK1": {
                    "word_type": "PRO",
                    "word_form": "Alles",
                    "lemma": "alle",
                    "POS_STTS": "PIS",
                    "index": "1",
                    "dep_rel": "root",
                    "head_index": "0",
                    "parser_morph_features": "_|_|_"
                }
            }
        },
        "POST_info": {
            "P_TOK1": {
                "word_type": "N",
                "word_form": "Meier",
                "lemma": "Meier",
                "POS_STTS": "NE",
                "index": "4",
                "dep_rel": "app",
                "head_index": "3",
                "parser_morph_features": "_|_|Sg"
            }
        },
        "TOK_info": {
            "TOK1": {
                "word_type": "N",
                "word_form": "Maria",
                "lemma": "Maria",
                "POS_STTS": "NE",
                "index": "3",
                "dep_rel": "app",
                "head_index": "2",
                "parser_morph_features": "_|_|Sg",
                "possible_morph_features": []
            }
        },
        "relations": {}
    },
    {
        "file_ID": "1061_0120448",
        "sent_NP_ID": "20_23",
        "sentence": "Alles Gute Maria Meier",
        "metadata": {
            "corpus": "MERLIN_DE",
            "author": {
                "author_ID": "1061_0120448",
                "L1": "not reported",
                "age": "27",
                "gender": "female"
            },
            "CEFR": {
                "overall_fairRating": "B2",
                "test_level": "B1"
            },
            "task": {
                "formality": "informal",
                "text_type": "letter",
                "topic": "write a letter for New Year to a friend"
            }
        },
        "NP_info": {
            "len_np": 1,
            "coordination": null
        },
        "HEAD_info": {
            "head": {
                "H_TOK1": {
                    "word_type": "N",
                    "word_form": "Maria",
                    "lemma": "Maria",
                    "POS_STTS": "NE",
                    "index": "3",
                    "dep_rel": "app",
                    "head_index": "2",
                    "parser_morph_features": "_|_|Sg"
                }
            },
            "super_head": {
                "SH_TOK1": {
                    "word_type": "N",
                    "word_form": "Gute",
                    "lemma": "Gut",
                    "POS_STTS": "NN",
                    "index": "2",
                    "dep_rel": "app",
                    "head_index": "1",
                    "parser_morph_features": "_|_|_"
                }
            }
        },
        "POST_info": {},
        "TOK_info": {
            "TOK1": {
                "word_type": "N",
                "word_form": "Meier",
                "lemma": "Meier",
                "POS_STTS": "NE",
                "index": "4",
                "dep_rel": "app",
                "head_index": "3",
                "parser_morph_features": "_|_|Sg",
                "possible_morph_features": []
            }
        },
        "relations": {}
    }
]