[
    {
        "file_ID": "1061_0120291",
        "sent_NP_ID": "1_1",
        "sentence": "Stadt X 27.02.12 Liebe Danna , vielen Dank für Deine Brief .",
        "metadata": {
            "corpus": "MERLIN_DE",
            "author": {
                "author_ID": "1061_0120291",
                "L1": "Polish",
                "age": "48",
                "gender": "female"
            },
            "CEFR": {
                "overall_fairRating": "A2",
                "test_level": "B1"
            },
            "task": {
                "formality": "informal",
                "text_type": "letter",
                "topic": "write a letter to a friend (visit)"
            }
        },
        "NP_info": {
            "len_np": 1,
            "coordination": null
        },
        "HEAD_info": {
            "head": {},
            "super_head": {}
        },
        "POST_info": {
            "P_TOK1": {
                "word_type": "N",
                "word_form": "X",
                "lemma": "X",
                "POS_STTS": "NE",
                "index": "2",
                "dep_rel": "app",
                "head_index": "1",
                "parser_morph_features": "_|_|Pl"
            }
        },
        "TOK_info": {
            "TOK1": {
                "word_type": "N",
                "word_form": "Stadt",
                "lemma": "Stadt",
                "POS_STTS": "NN",
                "index": "1",
                "dep_rel": "root",
                "head_index": "0",
                "parser_morph_features": "Fem|_|Sg",
                "possible_morph_features": []
            }
        },
        "relations": {}
    },
    {
        "file_ID": "1061_0120291",
        "sent_NP_ID": "1_2",
        "sentence": "Stadt X 27.02.12 Liebe Danna , vielen Dank für Deine Brief .",
        "metadata": {
            "corpus": "MERLIN_DE",
            "author": {
                "author_ID": "1061_0120291",
                "L1": "Polish",
                "age": "48",
                "gender": "female"
            },
            "CEFR": {
                "overall_fairRating": "A2",
                "test_level": "B1"
            },
            "task": {
                "formality": "informal",
                "text_type": "letter",
                "topic": "write a letter to a friend (visit)"
            }
        },
        "NP_info": {
            "len_np": 1,
            "coordination": null
        },
        "HEAD_info": {
            "head": {
                "H_TOK1": {
                    "word_type": "N",
                    "word_form": "Stadt",
                    "lemma": "Stadt",
                    "POS_STTS": "NN",
                    "index": "1",
                    "dep_rel": "root",
                    "head_index": "0",
                    "parser_morph_features": "Fem|_|Sg"
                }
            },
            "super_head": {}
        },
        "POST_info": {
            "P_TOK1": {
                "word_type": "N",
                "word_form": "Liebe",
                "lemma": "Liebe",
                "POS_STTS": "NN",
                "index": "4",
                "dep_rel": "app",
                "head_index": "2",
                "parser_morph_features": "_|_|Pl"
            }
        },
        "TOK_info": {
            "TOK1": {
                "word_type": "N",
                "word_form": "X",
                "lemma": "X",
                "POS_STTS": "NE",
                "index": "2",
                "dep_rel": "app",
                "head_index": "1",
                "parser_morph_features": "_|_|Pl",
                "possible_morph_features": []
            }
        },
        "relations": {}
    },
    {
        "file_ID": "1061_0120291",
        "sent_NP_ID": "1_3",
        "sentence": "Stadt X 27.02.12 Liebe Danna , vielen Dank für Deine Brief .",
        "metadata": {
            "corpus": "MERLIN_DE",
            "author": {
                "author_ID": "1061_0120291",
                "L1": "Polish",
                "age": "48",
                "gender": "female"
            },
            "CEFR": {
                "overall_fairRating": "A2",
                "test_level": "B1"
            },
            "task": {
                "formality": "informal",
                "text_type": "letter",
                "topic": "write a letter to a friend (visit)"
            }
        },
        "NP_info": {
            "len_np": 2,
            "coordination": null
        },
        "HEAD_info": {
            "head": {
                "H_TOK1": {
                    "word_type": "N",
                    "word_form": "X",
                    "lemma": "X",
                    "POS_STTS": "NE",
                    "index": "2",
                    "dep_rel": "app",
                    "head_index": "1",
                    "parser_morph_features": "_|_|Pl"
                }
            },
            "super_head": {
                "SH_TOK1": {
                    "word_type": "N",
                    "word_form": "Stadt",
                    "lemma": "Stadt",
                    "POS_STTS": "NN",
                    "index": "1",
                    "dep_rel": "root",
                    "head_index": "0",
                    "parser_morph_features": "Fem|_|Sg"
                }
            }
        },
        "POST_info": {
            "P_TOK1": {
                "word_type": "N",
                "word_form": "Danna",
                "lemma": "Danna",
                "POS_STTS": "NE",
                "index": "5",
                "dep_rel": "app",
                "head_index": "4",
                "parser_morph_features": "Masc|Acc|Sg"
            }
        },
        "TOK_info": {
            "TOK1": {
                "word_type": "CARD",
                "word_form": "27.02.12",
                "lemma": "27.02.12",
                "POS_STTS": "CARD",
                "index": "3",
                "dep_rel": "attr",
                "head_index": "4",
                "parser_morph_features": "_",
                "possible_morph_features": []
            },
            "TOK2": {
                "word_type": "N",
                "word_form": "Liebe",
                "lemma": "Liebe",
                "POS_STTS": "NN",
                "index": "4",
                "dep_rel": "app",
                "head_index": "2",
                "parser_morph_features": "_|_|Pl",
                "possible_morph_features": []
            }
        },
        "relations": {}
    },
    {
        "file_ID": "1061_0120291",
        "sent_NP_ID": "1_4",
        "sentence": "Stadt X 27.02.12 Liebe Danna , vielen Dank für Deine Brief .",
        "metadata": {
            "corpus": "MERLIN_DE",
            "author": {
                "author_ID": "1061_0120291",
                "L1": "Polish",
                "age": "48",
                "gender": "female"
            },
            "CEFR": {
                "overall_fairRating": "A2",
                "test_level": "B1"
            },
            "task": {
                "formality": "informal",
                "text_type": "letter",
                "topic": "write a letter to a friend (visit)"
            }
        },
        "NP_info": {
            "len_np": 1,
            "coordination": null
        },
        "HEAD_info": {
            "head": {
                "H_TOK1": {
                    "word_type": "N",
                    "word_form": "Liebe",
                    "lemma": "Liebe",
                    "POS_STTS": "NN",
                    "index": "4",
                    "dep_rel": "app",
                    "head_index": "2",
                    "parser_morph_features": "_|_|Pl"
                }
            },
            "super_head": {
                "SH_TOK1": {
                    "word_type": "N",
                    "word_form": "X",
                    "lemma": "X",
                    "POS_STTS": "NE",
                    "index": "2",
                    "dep_rel": "app",
                    "head_index": "1",
                    "parser_morph_features": "_|_|Pl"
                }
            }
        },
        "POST_info": {
            "P_TOK1": {
                "word_type": "N",
                "word_form": "Dank",
                "lemma": "Dank",
                "POS_STTS": "NN",
                "index": "8",
                "dep_rel": "app",
                "head_index": "5",
                "parser_morph_features": "Masc|Acc|Sg"
            }
        },
        "TOK_info": {
            "TOK1": {
                "word_type": "N",
                "word_form": "Danna",
                "lemma": "Danna",
                "POS_STTS": "NE",
                "index": "5",
                "dep_rel": "app",
                "head_index": "4",
                "parser_morph_features": "Masc|Acc|Sg",
                "possible_morph_features": []
            }
        },
        "relations": {}
    },
    {
        "file_ID": "1061_0120291",
        "sent_NP_ID": "1_5",
        "sentence": "Stadt X 27.02.12 Liebe Danna , vielen Dank für Deine Brief .",
        "metadata": {
            "corpus": "MERLIN_DE",
            "author": {
                "author_ID": "1061_0120291",
                "L1": "Polish",
                "age": "48",
                "gender": "female"
            },
            "CEFR": {
                "overall_fairRating": "A2",
                "test_level": "B1"
            },
            "task": {
                "formality": "informal",
                "text_type": "letter",
                "topic": "write a letter to a friend (visit)"
            }
        },
        "NP_info": {
            "len_np": 2,
            "coordination": null
        },
        "HEAD_info": {
            "head": {
                "H_TOK1": {
                    "word_type": "N",
                    "word_form": "Danna",
                    "lemma": "Danna",
                    "POS_STTS": "NE",
                    "index": "5",
                    "dep_rel": "app",
                    "head_index": "4",
                    "parser_morph_features": "Masc|Acc|Sg"
                }
            },
            "super_head": {
                "SH_TOK1": {
                    "word_type": "N",
                    "word_form": "Liebe",
                    "lemma": "Liebe",
                    "POS_STTS": "NN",
                    "index": "4",
                    "dep_rel": "app",
                    "head_index": "2",
                    "parser_morph_features": "_|_|Pl"
                }
            }
        },
        "POST_info": {
            "P_TOK1": {
                "word_type": "PREP",
                "word_form": "für",
                "lemma": "für",
                "POS_STTS": "APPR",
                "index": "9",
                "dep_rel": "pp",
                "head_index": "8",
                "parser_morph_features": "Acc"
            }
        },
        "TOK_info": {
            "TOK1": {
                "word_type": "ART",
                "word_form": "vielen",
                "lemma": "viele",
                "POS_STTS": "PIDAT",
                "index": "7",
                "dep_rel": "det",
                "head_index": "8",
                "parser_morph_features": "Masc|Acc|Sg",
                "possible_morph_features": []
            },
            "TOK2": {
                "word_type": "N",
                "word_form": "Dank",
                "lemma": "Dank",
                "POS_STTS": "NN",
                "index": "8",
                "dep_rel": "app",
                "head_index": "5",
                "parser_morph_features": "Masc|Acc|Sg",
                "possible_morph_features": []
            }
        },
        "relations": {
            "rel_1": {
                "rel_type": "must_agree",
                "involved": [
                    "TOK2",
                    "TOK1"
                ],
                "ruler": "TOK2",
                "possible_agreement": null
            }
        }
    },
    {
        "file_ID": "1061_0120291",
        "sent_NP_ID": "1_6",
        "sentence": "Stadt X 27.02.12 Liebe Danna , vielen Dank für Deine Brief .",
        "metadata": {
            "corpus": "MERLIN_DE",
            "author": {
                "author_ID": "1061_0120291",
                "L1": "Polish",
                "age": "48",
                "gender": "female"
            },
            "CEFR": {
                "overall_fairRating": "A2",
                "test_level": "B1"
            },
            "task": {
                "formality": "informal",
                "text_type": "letter",
                "topic": "write a letter to a friend (visit)"
            }
        },
        "NP_info": {
            "len_np": 2,
            "coordination": null
        },
        "HEAD_info": {
            "head": {
                "H_TOK1": {
                    "word_type": "PREP",
                    "word_form": "für",
                    "lemma": "für",
                    "POS_STTS": "APPR",
                    "index": "9",
                    "dep_rel": "pp",
                    "head_index": "8",
                    "parser_morph_features": "Acc"
                }
            },
            "super_head": {
                "SH_TOK1": {
                    "word_type": "N",
                    "word_form": "Dank",
                    "lemma": "Dank",
                    "POS_STTS": "NN",
                    "index": "8",
                    "dep_rel": "app",
                    "head_index": "5",
                    "parser_morph_features": "Masc|Acc|Sg"
                }
            }
        },
        "POST_info": {},
        "TOK_info": {
            "TOK1": {
                "word_type": "ART",
                "word_form": "Deine",
                "lemma": "deine",
                "POS_STTS": "PPOSAT",
                "index": "10",
                "dep_rel": "det",
                "head_index": "11",
                "parser_morph_features": "Masc|Nom|Sg",
                "possible_morph_features": []
            },
            "TOK2": {
                "word_type": "N",
                "word_form": "Brief",
                "lemma": "Brief",
                "POS_STTS": "NN",
                "index": "11",
                "dep_rel": "pn",
                "head_index": "9",
                "parser_morph_features": "Masc|Nom|Sg",
                "possible_morph_features": []
            }
        },
        "relations": {
            "rel_1": {
                "rel_type": "must_agree",
                "involved": [
                    "TOK2",
                    "TOK1"
                ],
                "ruler": "TOK2",
                "possible_agreement": null
            }
        }
    },
    {
        "file_ID": "1061_0120291",
        "sent_NP_ID": "2_7",
        "sentence": "Natürlich ich komme gern , wann zürick kommen nach Hause .",
        "metadata": {
            "corpus": "MERLIN_DE",
            "author": {
                "author_ID": "1061_0120291",
                "L1": "Polish",
                "age": "48",
                "gender": "female"
            },
            "CEFR": {
                "overall_fairRating": "A2",
                "test_level": "B1"
            },
            "task": {
                "formality": "informal",
                "text_type": "letter",
                "topic": "write a letter to a friend (visit)"
            }
        },
        "NP_info": {
            "len_np": 1,
            "coordination": null
        },
        "HEAD_info": {
            "head": {
                "H_TOK1": {
                    "word_type": "V",
                    "word_form": "kommen",
                    "lemma": "kommen",
                    "POS_STTS": "VVFIN",
                    "index": "8",
                    "dep_rel": "objc",
                    "head_index": "3",
                    "parser_morph_features": "3|Pl|Pres|_"
                }
            },
            "super_head": {
                "SH_TOK1": {
                    "word_type": "V",
                    "word_form": "komme",
                    "lemma": "kommen",
                    "POS_STTS": "VVFIN",
                    "index": "3",
                    "dep_rel": "root",
                    "head_index": "0",
                    "parser_morph_features": "1|Sg|Pres|_"
                }
            }
        },
        "POST_info": {},
        "TOK_info": {
            "TOK1": {
                "word_type": "N",
                "word_form": "zürick",
                "lemma": "zürick",
                "POS_STTS": "NE",
                "index": "7",
                "dep_rel": "subj",
                "head_index": "8",
                "parser_morph_features": "_|Nom|Pl",
                "possible_morph_features": []
            }
        },
        "relations": {}
    },
    {
        "file_ID": "1061_0120291",
        "sent_NP_ID": "2_8",
        "sentence": "Natürlich ich komme gern , wann zürick kommen nach Hause .",
        "metadata": {
            "corpus": "MERLIN_DE",
            "author": {
                "author_ID": "1061_0120291",
                "L1": "Polish",
                "age": "48",
                "gender": "female"
            },
            "CEFR": {
                "overall_fairRating": "A2",
                "test_level": "B1"
            },
            "task": {
                "formality": "informal",
                "text_type": "letter",
                "topic": "write a letter to a friend (visit)"
            }
        },
        "NP_info": {
            "len_np": 1,
            "coordination": null
        },
        "HEAD_info": {
            "head": {
                "H_TOK1": {
                    "word_type": "PREP",
                    "word_form": "nach",
                    "lemma": "nach",
                    "POS_STTS": "APPR",
                    "index": "9",
                    "dep_rel": "pp",
                    "head_index": "8",
                    "parser_morph_features": "Dat"
                }
            },
            "super_head": {
                "SH_TOK1": {
                    "word_type": "V",
                    "word_form": "kommen",
                    "lemma": "kommen",
                    "POS_STTS": "VVFIN",
                    "index": "8",
                    "dep_rel": "objc",
                    "head_index": "3",
                    "parser_morph_features": "3|Pl|Pres|_"
                }
            }
        },
        "POST_info": {},
        "TOK_info": {
            "TOK1": {
                "word_type": "N",
                "word_form": "Hause",
                "lemma": "Haus",
                "POS_STTS": "NN",
                "index": "10",
                "dep_rel": "pn",
                "head_index": "9",
                "parser_morph_features": "Neut|Dat|Sg",
                "possible_morph_features": []
            }
        },
        "relations": {}
    },
    {
        "file_ID": "1061_0120291",
        "sent_NP_ID": "3_9",
        "sentence": "Bitte mitbringen mich fotos aus Istanbul .",
        "metadata": {
            "corpus": "MERLIN_DE",
            "author": {
                "author_ID": "1061_0120291",
                "L1": "Polish",
                "age": "48",
                "gender": "female"
            },
            "CEFR": {
                "overall_fairRating": "A2",
                "test_level": "B1"
            },
            "task": {
                "formality": "informal",
                "text_type": "letter",
                "topic": "write a letter to a friend (visit)"
            }
        },
        "NP_info": {
            "len_np": 1,
            "coordination": null
        },
        "HEAD_info": {
            "head": {
                "H_TOK1": {
                    "word_type": "V",
                    "word_form": "mitbringen",
                    "lemma": "mitbringen",
                    "POS_STTS": "VVFIN",
                    "index": "2",
                    "dep_rel": "root",
                    "head_index": "0",
                    "parser_morph_features": "_|Pl|Pres|_"
                }
            },
            "super_head": {}
        },
        "POST_info": {},
        "TOK_info": {
            "TOK1": {
                "word_type": "N",
                "word_form": "Bitte",
                "lemma": "Bitte",
                "POS_STTS": "NN",
                "index": "1",
                "dep_rel": "objd",
                "head_index": "2",
                "parser_morph_features": "Fem|Dat|Sg",
                "possible_morph_features": []
            }
        },
        "relations": {}
    },
    {
        "file_ID": "1061_0120291",
        "sent_NP_ID": "3_10",
        "sentence": "Bitte mitbringen mich fotos aus Istanbul .",
        "metadata": {
            "corpus": "MERLIN_DE",
            "author": {
                "author_ID": "1061_0120291",
                "L1": "Polish",
                "age": "48",
                "gender": "female"
            },
            "CEFR": {
                "overall_fairRating": "A2",
                "test_level": "B1"
            },
            "task": {
                "formality": "informal",
                "text_type": "letter",
                "topic": "write a letter to a friend (visit)"
            }
        },
        "NP_info": {
            "len_np": 1,
            "coordination": null
        },
        "HEAD_info": {
            "head": {
                "H_TOK1": {
                    "word_type": "PREP",
                    "word_form": "aus",
                    "lemma": "aus",
                    "POS_STTS": "APPR",
                    "index": "5",
                    "dep_rel": "pp",
                    "head_index": "2",
                    "parser_morph_features": "Dat"
                }
            },
            "super_head": {
                "SH_TOK1": {
                    "word_type": "V",
                    "word_form": "mitbringen",
                    "lemma": "mitbringen",
                    "POS_STTS": "VVFIN",
                    "index": "2",
                    "dep_rel": "root",
                    "head_index": "0",
                    "parser_morph_features": "_|Pl|Pres|_"
                }
            }
        },
        "POST_info": {},
        "TOK_info": {
            "TOK1": {
                "word_type": "N",
                "word_form": "Istanbul",
                "lemma": "Istanbul",
                "POS_STTS": "NE",
                "index": "6",
                "dep_rel": "pn",
                "head_index": "5",
                "parser_morph_features": "Neut|Dat|Sg",
                "possible_morph_features": []
            }
        },
        "relations": {}
    },
    {
        "file_ID": "1061_0120291",
        "sent_NP_ID": "4_11",
        "sentence": "Ich wünsche dir viel glück im Prüfung .",
        "metadata": {
            "corpus": "MERLIN_DE",
            "author": {
                "author_ID": "1061_0120291",
                "L1": "Polish",
                "age": "48",
                "gender": "female"
            },
            "CEFR": {
                "overall_fairRating": "A2",
                "test_level": "B1"
            },
            "task": {
                "formality": "informal",
                "text_type": "letter",
                "topic": "write a letter to a friend (visit)"
            }
        },
        "NP_info": {
            "len_np": 2,
            "coordination": null
        },
        "HEAD_info": {
            "head": {
                "H_TOK1": {
                    "word_type": "V",
                    "word_form": "wünsche",
                    "lemma": "wünschen",
                    "POS_STTS": "VVFIN",
                    "index": "2",
                    "dep_rel": "root",
                    "head_index": "0",
                    "parser_morph_features": "1|Sg|Pres|_"
                }
            },
            "super_head": {}
        },
        "POST_info": {},
        "TOK_info": {
            "TOK1": {
                "word_type": "ART",
                "word_form": "viel",
                "lemma": "viel",
                "POS_STTS": "PIDAT",
                "index": "4",
                "dep_rel": "det",
                "head_index": "5",
                "parser_morph_features": "_|_|_",
                "possible_morph_features": []
            },
            "TOK2": {
                "word_type": "N",
                "word_form": "glück",
                "lemma": "glück",
                "POS_STTS": "NN",
                "index": "5",
                "dep_rel": "obja",
                "head_index": "2",
                "parser_morph_features": "_|_|_",
                "possible_morph_features": []
            }
        },
        "relations": {
            "rel_1": {
                "rel_type": "must_agree",
                "involved": [
                    "TOK2",
                    "TOK1"
                ],
                "ruler": "TOK2",
                "possible_agreement": null
            }
        }
    },
    {
        "file_ID": "1061_0120291",
        "sent_NP_ID": "4_12",
        "sentence": "Ich wünsche dir viel glück im Prüfung .",
        "metadata": {
            "corpus": "MERLIN_DE",
            "author": {
                "author_ID": "1061_0120291",
                "L1": "Polish",
                "age": "48",
                "gender": "female"
            },
            "CEFR": {
                "overall_fairRating": "A2",
                "test_level": "B1"
            },
            "task": {
                "formality": "informal",
                "text_type": "letter",
                "topic": "write a letter to a friend (visit)"
            }
        },
        "NP_info": {
            "len_np": 1,
            "coordination": null
        },
        "HEAD_info": {
            "head": {
                "H_TOK1": {
                    "word_type": "PREP",
                    "word_form": "im",
                    "lemma": "in",
                    "POS_STTS": "APPRART",
                    "index": "6",
                    "dep_rel": "pp",
                    "head_index": "2",
                    "parser_morph_features": "Dat"
                }
            },
            "super_head": {
                "SH_TOK1": {
                    "word_type": "V",
                    "word_form": "wünsche",
                    "lemma": "wünschen",
                    "POS_STTS": "VVFIN",
                    "index": "2",
                    "dep_rel": "root",
                    "head_index": "0",
                    "parser_morph_features": "1|Sg|Pres|_"
                }
            }
        },
        "POST_info": {},
        "TOK_info": {
            "TOK1": {
                "word_type": "N",
                "word_form": "Prüfung",
                "lemma": "Prüfung",
                "POS_STTS": "NN",
                "index": "7",
                "dep_rel": "pn",
                "head_index": "6",
                "parser_morph_features": "Fem|_|Sg",
                "possible_morph_features": []
            }
        },
        "relations": {
            "rel_1": {
                "rel_type": "must_agree",
                "involved": [
                    "TOK1",
                    "H_TOK1"
                ],
                "ruler": "TOK1",
                "possible_agreement": null
            }
        }
    },
    {
        "file_ID": "1061_0120291",
        "sent_NP_ID": "5_13",
        "sentence": "Im schöne Land lieben deine Verwandten .",
        "metadata": {
            "corpus": "MERLIN_DE",
            "author": {
                "author_ID": "1061_0120291",
                "L1": "Polish",
                "age": "48",
                "gender": "female"
            },
            "CEFR": {
                "overall_fairRating": "A2",
                "test_level": "B1"
            },
            "task": {
                "formality": "informal",
                "text_type": "letter",
                "topic": "write a letter to a friend (visit)"
            }
        },
        "NP_info": {
            "len_np": 2,
            "coordination": null
        },
        "HEAD_info": {
            "head": {
                "H_TOK1": {
                    "word_type": "PREP",
                    "word_form": "Im",
                    "lemma": "in",
                    "POS_STTS": "APPRART",
                    "index": "1",
                    "dep_rel": "pp",
                    "head_index": "4",
                    "parser_morph_features": "Dat"
                }
            },
            "super_head": {
                "SH_TOK1": {
                    "word_type": "V",
                    "word_form": "lieben",
                    "lemma": "lieben",
                    "POS_STTS": "VVFIN",
                    "index": "4",
                    "dep_rel": "root",
                    "head_index": "0",
                    "parser_morph_features": "3|Pl|Pres|_"
                }
            }
        },
        "POST_info": {},
        "TOK_info": {
            "TOK1": {
                "word_type": "ADJA",
                "word_form": "schöne",
                "lemma": "schön",
                "POS_STTS": "ADJA",
                "index": "2",
                "dep_rel": "attr",
                "head_index": "3",
                "parser_morph_features": "Pos|Neut|_|Sg|Wk|",
                "possible_morph_features": []
            },
            "TOK2": {
                "word_type": "N",
                "word_form": "Land",
                "lemma": "Land",
                "POS_STTS": "NN",
                "index": "3",
                "dep_rel": "pn",
                "head_index": "1",
                "parser_morph_features": "Neut|_|Sg",
                "possible_morph_features": []
            }
        },
        "relations": {
            "rel_1": {
                "rel_type": "must_agree",
                "involved": [
                    "TOK1",
                    "H_TOK1"
                ],
                "ruler": null,
                "possible_agreement": null
            },
            "rel_2": {
                "rel_type": "must_agree",
                "involved": [
                    "TOK2",
                    "TOK1"
                ],
                "ruler": "TOK2",
                "possible_agreement": null
            },
            "rel_3": {
                "rel_type": "must_agree",
                "involved": [
                    "TOK2",
                    "H_TOK1"
                ],
                "ruler": "TOK2",
                "possible_agreement": null
            }
        }
    },
    {
        "file_ID": "1061_0120291",
        "sent_NP_ID": "5_14",
        "sentence": "Im schöne Land lieben deine Verwandten .",
        "metadata": {
            "corpus": "MERLIN_DE",
            "author": {
                "author_ID": "1061_0120291",
                "L1": "Polish",
                "age": "48",
                "gender": "female"
            },
            "CEFR": {
                "overall_fairRating": "A2",
                "test_level": "B1"
            },
            "task": {
                "formality": "informal",
                "text_type": "letter",
                "topic": "write a letter to a friend (visit)"
            }
        },
        "NP_info": {
            "len_np": 2,
            "coordination": null
        },
        "HEAD_info": {
            "head": {
                "H_TOK1": {
                    "word_type": "V",
                    "word_form": "lieben",
                    "lemma": "lieben",
                    "POS_STTS": "VVFIN",
                    "index": "4",
                    "dep_rel": "root",
                    "head_index": "0",
                    "parser_morph_features": "3|Pl|Pres|_"
                }
            },
            "super_head": {}
        },
        "POST_info": {},
        "TOK_info": {
            "TOK1": {
                "word_type": "ART",
                "word_form": "deine",
                "lemma": "deine",
                "POS_STTS": "PPOSAT",
                "index": "5",
                "dep_rel": "det",
                "head_index": "6",
                "parser_morph_features": "_|Nom|Pl",
                "possible_morph_features": []
            },
            "TOK2": {
                "word_type": "N",
                "word_form": "Verwandten",
                "lemma": "Verwandte",
                "POS_STTS": "NN",
                "index": "6",
                "dep_rel": "subj",
                "head_index": "4",
                "parser_morph_features": "_|Nom|Pl",
                "possible_morph_features": []
            }
        },
        "relations": {
            "rel_1": {
                "rel_type": "must_agree",
                "involved": [
                    "TOK2",
                    "TOK1"
                ],
                "ruler": "TOK2",
                "possible_agreement": null
            }
        }
    },
    {
        "file_ID": "1061_0120291",
        "sent_NP_ID": "6_15",
        "sentence": "Also , dann bis bald in Stadt X Viele Grüße Maria",
        "metadata": {
            "corpus": "MERLIN_DE",
            "author": {
                "author_ID": "1061_0120291",
                "L1": "Polish",
                "age": "48",
                "gender": "female"
            },
            "CEFR": {
                "overall_fairRating": "A2",
                "test_level": "B1"
            },
            "task": {
                "formality": "informal",
                "text_type": "letter",
                "topic": "write a letter to a friend (visit)"
            }
        },
        "NP_info": {
            "len_np": 1,
            "coordination": null
        },
        "HEAD_info": {
            "head": {
                "H_TOK1": {
                    "word_type": "PREP",
                    "word_form": "in",
                    "lemma": "in",
                    "POS_STTS": "APPR",
                    "index": "6",
                    "dep_rel": "pp",
                    "head_index": "10",
                    "parser_morph_features": "_"
                }
            },
            "super_head": {
                "SH_TOK1": {
                    "word_type": "N",
                    "word_form": "Grüße",
                    "lemma": "Gruß",
                    "POS_STTS": "NN",
                    "index": "10",
                    "dep_rel": "pn",
                    "head_index": "4",
                    "parser_morph_features": "Masc|Acc|Pl"
                }
            }
        },
        "POST_info": {
            "P_TOK1": {
                "word_type": "N",
                "word_form": "X",
                "lemma": "X",
                "POS_STTS": "NE",
                "index": "8",
                "dep_rel": "app",
                "head_index": "7",
                "parser_morph_features": "Fem|_|Sg"
            }
        },
        "TOK_info": {
            "TOK1": {
                "word_type": "N",
                "word_form": "Stadt",
                "lemma": "Stadt",
                "POS_STTS": "NN",
                "index": "7",
                "dep_rel": "pn",
                "head_index": "6",
                "parser_morph_features": "Fem|_|Sg",
                "possible_morph_features": []
            }
        },
        "relations": {}
    },
    {
        "file_ID": "1061_0120291",
        "sent_NP_ID": "6_16",
        "sentence": "Also , dann bis bald in Stadt X Viele Grüße Maria",
        "metadata": {
            "corpus": "MERLIN_DE",
            "author": {
                "author_ID": "1061_0120291",
                "L1": "Polish",
                "age": "48",
                "gender": "female"
            },
            "CEFR": {
                "overall_fairRating": "A2",
                "test_level": "B1"
            },
            "task": {
                "formality": "informal",
                "text_type": "letter",
                "topic": "write a letter to a friend (visit)"
            }
        },
        "NP_info": {
            "len_np": 1,
            "coordination": null
        },
        "HEAD_info": {
            "head": {
                "H_TOK1": {
                    "word_type": "N",
                    "word_form": "Stadt",
                    "lemma": "Stadt",
                    "POS_STTS": "NN",
                    "index": "7",
                    "dep_rel": "pn",
                    "head_index": "6",
                    "parser_morph_features": "Fem|_|Sg"
                }
            },
            "super_head": {
                "SH_TOK1": {
                    "word_type": "PREP",
                    "word_form": "in",
                    "lemma": "in",
                    "POS_STTS": "APPR",
                    "index": "6",
                    "dep_rel": "pp",
                    "head_index": "10",
                    "parser_morph_features": "_"
                }
            }
        },
        "POST_info": {},
        "TOK_info": {
            "TOK1": {
                "word_type": "N",
                "word_form": "X",
                "lemma": "X",
                "POS_STTS": "NE",
                "index": "8",
                "dep_rel": "app",
                "head_index": "7",
                "parser_morph_features": "Fem|_|Sg",
                "possible_morph_features": []
            }
        },
        "relations": {}
    },
    {
        "file_ID": "1061_0120291",
        "sent_NP_ID": "6_17",
        "sentence": "Also , dann bis bald in Stadt X Viele Grüße Maria",
        "metadata": {
            "corpus": "MERLIN_DE",
            "author": {
                "author_ID": "1061_0120291",
                "L1": "Polish",
                "age": "48",
                "gender": "female"
            },
            "CEFR": {
                "overall_fairRating": "A2",
                "test_level": "B1"
            },
            "task": {
                "formality": "informal",
                "text_type": "letter",
                "topic": "write a letter to a friend (visit)"
            }
        },
        "NP_info": {
            "len_np": 4,
            "coordination": null
        },
        "HEAD_info": {
            "head": {
                "H_TOK1": {
                    "word_type": "PREP",
                    "word_form": "bis",
                    "lemma": "bis",
                    "POS_STTS": "APPR",
                    "index": "4",
                    "dep_rel": "kon",
                    "head_index": "1",
                    "parser_morph_features": "Acc"
                }
            },
            "super_head": {
                "SH_TOK1": {
                    "word_type": "ADV",
                    "word_form": "Also",
                    "lemma": "also",
                    "POS_STTS": "ADV",
                    "index": "1",
                    "dep_rel": "root",
                    "head_index": "0",
                    "parser_morph_features": "_"
                }
            }
        },
        "POST_info": {
            "P_TOK1": {
                "word_type": "N",
                "word_form": "Maria",
                "lemma": "Maria",
                "POS_STTS": "NE",
                "index": "11",
                "dep_rel": "app",
                "head_index": "10",
                "parser_morph_features": "_|Acc|Sg"
            }
        },
        "TOK_info": {
            "TOK1": {
                "word_type": "ADV",
                "word_form": "bald",
                "lemma": "bald",
                "POS_STTS": "ADV",
                "index": "5",
                "dep_rel": "adv",
                "head_index": "10",
                "parser_morph_features": "_",
                "possible_morph_features": []
            },
            "TOK2": {
                "word_type": "PREP",
                "word_form": "in",
                "lemma": "in",
                "POS_STTS": "APPR",
                "index": "6",
                "dep_rel": "pp",
                "head_index": "10",
                "parser_morph_features": "_",
                "possible_morph_features": []
            },
            "TOK3": {
                "word_type": "ART",
                "word_form": "Viele",
                "lemma": "viele",
                "POS_STTS": "PIDAT",
                "index": "9",
                "dep_rel": "det",
                "head_index": "10",
                "parser_morph_features": "Masc|Acc|Pl",
                "possible_morph_features": []
            },
            "TOK4": {
                "word_type": "N",
                "word_form": "Grüße",
                "lemma": "Gruß",
                "POS_STTS": "NN",
                "index": "10",
                "dep_rel": "pn",
                "head_index": "4",
                "parser_morph_features": "Masc|Acc|Pl",
                "possible_morph_features": []
            }
        },
        "relations": {
            "rel_1": {
                "rel_type": "must_agree",
                "involved": [
                    "TOK4",
                    "TOK3"
                ],
                "ruler": "TOK4",
                "possible_agreement": null
            }
        }
    },
    {
        "file_ID": "1061_0120291",
        "sent_NP_ID": "6_18",
        "sentence": "Also , dann bis bald in Stadt X Viele Grüße Maria",
        "metadata": {
            "corpus": "MERLIN_DE",
            "author": {
                "author_ID": "1061_0120291",
                "L1": "Polish",
                "age": "48",
                "gender": "female"
            },
            "CEFR": {
                "overall_fairRating": "A2",
                "test_level": "B1"
            },
            "task": {
                "formality": "informal",
                "text_type": "letter",
                "topic": "write a letter to a friend (visit)"
            }
        },
        "NP_info": {
            "len_np": 1,
            "coordination": null
        },
        "HEAD_info": {
            "head": {
                "H_TOK1": {
                    "word_type": "N",
                    "word_form": "Grüße",
                    "lemma": "Gruß",
                    "POS_STTS": "NN",
                    "index": "10",
                    "dep_rel": "pn",
                    "head_index": "4",
                    "parser_morph_features": "Masc|Acc|Pl"
                }
            },
            "super_head": {
                "SH_TOK1": {
                    "word_type": "PREP",
                    "word_form": "bis",
                    "lemma": "bis",
                    "POS_STTS": "APPR",
                    "index": "4",
                    "dep_rel": "kon",
                    "head_index": "1",
                    "parser_morph_features": "Acc"
                }
            }
        },
        "POST_info": {},
        "TOK_info": {
            "TOK1": {
                "word_type": "N",
                "word_form": "Maria",
                "lemma": "Maria",
                "POS_STTS": "NE",
                "index": "11",
                "dep_rel": "app",
                "head_index": "10",
                "parser_morph_features": "_|Acc|Sg",
                "possible_morph_features": []
            }
        },
        "relations": {}
    }
]