[
    {
        "file_ID": "1061_0120357",
        "sent_NP_ID": "1_1",
        "sentence": "Liebe Silke , ich habe mich sehr gefreut , dass du mir wieder geschrieben hast .",
        "metadata": {
            "corpus": "MERLIN_DE",
            "author": {
                "author_ID": "1061_0120357",
                "L1": "not reported",
                "age": "37",
                "gender": "female"
            },
            "CEFR": {
                "overall_fairRating": "B2",
                "test_level": "B1"
            },
            "task": {
                "formality": "informal",
                "text_type": "letter",
                "topic": "write a letter to a friend (birthday)"
            }
        },
        "NP_info": {
            "len_np": 2,
            "coordination": null
        },
        "HEAD_info": {
            "head": {
                "H_TOK1": {
                    "word_type": "V",
                    "word_form": "habe",
                    "lemma": "haben",
                    "POS_STTS": "VAFIN",
                    "index": "5",
                    "dep_rel": "root",
                    "head_index": "0",
                    "parser_morph_features": "1|Sg|Pres|_"
                }
            },
            "super_head": {}
        },
        "POST_info": {},
        "TOK_info": {
            "TOK1": {
                "word_type": "ADJA",
                "word_form": "Liebe",
                "lemma": "lieb",
                "POS_STTS": "ADJA",
                "index": "1",
                "dep_rel": "attr",
                "head_index": "2",
                "parser_morph_features": "Pos|_|_|_|_|",
                "possible_morph_features": []
            },
            "TOK2": {
                "word_type": "N",
                "word_form": "Silke",
                "lemma": "Silk",
                "POS_STTS": "NN",
                "index": "2",
                "dep_rel": "vok",
                "head_index": "5",
                "parser_morph_features": "Masc|Dat|Sg",
                "possible_morph_features": []
            }
        },
        "relations": {
            "rel_1": {
                "rel_type": "must_agree",
                "involved": [
                    "TOK2",
                    "TOK1"
                ],
                "ruler": "TOK2",
                "possible_agreement": null
            }
        }
    },
    {
        "file_ID": "1061_0120357",
        "sent_NP_ID": "2_2",
        "sentence": "Mirgeht es gut und Got sei Dank sind alle zu Hause auch gesund .",
        "metadata": {
            "corpus": "MERLIN_DE",
            "author": {
                "author_ID": "1061_0120357",
                "L1": "not reported",
                "age": "37",
                "gender": "female"
            },
            "CEFR": {
                "overall_fairRating": "B2",
                "test_level": "B1"
            },
            "task": {
                "formality": "informal",
                "text_type": "letter",
                "topic": "write a letter to a friend (birthday)"
            }
        },
        "NP_info": {
            "len_np": 1,
            "coordination": null
        },
        "HEAD_info": {
            "head": {},
            "super_head": {}
        },
        "POST_info": {},
        "TOK_info": {
            "TOK1": {
                "word_type": "N",
                "word_form": "Mirgeht",
                "lemma": "Mirgeht",
                "POS_STTS": "NE",
                "index": "1",
                "dep_rel": "root",
                "head_index": "0",
                "parser_morph_features": "_",
                "possible_morph_features": []
            }
        },
        "relations": {}
    },
    {
        "file_ID": "1061_0120357",
        "sent_NP_ID": "2_3",
        "sentence": "Mirgeht es gut und Got sei Dank sind alle zu Hause auch gesund .",
        "metadata": {
            "corpus": "MERLIN_DE",
            "author": {
                "author_ID": "1061_0120357",
                "L1": "not reported",
                "age": "37",
                "gender": "female"
            },
            "CEFR": {
                "overall_fairRating": "B2",
                "test_level": "B1"
            },
            "task": {
                "formality": "informal",
                "text_type": "letter",
                "topic": "write a letter to a friend (birthday)"
            }
        },
        "NP_info": {
            "len_np": 1,
            "coordination": null
        },
        "HEAD_info": {
            "head": {
                "H_TOK1": {
                    "word_type": "V",
                    "word_form": "sei",
                    "lemma": "sein",
                    "POS_STTS": "VAFIN",
                    "index": "6",
                    "dep_rel": "cj",
                    "head_index": "4",
                    "parser_morph_features": "3|Sg|Pres|Subj"
                }
            },
            "super_head": {
                "SH_TOK1": {
                    "word_type": "KON",
                    "word_form": "und",
                    "lemma": "und",
                    "POS_STTS": "KON",
                    "index": "4",
                    "dep_rel": "root",
                    "head_index": "0",
                    "parser_morph_features": "_"
                }
            }
        },
        "POST_info": {},
        "TOK_info": {
            "TOK1": {
                "word_type": "N",
                "word_form": "Got",
                "lemma": "Got",
                "POS_STTS": "NE",
                "index": "5",
                "dep_rel": "subj",
                "head_index": "6",
                "parser_morph_features": "_|Nom|Sg",
                "possible_morph_features": []
            }
        },
        "relations": {}
    },
    {
        "file_ID": "1061_0120357",
        "sent_NP_ID": "2_4",
        "sentence": "Mirgeht es gut und Got sei Dank sind alle zu Hause auch gesund .",
        "metadata": {
            "corpus": "MERLIN_DE",
            "author": {
                "author_ID": "1061_0120357",
                "L1": "not reported",
                "age": "37",
                "gender": "female"
            },
            "CEFR": {
                "overall_fairRating": "B2",
                "test_level": "B1"
            },
            "task": {
                "formality": "informal",
                "text_type": "letter",
                "topic": "write a letter to a friend (birthday)"
            }
        },
        "NP_info": {
            "len_np": 1,
            "coordination": null
        },
        "HEAD_info": {
            "head": {
                "H_TOK1": {
                    "word_type": "V",
                    "word_form": "sind",
                    "lemma": "sein",
                    "POS_STTS": "VAFIN",
                    "index": "8",
                    "dep_rel": "root",
                    "head_index": "0",
                    "parser_morph_features": "3|Pl|Pres|Ind"
                }
            },
            "super_head": {}
        },
        "POST_info": {},
        "TOK_info": {
            "TOK1": {
                "word_type": "N",
                "word_form": "Dank",
                "lemma": "Dank",
                "POS_STTS": "NN",
                "index": "7",
                "dep_rel": "objd",
                "head_index": "8",
                "parser_morph_features": "Masc|Dat|Sg",
                "possible_morph_features": []
            }
        },
        "relations": {}
    },
    {
        "file_ID": "1061_0120357",
        "sent_NP_ID": "2_5",
        "sentence": "Mirgeht es gut und Got sei Dank sind alle zu Hause auch gesund .",
        "metadata": {
            "corpus": "MERLIN_DE",
            "author": {
                "author_ID": "1061_0120357",
                "L1": "not reported",
                "age": "37",
                "gender": "female"
            },
            "CEFR": {
                "overall_fairRating": "B2",
                "test_level": "B1"
            },
            "task": {
                "formality": "informal",
                "text_type": "letter",
                "topic": "write a letter to a friend (birthday)"
            }
        },
        "NP_info": {
            "len_np": 1,
            "coordination": null
        },
        "HEAD_info": {
            "head": {
                "H_TOK1": {
                    "word_type": "PREP",
                    "word_form": "zu",
                    "lemma": "zu",
                    "POS_STTS": "APPR",
                    "index": "10",
                    "dep_rel": "pp",
                    "head_index": "8",
                    "parser_morph_features": "Dat"
                }
            },
            "super_head": {
                "SH_TOK1": {
                    "word_type": "V",
                    "word_form": "sind",
                    "lemma": "sein",
                    "POS_STTS": "VAFIN",
                    "index": "8",
                    "dep_rel": "root",
                    "head_index": "0",
                    "parser_morph_features": "3|Pl|Pres|Ind"
                }
            }
        },
        "POST_info": {},
        "TOK_info": {
            "TOK1": {
                "word_type": "N",
                "word_form": "Hause",
                "lemma": "Haus",
                "POS_STTS": "NN",
                "index": "11",
                "dep_rel": "pn",
                "head_index": "10",
                "parser_morph_features": "Neut|Dat|Sg",
                "possible_morph_features": []
            }
        },
        "relations": {}
    },
    {
        "file_ID": "1061_0120357",
        "sent_NP_ID": "3_6",
        "sentence": "Ich besuche zur Zeit einen Deutschkurs beim VHS .",
        "metadata": {
            "corpus": "MERLIN_DE",
            "author": {
                "author_ID": "1061_0120357",
                "L1": "not reported",
                "age": "37",
                "gender": "female"
            },
            "CEFR": {
                "overall_fairRating": "B2",
                "test_level": "B1"
            },
            "task": {
                "formality": "informal",
                "text_type": "letter",
                "topic": "write a letter to a friend (birthday)"
            }
        },
        "NP_info": {
            "len_np": 1,
            "coordination": null
        },
        "HEAD_info": {
            "head": {
                "H_TOK1": {
                    "word_type": "PREP",
                    "word_form": "zur",
                    "lemma": "zu",
                    "POS_STTS": "APPRART",
                    "index": "3",
                    "dep_rel": "pp",
                    "head_index": "2",
                    "parser_morph_features": "Dat"
                }
            },
            "super_head": {
                "SH_TOK1": {
                    "word_type": "V",
                    "word_form": "besuche",
                    "lemma": "besuchen",
                    "POS_STTS": "VVFIN",
                    "index": "2",
                    "dep_rel": "root",
                    "head_index": "0",
                    "parser_morph_features": "1|Sg|Pres|_"
                }
            }
        },
        "POST_info": {},
        "TOK_info": {
            "TOK1": {
                "word_type": "N",
                "word_form": "Zeit",
                "lemma": "Zeit",
                "POS_STTS": "NN",
                "index": "4",
                "dep_rel": "pn",
                "head_index": "3",
                "parser_morph_features": "Fem|Dat|Sg",
                "possible_morph_features": []
            }
        },
        "relations": {
            "rel_1": {
                "rel_type": "must_agree",
                "involved": [
                    "TOK1",
                    "H_TOK1"
                ],
                "ruler": "TOK1",
                "possible_agreement": null
            }
        }
    },
    {
        "file_ID": "1061_0120357",
        "sent_NP_ID": "3_7",
        "sentence": "Ich besuche zur Zeit einen Deutschkurs beim VHS .",
        "metadata": {
            "corpus": "MERLIN_DE",
            "author": {
                "author_ID": "1061_0120357",
                "L1": "not reported",
                "age": "37",
                "gender": "female"
            },
            "CEFR": {
                "overall_fairRating": "B2",
                "test_level": "B1"
            },
            "task": {
                "formality": "informal",
                "text_type": "letter",
                "topic": "write a letter to a friend (birthday)"
            }
        },
        "NP_info": {
            "len_np": 2,
            "coordination": null
        },
        "HEAD_info": {
            "head": {
                "H_TOK1": {
                    "word_type": "V",
                    "word_form": "besuche",
                    "lemma": "besuchen",
                    "POS_STTS": "VVFIN",
                    "index": "2",
                    "dep_rel": "root",
                    "head_index": "0",
                    "parser_morph_features": "1|Sg|Pres|_"
                }
            },
            "super_head": {}
        },
        "POST_info": {},
        "TOK_info": {
            "TOK1": {
                "word_type": "ART",
                "word_form": "einen",
                "lemma": "eine",
                "POS_STTS": "ART",
                "index": "5",
                "dep_rel": "det",
                "head_index": "6",
                "parser_morph_features": "Indef|Masc|Acc|Sg",
                "possible_morph_features": []
            },
            "TOK2": {
                "word_type": "N",
                "word_form": "Deutschkurs",
                "lemma": "Deutschkurs",
                "POS_STTS": "NN",
                "index": "6",
                "dep_rel": "obja",
                "head_index": "2",
                "parser_morph_features": "Masc|Acc|Sg",
                "possible_morph_features": []
            }
        },
        "relations": {
            "rel_1": {
                "rel_type": "must_agree",
                "involved": [
                    "TOK2",
                    "TOK1"
                ],
                "ruler": "TOK2",
                "possible_agreement": null
            }
        }
    },
    {
        "file_ID": "1061_0120357",
        "sent_NP_ID": "3_8",
        "sentence": "Ich besuche zur Zeit einen Deutschkurs beim VHS .",
        "metadata": {
            "corpus": "MERLIN_DE",
            "author": {
                "author_ID": "1061_0120357",
                "L1": "not reported",
                "age": "37",
                "gender": "female"
            },
            "CEFR": {
                "overall_fairRating": "B2",
                "test_level": "B1"
            },
            "task": {
                "formality": "informal",
                "text_type": "letter",
                "topic": "write a letter to a friend (birthday)"
            }
        },
        "NP_info": {
            "len_np": 1,
            "coordination": null
        },
        "HEAD_info": {
            "head": {
                "H_TOK1": {
                    "word_type": "PREP",
                    "word_form": "beim",
                    "lemma": "bei",
                    "POS_STTS": "APPRART",
                    "index": "7",
                    "dep_rel": "pp",
                    "head_index": "2",
                    "parser_morph_features": "Dat"
                }
            },
            "super_head": {
                "SH_TOK1": {
                    "word_type": "V",
                    "word_form": "besuche",
                    "lemma": "besuchen",
                    "POS_STTS": "VVFIN",
                    "index": "2",
                    "dep_rel": "root",
                    "head_index": "0",
                    "parser_morph_features": "1|Sg|Pres|_"
                }
            }
        },
        "POST_info": {},
        "TOK_info": {
            "TOK1": {
                "word_type": "N",
                "word_form": "VHS",
                "lemma": "VHS",
                "POS_STTS": "NN",
                "index": "8",
                "dep_rel": "pn",
                "head_index": "7",
                "parser_morph_features": "_|Dat|_",
                "possible_morph_features": []
            }
        },
        "relations": {
            "rel_1": {
                "rel_type": "must_agree",
                "involved": [
                    "TOK1",
                    "H_TOK1"
                ],
                "ruler": "TOK1",
                "possible_agreement": null
            }
        }
    },
    {
        "file_ID": "1061_0120357",
        "sent_NP_ID": "4_9",
        "sentence": "Mein Mann arbeitet auch viel ( wie immer ) und Maria ist schon seit einenhalbes Jahr im Kindergarten .",
        "metadata": {
            "corpus": "MERLIN_DE",
            "author": {
                "author_ID": "1061_0120357",
                "L1": "not reported",
                "age": "37",
                "gender": "female"
            },
            "CEFR": {
                "overall_fairRating": "B2",
                "test_level": "B1"
            },
            "task": {
                "formality": "informal",
                "text_type": "letter",
                "topic": "write a letter to a friend (birthday)"
            }
        },
        "NP_info": {
            "len_np": 2,
            "coordination": null
        },
        "HEAD_info": {
            "head": {
                "H_TOK1": {
                    "word_type": "V",
                    "word_form": "arbeitet",
                    "lemma": "arbeiten",
                    "POS_STTS": "VVFIN",
                    "index": "3",
                    "dep_rel": "root",
                    "head_index": "0",
                    "parser_morph_features": "3|Sg|Pres|Ind"
                }
            },
            "super_head": {}
        },
        "POST_info": {},
        "TOK_info": {
            "TOK1": {
                "word_type": "ART",
                "word_form": "Mein",
                "lemma": "meine",
                "POS_STTS": "PPOSAT",
                "index": "1",
                "dep_rel": "det",
                "head_index": "2",
                "parser_morph_features": "Masc|Nom|Sg",
                "possible_morph_features": []
            },
            "TOK2": {
                "word_type": "N",
                "word_form": "Mann",
                "lemma": "Mann",
                "POS_STTS": "NN",
                "index": "2",
                "dep_rel": "subj",
                "head_index": "3",
                "parser_morph_features": "Masc|Nom|Sg",
                "possible_morph_features": []
            }
        },
        "relations": {
            "rel_1": {
                "rel_type": "must_agree",
                "involved": [
                    "TOK2",
                    "TOK1"
                ],
                "ruler": "TOK2",
                "possible_agreement": null
            }
        }
    },
    {
        "file_ID": "1061_0120357",
        "sent_NP_ID": "4_10",
        "sentence": "Mein Mann arbeitet auch viel ( wie immer ) und Maria ist schon seit einenhalbes Jahr im Kindergarten .",
        "metadata": {
            "corpus": "MERLIN_DE",
            "author": {
                "author_ID": "1061_0120357",
                "L1": "not reported",
                "age": "37",
                "gender": "female"
            },
            "CEFR": {
                "overall_fairRating": "B2",
                "test_level": "B1"
            },
            "task": {
                "formality": "informal",
                "text_type": "letter",
                "topic": "write a letter to a friend (birthday)"
            }
        },
        "NP_info": {
            "len_np": 1,
            "coordination": null
        },
        "HEAD_info": {
            "head": {
                "H_TOK1": {
                    "word_type": "V",
                    "word_form": "ist",
                    "lemma": "sein",
                    "POS_STTS": "VAFIN",
                    "index": "12",
                    "dep_rel": "cj",
                    "head_index": "10",
                    "parser_morph_features": "3|Sg|Pres|Ind"
                }
            },
            "super_head": {
                "SH_TOK1": {
                    "word_type": "KON",
                    "word_form": "und",
                    "lemma": "und",
                    "POS_STTS": "KON",
                    "index": "10",
                    "dep_rel": "kon",
                    "head_index": "3",
                    "parser_morph_features": "_"
                }
            }
        },
        "POST_info": {},
        "TOK_info": {
            "TOK1": {
                "word_type": "N",
                "word_form": "Maria",
                "lemma": "Maria",
                "POS_STTS": "NE",
                "index": "11",
                "dep_rel": "subj",
                "head_index": "12",
                "parser_morph_features": "_|Nom|Sg",
                "possible_morph_features": []
            }
        },
        "relations": {}
    },
    {
        "file_ID": "1061_0120357",
        "sent_NP_ID": "4_11",
        "sentence": "Mein Mann arbeitet auch viel ( wie immer ) und Maria ist schon seit einenhalbes Jahr im Kindergarten .",
        "metadata": {
            "corpus": "MERLIN_DE",
            "author": {
                "author_ID": "1061_0120357",
                "L1": "not reported",
                "age": "37",
                "gender": "female"
            },
            "CEFR": {
                "overall_fairRating": "B2",
                "test_level": "B1"
            },
            "task": {
                "formality": "informal",
                "text_type": "letter",
                "topic": "write a letter to a friend (birthday)"
            }
        },
        "NP_info": {
            "len_np": 2,
            "coordination": null
        },
        "HEAD_info": {
            "head": {
                "H_TOK1": {
                    "word_type": "PREP",
                    "word_form": "seit",
                    "lemma": "seit",
                    "POS_STTS": "APPR",
                    "index": "14",
                    "dep_rel": "pp",
                    "head_index": "12",
                    "parser_morph_features": "Dat"
                }
            },
            "super_head": {
                "SH_TOK1": {
                    "word_type": "V",
                    "word_form": "ist",
                    "lemma": "sein",
                    "POS_STTS": "VAFIN",
                    "index": "12",
                    "dep_rel": "cj",
                    "head_index": "10",
                    "parser_morph_features": "3|Sg|Pres|Ind"
                }
            }
        },
        "POST_info": {},
        "TOK_info": {
            "TOK1": {
                "word_type": "ADJA",
                "word_form": "einenhalbes",
                "lemma": "einenhalb",
                "POS_STTS": "ADJA",
                "index": "15",
                "dep_rel": "attr",
                "head_index": "16",
                "parser_morph_features": "Pos|Neut|_|Sg|St|",
                "possible_morph_features": []
            },
            "TOK2": {
                "word_type": "N",
                "word_form": "Jahr",
                "lemma": "Jahr",
                "POS_STTS": "NN",
                "index": "16",
                "dep_rel": "pn",
                "head_index": "14",
                "parser_morph_features": "Neut|_|Sg",
                "possible_morph_features": []
            }
        },
        "relations": {
            "rel_1": {
                "rel_type": "must_agree",
                "involved": [
                    "TOK2",
                    "TOK1"
                ],
                "ruler": "TOK2",
                "possible_agreement": null
            }
        }
    },
    {
        "file_ID": "1061_0120357",
        "sent_NP_ID": "4_12",
        "sentence": "Mein Mann arbeitet auch viel ( wie immer ) und Maria ist schon seit einenhalbes Jahr im Kindergarten .",
        "metadata": {
            "corpus": "MERLIN_DE",
            "author": {
                "author_ID": "1061_0120357",
                "L1": "not reported",
                "age": "37",
                "gender": "female"
            },
            "CEFR": {
                "overall_fairRating": "B2",
                "test_level": "B1"
            },
            "task": {
                "formality": "informal",
                "text_type": "letter",
                "topic": "write a letter to a friend (birthday)"
            }
        },
        "NP_info": {
            "len_np": 1,
            "coordination": null
        },
        "HEAD_info": {
            "head": {
                "H_TOK1": {
                    "word_type": "PREP",
                    "word_form": "im",
                    "lemma": "in",
                    "POS_STTS": "APPRART",
                    "index": "17",
                    "dep_rel": "pp",
                    "head_index": "12",
                    "parser_morph_features": "Dat"
                }
            },
            "super_head": {
                "SH_TOK1": {
                    "word_type": "V",
                    "word_form": "ist",
                    "lemma": "sein",
                    "POS_STTS": "VAFIN",
                    "index": "12",
                    "dep_rel": "cj",
                    "head_index": "10",
                    "parser_morph_features": "3|Sg|Pres|Ind"
                }
            }
        },
        "POST_info": {},
        "TOK_info": {
            "TOK1": {
                "word_type": "N",
                "word_form": "Kindergarten",
                "lemma": "Kindergarten",
                "POS_STTS": "NN",
                "index": "18",
                "dep_rel": "pn",
                "head_index": "17",
                "parser_morph_features": "_|Dat|_",
                "possible_morph_features": []
            }
        },
        "relations": {
            "rel_1": {
                "rel_type": "must_agree",
                "involved": [
                    "TOK1",
                    "H_TOK1"
                ],
                "ruler": "TOK1",
                "possible_agreement": null
            }
        }
    },
    {
        "file_ID": "1061_0120357",
        "sent_NP_ID": "6_13",
        "sentence": "Danke für diene Einladung .",
        "metadata": {
            "corpus": "MERLIN_DE",
            "author": {
                "author_ID": "1061_0120357",
                "L1": "not reported",
                "age": "37",
                "gender": "female"
            },
            "CEFR": {
                "overall_fairRating": "B2",
                "test_level": "B1"
            },
            "task": {
                "formality": "informal",
                "text_type": "letter",
                "topic": "write a letter to a friend (birthday)"
            }
        },
        "NP_info": {
            "len_np": 1,
            "coordination": null
        },
        "HEAD_info": {
            "head": {},
            "super_head": {}
        },
        "POST_info": {
            "P_TOK1": {
                "word_type": "PREP",
                "word_form": "für",
                "lemma": "für",
                "POS_STTS": "APPR",
                "index": "2",
                "dep_rel": "pp",
                "head_index": "1",
                "parser_morph_features": "Acc"
            }
        },
        "TOK_info": {
            "TOK1": {
                "word_type": "N",
                "word_form": "Danke",
                "lemma": "Dank",
                "POS_STTS": "NN",
                "index": "1",
                "dep_rel": "root",
                "head_index": "0",
                "parser_morph_features": "Masc|Dat|Sg",
                "possible_morph_features": []
            }
        },
        "relations": {}
    },
    {
        "file_ID": "1061_0120357",
        "sent_NP_ID": "6_14",
        "sentence": "Danke für diene Einladung .",
        "metadata": {
            "corpus": "MERLIN_DE",
            "author": {
                "author_ID": "1061_0120357",
                "L1": "not reported",
                "age": "37",
                "gender": "female"
            },
            "CEFR": {
                "overall_fairRating": "B2",
                "test_level": "B1"
            },
            "task": {
                "formality": "informal",
                "text_type": "letter",
                "topic": "write a letter to a friend (birthday)"
            }
        },
        "NP_info": {
            "len_np": 2,
            "coordination": null
        },
        "HEAD_info": {
            "head": {
                "H_TOK1": {
                    "word_type": "PREP",
                    "word_form": "für",
                    "lemma": "für",
                    "POS_STTS": "APPR",
                    "index": "2",
                    "dep_rel": "pp",
                    "head_index": "1",
                    "parser_morph_features": "Acc"
                }
            },
            "super_head": {
                "SH_TOK1": {
                    "word_type": "N",
                    "word_form": "Danke",
                    "lemma": "Dank",
                    "POS_STTS": "NN",
                    "index": "1",
                    "dep_rel": "root",
                    "head_index": "0",
                    "parser_morph_features": "Masc|Dat|Sg"
                }
            }
        },
        "POST_info": {},
        "TOK_info": {
            "TOK1": {
                "word_type": "ADJA",
                "word_form": "diene",
                "lemma": "diene",
                "POS_STTS": "ADJA",
                "index": "3",
                "dep_rel": "attr",
                "head_index": "4",
                "parser_morph_features": "_|Fem|Acc|Sg|_",
                "possible_morph_features": []
            },
            "TOK2": {
                "word_type": "N",
                "word_form": "Einladung",
                "lemma": "Einladung",
                "POS_STTS": "NN",
                "index": "4",
                "dep_rel": "pn",
                "head_index": "2",
                "parser_morph_features": "Fem|Acc|Sg",
                "possible_morph_features": []
            }
        },
        "relations": {
            "rel_1": {
                "rel_type": "must_agree",
                "involved": [
                    "TOK2",
                    "TOK1"
                ],
                "ruler": "TOK2",
                "possible_agreement": null
            }
        }
    },
    {
        "file_ID": "1061_0120357",
        "sent_NP_ID": "7_15",
        "sentence": "Was du meinst für den Osternferien ?",
        "metadata": {
            "corpus": "MERLIN_DE",
            "author": {
                "author_ID": "1061_0120357",
                "L1": "not reported",
                "age": "37",
                "gender": "female"
            },
            "CEFR": {
                "overall_fairRating": "B2",
                "test_level": "B1"
            },
            "task": {
                "formality": "informal",
                "text_type": "letter",
                "topic": "write a letter to a friend (birthday)"
            }
        },
        "NP_info": {
            "len_np": 2,
            "coordination": null
        },
        "HEAD_info": {
            "head": {
                "H_TOK1": {
                    "word_type": "PREP",
                    "word_form": "für",
                    "lemma": "für",
                    "POS_STTS": "APPR",
                    "index": "4",
                    "dep_rel": "pp",
                    "head_index": "3",
                    "parser_morph_features": "Acc"
                }
            },
            "super_head": {
                "SH_TOK1": {
                    "word_type": "V",
                    "word_form": "meinst",
                    "lemma": "meinen",
                    "POS_STTS": "VVFIN",
                    "index": "3",
                    "dep_rel": "root",
                    "head_index": "0",
                    "parser_morph_features": "2|Sg|Pres|Ind"
                }
            }
        },
        "POST_info": {},
        "TOK_info": {
            "TOK1": {
                "word_type": "ART",
                "word_form": "den",
                "lemma": "die",
                "POS_STTS": "ART",
                "index": "5",
                "dep_rel": "det",
                "head_index": "6",
                "parser_morph_features": "Def|_|Dat|Pl",
                "possible_morph_features": []
            },
            "TOK2": {
                "word_type": "N",
                "word_form": "Osternferien",
                "lemma": "Osternferien",
                "POS_STTS": "NN",
                "index": "6",
                "dep_rel": "pn",
                "head_index": "4",
                "parser_morph_features": "_|Dat|Pl",
                "possible_morph_features": []
            }
        },
        "relations": {
            "rel_1": {
                "rel_type": "must_agree",
                "involved": [
                    "TOK2",
                    "TOK1"
                ],
                "ruler": "TOK2",
                "possible_agreement": null
            }
        }
    },
    {
        "file_ID": "1061_0120357",
        "sent_NP_ID": "8_16",
        "sentence": "Haben sie frei Zeit oder ist etwas schon geplant ?",
        "metadata": {
            "corpus": "MERLIN_DE",
            "author": {
                "author_ID": "1061_0120357",
                "L1": "not reported",
                "age": "37",
                "gender": "female"
            },
            "CEFR": {
                "overall_fairRating": "B2",
                "test_level": "B1"
            },
            "task": {
                "formality": "informal",
                "text_type": "letter",
                "topic": "write a letter to a friend (birthday)"
            }
        },
        "NP_info": {
            "len_np": 1,
            "coordination": null
        },
        "HEAD_info": {
            "head": {
                "H_TOK1": {
                    "word_type": "V",
                    "word_form": "Haben",
                    "lemma": "haben",
                    "POS_STTS": "VAFIN",
                    "index": "1",
                    "dep_rel": "root",
                    "head_index": "0",
                    "parser_morph_features": "3|Pl|Pres|_"
                }
            },
            "super_head": {}
        },
        "POST_info": {},
        "TOK_info": {
            "TOK1": {
                "word_type": "N",
                "word_form": "Zeit",
                "lemma": "Zeit",
                "POS_STTS": "NN",
                "index": "4",
                "dep_rel": "obja",
                "head_index": "1",
                "parser_morph_features": "Fem|Acc|Sg",
                "possible_morph_features": []
            }
        },
        "relations": {}
    },
    {
        "file_ID": "1061_0120357",
        "sent_NP_ID": "9_17",
        "sentence": "Auf jeden Fall werden wir nocheinmal darüber sprechen .",
        "metadata": {
            "corpus": "MERLIN_DE",
            "author": {
                "author_ID": "1061_0120357",
                "L1": "not reported",
                "age": "37",
                "gender": "female"
            },
            "CEFR": {
                "overall_fairRating": "B2",
                "test_level": "B1"
            },
            "task": {
                "formality": "informal",
                "text_type": "letter",
                "topic": "write a letter to a friend (birthday)"
            }
        },
        "NP_info": {
            "len_np": 2,
            "coordination": null
        },
        "HEAD_info": {
            "head": {
                "H_TOK1": {
                    "word_type": "PREP",
                    "word_form": "Auf",
                    "lemma": "auf",
                    "POS_STTS": "APPR",
                    "index": "1",
                    "dep_rel": "pp",
                    "head_index": "4",
                    "parser_morph_features": "_"
                }
            },
            "super_head": {
                "SH_TOK1": {
                    "word_type": "V",
                    "word_form": "werden",
                    "lemma": "werden",
                    "POS_STTS": "VAFIN",
                    "index": "4",
                    "dep_rel": "root",
                    "head_index": "0",
                    "parser_morph_features": "1|Pl|Pres|_"
                }
            }
        },
        "POST_info": {},
        "TOK_info": {
            "TOK1": {
                "word_type": "ART",
                "word_form": "jeden",
                "lemma": "jede",
                "POS_STTS": "PIDAT",
                "index": "2",
                "dep_rel": "det",
                "head_index": "3",
                "parser_morph_features": "Masc|_|Sg",
                "possible_morph_features": []
            },
            "TOK2": {
                "word_type": "N",
                "word_form": "Fall",
                "lemma": "Fall",
                "POS_STTS": "NN",
                "index": "3",
                "dep_rel": "pn",
                "head_index": "1",
                "parser_morph_features": "Masc|_|Sg",
                "possible_morph_features": []
            }
        },
        "relations": {
            "rel_1": {
                "rel_type": "must_agree",
                "involved": [
                    "TOK2",
                    "TOK1"
                ],
                "ruler": "TOK2",
                "possible_agreement": null
            }
        }
    },
    {
        "file_ID": "1061_0120357",
        "sent_NP_ID": "10_18",
        "sentence": "Ich war ganz überascht von euer Geburtstagsgeschenk für Max .",
        "metadata": {
            "corpus": "MERLIN_DE",
            "author": {
                "author_ID": "1061_0120357",
                "L1": "not reported",
                "age": "37",
                "gender": "female"
            },
            "CEFR": {
                "overall_fairRating": "B2",
                "test_level": "B1"
            },
            "task": {
                "formality": "informal",
                "text_type": "letter",
                "topic": "write a letter to a friend (birthday)"
            }
        },
        "NP_info": {
            "len_np": 2,
            "coordination": null
        },
        "HEAD_info": {
            "head": {
                "H_TOK1": {
                    "word_type": "PREP",
                    "word_form": "von",
                    "lemma": "von",
                    "POS_STTS": "APPR",
                    "index": "5",
                    "dep_rel": "pp",
                    "head_index": "2",
                    "parser_morph_features": "_"
                }
            },
            "super_head": {
                "SH_TOK1": {
                    "word_type": "V",
                    "word_form": "war",
                    "lemma": "sein",
                    "POS_STTS": "VAFIN",
                    "index": "2",
                    "dep_rel": "root",
                    "head_index": "0",
                    "parser_morph_features": "1|Sg|Past|Ind"
                }
            }
        },
        "POST_info": {},
        "TOK_info": {
            "TOK1": {
                "word_type": "ART",
                "word_form": "euer",
                "lemma": "eure",
                "POS_STTS": "PPOSAT",
                "index": "6",
                "dep_rel": "det",
                "head_index": "7",
                "parser_morph_features": "Neut|_|Sg",
                "possible_morph_features": []
            },
            "TOK2": {
                "word_type": "N",
                "word_form": "Geburtstagsgeschenk",
                "lemma": "Geburtstagsgeschenk",
                "POS_STTS": "NN",
                "index": "7",
                "dep_rel": "pn",
                "head_index": "5",
                "parser_morph_features": "Neut|_|Sg",
                "possible_morph_features": []
            }
        },
        "relations": {
            "rel_1": {
                "rel_type": "must_agree",
                "involved": [
                    "TOK2",
                    "TOK1"
                ],
                "ruler": "TOK2",
                "possible_agreement": null
            }
        }
    },
    {
        "file_ID": "1061_0120357",
        "sent_NP_ID": "10_19",
        "sentence": "Ich war ganz überascht von euer Geburtstagsgeschenk für Max .",
        "metadata": {
            "corpus": "MERLIN_DE",
            "author": {
                "author_ID": "1061_0120357",
                "L1": "not reported",
                "age": "37",
                "gender": "female"
            },
            "CEFR": {
                "overall_fairRating": "B2",
                "test_level": "B1"
            },
            "task": {
                "formality": "informal",
                "text_type": "letter",
                "topic": "write a letter to a friend (birthday)"
            }
        },
        "NP_info": {
            "len_np": 1,
            "coordination": null
        },
        "HEAD_info": {
            "head": {
                "H_TOK1": {
                    "word_type": "PREP",
                    "word_form": "für",
                    "lemma": "für",
                    "POS_STTS": "APPR",
                    "index": "8",
                    "dep_rel": "pp",
                    "head_index": "2",
                    "parser_morph_features": "Acc"
                }
            },
            "super_head": {
                "SH_TOK1": {
                    "word_type": "V",
                    "word_form": "war",
                    "lemma": "sein",
                    "POS_STTS": "VAFIN",
                    "index": "2",
                    "dep_rel": "root",
                    "head_index": "0",
                    "parser_morph_features": "1|Sg|Past|Ind"
                }
            }
        },
        "POST_info": {},
        "TOK_info": {
            "TOK1": {
                "word_type": "N",
                "word_form": "Max",
                "lemma": "Max",
                "POS_STTS": "NE",
                "index": "9",
                "dep_rel": "pn",
                "head_index": "8",
                "parser_morph_features": "Masc|Acc|Sg",
                "possible_morph_features": []
            }
        },
        "relations": {}
    },
    {
        "file_ID": "1061_0120357",
        "sent_NP_ID": "11_20",
        "sentence": "Ich dachte - du würdest nie einen Tier zu Hause nehmen .",
        "metadata": {
            "corpus": "MERLIN_DE",
            "author": {
                "author_ID": "1061_0120357",
                "L1": "not reported",
                "age": "37",
                "gender": "female"
            },
            "CEFR": {
                "overall_fairRating": "B2",
                "test_level": "B1"
            },
            "task": {
                "formality": "informal",
                "text_type": "letter",
                "topic": "write a letter to a friend (birthday)"
            }
        },
        "NP_info": {
            "len_np": 2,
            "coordination": null
        },
        "HEAD_info": {
            "head": {
                "H_TOK1": {
                    "word_type": "V",
                    "word_form": "nehmen",
                    "lemma": "nehmen",
                    "POS_STTS": "VVINF",
                    "index": "11",
                    "dep_rel": "aux",
                    "head_index": "5",
                    "parser_morph_features": "_"
                }
            },
            "super_head": {
                "SH_TOK1": {
                    "word_type": "V",
                    "word_form": "würdest",
                    "lemma": "werden",
                    "POS_STTS": "VAFIN",
                    "index": "5",
                    "dep_rel": "kon",
                    "head_index": "2",
                    "parser_morph_features": "2|Sg|Past|Subj"
                }
            }
        },
        "POST_info": {},
        "TOK_info": {
            "TOK1": {
                "word_type": "ART",
                "word_form": "einen",
                "lemma": "eine",
                "POS_STTS": "ART",
                "index": "7",
                "dep_rel": "det",
                "head_index": "8",
                "parser_morph_features": "Indef|Masc|Acc|Sg",
                "possible_morph_features": []
            },
            "TOK2": {
                "word_type": "N",
                "word_form": "Tier",
                "lemma": "Tier",
                "POS_STTS": "NN",
                "index": "8",
                "dep_rel": "obja",
                "head_index": "11",
                "parser_morph_features": "Masc|Acc|Sg",
                "possible_morph_features": []
            }
        },
        "relations": {
            "rel_1": {
                "rel_type": "must_agree",
                "involved": [
                    "TOK2",
                    "TOK1"
                ],
                "ruler": "TOK2",
                "possible_agreement": null
            }
        }
    },
    {
        "file_ID": "1061_0120357",
        "sent_NP_ID": "11_21",
        "sentence": "Ich dachte - du würdest nie einen Tier zu Hause nehmen .",
        "metadata": {
            "corpus": "MERLIN_DE",
            "author": {
                "author_ID": "1061_0120357",
                "L1": "not reported",
                "age": "37",
                "gender": "female"
            },
            "CEFR": {
                "overall_fairRating": "B2",
                "test_level": "B1"
            },
            "task": {
                "formality": "informal",
                "text_type": "letter",
                "topic": "write a letter to a friend (birthday)"
            }
        },
        "NP_info": {
            "len_np": 1,
            "coordination": null
        },
        "HEAD_info": {
            "head": {
                "H_TOK1": {
                    "word_type": "PREP",
                    "word_form": "zu",
                    "lemma": "zu",
                    "POS_STTS": "APPR",
                    "index": "9",
                    "dep_rel": "objp",
                    "head_index": "11",
                    "parser_morph_features": "Dat"
                }
            },
            "super_head": {
                "SH_TOK1": {
                    "word_type": "V",
                    "word_form": "nehmen",
                    "lemma": "nehmen",
                    "POS_STTS": "VVINF",
                    "index": "11",
                    "dep_rel": "aux",
                    "head_index": "5",
                    "parser_morph_features": "_"
                }
            }
        },
        "POST_info": {},
        "TOK_info": {
            "TOK1": {
                "word_type": "N",
                "word_form": "Hause",
                "lemma": "Haus",
                "POS_STTS": "NN",
                "index": "10",
                "dep_rel": "pn",
                "head_index": "9",
                "parser_morph_features": "Neut|Dat|Sg",
                "possible_morph_features": []
            }
        },
        "relations": {}
    },
    {
        "file_ID": "1061_0120357",
        "sent_NP_ID": "12_22",
        "sentence": "Ich finde aber diese Schritt wichtig , weil deine Kinder sind ganz tierliebesvoll .",
        "metadata": {
            "corpus": "MERLIN_DE",
            "author": {
                "author_ID": "1061_0120357",
                "L1": "not reported",
                "age": "37",
                "gender": "female"
            },
            "CEFR": {
                "overall_fairRating": "B2",
                "test_level": "B1"
            },
            "task": {
                "formality": "informal",
                "text_type": "letter",
                "topic": "write a letter to a friend (birthday)"
            }
        },
        "NP_info": {
            "len_np": 2,
            "coordination": null
        },
        "HEAD_info": {
            "head": {
                "H_TOK1": {
                    "word_type": "V",
                    "word_form": "finde",
                    "lemma": "finden",
                    "POS_STTS": "VVFIN",
                    "index": "2",
                    "dep_rel": "root",
                    "head_index": "0",
                    "parser_morph_features": "1|Sg|Pres|_"
                }
            },
            "super_head": {}
        },
        "POST_info": {},
        "TOK_info": {
            "TOK1": {
                "word_type": "ART",
                "word_form": "diese",
                "lemma": "diese",
                "POS_STTS": "PDAT",
                "index": "4",
                "dep_rel": "det",
                "head_index": "5",
                "parser_morph_features": "_|_|_",
                "possible_morph_features": []
            },
            "TOK2": {
                "word_type": "N",
                "word_form": "Schritt",
                "lemma": "Schritt",
                "POS_STTS": "NN",
                "index": "5",
                "dep_rel": "obja",
                "head_index": "2",
                "parser_morph_features": "_|Acc|_",
                "possible_morph_features": []
            }
        },
        "relations": {
            "rel_1": {
                "rel_type": "must_agree",
                "involved": [
                    "TOK2",
                    "TOK1"
                ],
                "ruler": "TOK2",
                "possible_agreement": null
            }
        }
    },
    {
        "file_ID": "1061_0120357",
        "sent_NP_ID": "12_23",
        "sentence": "Ich finde aber diese Schritt wichtig , weil deine Kinder sind ganz tierliebesvoll .",
        "metadata": {
            "corpus": "MERLIN_DE",
            "author": {
                "author_ID": "1061_0120357",
                "L1": "not reported",
                "age": "37",
                "gender": "female"
            },
            "CEFR": {
                "overall_fairRating": "B2",
                "test_level": "B1"
            },
            "task": {
                "formality": "informal",
                "text_type": "letter",
                "topic": "write a letter to a friend (birthday)"
            }
        },
        "NP_info": {
            "len_np": 2,
            "coordination": null
        },
        "HEAD_info": {
            "head": {
                "H_TOK1": {
                    "word_type": "V",
                    "word_form": "sind",
                    "lemma": "sein",
                    "POS_STTS": "VAFIN",
                    "index": "11",
                    "dep_rel": "neb",
                    "head_index": "2",
                    "parser_morph_features": "3|Pl|Pres|Ind"
                }
            },
            "super_head": {
                "SH_TOK1": {
                    "word_type": "V",
                    "word_form": "finde",
                    "lemma": "finden",
                    "POS_STTS": "VVFIN",
                    "index": "2",
                    "dep_rel": "root",
                    "head_index": "0",
                    "parser_morph_features": "1|Sg|Pres|_"
                }
            }
        },
        "POST_info": {},
        "TOK_info": {
            "TOK1": {
                "word_type": "ART",
                "word_form": "deine",
                "lemma": "deine",
                "POS_STTS": "PPOSAT",
                "index": "9",
                "dep_rel": "det",
                "head_index": "10",
                "parser_morph_features": "Neut|Nom|Pl",
                "possible_morph_features": []
            },
            "TOK2": {
                "word_type": "N",
                "word_form": "Kinder",
                "lemma": "Kind",
                "POS_STTS": "NN",
                "index": "10",
                "dep_rel": "subj",
                "head_index": "11",
                "parser_morph_features": "Neut|Nom|Pl",
                "possible_morph_features": []
            }
        },
        "relations": {
            "rel_1": {
                "rel_type": "must_agree",
                "involved": [
                    "TOK2",
                    "TOK1"
                ],
                "ruler": "TOK2",
                "possible_agreement": null
            }
        }
    },
    {
        "file_ID": "1061_0120357",
        "sent_NP_ID": "13_24",
        "sentence": "Ja , für meinen Geburtstag , wünsche ich mir auch , von ganzen Herz so eine Überaschung !",
        "metadata": {
            "corpus": "MERLIN_DE",
            "author": {
                "author_ID": "1061_0120357",
                "L1": "not reported",
                "age": "37",
                "gender": "female"
            },
            "CEFR": {
                "overall_fairRating": "B2",
                "test_level": "B1"
            },
            "task": {
                "formality": "informal",
                "text_type": "letter",
                "topic": "write a letter to a friend (birthday)"
            }
        },
        "NP_info": {
            "len_np": 2,
            "coordination": null
        },
        "HEAD_info": {
            "head": {
                "H_TOK1": {
                    "word_type": "PREP",
                    "word_form": "für",
                    "lemma": "für",
                    "POS_STTS": "APPR",
                    "index": "3",
                    "dep_rel": "pp",
                    "head_index": "7",
                    "parser_morph_features": "Acc"
                }
            },
            "super_head": {
                "SH_TOK1": {
                    "word_type": "V",
                    "word_form": "wünsche",
                    "lemma": "wünschen",
                    "POS_STTS": "VVFIN",
                    "index": "7",
                    "dep_rel": "root",
                    "head_index": "0",
                    "parser_morph_features": "1|Sg|Pres|_"
                }
            }
        },
        "POST_info": {},
        "TOK_info": {
            "TOK1": {
                "word_type": "ART",
                "word_form": "meinen",
                "lemma": "meine",
                "POS_STTS": "PPOSAT",
                "index": "4",
                "dep_rel": "det",
                "head_index": "5",
                "parser_morph_features": "Masc|Acc|Sg",
                "possible_morph_features": []
            },
            "TOK2": {
                "word_type": "N",
                "word_form": "Geburtstag",
                "lemma": "Geburtstag",
                "POS_STTS": "NN",
                "index": "5",
                "dep_rel": "pn",
                "head_index": "3",
                "parser_morph_features": "Masc|Acc|Sg",
                "possible_morph_features": []
            }
        },
        "relations": {
            "rel_1": {
                "rel_type": "must_agree",
                "involved": [
                    "TOK2",
                    "TOK1"
                ],
                "ruler": "TOK2",
                "possible_agreement": null
            }
        }
    },
    {
        "file_ID": "1061_0120357",
        "sent_NP_ID": "13_25",
        "sentence": "Ja , für meinen Geburtstag , wünsche ich mir auch , von ganzen Herz so eine Überaschung !",
        "metadata": {
            "corpus": "MERLIN_DE",
            "author": {
                "author_ID": "1061_0120357",
                "L1": "not reported",
                "age": "37",
                "gender": "female"
            },
            "CEFR": {
                "overall_fairRating": "B2",
                "test_level": "B1"
            },
            "task": {
                "formality": "informal",
                "text_type": "letter",
                "topic": "write a letter to a friend (birthday)"
            }
        },
        "NP_info": {
            "len_np": 2,
            "coordination": null
        },
        "HEAD_info": {
            "head": {
                "H_TOK1": {
                    "word_type": "PREP",
                    "word_form": "von",
                    "lemma": "von",
                    "POS_STTS": "APPR",
                    "index": "12",
                    "dep_rel": "pp",
                    "head_index": "17",
                    "parser_morph_features": "Dat"
                }
            },
            "super_head": {
                "SH_TOK1": {
                    "word_type": "N",
                    "word_form": "Überaschung",
                    "lemma": "Überaschung",
                    "POS_STTS": "NN",
                    "index": "17",
                    "dep_rel": "root",
                    "head_index": "0",
                    "parser_morph_features": "Fem|_|Sg"
                }
            }
        },
        "POST_info": {},
        "TOK_info": {
            "TOK1": {
                "word_type": "ADJA",
                "word_form": "ganzen",
                "lemma": "ganz",
                "POS_STTS": "ADJA",
                "index": "13",
                "dep_rel": "attr",
                "head_index": "14",
                "parser_morph_features": "Pos|Neut|Dat|Sg|Wk|",
                "possible_morph_features": []
            },
            "TOK2": {
                "word_type": "N",
                "word_form": "Herz",
                "lemma": "Herz",
                "POS_STTS": "NN",
                "index": "14",
                "dep_rel": "pn",
                "head_index": "12",
                "parser_morph_features": "Neut|Dat|Sg",
                "possible_morph_features": []
            }
        },
        "relations": {
            "rel_1": {
                "rel_type": "must_agree",
                "involved": [
                    "TOK2",
                    "TOK1"
                ],
                "ruler": "TOK2",
                "possible_agreement": null
            }
        }
    },
    {
        "file_ID": "1061_0120357",
        "sent_NP_ID": "13_26",
        "sentence": "Ja , für meinen Geburtstag , wünsche ich mir auch , von ganzen Herz so eine Überaschung !",
        "metadata": {
            "corpus": "MERLIN_DE",
            "author": {
                "author_ID": "1061_0120357",
                "L1": "not reported",
                "age": "37",
                "gender": "female"
            },
            "CEFR": {
                "overall_fairRating": "B2",
                "test_level": "B1"
            },
            "task": {
                "formality": "informal",
                "text_type": "letter",
                "topic": "write a letter to a friend (birthday)"
            }
        },
        "NP_info": {
            "len_np": 4,
            "coordination": null
        },
        "HEAD_info": {
            "head": {},
            "super_head": {}
        },
        "POST_info": {},
        "TOK_info": {
            "TOK1": {
                "word_type": "PREP",
                "word_form": "von",
                "lemma": "von",
                "POS_STTS": "APPR",
                "index": "12",
                "dep_rel": "pp",
                "head_index": "17",
                "parser_morph_features": "Dat",
                "possible_morph_features": []
            },
            "TOK2": {
                "word_type": "ADV",
                "word_form": "so",
                "lemma": "so",
                "POS_STTS": "ADV",
                "index": "15",
                "dep_rel": "adv",
                "head_index": "17",
                "parser_morph_features": "_",
                "possible_morph_features": []
            },
            "TOK3": {
                "word_type": "ART",
                "word_form": "eine",
                "lemma": "eine",
                "POS_STTS": "ART",
                "index": "16",
                "dep_rel": "det",
                "head_index": "17",
                "parser_morph_features": "Indef|Fem|_|Sg",
                "possible_morph_features": []
            },
            "TOK4": {
                "word_type": "N",
                "word_form": "Überaschung",
                "lemma": "Überaschung",
                "POS_STTS": "NN",
                "index": "17",
                "dep_rel": "root",
                "head_index": "0",
                "parser_morph_features": "Fem|_|Sg",
                "possible_morph_features": []
            }
        },
        "relations": {
            "rel_1": {
                "rel_type": "must_agree",
                "involved": [
                    "TOK4",
                    "TOK3"
                ],
                "ruler": "TOK4",
                "possible_agreement": null
            }
        }
    },
    {
        "file_ID": "1061_0120357",
        "sent_NP_ID": "14_27",
        "sentence": "Ich wünsche euch alle Gesundheit und viel Liebe .",
        "metadata": {
            "corpus": "MERLIN_DE",
            "author": {
                "author_ID": "1061_0120357",
                "L1": "not reported",
                "age": "37",
                "gender": "female"
            },
            "CEFR": {
                "overall_fairRating": "B2",
                "test_level": "B1"
            },
            "task": {
                "formality": "informal",
                "text_type": "letter",
                "topic": "write a letter to a friend (birthday)"
            }
        },
        "NP_info": {
            "len_np": 2,
            "coordination": [
                "14_27",
                "14_28"
            ]
        },
        "HEAD_info": {
            "head": {
                "H_TOK1": {
                    "word_type": "V",
                    "word_form": "wünsche",
                    "lemma": "wünschen",
                    "POS_STTS": "VVFIN",
                    "index": "2",
                    "dep_rel": "root",
                    "head_index": "0",
                    "parser_morph_features": "1|Sg|Pres|_"
                }
            },
            "super_head": {}
        },
        "POST_info": {},
        "TOK_info": {
            "TOK1": {
                "word_type": "ART",
                "word_form": "alle",
                "lemma": "alle",
                "POS_STTS": "PIDAT",
                "index": "4",
                "dep_rel": "det",
                "head_index": "5",
                "parser_morph_features": "Fem|Acc|Sg",
                "possible_morph_features": []
            },
            "TOK2": {
                "word_type": "N",
                "word_form": "Gesundheit",
                "lemma": "Gesundheit",
                "POS_STTS": "NN",
                "index": "5",
                "dep_rel": "obja",
                "head_index": "2",
                "parser_morph_features": "Fem|Acc|Sg",
                "possible_morph_features": []
            }
        },
        "relations": {
            "rel_1": {
                "rel_type": "must_agree",
                "involved": [
                    "TOK2",
                    "TOK1"
                ],
                "ruler": "TOK2",
                "possible_agreement": null
            }
        }
    },
    {
        "file_ID": "1061_0120357",
        "sent_NP_ID": "14_28",
        "sentence": "Ich wünsche euch alle Gesundheit und viel Liebe .",
        "metadata": {
            "corpus": "MERLIN_DE",
            "author": {
                "author_ID": "1061_0120357",
                "L1": "not reported",
                "age": "37",
                "gender": "female"
            },
            "CEFR": {
                "overall_fairRating": "B2",
                "test_level": "B1"
            },
            "task": {
                "formality": "informal",
                "text_type": "letter",
                "topic": "write a letter to a friend (birthday)"
            }
        },
        "NP_info": {
            "len_np": 2,
            "coordination": [
                "14_27",
                "14_28"
            ]
        },
        "HEAD_info": {
            "head": {
                "H_TOK1": {
                    "word_type": "KON",
                    "word_form": "und",
                    "lemma": "und",
                    "POS_STTS": "KON",
                    "index": "6",
                    "dep_rel": "kon",
                    "head_index": "5",
                    "parser_morph_features": "_"
                }
            },
            "super_head": {
                "SH_TOK1": {
                    "word_type": "N",
                    "word_form": "Gesundheit",
                    "lemma": "Gesundheit",
                    "POS_STTS": "NN",
                    "index": "5",
                    "dep_rel": "obja",
                    "head_index": "2",
                    "parser_morph_features": "Fem|Acc|Sg"
                }
            }
        },
        "POST_info": {},
        "TOK_info": {
            "TOK1": {
                "word_type": "ART",
                "word_form": "viel",
                "lemma": "viel",
                "POS_STTS": "PIDAT",
                "index": "7",
                "dep_rel": "det",
                "head_index": "8",
                "parser_morph_features": "_|Acc|_",
                "possible_morph_features": []
            },
            "TOK2": {
                "word_type": "N",
                "word_form": "Liebe",
                "lemma": "Liebe",
                "POS_STTS": "NN",
                "index": "8",
                "dep_rel": "cj",
                "head_index": "6",
                "parser_morph_features": "_|Acc|_",
                "possible_morph_features": []
            }
        },
        "relations": {
            "rel_1": {
                "rel_type": "must_agree",
                "involved": [
                    "TOK2",
                    "TOK1"
                ],
                "ruler": "TOK2",
                "possible_agreement": null
            }
        }
    },
    {
        "file_ID": "1061_0120357",
        "sent_NP_ID": "16_29",
        "sentence": "Bleib bitte mit mir in Kontakt , das ist mir wichtig .",
        "metadata": {
            "corpus": "MERLIN_DE",
            "author": {
                "author_ID": "1061_0120357",
                "L1": "not reported",
                "age": "37",
                "gender": "female"
            },
            "CEFR": {
                "overall_fairRating": "B2",
                "test_level": "B1"
            },
            "task": {
                "formality": "informal",
                "text_type": "letter",
                "topic": "write a letter to a friend (birthday)"
            }
        },
        "NP_info": {
            "len_np": 1,
            "coordination": null
        },
        "HEAD_info": {
            "head": {
                "H_TOK1": {
                    "word_type": "V",
                    "word_form": "bitte",
                    "lemma": "bitten",
                    "POS_STTS": "VVFIN",
                    "index": "2",
                    "dep_rel": "root",
                    "head_index": "0",
                    "parser_morph_features": "3|Sg|Pres|Subj"
                }
            },
            "super_head": {}
        },
        "POST_info": {},
        "TOK_info": {
            "TOK1": {
                "word_type": "N",
                "word_form": "Bleib",
                "lemma": "Bleib",
                "POS_STTS": "NE",
                "index": "1",
                "dep_rel": "subj",
                "head_index": "2",
                "parser_morph_features": "_|Nom|Sg",
                "possible_morph_features": []
            }
        },
        "relations": {}
    },
    {
        "file_ID": "1061_0120357",
        "sent_NP_ID": "16_30",
        "sentence": "Bleib bitte mit mir in Kontakt , das ist mir wichtig .",
        "metadata": {
            "corpus": "MERLIN_DE",
            "author": {
                "author_ID": "1061_0120357",
                "L1": "not reported",
                "age": "37",
                "gender": "female"
            },
            "CEFR": {
                "overall_fairRating": "B2",
                "test_level": "B1"
            },
            "task": {
                "formality": "informal",
                "text_type": "letter",
                "topic": "write a letter to a friend (birthday)"
            }
        },
        "NP_info": {
            "len_np": 1,
            "coordination": null
        },
        "HEAD_info": {
            "head": {
                "H_TOK1": {
                    "word_type": "PREP",
                    "word_form": "in",
                    "lemma": "in",
                    "POS_STTS": "APPR",
                    "index": "5",
                    "dep_rel": "pp",
                    "head_index": "2",
                    "parser_morph_features": "_"
                }
            },
            "super_head": {
                "SH_TOK1": {
                    "word_type": "V",
                    "word_form": "bitte",
                    "lemma": "bitten",
                    "POS_STTS": "VVFIN",
                    "index": "2",
                    "dep_rel": "root",
                    "head_index": "0",
                    "parser_morph_features": "3|Sg|Pres|Subj"
                }
            }
        },
        "POST_info": {},
        "TOK_info": {
            "TOK1": {
                "word_type": "N",
                "word_form": "Kontakt",
                "lemma": "Kontakt",
                "POS_STTS": "NN",
                "index": "6",
                "dep_rel": "pn",
                "head_index": "5",
                "parser_morph_features": "Masc|_|Sg",
                "possible_morph_features": []
            }
        },
        "relations": {}
    },
    {
        "file_ID": "1061_0120357",
        "sent_NP_ID": "17_31",
        "sentence": "Mit freundlichen Grüßen deine Eva",
        "metadata": {
            "corpus": "MERLIN_DE",
            "author": {
                "author_ID": "1061_0120357",
                "L1": "not reported",
                "age": "37",
                "gender": "female"
            },
            "CEFR": {
                "overall_fairRating": "B2",
                "test_level": "B1"
            },
            "task": {
                "formality": "informal",
                "text_type": "letter",
                "topic": "write a letter to a friend (birthday)"
            }
        },
        "NP_info": {
            "len_np": 2,
            "coordination": null
        },
        "HEAD_info": {
            "head": {
                "H_TOK1": {
                    "word_type": "PREP",
                    "word_form": "Mit",
                    "lemma": "mit",
                    "POS_STTS": "APPR",
                    "index": "1",
                    "dep_rel": "pp",
                    "head_index": "5",
                    "parser_morph_features": "Dat"
                }
            },
            "super_head": {
                "SH_TOK1": {
                    "word_type": "N",
                    "word_form": "Eva",
                    "lemma": "Eva",
                    "POS_STTS": "NN",
                    "index": "5",
                    "dep_rel": "root",
                    "head_index": "0",
                    "parser_morph_features": "Fem|_|Sg"
                }
            }
        },
        "POST_info": {},
        "TOK_info": {
            "TOK1": {
                "word_type": "ADJA",
                "word_form": "freundlichen",
                "lemma": "freundlich",
                "POS_STTS": "ADJA",
                "index": "2",
                "dep_rel": "attr",
                "head_index": "3",
                "parser_morph_features": "Pos|_|Dat|_|_|",
                "possible_morph_features": []
            },
            "TOK2": {
                "word_type": "N",
                "word_form": "Grüßen",
                "lemma": "Gruß",
                "POS_STTS": "NN",
                "index": "3",
                "dep_rel": "pn",
                "head_index": "1",
                "parser_morph_features": "_|Dat|_",
                "possible_morph_features": []
            }
        },
        "relations": {
            "rel_1": {
                "rel_type": "must_agree",
                "involved": [
                    "TOK2",
                    "TOK1"
                ],
                "ruler": "TOK2",
                "possible_agreement": null
            }
        }
    },
    {
        "file_ID": "1061_0120357",
        "sent_NP_ID": "17_32",
        "sentence": "Mit freundlichen Grüßen deine Eva",
        "metadata": {
            "corpus": "MERLIN_DE",
            "author": {
                "author_ID": "1061_0120357",
                "L1": "not reported",
                "age": "37",
                "gender": "female"
            },
            "CEFR": {
                "overall_fairRating": "B2",
                "test_level": "B1"
            },
            "task": {
                "formality": "informal",
                "text_type": "letter",
                "topic": "write a letter to a friend (birthday)"
            }
        },
        "NP_info": {
            "len_np": 3,
            "coordination": null
        },
        "HEAD_info": {
            "head": {},
            "super_head": {}
        },
        "POST_info": {},
        "TOK_info": {
            "TOK1": {
                "word_type": "PREP",
                "word_form": "Mit",
                "lemma": "mit",
                "POS_STTS": "APPR",
                "index": "1",
                "dep_rel": "pp",
                "head_index": "5",
                "parser_morph_features": "Dat",
                "possible_morph_features": []
            },
            "TOK2": {
                "word_type": "ART",
                "word_form": "deine",
                "lemma": "deine",
                "POS_STTS": "PPOSAT",
                "index": "4",
                "dep_rel": "det",
                "head_index": "5",
                "parser_morph_features": "Fem|_|Sg",
                "possible_morph_features": []
            },
            "TOK3": {
                "word_type": "N",
                "word_form": "Eva",
                "lemma": "Eva",
                "POS_STTS": "NN",
                "index": "5",
                "dep_rel": "root",
                "head_index": "0",
                "parser_morph_features": "Fem|_|Sg",
                "possible_morph_features": []
            }
        },
        "relations": {
            "rel_1": {
                "rel_type": "must_agree",
                "involved": [
                    "TOK3",
                    "TOK2"
                ],
                "ruler": "TOK3",
                "possible_agreement": null
            }
        }
    }
]