[
    {
        "file_ID": "1071_0024844",
        "sent_NP_ID": "1_1",
        "sentence": "Hallo Jens Ich Freue Mich Für deine gut Nachricht .",
        "metadata": {
            "corpus": "MERLIN_DE",
            "author": {
                "author_ID": "1071_0024844",
                "L1": "Arabic",
                "age": "38",
                "gender": "female"
            },
            "CEFR": {
                "overall_fairRating": "A2",
                "test_level": "A1"
            },
            "task": {
                "formality": "informal",
                "text_type": "letter",
                "topic": "congratulate to birth of child"
            }
        },
        "NP_info": {
            "len_np": 1,
            "coordination": null
        },
        "HEAD_info": {
            "head": {},
            "super_head": {}
        },
        "POST_info": {
            "P_TOK1": {
                "word_type": "N",
                "word_form": "Jens",
                "lemma": "Jens",
                "POS_STTS": "NE",
                "index": "2",
                "dep_rel": "app",
                "head_index": "1",
                "parser_morph_features": "Masc|_|Sg"
            }
        },
        "TOK_info": {
            "TOK1": {
                "word_type": "N",
                "word_form": "Hallo",
                "lemma": "Hallo",
                "POS_STTS": "NN",
                "index": "1",
                "dep_rel": "root",
                "head_index": "0",
                "parser_morph_features": "Neut|_|Sg",
                "possible_morph_features": []
            }
        },
        "relations": {}
    },
    {
        "file_ID": "1071_0024844",
        "sent_NP_ID": "1_2",
        "sentence": "Hallo Jens Ich Freue Mich Für deine gut Nachricht .",
        "metadata": {
            "corpus": "MERLIN_DE",
            "author": {
                "author_ID": "1071_0024844",
                "L1": "Arabic",
                "age": "38",
                "gender": "female"
            },
            "CEFR": {
                "overall_fairRating": "A2",
                "test_level": "A1"
            },
            "task": {
                "formality": "informal",
                "text_type": "letter",
                "topic": "congratulate to birth of child"
            }
        },
        "NP_info": {
            "len_np": 1,
            "coordination": null
        },
        "HEAD_info": {
            "head": {
                "H_TOK1": {
                    "word_type": "N",
                    "word_form": "Hallo",
                    "lemma": "Hallo",
                    "POS_STTS": "NN",
                    "index": "1",
                    "dep_rel": "root",
                    "head_index": "0",
                    "parser_morph_features": "Neut|_|Sg"
                }
            },
            "super_head": {}
        },
        "POST_info": {},
        "TOK_info": {
            "TOK1": {
                "word_type": "N",
                "word_form": "Jens",
                "lemma": "Jens",
                "POS_STTS": "NE",
                "index": "2",
                "dep_rel": "app",
                "head_index": "1",
                "parser_morph_features": "Masc|_|Sg",
                "possible_morph_features": []
            }
        },
        "relations": {}
    },
    {
        "file_ID": "1071_0024844",
        "sent_NP_ID": "1_3",
        "sentence": "Hallo Jens Ich Freue Mich Für deine gut Nachricht .",
        "metadata": {
            "corpus": "MERLIN_DE",
            "author": {
                "author_ID": "1071_0024844",
                "L1": "Arabic",
                "age": "38",
                "gender": "female"
            },
            "CEFR": {
                "overall_fairRating": "A2",
                "test_level": "A1"
            },
            "task": {
                "formality": "informal",
                "text_type": "letter",
                "topic": "congratulate to birth of child"
            }
        },
        "NP_info": {
            "len_np": 3,
            "coordination": null
        },
        "HEAD_info": {
            "head": {
                "H_TOK1": {
                    "word_type": "PREP",
                    "word_form": "Für",
                    "lemma": "für",
                    "POS_STTS": "APPR",
                    "index": "6",
                    "dep_rel": "pp",
                    "head_index": "4",
                    "parser_morph_features": "Acc"
                }
            },
            "super_head": {
                "SH_TOK1": {
                    "word_type": "V",
                    "word_form": "Freue",
                    "lemma": "freuen",
                    "POS_STTS": "VVFIN",
                    "index": "4",
                    "dep_rel": "root",
                    "head_index": "0",
                    "parser_morph_features": "1|Sg|Pres|_"
                }
            }
        },
        "POST_info": {},
        "TOK_info": {
            "TOK1": {
                "word_type": "ART",
                "word_form": "deine",
                "lemma": "deine",
                "POS_STTS": "PPOSAT",
                "index": "7",
                "dep_rel": "det",
                "head_index": "9",
                "parser_morph_features": "Fem|Acc|Sg",
                "possible_morph_features": []
            },
            "TOK2": {
                "word_type": "ADV",
                "word_form": "gut",
                "lemma": "gut",
                "POS_STTS": "ADJD",
                "index": "8",
                "dep_rel": "adv",
                "head_index": "9",
                "parser_morph_features": "Pos|",
                "possible_morph_features": []
            },
            "TOK3": {
                "word_type": "N",
                "word_form": "Nachricht",
                "lemma": "Nachricht",
                "POS_STTS": "NN",
                "index": "9",
                "dep_rel": "pn",
                "head_index": "6",
                "parser_morph_features": "Fem|Acc|Sg",
                "possible_morph_features": []
            }
        },
        "relations": {
            "rel_1": {
                "rel_type": "must_agree",
                "involved": [
                    "TOK3",
                    "TOK1"
                ],
                "ruler": "TOK3",
                "possible_agreement": null
            }
        }
    },
    {
        "file_ID": "1071_0024844",
        "sent_NP_ID": "2_4",
        "sentence": "Du bist jets ein Vater .",
        "metadata": {
            "corpus": "MERLIN_DE",
            "author": {
                "author_ID": "1071_0024844",
                "L1": "Arabic",
                "age": "38",
                "gender": "female"
            },
            "CEFR": {
                "overall_fairRating": "A2",
                "test_level": "A1"
            },
            "task": {
                "formality": "informal",
                "text_type": "letter",
                "topic": "congratulate to birth of child"
            }
        },
        "NP_info": {
            "len_np": 1,
            "coordination": null
        },
        "HEAD_info": {
            "head": {
                "H_TOK1": {
                    "word_type": "V",
                    "word_form": "bist",
                    "lemma": "sein",
                    "POS_STTS": "VAFIN",
                    "index": "2",
                    "dep_rel": "root",
                    "head_index": "0",
                    "parser_morph_features": "2|Sg|Pres|Ind"
                }
            },
            "super_head": {}
        },
        "POST_info": {},
        "TOK_info": {
            "TOK1": {
                "word_type": "N",
                "word_form": "jets",
                "lemma": "jets",
                "POS_STTS": "NE",
                "index": "3",
                "dep_rel": "objd",
                "head_index": "2",
                "parser_morph_features": "_|Dat|_",
                "possible_morph_features": []
            }
        },
        "relations": {}
    },
    {
        "file_ID": "1071_0024844",
        "sent_NP_ID": "2_5",
        "sentence": "Du bist jets ein Vater .",
        "metadata": {
            "corpus": "MERLIN_DE",
            "author": {
                "author_ID": "1071_0024844",
                "L1": "Arabic",
                "age": "38",
                "gender": "female"
            },
            "CEFR": {
                "overall_fairRating": "A2",
                "test_level": "A1"
            },
            "task": {
                "formality": "informal",
                "text_type": "letter",
                "topic": "congratulate to birth of child"
            }
        },
        "NP_info": {
            "len_np": 2,
            "coordination": null
        },
        "HEAD_info": {
            "head": {
                "H_TOK1": {
                    "word_type": "V",
                    "word_form": "bist",
                    "lemma": "sein",
                    "POS_STTS": "VAFIN",
                    "index": "2",
                    "dep_rel": "root",
                    "head_index": "0",
                    "parser_morph_features": "2|Sg|Pres|Ind"
                }
            },
            "super_head": {}
        },
        "POST_info": {},
        "TOK_info": {
            "TOK1": {
                "word_type": "ART",
                "word_form": "ein",
                "lemma": "eine",
                "POS_STTS": "ART",
                "index": "4",
                "dep_rel": "det",
                "head_index": "5",
                "parser_morph_features": "Indef|Masc|Nom|Sg",
                "possible_morph_features": []
            },
            "TOK2": {
                "word_type": "N",
                "word_form": "Vater",
                "lemma": "Vater",
                "POS_STTS": "NN",
                "index": "5",
                "dep_rel": "pred",
                "head_index": "2",
                "parser_morph_features": "Masc|Nom|Sg",
                "possible_morph_features": []
            }
        },
        "relations": {
            "rel_1": {
                "rel_type": "must_agree",
                "involved": [
                    "TOK2",
                    "TOK1"
                ],
                "ruler": "TOK2",
                "possible_agreement": null
            }
        }
    },
    {
        "file_ID": "1071_0024844",
        "sent_NP_ID": "3_6",
        "sentence": "Glückwünsche .",
        "metadata": {
            "corpus": "MERLIN_DE",
            "author": {
                "author_ID": "1071_0024844",
                "L1": "Arabic",
                "age": "38",
                "gender": "female"
            },
            "CEFR": {
                "overall_fairRating": "A2",
                "test_level": "A1"
            },
            "task": {
                "formality": "informal",
                "text_type": "letter",
                "topic": "congratulate to birth of child"
            }
        },
        "NP_info": {
            "len_np": 1,
            "coordination": null
        },
        "HEAD_info": {
            "head": {},
            "super_head": {}
        },
        "POST_info": {},
        "TOK_info": {
            "TOK1": {
                "word_type": "N",
                "word_form": "Glückwünsche",
                "lemma": "Glückwunsch",
                "POS_STTS": "NN",
                "index": "1",
                "dep_rel": "root",
                "head_index": "0",
                "parser_morph_features": "Masc|_|Pl",
                "possible_morph_features": []
            }
        },
        "relations": {}
    },
    {
        "file_ID": "1071_0024844",
        "sent_NP_ID": "4_7",
        "sentence": "Wie gehts der Mutter und des Babys ?",
        "metadata": {
            "corpus": "MERLIN_DE",
            "author": {
                "author_ID": "1071_0024844",
                "L1": "Arabic",
                "age": "38",
                "gender": "female"
            },
            "CEFR": {
                "overall_fairRating": "A2",
                "test_level": "A1"
            },
            "task": {
                "formality": "informal",
                "text_type": "letter",
                "topic": "congratulate to birth of child"
            }
        },
        "NP_info": {
            "len_np": 1,
            "coordination": [
                "4_7",
                "4_8",
                "4_9"
            ]
        },
        "HEAD_info": {
            "head": {},
            "super_head": {}
        },
        "POST_info": {
            "P_TOK1": {
                "word_type": "N",
                "word_form": "Mutter",
                "lemma": "Mutter",
                "POS_STTS": "NN",
                "index": "4",
                "dep_rel": "gmod",
                "head_index": "2",
                "parser_morph_features": "Fem|Gen|Sg"
            }
        },
        "TOK_info": {
            "TOK1": {
                "word_type": "N",
                "word_form": "gehts",
                "lemma": "gehts",
                "POS_STTS": "NN",
                "index": "2",
                "dep_rel": "root",
                "head_index": "0",
                "parser_morph_features": "_",
                "possible_morph_features": []
            }
        },
        "relations": {}
    },
    {
        "file_ID": "1071_0024844",
        "sent_NP_ID": "4_8",
        "sentence": "Wie gehts der Mutter und des Babys ?",
        "metadata": {
            "corpus": "MERLIN_DE",
            "author": {
                "author_ID": "1071_0024844",
                "L1": "Arabic",
                "age": "38",
                "gender": "female"
            },
            "CEFR": {
                "overall_fairRating": "A2",
                "test_level": "A1"
            },
            "task": {
                "formality": "informal",
                "text_type": "letter",
                "topic": "congratulate to birth of child"
            }
        },
        "NP_info": {
            "len_np": 2,
            "coordination": [
                "4_7",
                "4_8",
                "4_9"
            ]
        },
        "HEAD_info": {
            "head": {
                "H_TOK1": {
                    "word_type": "N",
                    "word_form": "gehts",
                    "lemma": "gehts",
                    "POS_STTS": "NN",
                    "index": "2",
                    "dep_rel": "root",
                    "head_index": "0",
                    "parser_morph_features": "_"
                }
            },
            "super_head": {}
        },
        "POST_info": {},
        "TOK_info": {
            "TOK1": {
                "word_type": "ART",
                "word_form": "der",
                "lemma": "die",
                "POS_STTS": "ART",
                "index": "3",
                "dep_rel": "det",
                "head_index": "4",
                "parser_morph_features": "Def|Fem|Gen|Sg",
                "possible_morph_features": []
            },
            "TOK2": {
                "word_type": "N",
                "word_form": "Mutter",
                "lemma": "Mutter",
                "POS_STTS": "NN",
                "index": "4",
                "dep_rel": "gmod",
                "head_index": "2",
                "parser_morph_features": "Fem|Gen|Sg",
                "possible_morph_features": []
            }
        },
        "relations": {
            "rel_1": {
                "rel_type": "must_agree",
                "involved": [
                    "TOK2",
                    "TOK1"
                ],
                "ruler": "TOK2",
                "possible_agreement": null
            }
        }
    },
    {
        "file_ID": "1071_0024844",
        "sent_NP_ID": "4_9",
        "sentence": "Wie gehts der Mutter und des Babys ?",
        "metadata": {
            "corpus": "MERLIN_DE",
            "author": {
                "author_ID": "1071_0024844",
                "L1": "Arabic",
                "age": "38",
                "gender": "female"
            },
            "CEFR": {
                "overall_fairRating": "A2",
                "test_level": "A1"
            },
            "task": {
                "formality": "informal",
                "text_type": "letter",
                "topic": "congratulate to birth of child"
            }
        },
        "NP_info": {
            "len_np": 2,
            "coordination": [
                "4_7",
                "4_8",
                "4_9"
            ]
        },
        "HEAD_info": {
            "head": {
                "H_TOK1": {
                    "word_type": "KON",
                    "word_form": "und",
                    "lemma": "und",
                    "POS_STTS": "KON",
                    "index": "5",
                    "dep_rel": "kon",
                    "head_index": "4",
                    "parser_morph_features": "_"
                }
            },
            "super_head": {
                "SH_TOK1": {
                    "word_type": "N",
                    "word_form": "Mutter",
                    "lemma": "Mutter",
                    "POS_STTS": "NN",
                    "index": "4",
                    "dep_rel": "gmod",
                    "head_index": "2",
                    "parser_morph_features": "Fem|Gen|Sg"
                }
            }
        },
        "POST_info": {},
        "TOK_info": {
            "TOK1": {
                "word_type": "ART",
                "word_form": "des",
                "lemma": "die",
                "POS_STTS": "ART",
                "index": "6",
                "dep_rel": "det",
                "head_index": "7",
                "parser_morph_features": "Def|Neut|Gen|Sg",
                "possible_morph_features": []
            },
            "TOK2": {
                "word_type": "N",
                "word_form": "Babys",
                "lemma": "Baby",
                "POS_STTS": "NN",
                "index": "7",
                "dep_rel": "cj",
                "head_index": "5",
                "parser_morph_features": "Neut|Gen|Sg",
                "possible_morph_features": []
            }
        },
        "relations": {
            "rel_1": {
                "rel_type": "must_agree",
                "involved": [
                    "TOK2",
                    "TOK1"
                ],
                "ruler": "TOK2",
                "possible_agreement": null
            }
        }
    },
    {
        "file_ID": "1071_0024844",
        "sent_NP_ID": "5_10",
        "sentence": "Ich habe gehort dein Frau jets zu Hause .",
        "metadata": {
            "corpus": "MERLIN_DE",
            "author": {
                "author_ID": "1071_0024844",
                "L1": "Arabic",
                "age": "38",
                "gender": "female"
            },
            "CEFR": {
                "overall_fairRating": "A2",
                "test_level": "A1"
            },
            "task": {
                "formality": "informal",
                "text_type": "letter",
                "topic": "congratulate to birth of child"
            }
        },
        "NP_info": {
            "len_np": 1,
            "coordination": null
        },
        "HEAD_info": {
            "head": {
                "H_TOK1": {
                    "word_type": "V",
                    "word_form": "habe",
                    "lemma": "haben",
                    "POS_STTS": "VAFIN",
                    "index": "2",
                    "dep_rel": "root",
                    "head_index": "0",
                    "parser_morph_features": "3|Sg|Pres|Subj"
                }
            },
            "super_head": {}
        },
        "POST_info": {},
        "TOK_info": {
            "TOK1": {
                "word_type": "N",
                "word_form": "gehort",
                "lemma": "gehort",
                "POS_STTS": "NE",
                "index": "3",
                "dep_rel": "subj",
                "head_index": "2",
                "parser_morph_features": "_|Nom|Sg",
                "possible_morph_features": []
            }
        },
        "relations": {}
    },
    {
        "file_ID": "1071_0024844",
        "sent_NP_ID": "5_11",
        "sentence": "Ich habe gehort dein Frau jets zu Hause .",
        "metadata": {
            "corpus": "MERLIN_DE",
            "author": {
                "author_ID": "1071_0024844",
                "L1": "Arabic",
                "age": "38",
                "gender": "female"
            },
            "CEFR": {
                "overall_fairRating": "A2",
                "test_level": "A1"
            },
            "task": {
                "formality": "informal",
                "text_type": "letter",
                "topic": "congratulate to birth of child"
            }
        },
        "NP_info": {
            "len_np": 2,
            "coordination": null
        },
        "HEAD_info": {
            "head": {
                "H_TOK1": {
                    "word_type": "V",
                    "word_form": "habe",
                    "lemma": "haben",
                    "POS_STTS": "VAFIN",
                    "index": "2",
                    "dep_rel": "root",
                    "head_index": "0",
                    "parser_morph_features": "3|Sg|Pres|Subj"
                }
            },
            "super_head": {}
        },
        "POST_info": {
            "P_TOK1": {
                "word_type": "N",
                "word_form": "jets",
                "lemma": "jets",
                "POS_STTS": "NE",
                "index": "6",
                "dep_rel": "app",
                "head_index": "5",
                "parser_morph_features": "Neut|Acc|Sg"
            }
        },
        "TOK_info": {
            "TOK1": {
                "word_type": "ART",
                "word_form": "dein",
                "lemma": "deine",
                "POS_STTS": "PPOSAT",
                "index": "4",
                "dep_rel": "det",
                "head_index": "5",
                "parser_morph_features": "_|_|Sg",
                "possible_morph_features": []
            },
            "TOK2": {
                "word_type": "N",
                "word_form": "Frau",
                "lemma": "Frau",
                "POS_STTS": "NN",
                "index": "5",
                "dep_rel": "obja",
                "head_index": "2",
                "parser_morph_features": "Neut|Acc|Sg",
                "possible_morph_features": []
            }
        },
        "relations": {
            "rel_1": {
                "rel_type": "must_agree",
                "involved": [
                    "TOK2",
                    "TOK1"
                ],
                "ruler": "TOK2",
                "possible_agreement": null
            }
        }
    },
    {
        "file_ID": "1071_0024844",
        "sent_NP_ID": "5_12",
        "sentence": "Ich habe gehort dein Frau jets zu Hause .",
        "metadata": {
            "corpus": "MERLIN_DE",
            "author": {
                "author_ID": "1071_0024844",
                "L1": "Arabic",
                "age": "38",
                "gender": "female"
            },
            "CEFR": {
                "overall_fairRating": "A2",
                "test_level": "A1"
            },
            "task": {
                "formality": "informal",
                "text_type": "letter",
                "topic": "congratulate to birth of child"
            }
        },
        "NP_info": {
            "len_np": 1,
            "coordination": null
        },
        "HEAD_info": {
            "head": {
                "H_TOK1": {
                    "word_type": "N",
                    "word_form": "Frau",
                    "lemma": "Frau",
                    "POS_STTS": "NN",
                    "index": "5",
                    "dep_rel": "obja",
                    "head_index": "2",
                    "parser_morph_features": "Neut|Acc|Sg"
                }
            },
            "super_head": {
                "SH_TOK1": {
                    "word_type": "V",
                    "word_form": "habe",
                    "lemma": "haben",
                    "POS_STTS": "VAFIN",
                    "index": "2",
                    "dep_rel": "root",
                    "head_index": "0",
                    "parser_morph_features": "3|Sg|Pres|Subj"
                }
            }
        },
        "POST_info": {},
        "TOK_info": {
            "TOK1": {
                "word_type": "N",
                "word_form": "jets",
                "lemma": "jets",
                "POS_STTS": "NE",
                "index": "6",
                "dep_rel": "app",
                "head_index": "5",
                "parser_morph_features": "Neut|Acc|Sg",
                "possible_morph_features": []
            }
        },
        "relations": {}
    },
    {
        "file_ID": "1071_0024844",
        "sent_NP_ID": "5_13",
        "sentence": "Ich habe gehort dein Frau jets zu Hause .",
        "metadata": {
            "corpus": "MERLIN_DE",
            "author": {
                "author_ID": "1071_0024844",
                "L1": "Arabic",
                "age": "38",
                "gender": "female"
            },
            "CEFR": {
                "overall_fairRating": "A2",
                "test_level": "A1"
            },
            "task": {
                "formality": "informal",
                "text_type": "letter",
                "topic": "congratulate to birth of child"
            }
        },
        "NP_info": {
            "len_np": 1,
            "coordination": null
        },
        "HEAD_info": {
            "head": {
                "H_TOK1": {
                    "word_type": "PREP",
                    "word_form": "zu",
                    "lemma": "zu",
                    "POS_STTS": "APPR",
                    "index": "7",
                    "dep_rel": "pp",
                    "head_index": "2",
                    "parser_morph_features": "Dat"
                }
            },
            "super_head": {
                "SH_TOK1": {
                    "word_type": "V",
                    "word_form": "habe",
                    "lemma": "haben",
                    "POS_STTS": "VAFIN",
                    "index": "2",
                    "dep_rel": "root",
                    "head_index": "0",
                    "parser_morph_features": "3|Sg|Pres|Subj"
                }
            }
        },
        "POST_info": {},
        "TOK_info": {
            "TOK1": {
                "word_type": "N",
                "word_form": "Hause",
                "lemma": "Haus",
                "POS_STTS": "NN",
                "index": "8",
                "dep_rel": "pn",
                "head_index": "7",
                "parser_morph_features": "Neut|Dat|Sg",
                "possible_morph_features": []
            }
        },
        "relations": {}
    },
    {
        "file_ID": "1071_0024844",
        "sent_NP_ID": "6_14",
        "sentence": "Sie hat zwei Tage im KrankenHaus geblieben .",
        "metadata": {
            "corpus": "MERLIN_DE",
            "author": {
                "author_ID": "1071_0024844",
                "L1": "Arabic",
                "age": "38",
                "gender": "female"
            },
            "CEFR": {
                "overall_fairRating": "A2",
                "test_level": "A1"
            },
            "task": {
                "formality": "informal",
                "text_type": "letter",
                "topic": "congratulate to birth of child"
            }
        },
        "NP_info": {
            "len_np": 2,
            "coordination": null
        },
        "HEAD_info": {
            "head": {
                "H_TOK1": {
                    "word_type": "V",
                    "word_form": "geblieben",
                    "lemma": "bleiben",
                    "POS_STTS": "VVPP",
                    "index": "7",
                    "dep_rel": "aux",
                    "head_index": "2",
                    "parser_morph_features": "_"
                }
            },
            "super_head": {
                "SH_TOK1": {
                    "word_type": "V",
                    "word_form": "hat",
                    "lemma": "haben",
                    "POS_STTS": "VAFIN",
                    "index": "2",
                    "dep_rel": "root",
                    "head_index": "0",
                    "parser_morph_features": "3|Sg|Pres|Ind"
                }
            }
        },
        "POST_info": {
            "P_TOK1": {
                "word_type": "PREP",
                "word_form": "im",
                "lemma": "in",
                "POS_STTS": "APPRART",
                "index": "5",
                "dep_rel": "pp",
                "head_index": "4",
                "parser_morph_features": "Dat"
            }
        },
        "TOK_info": {
            "TOK1": {
                "word_type": "CARD",
                "word_form": "zwei",
                "lemma": "zwei",
                "POS_STTS": "CARD",
                "index": "3",
                "dep_rel": "attr",
                "head_index": "4",
                "parser_morph_features": "_",
                "possible_morph_features": []
            },
            "TOK2": {
                "word_type": "N",
                "word_form": "Tage",
                "lemma": "Tag",
                "POS_STTS": "NN",
                "index": "4",
                "dep_rel": "pred",
                "head_index": "7",
                "parser_morph_features": "Masc|Nom|Pl",
                "possible_morph_features": []
            }
        },
        "relations": {}
    },
    {
        "file_ID": "1071_0024844",
        "sent_NP_ID": "6_15",
        "sentence": "Sie hat zwei Tage im KrankenHaus geblieben .",
        "metadata": {
            "corpus": "MERLIN_DE",
            "author": {
                "author_ID": "1071_0024844",
                "L1": "Arabic",
                "age": "38",
                "gender": "female"
            },
            "CEFR": {
                "overall_fairRating": "A2",
                "test_level": "A1"
            },
            "task": {
                "formality": "informal",
                "text_type": "letter",
                "topic": "congratulate to birth of child"
            }
        },
        "NP_info": {
            "len_np": 1,
            "coordination": null
        },
        "HEAD_info": {
            "head": {
                "H_TOK1": {
                    "word_type": "PREP",
                    "word_form": "im",
                    "lemma": "in",
                    "POS_STTS": "APPRART",
                    "index": "5",
                    "dep_rel": "pp",
                    "head_index": "4",
                    "parser_morph_features": "Dat"
                }
            },
            "super_head": {
                "SH_TOK1": {
                    "word_type": "N",
                    "word_form": "Tage",
                    "lemma": "Tag",
                    "POS_STTS": "NN",
                    "index": "4",
                    "dep_rel": "pred",
                    "head_index": "7",
                    "parser_morph_features": "Masc|Nom|Pl"
                }
            }
        },
        "POST_info": {},
        "TOK_info": {
            "TOK1": {
                "word_type": "N",
                "word_form": "KrankenHaus",
                "lemma": "KrankenHaus",
                "POS_STTS": "NN",
                "index": "6",
                "dep_rel": "pn",
                "head_index": "5",
                "parser_morph_features": "_|Dat|_",
                "possible_morph_features": []
            }
        },
        "relations": {
            "rel_1": {
                "rel_type": "must_agree",
                "involved": [
                    "TOK1",
                    "H_TOK1"
                ],
                "ruler": "TOK1",
                "possible_agreement": null
            }
        }
    },
    {
        "file_ID": "1071_0024844",
        "sent_NP_ID": "8_16",
        "sentence": "Wie Heiß des Babys ?",
        "metadata": {
            "corpus": "MERLIN_DE",
            "author": {
                "author_ID": "1071_0024844",
                "L1": "Arabic",
                "age": "38",
                "gender": "female"
            },
            "CEFR": {
                "overall_fairRating": "A2",
                "test_level": "A1"
            },
            "task": {
                "formality": "informal",
                "text_type": "letter",
                "topic": "congratulate to birth of child"
            }
        },
        "NP_info": {
            "len_np": 3,
            "coordination": null
        },
        "HEAD_info": {
            "head": {},
            "super_head": {}
        },
        "POST_info": {},
        "TOK_info": {
            "TOK1": {
                "word_type": "ADV",
                "word_form": "Heiß",
                "lemma": "heiß",
                "POS_STTS": "ADJD",
                "index": "2",
                "dep_rel": "adv",
                "head_index": "4",
                "parser_morph_features": "Pos|",
                "possible_morph_features": []
            },
            "TOK2": {
                "word_type": "ART",
                "word_form": "des",
                "lemma": "die",
                "POS_STTS": "ART",
                "index": "3",
                "dep_rel": "det",
                "head_index": "4",
                "parser_morph_features": "Def|Neut|Gen|Sg",
                "possible_morph_features": []
            },
            "TOK3": {
                "word_type": "N",
                "word_form": "Babys",
                "lemma": "Baby",
                "POS_STTS": "NN",
                "index": "4",
                "dep_rel": "root",
                "head_index": "0",
                "parser_morph_features": "Neut|Gen|Sg",
                "possible_morph_features": []
            }
        },
        "relations": {
            "rel_1": {
                "rel_type": "must_agree",
                "involved": [
                    "TOK3",
                    "TOK2"
                ],
                "ruler": "TOK3",
                "possible_agreement": null
            }
        }
    },
    {
        "file_ID": "1071_0024844",
        "sent_NP_ID": "9_17",
        "sentence": "Ich komme für besauch am Samstag Abend Viele Gruß deine Eva",
        "metadata": {
            "corpus": "MERLIN_DE",
            "author": {
                "author_ID": "1071_0024844",
                "L1": "Arabic",
                "age": "38",
                "gender": "female"
            },
            "CEFR": {
                "overall_fairRating": "A2",
                "test_level": "A1"
            },
            "task": {
                "formality": "informal",
                "text_type": "letter",
                "topic": "congratulate to birth of child"
            }
        },
        "NP_info": {
            "len_np": 1,
            "coordination": null
        },
        "HEAD_info": {
            "head": {
                "H_TOK1": {
                    "word_type": "PREP",
                    "word_form": "für",
                    "lemma": "für",
                    "POS_STTS": "APPR",
                    "index": "3",
                    "dep_rel": "pp",
                    "head_index": "2",
                    "parser_morph_features": "Acc"
                }
            },
            "super_head": {
                "SH_TOK1": {
                    "word_type": "V",
                    "word_form": "komme",
                    "lemma": "kommen",
                    "POS_STTS": "VVFIN",
                    "index": "2",
                    "dep_rel": "root",
                    "head_index": "0",
                    "parser_morph_features": "3|Sg|Pres|Subj"
                }
            }
        },
        "POST_info": {},
        "TOK_info": {
            "TOK1": {
                "word_type": "N",
                "word_form": "besauch",
                "lemma": "besauch",
                "POS_STTS": "NE",
                "index": "4",
                "dep_rel": "pn",
                "head_index": "3",
                "parser_morph_features": "_|Acc|_",
                "possible_morph_features": []
            }
        },
        "relations": {}
    },
    {
        "file_ID": "1071_0024844",
        "sent_NP_ID": "9_18",
        "sentence": "Ich komme für besauch am Samstag Abend Viele Gruß deine Eva",
        "metadata": {
            "corpus": "MERLIN_DE",
            "author": {
                "author_ID": "1071_0024844",
                "L1": "Arabic",
                "age": "38",
                "gender": "female"
            },
            "CEFR": {
                "overall_fairRating": "A2",
                "test_level": "A1"
            },
            "task": {
                "formality": "informal",
                "text_type": "letter",
                "topic": "congratulate to birth of child"
            }
        },
        "NP_info": {
            "len_np": 1,
            "coordination": null
        },
        "HEAD_info": {
            "head": {
                "H_TOK1": {
                    "word_type": "PREP",
                    "word_form": "am",
                    "lemma": "an",
                    "POS_STTS": "APPRART",
                    "index": "5",
                    "dep_rel": "pp",
                    "head_index": "2",
                    "parser_morph_features": "Dat"
                }
            },
            "super_head": {
                "SH_TOK1": {
                    "word_type": "V",
                    "word_form": "komme",
                    "lemma": "kommen",
                    "POS_STTS": "VVFIN",
                    "index": "2",
                    "dep_rel": "root",
                    "head_index": "0",
                    "parser_morph_features": "3|Sg|Pres|Subj"
                }
            }
        },
        "POST_info": {
            "P_TOK1": {
                "word_type": "N",
                "word_form": "Abend",
                "lemma": "Abend",
                "POS_STTS": "NN",
                "index": "7",
                "dep_rel": "app",
                "head_index": "6",
                "parser_morph_features": "Masc|Dat|Sg"
            }
        },
        "TOK_info": {
            "TOK1": {
                "word_type": "N",
                "word_form": "Samstag",
                "lemma": "Samstag",
                "POS_STTS": "NN",
                "index": "6",
                "dep_rel": "pn",
                "head_index": "5",
                "parser_morph_features": "Masc|Dat|Sg",
                "possible_morph_features": []
            }
        },
        "relations": {
            "rel_1": {
                "rel_type": "must_agree",
                "involved": [
                    "TOK1",
                    "H_TOK1"
                ],
                "ruler": "TOK1",
                "possible_agreement": null
            }
        }
    },
    {
        "file_ID": "1071_0024844",
        "sent_NP_ID": "9_19",
        "sentence": "Ich komme für besauch am Samstag Abend Viele Gruß deine Eva",
        "metadata": {
            "corpus": "MERLIN_DE",
            "author": {
                "author_ID": "1071_0024844",
                "L1": "Arabic",
                "age": "38",
                "gender": "female"
            },
            "CEFR": {
                "overall_fairRating": "A2",
                "test_level": "A1"
            },
            "task": {
                "formality": "informal",
                "text_type": "letter",
                "topic": "congratulate to birth of child"
            }
        },
        "NP_info": {
            "len_np": 1,
            "coordination": null
        },
        "HEAD_info": {
            "head": {
                "H_TOK1": {
                    "word_type": "N",
                    "word_form": "Samstag",
                    "lemma": "Samstag",
                    "POS_STTS": "NN",
                    "index": "6",
                    "dep_rel": "pn",
                    "head_index": "5",
                    "parser_morph_features": "Masc|Dat|Sg"
                }
            },
            "super_head": {
                "SH_TOK1": {
                    "word_type": "PREP",
                    "word_form": "am",
                    "lemma": "an",
                    "POS_STTS": "APPRART",
                    "index": "5",
                    "dep_rel": "pp",
                    "head_index": "2",
                    "parser_morph_features": "Dat"
                }
            }
        },
        "POST_info": {},
        "TOK_info": {
            "TOK1": {
                "word_type": "N",
                "word_form": "Abend",
                "lemma": "Abend",
                "POS_STTS": "NN",
                "index": "7",
                "dep_rel": "app",
                "head_index": "6",
                "parser_morph_features": "Masc|Dat|Sg",
                "possible_morph_features": []
            }
        },
        "relations": {}
    },
    {
        "file_ID": "1071_0024844",
        "sent_NP_ID": "9_20",
        "sentence": "Ich komme für besauch am Samstag Abend Viele Gruß deine Eva",
        "metadata": {
            "corpus": "MERLIN_DE",
            "author": {
                "author_ID": "1071_0024844",
                "L1": "Arabic",
                "age": "38",
                "gender": "female"
            },
            "CEFR": {
                "overall_fairRating": "A2",
                "test_level": "A1"
            },
            "task": {
                "formality": "informal",
                "text_type": "letter",
                "topic": "congratulate to birth of child"
            }
        },
        "NP_info": {
            "len_np": 2,
            "coordination": null
        },
        "HEAD_info": {
            "head": {
                "H_TOK1": {
                    "word_type": "V",
                    "word_form": "komme",
                    "lemma": "kommen",
                    "POS_STTS": "VVFIN",
                    "index": "2",
                    "dep_rel": "root",
                    "head_index": "0",
                    "parser_morph_features": "3|Sg|Pres|Subj"
                }
            },
            "super_head": {}
        },
        "POST_info": {},
        "TOK_info": {
            "TOK1": {
                "word_type": "ART",
                "word_form": "Viele",
                "lemma": "viele",
                "POS_STTS": "PIDAT",
                "index": "8",
                "dep_rel": "det",
                "head_index": "9",
                "parser_morph_features": "Masc|Nom|Sg",
                "possible_morph_features": []
            },
            "TOK2": {
                "word_type": "N",
                "word_form": "Gruß",
                "lemma": "Gruß",
                "POS_STTS": "NN",
                "index": "9",
                "dep_rel": "subj",
                "head_index": "2",
                "parser_morph_features": "Masc|Nom|Sg",
                "possible_morph_features": []
            }
        },
        "relations": {
            "rel_1": {
                "rel_type": "must_agree",
                "involved": [
                    "TOK2",
                    "TOK1"
                ],
                "ruler": "TOK2",
                "possible_agreement": null
            }
        }
    },
    {
        "file_ID": "1071_0024844",
        "sent_NP_ID": "9_21",
        "sentence": "Ich komme für besauch am Samstag Abend Viele Gruß deine Eva",
        "metadata": {
            "corpus": "MERLIN_DE",
            "author": {
                "author_ID": "1071_0024844",
                "L1": "Arabic",
                "age": "38",
                "gender": "female"
            },
            "CEFR": {
                "overall_fairRating": "A2",
                "test_level": "A1"
            },
            "task": {
                "formality": "informal",
                "text_type": "letter",
                "topic": "congratulate to birth of child"
            }
        },
        "NP_info": {
            "len_np": 2,
            "coordination": null
        },
        "HEAD_info": {
            "head": {
                "H_TOK1": {
                    "word_type": "V",
                    "word_form": "komme",
                    "lemma": "kommen",
                    "POS_STTS": "VVFIN",
                    "index": "2",
                    "dep_rel": "root",
                    "head_index": "0",
                    "parser_morph_features": "3|Sg|Pres|Subj"
                }
            },
            "super_head": {}
        },
        "POST_info": {},
        "TOK_info": {
            "TOK1": {
                "word_type": "ART",
                "word_form": "deine",
                "lemma": "deine",
                "POS_STTS": "PPOSAT",
                "index": "10",
                "dep_rel": "det",
                "head_index": "11",
                "parser_morph_features": "Fem|Nom|Sg",
                "possible_morph_features": []
            },
            "TOK2": {
                "word_type": "N",
                "word_form": "Eva",
                "lemma": "Eva",
                "POS_STTS": "NN",
                "index": "11",
                "dep_rel": "pred",
                "head_index": "2",
                "parser_morph_features": "Fem|Nom|Sg",
                "possible_morph_features": []
            }
        },
        "relations": {
            "rel_1": {
                "rel_type": "must_agree",
                "involved": [
                    "TOK2",
                    "TOK1"
                ],
                "ruler": "TOK2",
                "possible_agreement": null
            }
        }
    }
]