[
    {
        "file_ID": "1071_0248316",
        "sent_NP_ID": "1_1",
        "sentence": "Hallo Jens Herzlich Glückwünsch Sie Sint Fata geworden ich freumich fur dich Vie viel wigt das Bebi und wie heist das Bebi istas aien Junge oder ain Mötchen Istes alles oke wigetes die Mamma gehtes ir gut ist ales oke mit ir Bitte wen Sie raus ist ruf mich am Ich wolte vor bei kommen Viele Gruse Deiner Eva",
        "metadata": {
            "corpus": "MERLIN_DE",
            "author": {
                "author_ID": "1071_0248316",
                "L1": "not reported",
                "age": "42",
                "gender": "female"
            },
            "CEFR": {
                "overall_fairRating": "A2",
                "test_level": "A1"
            },
            "task": {
                "formality": "informal",
                "text_type": "letter",
                "topic": "congratulate to birth of child"
            }
        },
        "NP_info": {
            "len_np": 1,
            "coordination": null
        },
        "HEAD_info": {
            "head": {
                "H_TOK1": {
                    "word_type": "V",
                    "word_form": "geworden",
                    "lemma": "werden",
                    "POS_STTS": "VAPP",
                    "index": "8",
                    "dep_rel": "root",
                    "head_index": "0",
                    "parser_morph_features": "_"
                }
            },
            "super_head": {}
        },
        "POST_info": {
            "P_TOK1": {
                "word_type": "N",
                "word_form": "Jens",
                "lemma": "Jens",
                "POS_STTS": "NE",
                "index": "2",
                "dep_rel": "app",
                "head_index": "1",
                "parser_morph_features": "Neut|Dat|Sg"
            }
        },
        "TOK_info": {
            "TOK1": {
                "word_type": "N",
                "word_form": "Hallo",
                "lemma": "Hallo",
                "POS_STTS": "NN",
                "index": "1",
                "dep_rel": "objd",
                "head_index": "8",
                "parser_morph_features": "Neut|Dat|Sg",
                "possible_morph_features": []
            }
        },
        "relations": {}
    },
    {
        "file_ID": "1071_0248316",
        "sent_NP_ID": "1_2",
        "sentence": "Hallo Jens Herzlich Glückwünsch Sie Sint Fata geworden ich freumich fur dich Vie viel wigt das Bebi und wie heist das Bebi istas aien Junge oder ain Mötchen Istes alles oke wigetes die Mamma gehtes ir gut ist ales oke mit ir Bitte wen Sie raus ist ruf mich am Ich wolte vor bei kommen Viele Gruse Deiner Eva",
        "metadata": {
            "corpus": "MERLIN_DE",
            "author": {
                "author_ID": "1071_0248316",
                "L1": "not reported",
                "age": "42",
                "gender": "female"
            },
            "CEFR": {
                "overall_fairRating": "A2",
                "test_level": "A1"
            },
            "task": {
                "formality": "informal",
                "text_type": "letter",
                "topic": "congratulate to birth of child"
            }
        },
        "NP_info": {
            "len_np": 1,
            "coordination": null
        },
        "HEAD_info": {
            "head": {
                "H_TOK1": {
                    "word_type": "N",
                    "word_form": "Hallo",
                    "lemma": "Hallo",
                    "POS_STTS": "NN",
                    "index": "1",
                    "dep_rel": "objd",
                    "head_index": "8",
                    "parser_morph_features": "Neut|Dat|Sg"
                }
            },
            "super_head": {
                "SH_TOK1": {
                    "word_type": "V",
                    "word_form": "geworden",
                    "lemma": "werden",
                    "POS_STTS": "VAPP",
                    "index": "8",
                    "dep_rel": "root",
                    "head_index": "0",
                    "parser_morph_features": "_"
                }
            }
        },
        "POST_info": {
            "P_TOK1": {
                "word_type": "N",
                "word_form": "Herzlich",
                "lemma": "Herzlich",
                "POS_STTS": "NE",
                "index": "3",
                "dep_rel": "app",
                "head_index": "2",
                "parser_morph_features": "Neut|Dat|Sg"
            }
        },
        "TOK_info": {
            "TOK1": {
                "word_type": "N",
                "word_form": "Jens",
                "lemma": "Jens",
                "POS_STTS": "NE",
                "index": "2",
                "dep_rel": "app",
                "head_index": "1",
                "parser_morph_features": "Neut|Dat|Sg",
                "possible_morph_features": []
            }
        },
        "relations": {}
    },
    {
        "file_ID": "1071_0248316",
        "sent_NP_ID": "1_3",
        "sentence": "Hallo Jens Herzlich Glückwünsch Sie Sint Fata geworden ich freumich fur dich Vie viel wigt das Bebi und wie heist das Bebi istas aien Junge oder ain Mötchen Istes alles oke wigetes die Mamma gehtes ir gut ist ales oke mit ir Bitte wen Sie raus ist ruf mich am Ich wolte vor bei kommen Viele Gruse Deiner Eva",
        "metadata": {
            "corpus": "MERLIN_DE",
            "author": {
                "author_ID": "1071_0248316",
                "L1": "not reported",
                "age": "42",
                "gender": "female"
            },
            "CEFR": {
                "overall_fairRating": "A2",
                "test_level": "A1"
            },
            "task": {
                "formality": "informal",
                "text_type": "letter",
                "topic": "congratulate to birth of child"
            }
        },
        "NP_info": {
            "len_np": 1,
            "coordination": null
        },
        "HEAD_info": {
            "head": {
                "H_TOK1": {
                    "word_type": "N",
                    "word_form": "Jens",
                    "lemma": "Jens",
                    "POS_STTS": "NE",
                    "index": "2",
                    "dep_rel": "app",
                    "head_index": "1",
                    "parser_morph_features": "Neut|Dat|Sg"
                }
            },
            "super_head": {
                "SH_TOK1": {
                    "word_type": "N",
                    "word_form": "Hallo",
                    "lemma": "Hallo",
                    "POS_STTS": "NN",
                    "index": "1",
                    "dep_rel": "objd",
                    "head_index": "8",
                    "parser_morph_features": "Neut|Dat|Sg"
                }
            }
        },
        "POST_info": {
            "P_TOK1": {
                "word_type": "N",
                "word_form": "Glückwünsch",
                "lemma": "Glückwünsch",
                "POS_STTS": "NE",
                "index": "4",
                "dep_rel": "app",
                "head_index": "3",
                "parser_morph_features": "Neut|Dat|Sg"
            }
        },
        "TOK_info": {
            "TOK1": {
                "word_type": "N",
                "word_form": "Herzlich",
                "lemma": "Herzlich",
                "POS_STTS": "NE",
                "index": "3",
                "dep_rel": "app",
                "head_index": "2",
                "parser_morph_features": "Neut|Dat|Sg",
                "possible_morph_features": []
            }
        },
        "relations": {}
    },
    {
        "file_ID": "1071_0248316",
        "sent_NP_ID": "1_4",
        "sentence": "Hallo Jens Herzlich Glückwünsch Sie Sint Fata geworden ich freumich fur dich Vie viel wigt das Bebi und wie heist das Bebi istas aien Junge oder ain Mötchen Istes alles oke wigetes die Mamma gehtes ir gut ist ales oke mit ir Bitte wen Sie raus ist ruf mich am Ich wolte vor bei kommen Viele Gruse Deiner Eva",
        "metadata": {
            "corpus": "MERLIN_DE",
            "author": {
                "author_ID": "1071_0248316",
                "L1": "not reported",
                "age": "42",
                "gender": "female"
            },
            "CEFR": {
                "overall_fairRating": "A2",
                "test_level": "A1"
            },
            "task": {
                "formality": "informal",
                "text_type": "letter",
                "topic": "congratulate to birth of child"
            }
        },
        "NP_info": {
            "len_np": 1,
            "coordination": null
        },
        "HEAD_info": {
            "head": {
                "H_TOK1": {
                    "word_type": "N",
                    "word_form": "Herzlich",
                    "lemma": "Herzlich",
                    "POS_STTS": "NE",
                    "index": "3",
                    "dep_rel": "app",
                    "head_index": "2",
                    "parser_morph_features": "Neut|Dat|Sg"
                }
            },
            "super_head": {
                "SH_TOK1": {
                    "word_type": "N",
                    "word_form": "Jens",
                    "lemma": "Jens",
                    "POS_STTS": "NE",
                    "index": "2",
                    "dep_rel": "app",
                    "head_index": "1",
                    "parser_morph_features": "Neut|Dat|Sg"
                }
            }
        },
        "POST_info": {},
        "TOK_info": {
            "TOK1": {
                "word_type": "N",
                "word_form": "Glückwünsch",
                "lemma": "Glückwünsch",
                "POS_STTS": "NE",
                "index": "4",
                "dep_rel": "app",
                "head_index": "3",
                "parser_morph_features": "Neut|Dat|Sg",
                "possible_morph_features": []
            }
        },
        "relations": {}
    },
    {
        "file_ID": "1071_0248316",
        "sent_NP_ID": "1_5",
        "sentence": "Hallo Jens Herzlich Glückwünsch Sie Sint Fata geworden ich freumich fur dich Vie viel wigt das Bebi und wie heist das Bebi istas aien Junge oder ain Mötchen Istes alles oke wigetes die Mamma gehtes ir gut ist ales oke mit ir Bitte wen Sie raus ist ruf mich am Ich wolte vor bei kommen Viele Gruse Deiner Eva",
        "metadata": {
            "corpus": "MERLIN_DE",
            "author": {
                "author_ID": "1071_0248316",
                "L1": "not reported",
                "age": "42",
                "gender": "female"
            },
            "CEFR": {
                "overall_fairRating": "A2",
                "test_level": "A1"
            },
            "task": {
                "formality": "informal",
                "text_type": "letter",
                "topic": "congratulate to birth of child"
            }
        },
        "NP_info": {
            "len_np": 1,
            "coordination": null
        },
        "HEAD_info": {
            "head": {
                "H_TOK1": {
                    "word_type": "V",
                    "word_form": "geworden",
                    "lemma": "werden",
                    "POS_STTS": "VAPP",
                    "index": "8",
                    "dep_rel": "root",
                    "head_index": "0",
                    "parser_morph_features": "_"
                }
            },
            "super_head": {}
        },
        "POST_info": {
            "P_TOK1": {
                "word_type": "N",
                "word_form": "Fata",
                "lemma": "Fatum",
                "POS_STTS": "NN",
                "index": "7",
                "dep_rel": "app",
                "head_index": "6",
                "parser_morph_features": "Neut|Nom|Pl"
            }
        },
        "TOK_info": {
            "TOK1": {
                "word_type": "N",
                "word_form": "Sint",
                "lemma": "Sint",
                "POS_STTS": "NE",
                "index": "6",
                "dep_rel": "pred",
                "head_index": "8",
                "parser_morph_features": "Neut|Nom|Pl",
                "possible_morph_features": []
            }
        },
        "relations": {}
    },
    {
        "file_ID": "1071_0248316",
        "sent_NP_ID": "1_6",
        "sentence": "Hallo Jens Herzlich Glückwünsch Sie Sint Fata geworden ich freumich fur dich Vie viel wigt das Bebi und wie heist das Bebi istas aien Junge oder ain Mötchen Istes alles oke wigetes die Mamma gehtes ir gut ist ales oke mit ir Bitte wen Sie raus ist ruf mich am Ich wolte vor bei kommen Viele Gruse Deiner Eva",
        "metadata": {
            "corpus": "MERLIN_DE",
            "author": {
                "author_ID": "1071_0248316",
                "L1": "not reported",
                "age": "42",
                "gender": "female"
            },
            "CEFR": {
                "overall_fairRating": "A2",
                "test_level": "A1"
            },
            "task": {
                "formality": "informal",
                "text_type": "letter",
                "topic": "congratulate to birth of child"
            }
        },
        "NP_info": {
            "len_np": 1,
            "coordination": null
        },
        "HEAD_info": {
            "head": {
                "H_TOK1": {
                    "word_type": "N",
                    "word_form": "Sint",
                    "lemma": "Sint",
                    "POS_STTS": "NE",
                    "index": "6",
                    "dep_rel": "pred",
                    "head_index": "8",
                    "parser_morph_features": "Neut|Nom|Pl"
                }
            },
            "super_head": {
                "SH_TOK1": {
                    "word_type": "V",
                    "word_form": "geworden",
                    "lemma": "werden",
                    "POS_STTS": "VAPP",
                    "index": "8",
                    "dep_rel": "root",
                    "head_index": "0",
                    "parser_morph_features": "_"
                }
            }
        },
        "POST_info": {},
        "TOK_info": {
            "TOK1": {
                "word_type": "N",
                "word_form": "Fata",
                "lemma": "Fatum",
                "POS_STTS": "NN",
                "index": "7",
                "dep_rel": "app",
                "head_index": "6",
                "parser_morph_features": "Neut|Nom|Pl",
                "possible_morph_features": []
            }
        },
        "relations": {}
    },
    {
        "file_ID": "1071_0248316",
        "sent_NP_ID": "1_7",
        "sentence": "Hallo Jens Herzlich Glückwünsch Sie Sint Fata geworden ich freumich fur dich Vie viel wigt das Bebi und wie heist das Bebi istas aien Junge oder ain Mötchen Istes alles oke wigetes die Mamma gehtes ir gut ist ales oke mit ir Bitte wen Sie raus ist ruf mich am Ich wolte vor bei kommen Viele Gruse Deiner Eva",
        "metadata": {
            "corpus": "MERLIN_DE",
            "author": {
                "author_ID": "1071_0248316",
                "L1": "not reported",
                "age": "42",
                "gender": "female"
            },
            "CEFR": {
                "overall_fairRating": "A2",
                "test_level": "A1"
            },
            "task": {
                "formality": "informal",
                "text_type": "letter",
                "topic": "congratulate to birth of child"
            }
        },
        "NP_info": {
            "len_np": 3,
            "coordination": null
        },
        "HEAD_info": {
            "head": {},
            "super_head": {}
        },
        "POST_info": {},
        "TOK_info": {
            "TOK1": {
                "word_type": "ADV",
                "word_form": "wigt",
                "lemma": "wigt",
                "POS_STTS": "ADJD",
                "index": "15",
                "dep_rel": "adv",
                "head_index": "17",
                "parser_morph_features": "_",
                "possible_morph_features": []
            },
            "TOK2": {
                "word_type": "ART",
                "word_form": "das",
                "lemma": "die",
                "POS_STTS": "ART",
                "index": "16",
                "dep_rel": "det",
                "head_index": "17",
                "parser_morph_features": "Def|Neut|_|Sg",
                "possible_morph_features": []
            },
            "TOK3": {
                "word_type": "N",
                "word_form": "Bebi",
                "lemma": "Bebi",
                "POS_STTS": "NN",
                "index": "17",
                "dep_rel": "root",
                "head_index": "0",
                "parser_morph_features": "Neut|_|Sg",
                "possible_morph_features": []
            }
        },
        "relations": {
            "rel_1": {
                "rel_type": "must_agree",
                "involved": [
                    "TOK3",
                    "TOK2"
                ],
                "ruler": "TOK3",
                "possible_agreement": null
            }
        }
    },
    {
        "file_ID": "1071_0248316",
        "sent_NP_ID": "1_8",
        "sentence": "Hallo Jens Herzlich Glückwünsch Sie Sint Fata geworden ich freumich fur dich Vie viel wigt das Bebi und wie heist das Bebi istas aien Junge oder ain Mötchen Istes alles oke wigetes die Mamma gehtes ir gut ist ales oke mit ir Bitte wen Sie raus ist ruf mich am Ich wolte vor bei kommen Viele Gruse Deiner Eva",
        "metadata": {
            "corpus": "MERLIN_DE",
            "author": {
                "author_ID": "1071_0248316",
                "L1": "not reported",
                "age": "42",
                "gender": "female"
            },
            "CEFR": {
                "overall_fairRating": "A2",
                "test_level": "A1"
            },
            "task": {
                "formality": "informal",
                "text_type": "letter",
                "topic": "congratulate to birth of child"
            }
        },
        "NP_info": {
            "len_np": 1,
            "coordination": null
        },
        "HEAD_info": {
            "head": {},
            "super_head": {}
        },
        "POST_info": {},
        "TOK_info": {
            "TOK1": {
                "word_type": "N",
                "word_form": "heist",
                "lemma": "heist",
                "POS_STTS": "NE",
                "index": "20",
                "dep_rel": "root",
                "head_index": "0",
                "parser_morph_features": "_",
                "possible_morph_features": []
            }
        },
        "relations": {}
    },
    {
        "file_ID": "1071_0248316",
        "sent_NP_ID": "1_9",
        "sentence": "Hallo Jens Herzlich Glückwünsch Sie Sint Fata geworden ich freumich fur dich Vie viel wigt das Bebi und wie heist das Bebi istas aien Junge oder ain Mötchen Istes alles oke wigetes die Mamma gehtes ir gut ist ales oke mit ir Bitte wen Sie raus ist ruf mich am Ich wolte vor bei kommen Viele Gruse Deiner Eva",
        "metadata": {
            "corpus": "MERLIN_DE",
            "author": {
                "author_ID": "1071_0248316",
                "L1": "not reported",
                "age": "42",
                "gender": "female"
            },
            "CEFR": {
                "overall_fairRating": "A2",
                "test_level": "A1"
            },
            "task": {
                "formality": "informal",
                "text_type": "letter",
                "topic": "congratulate to birth of child"
            }
        },
        "NP_info": {
            "len_np": 1,
            "coordination": null
        },
        "HEAD_info": {
            "head": {
                "H_TOK1": {
                    "word_type": "FM",
                    "word_form": "aien",
                    "lemma": "aien",
                    "POS_STTS": "FM",
                    "index": "24",
                    "dep_rel": "app",
                    "head_index": "23",
                    "parser_morph_features": "_|_|_"
                }
            },
            "super_head": {
                "SH_TOK1": {
                    "word_type": "FM",
                    "word_form": "istas",
                    "lemma": "istas",
                    "POS_STTS": "FM",
                    "index": "23",
                    "dep_rel": "app",
                    "head_index": "22",
                    "parser_morph_features": "_|_|_"
                }
            }
        },
        "POST_info": {},
        "TOK_info": {
            "TOK1": {
                "word_type": "N",
                "word_form": "Junge",
                "lemma": "Junge",
                "POS_STTS": "NN",
                "index": "25",
                "dep_rel": "app",
                "head_index": "24",
                "parser_morph_features": "_|_|_",
                "possible_morph_features": []
            }
        },
        "relations": {}
    },
    {
        "file_ID": "1071_0248316",
        "sent_NP_ID": "1_10",
        "sentence": "Hallo Jens Herzlich Glückwünsch Sie Sint Fata geworden ich freumich fur dich Vie viel wigt das Bebi und wie heist das Bebi istas aien Junge oder ain Mötchen Istes alles oke wigetes die Mamma gehtes ir gut ist ales oke mit ir Bitte wen Sie raus ist ruf mich am Ich wolte vor bei kommen Viele Gruse Deiner Eva",
        "metadata": {
            "corpus": "MERLIN_DE",
            "author": {
                "author_ID": "1071_0248316",
                "L1": "not reported",
                "age": "42",
                "gender": "female"
            },
            "CEFR": {
                "overall_fairRating": "A2",
                "test_level": "A1"
            },
            "task": {
                "formality": "informal",
                "text_type": "letter",
                "topic": "congratulate to birth of child"
            }
        },
        "NP_info": {
            "len_np": 2,
            "coordination": null
        },
        "HEAD_info": {
            "head": {
                "H_TOK1": {
                    "word_type": "PREP",
                    "word_form": "mit",
                    "lemma": "mit",
                    "POS_STTS": "APPR",
                    "index": "41",
                    "dep_rel": "pp",
                    "head_index": "38",
                    "parser_morph_features": "Dat"
                }
            },
            "super_head": {
                "SH_TOK1": {
                    "word_type": "V",
                    "word_form": "ist",
                    "lemma": "sein",
                    "POS_STTS": "VAFIN",
                    "index": "38",
                    "dep_rel": "cj",
                    "head_index": "26",
                    "parser_morph_features": "3|Sg|Pres|Ind"
                }
            }
        },
        "POST_info": {},
        "TOK_info": {
            "TOK1": {
                "word_type": "ADJA",
                "word_form": "ir",
                "lemma": "ir",
                "POS_STTS": "ADJA",
                "index": "42",
                "dep_rel": "attr",
                "head_index": "43",
                "parser_morph_features": "_|Fem|Dat|Sg|_",
                "possible_morph_features": []
            },
            "TOK2": {
                "word_type": "N",
                "word_form": "Bitte",
                "lemma": "Bitte",
                "POS_STTS": "NN",
                "index": "43",
                "dep_rel": "pn",
                "head_index": "41",
                "parser_morph_features": "Fem|Dat|Sg",
                "possible_morph_features": []
            }
        },
        "relations": {
            "rel_1": {
                "rel_type": "must_agree",
                "involved": [
                    "TOK2",
                    "TOK1"
                ],
                "ruler": "TOK2",
                "possible_agreement": null
            }
        }
    },
    {
        "file_ID": "1071_0248316",
        "sent_NP_ID": "1_11",
        "sentence": "Hallo Jens Herzlich Glückwünsch Sie Sint Fata geworden ich freumich fur dich Vie viel wigt das Bebi und wie heist das Bebi istas aien Junge oder ain Mötchen Istes alles oke wigetes die Mamma gehtes ir gut ist ales oke mit ir Bitte wen Sie raus ist ruf mich am Ich wolte vor bei kommen Viele Gruse Deiner Eva",
        "metadata": {
            "corpus": "MERLIN_DE",
            "author": {
                "author_ID": "1071_0248316",
                "L1": "not reported",
                "age": "42",
                "gender": "female"
            },
            "CEFR": {
                "overall_fairRating": "A2",
                "test_level": "A1"
            },
            "task": {
                "formality": "informal",
                "text_type": "letter",
                "topic": "congratulate to birth of child"
            }
        },
        "NP_info": {
            "len_np": 1,
            "coordination": null
        },
        "HEAD_info": {
            "head": {
                "H_TOK1": {
                    "word_type": "V",
                    "word_form": "ist",
                    "lemma": "sein",
                    "POS_STTS": "VAFIN",
                    "index": "47",
                    "dep_rel": "root",
                    "head_index": "0",
                    "parser_morph_features": "3|Sg|Pres|Ind",
                    "lemma_split_verb": "vorsein"
                },
                "H_TOK2": {
                    "word_type": "PTKVZ",
                    "word_form": "vor",
                    "lemma": "vor",
                    "POS_STTS": "PTKVZ",
                    "index": "53",
                    "dep_rel": "avz",
                    "head_index": "47",
                    "parser_morph_features": "_"
                }
            },
            "super_head": {}
        },
        "POST_info": {},
        "TOK_info": {
            "TOK1": {
                "word_type": "N",
                "word_form": "ruf",
                "lemma": "ruf",
                "POS_STTS": "NE",
                "index": "48",
                "dep_rel": "objd",
                "head_index": "47",
                "parser_morph_features": "_|Dat|_",
                "possible_morph_features": []
            }
        },
        "relations": {}
    },
    {
        "file_ID": "1071_0248316",
        "sent_NP_ID": "1_12",
        "sentence": "Hallo Jens Herzlich Glückwünsch Sie Sint Fata geworden ich freumich fur dich Vie viel wigt das Bebi und wie heist das Bebi istas aien Junge oder ain Mötchen Istes alles oke wigetes die Mamma gehtes ir gut ist ales oke mit ir Bitte wen Sie raus ist ruf mich am Ich wolte vor bei kommen Viele Gruse Deiner Eva",
        "metadata": {
            "corpus": "MERLIN_DE",
            "author": {
                "author_ID": "1071_0248316",
                "L1": "not reported",
                "age": "42",
                "gender": "female"
            },
            "CEFR": {
                "overall_fairRating": "A2",
                "test_level": "A1"
            },
            "task": {
                "formality": "informal",
                "text_type": "letter",
                "topic": "congratulate to birth of child"
            }
        },
        "NP_info": {
            "len_np": 1,
            "coordination": null
        },
        "HEAD_info": {
            "head": {
                "H_TOK1": {
                    "word_type": "PRO",
                    "word_form": "Ich",
                    "lemma": "ich",
                    "POS_STTS": "PPER",
                    "index": "51",
                    "dep_rel": "pn",
                    "head_index": "50",
                    "parser_morph_features": "_|Nom|Sg"
                }
            },
            "super_head": {
                "SH_TOK1": {
                    "word_type": "PREP",
                    "word_form": "am",
                    "lemma": "an",
                    "POS_STTS": "APPRART",
                    "index": "50",
                    "dep_rel": "pp",
                    "head_index": "47",
                    "parser_morph_features": "Dat"
                }
            }
        },
        "POST_info": {},
        "TOK_info": {
            "TOK1": {
                "word_type": "N",
                "word_form": "wolte",
                "lemma": "wolte",
                "POS_STTS": "NN",
                "index": "52",
                "dep_rel": "app",
                "head_index": "51",
                "parser_morph_features": "_",
                "possible_morph_features": []
            }
        },
        "relations": {}
    },
    {
        "file_ID": "1071_0248316",
        "sent_NP_ID": "1_13",
        "sentence": "Hallo Jens Herzlich Glückwünsch Sie Sint Fata geworden ich freumich fur dich Vie viel wigt das Bebi und wie heist das Bebi istas aien Junge oder ain Mötchen Istes alles oke wigetes die Mamma gehtes ir gut ist ales oke mit ir Bitte wen Sie raus ist ruf mich am Ich wolte vor bei kommen Viele Gruse Deiner Eva",
        "metadata": {
            "corpus": "MERLIN_DE",
            "author": {
                "author_ID": "1071_0248316",
                "L1": "not reported",
                "age": "42",
                "gender": "female"
            },
            "CEFR": {
                "overall_fairRating": "A2",
                "test_level": "A1"
            },
            "task": {
                "formality": "informal",
                "text_type": "letter",
                "topic": "congratulate to birth of child"
            }
        },
        "NP_info": {
            "len_np": 2,
            "coordination": null
        },
        "HEAD_info": {
            "head": {
                "H_TOK1": {
                    "word_type": "PTKVZ",
                    "word_form": "bei",
                    "lemma": "bei",
                    "POS_STTS": "PTKVZ",
                    "index": "54",
                    "dep_rel": "avz",
                    "head_index": "55",
                    "parser_morph_features": "_"
                },
                "H_TOK2": {
                    "word_type": "V",
                    "word_form": "kommen",
                    "lemma": "kommen",
                    "POS_STTS": "VVFIN",
                    "index": "55",
                    "dep_rel": "root",
                    "head_index": "0",
                    "parser_morph_features": "3|Pl|Pres|_",
                    "lemma_split_verb": "beikommen"
                }
            },
            "super_head": {}
        },
        "POST_info": {
            "P_TOK1": {
                "word_type": "N",
                "word_form": "Eva",
                "lemma": "Eva",
                "POS_STTS": "NN",
                "index": "59",
                "dep_rel": "gmod",
                "head_index": "57",
                "parser_morph_features": "Fem|Gen|Sg"
            }
        },
        "TOK_info": {
            "TOK1": {
                "word_type": "ART",
                "word_form": "Viele",
                "lemma": "viele",
                "POS_STTS": "PIDAT",
                "index": "56",
                "dep_rel": "det",
                "head_index": "57",
                "parser_morph_features": "_|Nom|Pl",
                "possible_morph_features": []
            },
            "TOK2": {
                "word_type": "N",
                "word_form": "Gruse",
                "lemma": "Gruse",
                "POS_STTS": "NN",
                "index": "57",
                "dep_rel": "subj",
                "head_index": "55",
                "parser_morph_features": "_|Nom|Pl",
                "possible_morph_features": []
            }
        },
        "relations": {
            "rel_1": {
                "rel_type": "must_agree",
                "involved": [
                    "TOK2",
                    "TOK1"
                ],
                "ruler": "TOK2",
                "possible_agreement": null
            }
        }
    },
    {
        "file_ID": "1071_0248316",
        "sent_NP_ID": "1_14",
        "sentence": "Hallo Jens Herzlich Glückwünsch Sie Sint Fata geworden ich freumich fur dich Vie viel wigt das Bebi und wie heist das Bebi istas aien Junge oder ain Mötchen Istes alles oke wigetes die Mamma gehtes ir gut ist ales oke mit ir Bitte wen Sie raus ist ruf mich am Ich wolte vor bei kommen Viele Gruse Deiner Eva",
        "metadata": {
            "corpus": "MERLIN_DE",
            "author": {
                "author_ID": "1071_0248316",
                "L1": "not reported",
                "age": "42",
                "gender": "female"
            },
            "CEFR": {
                "overall_fairRating": "A2",
                "test_level": "A1"
            },
            "task": {
                "formality": "informal",
                "text_type": "letter",
                "topic": "congratulate to birth of child"
            }
        },
        "NP_info": {
            "len_np": 2,
            "coordination": null
        },
        "HEAD_info": {
            "head": {
                "H_TOK1": {
                    "word_type": "N",
                    "word_form": "Gruse",
                    "lemma": "Gruse",
                    "POS_STTS": "NN",
                    "index": "57",
                    "dep_rel": "subj",
                    "head_index": "55",
                    "parser_morph_features": "_|Nom|Pl"
                }
            },
            "super_head": {
                "SH_TOK1": {
                    "word_type": "PTKVZ",
                    "word_form": "bei",
                    "lemma": "bei",
                    "POS_STTS": "PTKVZ",
                    "index": "54",
                    "dep_rel": "avz",
                    "head_index": "55",
                    "parser_morph_features": "_"
                },
                "SH_TOK2": {
                    "word_type": "V",
                    "word_form": "kommen",
                    "lemma": "kommen",
                    "POS_STTS": "VVFIN",
                    "index": "55",
                    "dep_rel": "root",
                    "head_index": "0",
                    "parser_morph_features": "3|Pl|Pres|_",
                    "lemma_split_verb": "beikommen"
                }
            }
        },
        "POST_info": {},
        "TOK_info": {
            "TOK1": {
                "word_type": "ART",
                "word_form": "Deiner",
                "lemma": "deine",
                "POS_STTS": "PPOSAT",
                "index": "58",
                "dep_rel": "det",
                "head_index": "59",
                "parser_morph_features": "Fem|Gen|Sg",
                "possible_morph_features": []
            },
            "TOK2": {
                "word_type": "N",
                "word_form": "Eva",
                "lemma": "Eva",
                "POS_STTS": "NN",
                "index": "59",
                "dep_rel": "gmod",
                "head_index": "57",
                "parser_morph_features": "Fem|Gen|Sg",
                "possible_morph_features": []
            }
        },
        "relations": {
            "rel_1": {
                "rel_type": "must_agree",
                "involved": [
                    "TOK2",
                    "TOK1"
                ],
                "ruler": "TOK2",
                "possible_agreement": null
            }
        }
    }
]