[
    {
        "file_ID": "1071_0024680",
        "sent_NP_ID": "1_1",
        "sentence": "Lieber Ingo , 08.03.2012 Stadt X wie gehts dir .",
        "metadata": {
            "corpus": "MERLIN_DE",
            "author": {
                "author_ID": "1071_0024680",
                "L1": "Arabic",
                "age": "33",
                "gender": "female"
            },
            "CEFR": {
                "overall_fairRating": "B1",
                "test_level": "A1"
            },
            "task": {
                "formality": "informal",
                "text_type": "email",
                "topic": "ask friend for help for finding apartment"
            }
        },
        "NP_info": {
            "len_np": 2,
            "coordination": null
        },
        "HEAD_info": {
            "head": {},
            "super_head": {}
        },
        "POST_info": {},
        "TOK_info": {
            "TOK1": {
                "word_type": "ADV",
                "word_form": "Lieber",
                "lemma": "lieb",
                "POS_STTS": "ADJD",
                "index": "1",
                "dep_rel": "adv",
                "head_index": "2",
                "parser_morph_features": "Comp|",
                "possible_morph_features": []
            },
            "TOK2": {
                "word_type": "N",
                "word_form": "Ingo",
                "lemma": "Ingo",
                "POS_STTS": "NE",
                "index": "2",
                "dep_rel": "root",
                "head_index": "0",
                "parser_morph_features": "Masc|_|Sg",
                "possible_morph_features": []
            }
        },
        "relations": {}
    },
    {
        "file_ID": "1071_0024680",
        "sent_NP_ID": "1_2",
        "sentence": "Lieber Ingo , 08.03.2012 Stadt X wie gehts dir .",
        "metadata": {
            "corpus": "MERLIN_DE",
            "author": {
                "author_ID": "1071_0024680",
                "L1": "Arabic",
                "age": "33",
                "gender": "female"
            },
            "CEFR": {
                "overall_fairRating": "B1",
                "test_level": "A1"
            },
            "task": {
                "formality": "informal",
                "text_type": "email",
                "topic": "ask friend for help for finding apartment"
            }
        },
        "NP_info": {
            "len_np": 2,
            "coordination": null
        },
        "HEAD_info": {
            "head": {},
            "super_head": {}
        },
        "POST_info": {
            "P_TOK1": {
                "word_type": "N",
                "word_form": "X",
                "lemma": "X",
                "POS_STTS": "NN",
                "index": "6",
                "dep_rel": "app",
                "head_index": "5",
                "parser_morph_features": "Neut|_|_"
            }
        },
        "TOK_info": {
            "TOK1": {
                "word_type": "CARD",
                "word_form": "08.03.2012",
                "lemma": "08.03.2012",
                "POS_STTS": "CARD",
                "index": "4",
                "dep_rel": "attr",
                "head_index": "5",
                "parser_morph_features": "_",
                "possible_morph_features": []
            },
            "TOK2": {
                "word_type": "N",
                "word_form": "Stadt",
                "lemma": "Stadt",
                "POS_STTS": "NN",
                "index": "5",
                "dep_rel": "root",
                "head_index": "0",
                "parser_morph_features": "Neut|_|Pl",
                "possible_morph_features": []
            }
        },
        "relations": {}
    },
    {
        "file_ID": "1071_0024680",
        "sent_NP_ID": "1_3",
        "sentence": "Lieber Ingo , 08.03.2012 Stadt X wie gehts dir .",
        "metadata": {
            "corpus": "MERLIN_DE",
            "author": {
                "author_ID": "1071_0024680",
                "L1": "Arabic",
                "age": "33",
                "gender": "female"
            },
            "CEFR": {
                "overall_fairRating": "B1",
                "test_level": "A1"
            },
            "task": {
                "formality": "informal",
                "text_type": "email",
                "topic": "ask friend for help for finding apartment"
            }
        },
        "NP_info": {
            "len_np": 1,
            "coordination": [
                "1_3",
                "1_4"
            ]
        },
        "HEAD_info": {
            "head": {
                "H_TOK1": {
                    "word_type": "N",
                    "word_form": "Stadt",
                    "lemma": "Stadt",
                    "POS_STTS": "NN",
                    "index": "5",
                    "dep_rel": "root",
                    "head_index": "0",
                    "parser_morph_features": "Neut|_|Pl"
                }
            },
            "super_head": {}
        },
        "POST_info": {
            "P_TOK1": {
                "word_type": "KOKOM",
                "word_form": "wie",
                "lemma": "wie",
                "POS_STTS": "KOKOM",
                "index": "7",
                "dep_rel": "kom",
                "head_index": "6",
                "parser_morph_features": "_"
            }
        },
        "TOK_info": {
            "TOK1": {
                "word_type": "N",
                "word_form": "X",
                "lemma": "X",
                "POS_STTS": "NN",
                "index": "6",
                "dep_rel": "app",
                "head_index": "5",
                "parser_morph_features": "Neut|_|_",
                "possible_morph_features": []
            }
        },
        "relations": {}
    },
    {
        "file_ID": "1071_0024680",
        "sent_NP_ID": "1_4",
        "sentence": "Lieber Ingo , 08.03.2012 Stadt X wie gehts dir .",
        "metadata": {
            "corpus": "MERLIN_DE",
            "author": {
                "author_ID": "1071_0024680",
                "L1": "Arabic",
                "age": "33",
                "gender": "female"
            },
            "CEFR": {
                "overall_fairRating": "B1",
                "test_level": "A1"
            },
            "task": {
                "formality": "informal",
                "text_type": "email",
                "topic": "ask friend for help for finding apartment"
            }
        },
        "NP_info": {
            "len_np": 1,
            "coordination": [
                "1_3",
                "1_4"
            ]
        },
        "HEAD_info": {
            "head": {
                "H_TOK1": {
                    "word_type": "KOKOM",
                    "word_form": "wie",
                    "lemma": "wie",
                    "POS_STTS": "KOKOM",
                    "index": "7",
                    "dep_rel": "kom",
                    "head_index": "6",
                    "parser_morph_features": "_"
                }
            },
            "super_head": {
                "SH_TOK1": {
                    "word_type": "N",
                    "word_form": "X",
                    "lemma": "X",
                    "POS_STTS": "NN",
                    "index": "6",
                    "dep_rel": "app",
                    "head_index": "5",
                    "parser_morph_features": "Neut|_|_"
                }
            }
        },
        "POST_info": {},
        "TOK_info": {
            "TOK1": {
                "word_type": "N",
                "word_form": "gehts",
                "lemma": "gehts",
                "POS_STTS": "NE",
                "index": "8",
                "dep_rel": "cj",
                "head_index": "7",
                "parser_morph_features": "_",
                "possible_morph_features": []
            }
        },
        "relations": {}
    },
    {
        "file_ID": "1071_0024680",
        "sent_NP_ID": "2_5",
        "sentence": "Ich habe eine Arbeit in Neuburg gefunden .",
        "metadata": {
            "corpus": "MERLIN_DE",
            "author": {
                "author_ID": "1071_0024680",
                "L1": "Arabic",
                "age": "33",
                "gender": "female"
            },
            "CEFR": {
                "overall_fairRating": "B1",
                "test_level": "A1"
            },
            "task": {
                "formality": "informal",
                "text_type": "email",
                "topic": "ask friend for help for finding apartment"
            }
        },
        "NP_info": {
            "len_np": 2,
            "coordination": null
        },
        "HEAD_info": {
            "head": {
                "H_TOK1": {
                    "word_type": "V",
                    "word_form": "gefunden",
                    "lemma": "finden",
                    "POS_STTS": "VVPP",
                    "index": "7",
                    "dep_rel": "aux",
                    "head_index": "2",
                    "parser_morph_features": "_"
                }
            },
            "super_head": {
                "SH_TOK1": {
                    "word_type": "V",
                    "word_form": "habe",
                    "lemma": "haben",
                    "POS_STTS": "VAFIN",
                    "index": "2",
                    "dep_rel": "root",
                    "head_index": "0",
                    "parser_morph_features": "1|Sg|Pres|_"
                }
            }
        },
        "POST_info": {},
        "TOK_info": {
            "TOK1": {
                "word_type": "ART",
                "word_form": "eine",
                "lemma": "eine",
                "POS_STTS": "ART",
                "index": "3",
                "dep_rel": "det",
                "head_index": "4",
                "parser_morph_features": "Indef|Fem|Acc|Sg",
                "possible_morph_features": []
            },
            "TOK2": {
                "word_type": "N",
                "word_form": "Arbeit",
                "lemma": "Arbeit",
                "POS_STTS": "NN",
                "index": "4",
                "dep_rel": "obja",
                "head_index": "7",
                "parser_morph_features": "Fem|Acc|Sg",
                "possible_morph_features": []
            }
        },
        "relations": {
            "rel_1": {
                "rel_type": "must_agree",
                "involved": [
                    "TOK2",
                    "TOK1"
                ],
                "ruler": "TOK2",
                "possible_agreement": null
            }
        }
    },
    {
        "file_ID": "1071_0024680",
        "sent_NP_ID": "2_6",
        "sentence": "Ich habe eine Arbeit in Neuburg gefunden .",
        "metadata": {
            "corpus": "MERLIN_DE",
            "author": {
                "author_ID": "1071_0024680",
                "L1": "Arabic",
                "age": "33",
                "gender": "female"
            },
            "CEFR": {
                "overall_fairRating": "B1",
                "test_level": "A1"
            },
            "task": {
                "formality": "informal",
                "text_type": "email",
                "topic": "ask friend for help for finding apartment"
            }
        },
        "NP_info": {
            "len_np": 1,
            "coordination": null
        },
        "HEAD_info": {
            "head": {
                "H_TOK1": {
                    "word_type": "PREP",
                    "word_form": "in",
                    "lemma": "in",
                    "POS_STTS": "APPR",
                    "index": "5",
                    "dep_rel": "pp",
                    "head_index": "7",
                    "parser_morph_features": "_"
                }
            },
            "super_head": {
                "SH_TOK1": {
                    "word_type": "V",
                    "word_form": "gefunden",
                    "lemma": "finden",
                    "POS_STTS": "VVPP",
                    "index": "7",
                    "dep_rel": "aux",
                    "head_index": "2",
                    "parser_morph_features": "_"
                }
            }
        },
        "POST_info": {},
        "TOK_info": {
            "TOK1": {
                "word_type": "N",
                "word_form": "Neuburg",
                "lemma": "Neuburg",
                "POS_STTS": "NN",
                "index": "6",
                "dep_rel": "pn",
                "head_index": "5",
                "parser_morph_features": "Fem|_|Sg",
                "possible_morph_features": []
            }
        },
        "relations": {}
    },
    {
        "file_ID": "1071_0024680",
        "sent_NP_ID": "3_7",
        "sentence": "Meine Arbeit beginnt am 01.04.2012 in Neuburg .",
        "metadata": {
            "corpus": "MERLIN_DE",
            "author": {
                "author_ID": "1071_0024680",
                "L1": "Arabic",
                "age": "33",
                "gender": "female"
            },
            "CEFR": {
                "overall_fairRating": "B1",
                "test_level": "A1"
            },
            "task": {
                "formality": "informal",
                "text_type": "email",
                "topic": "ask friend for help for finding apartment"
            }
        },
        "NP_info": {
            "len_np": 2,
            "coordination": null
        },
        "HEAD_info": {
            "head": {
                "H_TOK1": {
                    "word_type": "V",
                    "word_form": "beginnt",
                    "lemma": "beginnen",
                    "POS_STTS": "VVFIN",
                    "index": "3",
                    "dep_rel": "root",
                    "head_index": "0",
                    "parser_morph_features": "3|Sg|Pres|Ind"
                }
            },
            "super_head": {}
        },
        "POST_info": {},
        "TOK_info": {
            "TOK1": {
                "word_type": "ART",
                "word_form": "Meine",
                "lemma": "meine",
                "POS_STTS": "PPOSAT",
                "index": "1",
                "dep_rel": "det",
                "head_index": "2",
                "parser_morph_features": "Fem|Nom|Sg",
                "possible_morph_features": []
            },
            "TOK2": {
                "word_type": "N",
                "word_form": "Arbeit",
                "lemma": "Arbeit",
                "POS_STTS": "NN",
                "index": "2",
                "dep_rel": "subj",
                "head_index": "3",
                "parser_morph_features": "Fem|Nom|Sg",
                "possible_morph_features": []
            }
        },
        "relations": {
            "rel_1": {
                "rel_type": "must_agree",
                "involved": [
                    "TOK2",
                    "TOK1"
                ],
                "ruler": "TOK2",
                "possible_agreement": null
            }
        }
    },
    {
        "file_ID": "1071_0024680",
        "sent_NP_ID": "3_8",
        "sentence": "Meine Arbeit beginnt am 01.04.2012 in Neuburg .",
        "metadata": {
            "corpus": "MERLIN_DE",
            "author": {
                "author_ID": "1071_0024680",
                "L1": "Arabic",
                "age": "33",
                "gender": "female"
            },
            "CEFR": {
                "overall_fairRating": "B1",
                "test_level": "A1"
            },
            "task": {
                "formality": "informal",
                "text_type": "email",
                "topic": "ask friend for help for finding apartment"
            }
        },
        "NP_info": {
            "len_np": 1,
            "coordination": null
        },
        "HEAD_info": {
            "head": {
                "H_TOK1": {
                    "word_type": "PREP",
                    "word_form": "am",
                    "lemma": "an",
                    "POS_STTS": "APPRART",
                    "index": "4",
                    "dep_rel": "pp",
                    "head_index": "3",
                    "parser_morph_features": "Dat"
                }
            },
            "super_head": {
                "SH_TOK1": {
                    "word_type": "V",
                    "word_form": "beginnt",
                    "lemma": "beginnen",
                    "POS_STTS": "VVFIN",
                    "index": "3",
                    "dep_rel": "root",
                    "head_index": "0",
                    "parser_morph_features": "3|Sg|Pres|Ind"
                }
            }
        },
        "POST_info": {},
        "TOK_info": {
            "TOK1": {
                "word_type": "N",
                "word_form": "01.04.2012",
                "lemma": "01.04.2012",
                "POS_STTS": "NN",
                "index": "5",
                "dep_rel": "pn",
                "head_index": "4",
                "parser_morph_features": "_|Dat|_",
                "possible_morph_features": []
            }
        },
        "relations": {
            "rel_1": {
                "rel_type": "must_agree",
                "involved": [
                    "TOK1",
                    "H_TOK1"
                ],
                "ruler": "TOK1",
                "possible_agreement": null
            }
        }
    },
    {
        "file_ID": "1071_0024680",
        "sent_NP_ID": "3_9",
        "sentence": "Meine Arbeit beginnt am 01.04.2012 in Neuburg .",
        "metadata": {
            "corpus": "MERLIN_DE",
            "author": {
                "author_ID": "1071_0024680",
                "L1": "Arabic",
                "age": "33",
                "gender": "female"
            },
            "CEFR": {
                "overall_fairRating": "B1",
                "test_level": "A1"
            },
            "task": {
                "formality": "informal",
                "text_type": "email",
                "topic": "ask friend for help for finding apartment"
            }
        },
        "NP_info": {
            "len_np": 1,
            "coordination": null
        },
        "HEAD_info": {
            "head": {
                "H_TOK1": {
                    "word_type": "PREP",
                    "word_form": "in",
                    "lemma": "in",
                    "POS_STTS": "APPR",
                    "index": "6",
                    "dep_rel": "pp",
                    "head_index": "3",
                    "parser_morph_features": "_"
                }
            },
            "super_head": {
                "SH_TOK1": {
                    "word_type": "V",
                    "word_form": "beginnt",
                    "lemma": "beginnen",
                    "POS_STTS": "VVFIN",
                    "index": "3",
                    "dep_rel": "root",
                    "head_index": "0",
                    "parser_morph_features": "3|Sg|Pres|Ind"
                }
            }
        },
        "POST_info": {},
        "TOK_info": {
            "TOK1": {
                "word_type": "N",
                "word_form": "Neuburg",
                "lemma": "Neuburg",
                "POS_STTS": "NN",
                "index": "7",
                "dep_rel": "pn",
                "head_index": "6",
                "parser_morph_features": "Fem|_|Sg",
                "possible_morph_features": []
            }
        },
        "relations": {}
    },
    {
        "file_ID": "1071_0024680",
        "sent_NP_ID": "4_10",
        "sentence": "Deshalb brauche ich eine neue Wohnung .",
        "metadata": {
            "corpus": "MERLIN_DE",
            "author": {
                "author_ID": "1071_0024680",
                "L1": "Arabic",
                "age": "33",
                "gender": "female"
            },
            "CEFR": {
                "overall_fairRating": "B1",
                "test_level": "A1"
            },
            "task": {
                "formality": "informal",
                "text_type": "email",
                "topic": "ask friend for help for finding apartment"
            }
        },
        "NP_info": {
            "len_np": 3,
            "coordination": null
        },
        "HEAD_info": {
            "head": {
                "H_TOK1": {
                    "word_type": "V",
                    "word_form": "brauche",
                    "lemma": "brauchen",
                    "POS_STTS": "VVFIN",
                    "index": "2",
                    "dep_rel": "root",
                    "head_index": "0",
                    "parser_morph_features": "1|Sg|Pres|_"
                }
            },
            "super_head": {}
        },
        "POST_info": {},
        "TOK_info": {
            "TOK1": {
                "word_type": "ART",
                "word_form": "eine",
                "lemma": "eine",
                "POS_STTS": "ART",
                "index": "4",
                "dep_rel": "det",
                "head_index": "6",
                "parser_morph_features": "Indef|Fem|Acc|Sg",
                "possible_morph_features": []
            },
            "TOK2": {
                "word_type": "ADJA",
                "word_form": "neue",
                "lemma": "neu",
                "POS_STTS": "ADJA",
                "index": "5",
                "dep_rel": "attr",
                "head_index": "6",
                "parser_morph_features": "Pos|Fem|Acc|Sg|_|",
                "possible_morph_features": []
            },
            "TOK3": {
                "word_type": "N",
                "word_form": "Wohnung",
                "lemma": "Wohnung",
                "POS_STTS": "NN",
                "index": "6",
                "dep_rel": "obja",
                "head_index": "2",
                "parser_morph_features": "Fem|Acc|Sg",
                "possible_morph_features": []
            }
        },
        "relations": {
            "rel_1": {
                "rel_type": "must_agree",
                "involved": [
                    "TOK1",
                    "TOK2"
                ],
                "ruler": null,
                "possible_agreement": null
            },
            "rel_2": {
                "rel_type": "must_agree",
                "involved": [
                    "TOK3",
                    "TOK1"
                ],
                "ruler": "TOK3",
                "possible_agreement": null
            },
            "rel_3": {
                "rel_type": "must_agree",
                "involved": [
                    "TOK3",
                    "TOK2"
                ],
                "ruler": "TOK3",
                "possible_agreement": null
            }
        }
    },
    {
        "file_ID": "1071_0024680",
        "sent_NP_ID": "5_11",
        "sentence": "Ich möchte eine größe Wohnung sein weil ich 4 Kinder habe .",
        "metadata": {
            "corpus": "MERLIN_DE",
            "author": {
                "author_ID": "1071_0024680",
                "L1": "Arabic",
                "age": "33",
                "gender": "female"
            },
            "CEFR": {
                "overall_fairRating": "B1",
                "test_level": "A1"
            },
            "task": {
                "formality": "informal",
                "text_type": "email",
                "topic": "ask friend for help for finding apartment"
            }
        },
        "NP_info": {
            "len_np": 3,
            "coordination": null
        },
        "HEAD_info": {
            "head": {
                "H_TOK1": {
                    "word_type": "V",
                    "word_form": "sein",
                    "lemma": "sein",
                    "POS_STTS": "VAINF",
                    "index": "6",
                    "dep_rel": "aux",
                    "head_index": "2",
                    "parser_morph_features": "_"
                }
            },
            "super_head": {
                "SH_TOK1": {
                    "word_type": "V",
                    "word_form": "möchte",
                    "lemma": "mögen",
                    "POS_STTS": "VMFIN",
                    "index": "2",
                    "dep_rel": "root",
                    "head_index": "0",
                    "parser_morph_features": "1|Sg|Past|Subj"
                }
            }
        },
        "POST_info": {},
        "TOK_info": {
            "TOK1": {
                "word_type": "ART",
                "word_form": "eine",
                "lemma": "eine",
                "POS_STTS": "ART",
                "index": "3",
                "dep_rel": "det",
                "head_index": "5",
                "parser_morph_features": "Indef|Fem|Nom|Sg",
                "possible_morph_features": []
            },
            "TOK2": {
                "word_type": "ADJA",
                "word_form": "größe",
                "lemma": "größe",
                "POS_STTS": "ADJA",
                "index": "4",
                "dep_rel": "attr",
                "head_index": "5",
                "parser_morph_features": "_|Fem|Nom|Sg|_",
                "possible_morph_features": []
            },
            "TOK3": {
                "word_type": "N",
                "word_form": "Wohnung",
                "lemma": "Wohnung",
                "POS_STTS": "NN",
                "index": "5",
                "dep_rel": "pred",
                "head_index": "6",
                "parser_morph_features": "Fem|Nom|Sg",
                "possible_morph_features": []
            }
        },
        "relations": {
            "rel_1": {
                "rel_type": "must_agree",
                "involved": [
                    "TOK1",
                    "TOK2"
                ],
                "ruler": null,
                "possible_agreement": null
            },
            "rel_2": {
                "rel_type": "must_agree",
                "involved": [
                    "TOK3",
                    "TOK1"
                ],
                "ruler": "TOK3",
                "possible_agreement": null
            },
            "rel_3": {
                "rel_type": "must_agree",
                "involved": [
                    "TOK3",
                    "TOK2"
                ],
                "ruler": "TOK3",
                "possible_agreement": null
            }
        }
    },
    {
        "file_ID": "1071_0024680",
        "sent_NP_ID": "5_12",
        "sentence": "Ich möchte eine größe Wohnung sein weil ich 4 Kinder habe .",
        "metadata": {
            "corpus": "MERLIN_DE",
            "author": {
                "author_ID": "1071_0024680",
                "L1": "Arabic",
                "age": "33",
                "gender": "female"
            },
            "CEFR": {
                "overall_fairRating": "B1",
                "test_level": "A1"
            },
            "task": {
                "formality": "informal",
                "text_type": "email",
                "topic": "ask friend for help for finding apartment"
            }
        },
        "NP_info": {
            "len_np": 2,
            "coordination": null
        },
        "HEAD_info": {
            "head": {
                "H_TOK1": {
                    "word_type": "V",
                    "word_form": "habe",
                    "lemma": "haben",
                    "POS_STTS": "VAFIN",
                    "index": "11",
                    "dep_rel": "neb",
                    "head_index": "2",
                    "parser_morph_features": "1|Sg|Pres|_"
                }
            },
            "super_head": {
                "SH_TOK1": {
                    "word_type": "V",
                    "word_form": "möchte",
                    "lemma": "mögen",
                    "POS_STTS": "VMFIN",
                    "index": "2",
                    "dep_rel": "root",
                    "head_index": "0",
                    "parser_morph_features": "1|Sg|Past|Subj"
                }
            }
        },
        "POST_info": {},
        "TOK_info": {
            "TOK1": {
                "word_type": "CARD",
                "word_form": "4",
                "lemma": "4",
                "POS_STTS": "CARD",
                "index": "9",
                "dep_rel": "attr",
                "head_index": "10",
                "parser_morph_features": "_",
                "possible_morph_features": []
            },
            "TOK2": {
                "word_type": "N",
                "word_form": "Kinder",
                "lemma": "Kind",
                "POS_STTS": "NN",
                "index": "10",
                "dep_rel": "obja",
                "head_index": "11",
                "parser_morph_features": "Neut|Acc|Pl",
                "possible_morph_features": []
            }
        },
        "relations": {}
    },
    {
        "file_ID": "1071_0024680",
        "sent_NP_ID": "6_13",
        "sentence": "Ich würde auch gerne eine größe Küche haben .",
        "metadata": {
            "corpus": "MERLIN_DE",
            "author": {
                "author_ID": "1071_0024680",
                "L1": "Arabic",
                "age": "33",
                "gender": "female"
            },
            "CEFR": {
                "overall_fairRating": "B1",
                "test_level": "A1"
            },
            "task": {
                "formality": "informal",
                "text_type": "email",
                "topic": "ask friend for help for finding apartment"
            }
        },
        "NP_info": {
            "len_np": 3,
            "coordination": null
        },
        "HEAD_info": {
            "head": {
                "H_TOK1": {
                    "word_type": "V",
                    "word_form": "haben",
                    "lemma": "haben",
                    "POS_STTS": "VAINF",
                    "index": "8",
                    "dep_rel": "aux",
                    "head_index": "2",
                    "parser_morph_features": "_"
                }
            },
            "super_head": {
                "SH_TOK1": {
                    "word_type": "V",
                    "word_form": "würde",
                    "lemma": "werden",
                    "POS_STTS": "VAFIN",
                    "index": "2",
                    "dep_rel": "root",
                    "head_index": "0",
                    "parser_morph_features": "1|Sg|Past|Subj"
                }
            }
        },
        "POST_info": {},
        "TOK_info": {
            "TOK1": {
                "word_type": "ART",
                "word_form": "eine",
                "lemma": "eine",
                "POS_STTS": "ART",
                "index": "5",
                "dep_rel": "det",
                "head_index": "7",
                "parser_morph_features": "Indef|Fem|Acc|Sg",
                "possible_morph_features": []
            },
            "TOK2": {
                "word_type": "ADJA",
                "word_form": "größe",
                "lemma": "größe",
                "POS_STTS": "ADJA",
                "index": "6",
                "dep_rel": "attr",
                "head_index": "7",
                "parser_morph_features": "_|Fem|Acc|Sg|_",
                "possible_morph_features": []
            },
            "TOK3": {
                "word_type": "N",
                "word_form": "Küche",
                "lemma": "Küche",
                "POS_STTS": "NN",
                "index": "7",
                "dep_rel": "obja",
                "head_index": "8",
                "parser_morph_features": "Fem|Acc|Sg",
                "possible_morph_features": []
            }
        },
        "relations": {
            "rel_1": {
                "rel_type": "must_agree",
                "involved": [
                    "TOK1",
                    "TOK2"
                ],
                "ruler": null,
                "possible_agreement": null
            },
            "rel_2": {
                "rel_type": "must_agree",
                "involved": [
                    "TOK3",
                    "TOK1"
                ],
                "ruler": "TOK3",
                "possible_agreement": null
            },
            "rel_3": {
                "rel_type": "must_agree",
                "involved": [
                    "TOK3",
                    "TOK2"
                ],
                "ruler": "TOK3",
                "possible_agreement": null
            }
        }
    },
    {
        "file_ID": "1071_0024680",
        "sent_NP_ID": "7_14",
        "sentence": "Mein mann hat gesagt : dass die Wohnung besser in der stadtmitte ist .",
        "metadata": {
            "corpus": "MERLIN_DE",
            "author": {
                "author_ID": "1071_0024680",
                "L1": "Arabic",
                "age": "33",
                "gender": "female"
            },
            "CEFR": {
                "overall_fairRating": "B1",
                "test_level": "A1"
            },
            "task": {
                "formality": "informal",
                "text_type": "email",
                "topic": "ask friend for help for finding apartment"
            }
        },
        "NP_info": {
            "len_np": 2,
            "coordination": null
        },
        "HEAD_info": {
            "head": {
                "H_TOK1": {
                    "word_type": "V",
                    "word_form": "hat",
                    "lemma": "haben",
                    "POS_STTS": "VAFIN",
                    "index": "3",
                    "dep_rel": "root",
                    "head_index": "0",
                    "parser_morph_features": "3|Sg|Pres|Ind"
                }
            },
            "super_head": {}
        },
        "POST_info": {},
        "TOK_info": {
            "TOK1": {
                "word_type": "ART",
                "word_form": "Mein",
                "lemma": "meine",
                "POS_STTS": "PPOSAT",
                "index": "1",
                "dep_rel": "det",
                "head_index": "2",
                "parser_morph_features": "_|Nom|Sg",
                "possible_morph_features": []
            },
            "TOK2": {
                "word_type": "N",
                "word_form": "mann",
                "lemma": "mann",
                "POS_STTS": "NN",
                "index": "2",
                "dep_rel": "subj",
                "head_index": "3",
                "parser_morph_features": "_|Nom|Sg",
                "possible_morph_features": []
            }
        },
        "relations": {
            "rel_1": {
                "rel_type": "must_agree",
                "involved": [
                    "TOK2",
                    "TOK1"
                ],
                "ruler": "TOK2",
                "possible_agreement": null
            }
        }
    },
    {
        "file_ID": "1071_0024680",
        "sent_NP_ID": "7_15",
        "sentence": "Mein mann hat gesagt : dass die Wohnung besser in der stadtmitte ist .",
        "metadata": {
            "corpus": "MERLIN_DE",
            "author": {
                "author_ID": "1071_0024680",
                "L1": "Arabic",
                "age": "33",
                "gender": "female"
            },
            "CEFR": {
                "overall_fairRating": "B1",
                "test_level": "A1"
            },
            "task": {
                "formality": "informal",
                "text_type": "email",
                "topic": "ask friend for help for finding apartment"
            }
        },
        "NP_info": {
            "len_np": 2,
            "coordination": null
        },
        "HEAD_info": {
            "head": {
                "H_TOK1": {
                    "word_type": "V",
                    "word_form": "ist",
                    "lemma": "sein",
                    "POS_STTS": "VAFIN",
                    "index": "13",
                    "dep_rel": "root",
                    "head_index": "0",
                    "parser_morph_features": "3|Sg|Pres|Ind"
                }
            },
            "super_head": {}
        },
        "POST_info": {},
        "TOK_info": {
            "TOK1": {
                "word_type": "ART",
                "word_form": "die",
                "lemma": "die",
                "POS_STTS": "ART",
                "index": "7",
                "dep_rel": "det",
                "head_index": "8",
                "parser_morph_features": "Def|Fem|Nom|Sg",
                "possible_morph_features": []
            },
            "TOK2": {
                "word_type": "N",
                "word_form": "Wohnung",
                "lemma": "Wohnung",
                "POS_STTS": "NN",
                "index": "8",
                "dep_rel": "subj",
                "head_index": "13",
                "parser_morph_features": "Fem|Nom|Sg",
                "possible_morph_features": []
            }
        },
        "relations": {
            "rel_1": {
                "rel_type": "must_agree",
                "involved": [
                    "TOK2",
                    "TOK1"
                ],
                "ruler": "TOK2",
                "possible_agreement": null
            }
        }
    },
    {
        "file_ID": "1071_0024680",
        "sent_NP_ID": "7_16",
        "sentence": "Mein mann hat gesagt : dass die Wohnung besser in der stadtmitte ist .",
        "metadata": {
            "corpus": "MERLIN_DE",
            "author": {
                "author_ID": "1071_0024680",
                "L1": "Arabic",
                "age": "33",
                "gender": "female"
            },
            "CEFR": {
                "overall_fairRating": "B1",
                "test_level": "A1"
            },
            "task": {
                "formality": "informal",
                "text_type": "email",
                "topic": "ask friend for help for finding apartment"
            }
        },
        "NP_info": {
            "len_np": 2,
            "coordination": null
        },
        "HEAD_info": {
            "head": {
                "H_TOK1": {
                    "word_type": "PREP",
                    "word_form": "in",
                    "lemma": "in",
                    "POS_STTS": "APPR",
                    "index": "10",
                    "dep_rel": "pp",
                    "head_index": "13",
                    "parser_morph_features": "Dat"
                }
            },
            "super_head": {
                "SH_TOK1": {
                    "word_type": "V",
                    "word_form": "ist",
                    "lemma": "sein",
                    "POS_STTS": "VAFIN",
                    "index": "13",
                    "dep_rel": "root",
                    "head_index": "0",
                    "parser_morph_features": "3|Sg|Pres|Ind"
                }
            }
        },
        "POST_info": {},
        "TOK_info": {
            "TOK1": {
                "word_type": "ART",
                "word_form": "der",
                "lemma": "die",
                "POS_STTS": "ART",
                "index": "11",
                "dep_rel": "det",
                "head_index": "12",
                "parser_morph_features": "Def|Fem|Dat|Sg",
                "possible_morph_features": []
            },
            "TOK2": {
                "word_type": "N",
                "word_form": "stadtmitte",
                "lemma": "stadtmitte",
                "POS_STTS": "NN",
                "index": "12",
                "dep_rel": "pn",
                "head_index": "10",
                "parser_morph_features": "Fem|Dat|Sg",
                "possible_morph_features": []
            }
        },
        "relations": {
            "rel_1": {
                "rel_type": "must_agree",
                "involved": [
                    "TOK2",
                    "TOK1"
                ],
                "ruler": "TOK2",
                "possible_agreement": null
            }
        }
    },
    {
        "file_ID": "1071_0024680",
        "sent_NP_ID": "8_17",
        "sentence": "Ich möchte auch neues Mobil für meine Wohnung .",
        "metadata": {
            "corpus": "MERLIN_DE",
            "author": {
                "author_ID": "1071_0024680",
                "L1": "Arabic",
                "age": "33",
                "gender": "female"
            },
            "CEFR": {
                "overall_fairRating": "B1",
                "test_level": "A1"
            },
            "task": {
                "formality": "informal",
                "text_type": "email",
                "topic": "ask friend for help for finding apartment"
            }
        },
        "NP_info": {
            "len_np": 2,
            "coordination": null
        },
        "HEAD_info": {
            "head": {
                "H_TOK1": {
                    "word_type": "V",
                    "word_form": "möchte",
                    "lemma": "mögen",
                    "POS_STTS": "VMFIN",
                    "index": "2",
                    "dep_rel": "root",
                    "head_index": "0",
                    "parser_morph_features": "1|Sg|Past|Subj"
                }
            },
            "super_head": {}
        },
        "POST_info": {
            "P_TOK1": {
                "word_type": "PREP",
                "word_form": "für",
                "lemma": "für",
                "POS_STTS": "APPR",
                "index": "6",
                "dep_rel": "pp",
                "head_index": "5",
                "parser_morph_features": "Acc"
            }
        },
        "TOK_info": {
            "TOK1": {
                "word_type": "ADJA",
                "word_form": "neues",
                "lemma": "neu",
                "POS_STTS": "ADJA",
                "index": "4",
                "dep_rel": "attr",
                "head_index": "5",
                "parser_morph_features": "Pos|Neut|Acc|Sg|St|",
                "possible_morph_features": []
            },
            "TOK2": {
                "word_type": "N",
                "word_form": "Mobil",
                "lemma": "Mobil",
                "POS_STTS": "NN",
                "index": "5",
                "dep_rel": "obja",
                "head_index": "2",
                "parser_morph_features": "Neut|Acc|Sg",
                "possible_morph_features": []
            }
        },
        "relations": {
            "rel_1": {
                "rel_type": "must_agree",
                "involved": [
                    "TOK2",
                    "TOK1"
                ],
                "ruler": "TOK2",
                "possible_agreement": null
            }
        }
    },
    {
        "file_ID": "1071_0024680",
        "sent_NP_ID": "8_18",
        "sentence": "Ich möchte auch neues Mobil für meine Wohnung .",
        "metadata": {
            "corpus": "MERLIN_DE",
            "author": {
                "author_ID": "1071_0024680",
                "L1": "Arabic",
                "age": "33",
                "gender": "female"
            },
            "CEFR": {
                "overall_fairRating": "B1",
                "test_level": "A1"
            },
            "task": {
                "formality": "informal",
                "text_type": "email",
                "topic": "ask friend for help for finding apartment"
            }
        },
        "NP_info": {
            "len_np": 2,
            "coordination": null
        },
        "HEAD_info": {
            "head": {
                "H_TOK1": {
                    "word_type": "PREP",
                    "word_form": "für",
                    "lemma": "für",
                    "POS_STTS": "APPR",
                    "index": "6",
                    "dep_rel": "pp",
                    "head_index": "5",
                    "parser_morph_features": "Acc"
                }
            },
            "super_head": {
                "SH_TOK1": {
                    "word_type": "N",
                    "word_form": "Mobil",
                    "lemma": "Mobil",
                    "POS_STTS": "NN",
                    "index": "5",
                    "dep_rel": "obja",
                    "head_index": "2",
                    "parser_morph_features": "Neut|Acc|Sg"
                }
            }
        },
        "POST_info": {},
        "TOK_info": {
            "TOK1": {
                "word_type": "ART",
                "word_form": "meine",
                "lemma": "meine",
                "POS_STTS": "PPOSAT",
                "index": "7",
                "dep_rel": "det",
                "head_index": "8",
                "parser_morph_features": "Fem|Acc|Sg",
                "possible_morph_features": []
            },
            "TOK2": {
                "word_type": "N",
                "word_form": "Wohnung",
                "lemma": "Wohnung",
                "POS_STTS": "NN",
                "index": "8",
                "dep_rel": "pn",
                "head_index": "6",
                "parser_morph_features": "Fem|Acc|Sg",
                "possible_morph_features": []
            }
        },
        "relations": {
            "rel_1": {
                "rel_type": "must_agree",
                "involved": [
                    "TOK2",
                    "TOK1"
                ],
                "ruler": "TOK2",
                "possible_agreement": null
            }
        }
    },
    {
        "file_ID": "1071_0024680",
        "sent_NP_ID": "9_19",
        "sentence": "Könntest du bitte eine günstige Wohnung finden Wenn du eine gute Wohnung findest .",
        "metadata": {
            "corpus": "MERLIN_DE",
            "author": {
                "author_ID": "1071_0024680",
                "L1": "Arabic",
                "age": "33",
                "gender": "female"
            },
            "CEFR": {
                "overall_fairRating": "B1",
                "test_level": "A1"
            },
            "task": {
                "formality": "informal",
                "text_type": "email",
                "topic": "ask friend for help for finding apartment"
            }
        },
        "NP_info": {
            "len_np": 3,
            "coordination": null
        },
        "HEAD_info": {
            "head": {
                "H_TOK1": {
                    "word_type": "V",
                    "word_form": "bitte",
                    "lemma": "bitten",
                    "POS_STTS": "VVFIN",
                    "index": "3",
                    "dep_rel": "root",
                    "head_index": "0",
                    "parser_morph_features": "3|Sg|Pres|Subj"
                }
            },
            "super_head": {}
        },
        "POST_info": {},
        "TOK_info": {
            "TOK1": {
                "word_type": "ART",
                "word_form": "eine",
                "lemma": "eine",
                "POS_STTS": "ART",
                "index": "4",
                "dep_rel": "det",
                "head_index": "6",
                "parser_morph_features": "Indef|Fem|Nom|Sg",
                "possible_morph_features": []
            },
            "TOK2": {
                "word_type": "ADJA",
                "word_form": "günstige",
                "lemma": "günstig",
                "POS_STTS": "ADJA",
                "index": "5",
                "dep_rel": "attr",
                "head_index": "6",
                "parser_morph_features": "Pos|Fem|Nom|Sg|_|",
                "possible_morph_features": []
            },
            "TOK3": {
                "word_type": "N",
                "word_form": "Wohnung",
                "lemma": "Wohnung",
                "POS_STTS": "NN",
                "index": "6",
                "dep_rel": "subj",
                "head_index": "3",
                "parser_morph_features": "Fem|Nom|Sg",
                "possible_morph_features": []
            }
        },
        "relations": {
            "rel_1": {
                "rel_type": "must_agree",
                "involved": [
                    "TOK1",
                    "TOK2"
                ],
                "ruler": null,
                "possible_agreement": null
            },
            "rel_2": {
                "rel_type": "must_agree",
                "involved": [
                    "TOK3",
                    "TOK1"
                ],
                "ruler": "TOK3",
                "possible_agreement": null
            },
            "rel_3": {
                "rel_type": "must_agree",
                "involved": [
                    "TOK3",
                    "TOK2"
                ],
                "ruler": "TOK3",
                "possible_agreement": null
            }
        }
    },
    {
        "file_ID": "1071_0024680",
        "sent_NP_ID": "9_20",
        "sentence": "Könntest du bitte eine günstige Wohnung finden Wenn du eine gute Wohnung findest .",
        "metadata": {
            "corpus": "MERLIN_DE",
            "author": {
                "author_ID": "1071_0024680",
                "L1": "Arabic",
                "age": "33",
                "gender": "female"
            },
            "CEFR": {
                "overall_fairRating": "B1",
                "test_level": "A1"
            },
            "task": {
                "formality": "informal",
                "text_type": "email",
                "topic": "ask friend for help for finding apartment"
            }
        },
        "NP_info": {
            "len_np": 3,
            "coordination": null
        },
        "HEAD_info": {
            "head": {
                "H_TOK1": {
                    "word_type": "V",
                    "word_form": "findest",
                    "lemma": "finden",
                    "POS_STTS": "VVFIN",
                    "index": "13",
                    "dep_rel": "root",
                    "head_index": "0",
                    "parser_morph_features": "2|Sg|Pres|_"
                }
            },
            "super_head": {}
        },
        "POST_info": {},
        "TOK_info": {
            "TOK1": {
                "word_type": "ART",
                "word_form": "eine",
                "lemma": "eine",
                "POS_STTS": "ART",
                "index": "10",
                "dep_rel": "det",
                "head_index": "12",
                "parser_morph_features": "Indef|Fem|Acc|Sg",
                "possible_morph_features": []
            },
            "TOK2": {
                "word_type": "ADJA",
                "word_form": "gute",
                "lemma": "gut",
                "POS_STTS": "ADJA",
                "index": "11",
                "dep_rel": "attr",
                "head_index": "12",
                "parser_morph_features": "Pos|Fem|Acc|Sg|_|",
                "possible_morph_features": []
            },
            "TOK3": {
                "word_type": "N",
                "word_form": "Wohnung",
                "lemma": "Wohnung",
                "POS_STTS": "NN",
                "index": "12",
                "dep_rel": "obja",
                "head_index": "13",
                "parser_morph_features": "Fem|Acc|Sg",
                "possible_morph_features": []
            }
        },
        "relations": {
            "rel_1": {
                "rel_type": "must_agree",
                "involved": [
                    "TOK1",
                    "TOK2"
                ],
                "ruler": null,
                "possible_agreement": null
            },
            "rel_2": {
                "rel_type": "must_agree",
                "involved": [
                    "TOK3",
                    "TOK1"
                ],
                "ruler": "TOK3",
                "possible_agreement": null
            },
            "rel_3": {
                "rel_type": "must_agree",
                "involved": [
                    "TOK3",
                    "TOK2"
                ],
                "ruler": "TOK3",
                "possible_agreement": null
            }
        }
    },
    {
        "file_ID": "1071_0024680",
        "sent_NP_ID": "11_21",
        "sentence": "Und Mein Mann und ich kommen gleich Vielen Dank für Deine Helfe .",
        "metadata": {
            "corpus": "MERLIN_DE",
            "author": {
                "author_ID": "1071_0024680",
                "L1": "Arabic",
                "age": "33",
                "gender": "female"
            },
            "CEFR": {
                "overall_fairRating": "B1",
                "test_level": "A1"
            },
            "task": {
                "formality": "informal",
                "text_type": "email",
                "topic": "ask friend for help for finding apartment"
            }
        },
        "NP_info": {
            "len_np": 2,
            "coordination": null
        },
        "HEAD_info": {
            "head": {
                "H_TOK1": {
                    "word_type": "V",
                    "word_form": "kommen",
                    "lemma": "kommen",
                    "POS_STTS": "VVFIN",
                    "index": "6",
                    "dep_rel": "cj",
                    "head_index": "1",
                    "parser_morph_features": "_|Pl|Pres|_"
                }
            },
            "super_head": {
                "SH_TOK1": {
                    "word_type": "KON",
                    "word_form": "Und",
                    "lemma": "und",
                    "POS_STTS": "KON",
                    "index": "1",
                    "dep_rel": "root",
                    "head_index": "0",
                    "parser_morph_features": "_"
                }
            }
        },
        "POST_info": {},
        "TOK_info": {
            "TOK1": {
                "word_type": "ART",
                "word_form": "Mein",
                "lemma": "meine",
                "POS_STTS": "PPOSAT",
                "index": "2",
                "dep_rel": "det",
                "head_index": "3",
                "parser_morph_features": "Masc|Nom|Sg",
                "possible_morph_features": []
            },
            "TOK2": {
                "word_type": "N",
                "word_form": "Mann",
                "lemma": "Mann",
                "POS_STTS": "NN",
                "index": "3",
                "dep_rel": "subj",
                "head_index": "6",
                "parser_morph_features": "Masc|Nom|Sg",
                "possible_morph_features": []
            }
        },
        "relations": {
            "rel_1": {
                "rel_type": "must_agree",
                "involved": [
                    "TOK2",
                    "TOK1"
                ],
                "ruler": "TOK2",
                "possible_agreement": null
            }
        }
    },
    {
        "file_ID": "1071_0024680",
        "sent_NP_ID": "11_22",
        "sentence": "Und Mein Mann und ich kommen gleich Vielen Dank für Deine Helfe .",
        "metadata": {
            "corpus": "MERLIN_DE",
            "author": {
                "author_ID": "1071_0024680",
                "L1": "Arabic",
                "age": "33",
                "gender": "female"
            },
            "CEFR": {
                "overall_fairRating": "B1",
                "test_level": "A1"
            },
            "task": {
                "formality": "informal",
                "text_type": "email",
                "topic": "ask friend for help for finding apartment"
            }
        },
        "NP_info": {
            "len_np": 2,
            "coordination": null
        },
        "HEAD_info": {
            "head": {
                "H_TOK1": {
                    "word_type": "V",
                    "word_form": "kommen",
                    "lemma": "kommen",
                    "POS_STTS": "VVFIN",
                    "index": "6",
                    "dep_rel": "cj",
                    "head_index": "1",
                    "parser_morph_features": "_|Pl|Pres|_"
                }
            },
            "super_head": {
                "SH_TOK1": {
                    "word_type": "KON",
                    "word_form": "Und",
                    "lemma": "und",
                    "POS_STTS": "KON",
                    "index": "1",
                    "dep_rel": "root",
                    "head_index": "0",
                    "parser_morph_features": "_"
                }
            }
        },
        "POST_info": {
            "P_TOK1": {
                "word_type": "PREP",
                "word_form": "für",
                "lemma": "für",
                "POS_STTS": "APPR",
                "index": "10",
                "dep_rel": "pp",
                "head_index": "9",
                "parser_morph_features": "Acc"
            }
        },
        "TOK_info": {
            "TOK1": {
                "word_type": "ART",
                "word_form": "Vielen",
                "lemma": "viele",
                "POS_STTS": "PIDAT",
                "index": "8",
                "dep_rel": "det",
                "head_index": "9",
                "parser_morph_features": "Masc|Dat|Sg",
                "possible_morph_features": []
            },
            "TOK2": {
                "word_type": "N",
                "word_form": "Dank",
                "lemma": "Dank",
                "POS_STTS": "NN",
                "index": "9",
                "dep_rel": "objd",
                "head_index": "6",
                "parser_morph_features": "Masc|Dat|Sg",
                "possible_morph_features": []
            }
        },
        "relations": {
            "rel_1": {
                "rel_type": "must_agree",
                "involved": [
                    "TOK2",
                    "TOK1"
                ],
                "ruler": "TOK2",
                "possible_agreement": null
            }
        }
    },
    {
        "file_ID": "1071_0024680",
        "sent_NP_ID": "11_23",
        "sentence": "Und Mein Mann und ich kommen gleich Vielen Dank für Deine Helfe .",
        "metadata": {
            "corpus": "MERLIN_DE",
            "author": {
                "author_ID": "1071_0024680",
                "L1": "Arabic",
                "age": "33",
                "gender": "female"
            },
            "CEFR": {
                "overall_fairRating": "B1",
                "test_level": "A1"
            },
            "task": {
                "formality": "informal",
                "text_type": "email",
                "topic": "ask friend for help for finding apartment"
            }
        },
        "NP_info": {
            "len_np": 2,
            "coordination": null
        },
        "HEAD_info": {
            "head": {
                "H_TOK1": {
                    "word_type": "PREP",
                    "word_form": "für",
                    "lemma": "für",
                    "POS_STTS": "APPR",
                    "index": "10",
                    "dep_rel": "pp",
                    "head_index": "9",
                    "parser_morph_features": "Acc"
                }
            },
            "super_head": {
                "SH_TOK1": {
                    "word_type": "N",
                    "word_form": "Dank",
                    "lemma": "Dank",
                    "POS_STTS": "NN",
                    "index": "9",
                    "dep_rel": "objd",
                    "head_index": "6",
                    "parser_morph_features": "Masc|Dat|Sg"
                }
            }
        },
        "POST_info": {},
        "TOK_info": {
            "TOK1": {
                "word_type": "ART",
                "word_form": "Deine",
                "lemma": "deine",
                "POS_STTS": "PPOSAT",
                "index": "11",
                "dep_rel": "det",
                "head_index": "12",
                "parser_morph_features": "_|Acc|_",
                "possible_morph_features": []
            },
            "TOK2": {
                "word_type": "N",
                "word_form": "Helfe",
                "lemma": "Helfe",
                "POS_STTS": "NN",
                "index": "12",
                "dep_rel": "pn",
                "head_index": "10",
                "parser_morph_features": "_|Acc|_",
                "possible_morph_features": []
            }
        },
        "relations": {
            "rel_1": {
                "rel_type": "must_agree",
                "involved": [
                    "TOK2",
                    "TOK1"
                ],
                "ruler": "TOK2",
                "possible_agreement": null
            }
        }
    },
    {
        "file_ID": "1071_0024680",
        "sent_NP_ID": "13_24",
        "sentence": "Viele Grüße .",
        "metadata": {
            "corpus": "MERLIN_DE",
            "author": {
                "author_ID": "1071_0024680",
                "L1": "Arabic",
                "age": "33",
                "gender": "female"
            },
            "CEFR": {
                "overall_fairRating": "B1",
                "test_level": "A1"
            },
            "task": {
                "formality": "informal",
                "text_type": "email",
                "topic": "ask friend for help for finding apartment"
            }
        },
        "NP_info": {
            "len_np": 2,
            "coordination": null
        },
        "HEAD_info": {
            "head": {},
            "super_head": {}
        },
        "POST_info": {},
        "TOK_info": {
            "TOK1": {
                "word_type": "ART",
                "word_form": "Viele",
                "lemma": "viele",
                "POS_STTS": "PIDAT",
                "index": "1",
                "dep_rel": "det",
                "head_index": "2",
                "parser_morph_features": "Masc|_|Pl",
                "possible_morph_features": []
            },
            "TOK2": {
                "word_type": "N",
                "word_form": "Grüße",
                "lemma": "Gruß",
                "POS_STTS": "NN",
                "index": "2",
                "dep_rel": "root",
                "head_index": "0",
                "parser_morph_features": "Masc|_|Pl",
                "possible_morph_features": []
            }
        },
        "relations": {
            "rel_1": {
                "rel_type": "must_agree",
                "involved": [
                    "TOK2",
                    "TOK1"
                ],
                "ruler": "TOK2",
                "possible_agreement": null
            }
        }
    },
    {
        "file_ID": "1071_0024680",
        "sent_NP_ID": "14_25",
        "sentence": "Julia Müller",
        "metadata": {
            "corpus": "MERLIN_DE",
            "author": {
                "author_ID": "1071_0024680",
                "L1": "Arabic",
                "age": "33",
                "gender": "female"
            },
            "CEFR": {
                "overall_fairRating": "B1",
                "test_level": "A1"
            },
            "task": {
                "formality": "informal",
                "text_type": "email",
                "topic": "ask friend for help for finding apartment"
            }
        },
        "NP_info": {
            "len_np": 1,
            "coordination": null
        },
        "HEAD_info": {
            "head": {},
            "super_head": {}
        },
        "POST_info": {
            "P_TOK1": {
                "word_type": "N",
                "word_form": "Müller",
                "lemma": "Müller",
                "POS_STTS": "NE",
                "index": "2",
                "dep_rel": "app",
                "head_index": "1",
                "parser_morph_features": "_|_|Sg"
            }
        },
        "TOK_info": {
            "TOK1": {
                "word_type": "N",
                "word_form": "Julia",
                "lemma": "Julia",
                "POS_STTS": "NE",
                "index": "1",
                "dep_rel": "root",
                "head_index": "0",
                "parser_morph_features": "_|_|Sg",
                "possible_morph_features": []
            }
        },
        "relations": {}
    },
    {
        "file_ID": "1071_0024680",
        "sent_NP_ID": "14_26",
        "sentence": "Julia Müller",
        "metadata": {
            "corpus": "MERLIN_DE",
            "author": {
                "author_ID": "1071_0024680",
                "L1": "Arabic",
                "age": "33",
                "gender": "female"
            },
            "CEFR": {
                "overall_fairRating": "B1",
                "test_level": "A1"
            },
            "task": {
                "formality": "informal",
                "text_type": "email",
                "topic": "ask friend for help for finding apartment"
            }
        },
        "NP_info": {
            "len_np": 1,
            "coordination": null
        },
        "HEAD_info": {
            "head": {
                "H_TOK1": {
                    "word_type": "N",
                    "word_form": "Julia",
                    "lemma": "Julia",
                    "POS_STTS": "NE",
                    "index": "1",
                    "dep_rel": "root",
                    "head_index": "0",
                    "parser_morph_features": "_|_|Sg"
                }
            },
            "super_head": {}
        },
        "POST_info": {},
        "TOK_info": {
            "TOK1": {
                "word_type": "N",
                "word_form": "Müller",
                "lemma": "Müller",
                "POS_STTS": "NE",
                "index": "2",
                "dep_rel": "app",
                "head_index": "1",
                "parser_morph_features": "_|_|Sg",
                "possible_morph_features": []
            }
        },
        "relations": {}
    }
]