[
    {
        "file_ID": "1071_0242013",
        "sent_NP_ID": "1_1",
        "sentence": "Liebe Daniela , wie geht es Dir ?",
        "metadata": {
            "corpus": "MERLIN_DE",
            "author": {
                "author_ID": "1071_0242013",
                "L1": "not reported",
                "age": "37",
                "gender": "female"
            },
            "CEFR": {
                "overall_fairRating": "A2",
                "test_level": "A1"
            },
            "task": {
                "formality": "informal",
                "text_type": "email",
                "topic": "arrange appointment with friend to go swimming together"
            }
        },
        "NP_info": {
            "len_np": 1,
            "coordination": null
        },
        "HEAD_info": {
            "head": {},
            "super_head": {}
        },
        "POST_info": {
            "P_TOK1": {
                "word_type": "N",
                "word_form": "Daniela",
                "lemma": "Daniela",
                "POS_STTS": "NE",
                "index": "2",
                "dep_rel": "app",
                "head_index": "1",
                "parser_morph_features": "Fem|_|Sg"
            },
            "P_TOK2": {
                "word_type": "V",
                "word_form": "geht",
                "lemma": "gehen",
                "POS_STTS": "VVFIN",
                "index": "5",
                "dep_rel": "objc",
                "head_index": "1",
                "parser_morph_features": "3|Sg|Pres|Ind"
            }
        },
        "TOK_info": {
            "TOK1": {
                "word_type": "N",
                "word_form": "Liebe",
                "lemma": "Liebe",
                "POS_STTS": "NN",
                "index": "1",
                "dep_rel": "root",
                "head_index": "0",
                "parser_morph_features": "_|_|_",
                "possible_morph_features": []
            }
        },
        "relations": {}
    },
    {
        "file_ID": "1071_0242013",
        "sent_NP_ID": "1_2",
        "sentence": "Liebe Daniela , wie geht es Dir ?",
        "metadata": {
            "corpus": "MERLIN_DE",
            "author": {
                "author_ID": "1071_0242013",
                "L1": "not reported",
                "age": "37",
                "gender": "female"
            },
            "CEFR": {
                "overall_fairRating": "A2",
                "test_level": "A1"
            },
            "task": {
                "formality": "informal",
                "text_type": "email",
                "topic": "arrange appointment with friend to go swimming together"
            }
        },
        "NP_info": {
            "len_np": 1,
            "coordination": null
        },
        "HEAD_info": {
            "head": {
                "H_TOK1": {
                    "word_type": "N",
                    "word_form": "Liebe",
                    "lemma": "Liebe",
                    "POS_STTS": "NN",
                    "index": "1",
                    "dep_rel": "root",
                    "head_index": "0",
                    "parser_morph_features": "_|_|_"
                }
            },
            "super_head": {}
        },
        "POST_info": {},
        "TOK_info": {
            "TOK1": {
                "word_type": "N",
                "word_form": "Daniela",
                "lemma": "Daniela",
                "POS_STTS": "NE",
                "index": "2",
                "dep_rel": "app",
                "head_index": "1",
                "parser_morph_features": "Fem|_|Sg",
                "possible_morph_features": []
            }
        },
        "relations": {}
    },
    {
        "file_ID": "1071_0242013",
        "sent_NP_ID": "4_3",
        "sentence": "Hast du Lust ?",
        "metadata": {
            "corpus": "MERLIN_DE",
            "author": {
                "author_ID": "1071_0242013",
                "L1": "not reported",
                "age": "37",
                "gender": "female"
            },
            "CEFR": {
                "overall_fairRating": "A2",
                "test_level": "A1"
            },
            "task": {
                "formality": "informal",
                "text_type": "email",
                "topic": "arrange appointment with friend to go swimming together"
            }
        },
        "NP_info": {
            "len_np": 1,
            "coordination": null
        },
        "HEAD_info": {
            "head": {
                "H_TOK1": {
                    "word_type": "V",
                    "word_form": "Hast",
                    "lemma": "haben",
                    "POS_STTS": "VAFIN",
                    "index": "1",
                    "dep_rel": "root",
                    "head_index": "0",
                    "parser_morph_features": "2|Sg|Pres|Ind"
                }
            },
            "super_head": {}
        },
        "POST_info": {},
        "TOK_info": {
            "TOK1": {
                "word_type": "N",
                "word_form": "Lust",
                "lemma": "Lust",
                "POS_STTS": "NN",
                "index": "3",
                "dep_rel": "obja",
                "head_index": "1",
                "parser_morph_features": "Fem|Acc|Sg",
                "possible_morph_features": []
            }
        },
        "relations": {}
    },
    {
        "file_ID": "1071_0242013",
        "sent_NP_ID": "5_4",
        "sentence": "Wir fahren mit dem Auto zum Schwimmbad .",
        "metadata": {
            "corpus": "MERLIN_DE",
            "author": {
                "author_ID": "1071_0242013",
                "L1": "not reported",
                "age": "37",
                "gender": "female"
            },
            "CEFR": {
                "overall_fairRating": "A2",
                "test_level": "A1"
            },
            "task": {
                "formality": "informal",
                "text_type": "email",
                "topic": "arrange appointment with friend to go swimming together"
            }
        },
        "NP_info": {
            "len_np": 2,
            "coordination": null
        },
        "HEAD_info": {
            "head": {
                "H_TOK1": {
                    "word_type": "PREP",
                    "word_form": "mit",
                    "lemma": "mit",
                    "POS_STTS": "APPR",
                    "index": "3",
                    "dep_rel": "pp",
                    "head_index": "2",
                    "parser_morph_features": "Dat"
                }
            },
            "super_head": {
                "SH_TOK1": {
                    "word_type": "V",
                    "word_form": "fahren",
                    "lemma": "fahren",
                    "POS_STTS": "VVFIN",
                    "index": "2",
                    "dep_rel": "root",
                    "head_index": "0",
                    "parser_morph_features": "1|Pl|Pres|_"
                }
            }
        },
        "POST_info": {},
        "TOK_info": {
            "TOK1": {
                "word_type": "ART",
                "word_form": "dem",
                "lemma": "die",
                "POS_STTS": "ART",
                "index": "4",
                "dep_rel": "det",
                "head_index": "5",
                "parser_morph_features": "Def|Neut|Dat|Sg",
                "possible_morph_features": []
            },
            "TOK2": {
                "word_type": "N",
                "word_form": "Auto",
                "lemma": "Auto",
                "POS_STTS": "NN",
                "index": "5",
                "dep_rel": "pn",
                "head_index": "3",
                "parser_morph_features": "Neut|Dat|Sg",
                "possible_morph_features": []
            }
        },
        "relations": {
            "rel_1": {
                "rel_type": "must_agree",
                "involved": [
                    "TOK2",
                    "TOK1"
                ],
                "ruler": "TOK2",
                "possible_agreement": null
            }
        }
    },
    {
        "file_ID": "1071_0242013",
        "sent_NP_ID": "5_5",
        "sentence": "Wir fahren mit dem Auto zum Schwimmbad .",
        "metadata": {
            "corpus": "MERLIN_DE",
            "author": {
                "author_ID": "1071_0242013",
                "L1": "not reported",
                "age": "37",
                "gender": "female"
            },
            "CEFR": {
                "overall_fairRating": "A2",
                "test_level": "A1"
            },
            "task": {
                "formality": "informal",
                "text_type": "email",
                "topic": "arrange appointment with friend to go swimming together"
            }
        },
        "NP_info": {
            "len_np": 1,
            "coordination": null
        },
        "HEAD_info": {
            "head": {
                "H_TOK1": {
                    "word_type": "PREP",
                    "word_form": "zum",
                    "lemma": "zu",
                    "POS_STTS": "APPRART",
                    "index": "6",
                    "dep_rel": "pp",
                    "head_index": "2",
                    "parser_morph_features": "Dat"
                }
            },
            "super_head": {
                "SH_TOK1": {
                    "word_type": "V",
                    "word_form": "fahren",
                    "lemma": "fahren",
                    "POS_STTS": "VVFIN",
                    "index": "2",
                    "dep_rel": "root",
                    "head_index": "0",
                    "parser_morph_features": "1|Pl|Pres|_"
                }
            }
        },
        "POST_info": {},
        "TOK_info": {
            "TOK1": {
                "word_type": "N",
                "word_form": "Schwimmbad",
                "lemma": "Schwimmbad",
                "POS_STTS": "NN",
                "index": "7",
                "dep_rel": "pn",
                "head_index": "6",
                "parser_morph_features": "Neut|Dat|Sg",
                "possible_morph_features": []
            }
        },
        "relations": {
            "rel_1": {
                "rel_type": "must_agree",
                "involved": [
                    "TOK1",
                    "H_TOK1"
                ],
                "ruler": "TOK1",
                "possible_agreement": null
            }
        }
    },
    {
        "file_ID": "1071_0242013",
        "sent_NP_ID": "6_6",
        "sentence": "Hast du am Freitag Nachmittag Zeit ?",
        "metadata": {
            "corpus": "MERLIN_DE",
            "author": {
                "author_ID": "1071_0242013",
                "L1": "not reported",
                "age": "37",
                "gender": "female"
            },
            "CEFR": {
                "overall_fairRating": "A2",
                "test_level": "A1"
            },
            "task": {
                "formality": "informal",
                "text_type": "email",
                "topic": "arrange appointment with friend to go swimming together"
            }
        },
        "NP_info": {
            "len_np": 1,
            "coordination": null
        },
        "HEAD_info": {
            "head": {
                "H_TOK1": {
                    "word_type": "PREP",
                    "word_form": "am",
                    "lemma": "an",
                    "POS_STTS": "APPRART",
                    "index": "3",
                    "dep_rel": "pp",
                    "head_index": "1",
                    "parser_morph_features": "Dat"
                }
            },
            "super_head": {
                "SH_TOK1": {
                    "word_type": "V",
                    "word_form": "Hast",
                    "lemma": "haben",
                    "POS_STTS": "VAFIN",
                    "index": "1",
                    "dep_rel": "root",
                    "head_index": "0",
                    "parser_morph_features": "2|Sg|Pres|Ind"
                }
            }
        },
        "POST_info": {},
        "TOK_info": {
            "TOK1": {
                "word_type": "N",
                "word_form": "Freitag",
                "lemma": "Freitag",
                "POS_STTS": "NN",
                "index": "4",
                "dep_rel": "pn",
                "head_index": "3",
                "parser_morph_features": "Masc|Dat|Sg",
                "possible_morph_features": []
            }
        },
        "relations": {
            "rel_1": {
                "rel_type": "must_agree",
                "involved": [
                    "TOK1",
                    "H_TOK1"
                ],
                "ruler": "TOK1",
                "possible_agreement": null
            }
        }
    },
    {
        "file_ID": "1071_0242013",
        "sent_NP_ID": "6_7",
        "sentence": "Hast du am Freitag Nachmittag Zeit ?",
        "metadata": {
            "corpus": "MERLIN_DE",
            "author": {
                "author_ID": "1071_0242013",
                "L1": "not reported",
                "age": "37",
                "gender": "female"
            },
            "CEFR": {
                "overall_fairRating": "A2",
                "test_level": "A1"
            },
            "task": {
                "formality": "informal",
                "text_type": "email",
                "topic": "arrange appointment with friend to go swimming together"
            }
        },
        "NP_info": {
            "len_np": 1,
            "coordination": null
        },
        "HEAD_info": {
            "head": {
                "H_TOK1": {
                    "word_type": "V",
                    "word_form": "Hast",
                    "lemma": "haben",
                    "POS_STTS": "VAFIN",
                    "index": "1",
                    "dep_rel": "root",
                    "head_index": "0",
                    "parser_morph_features": "2|Sg|Pres|Ind"
                }
            },
            "super_head": {}
        },
        "POST_info": {
            "P_TOK1": {
                "word_type": "N",
                "word_form": "Zeit",
                "lemma": "Zeit",
                "POS_STTS": "NN",
                "index": "6",
                "dep_rel": "app",
                "head_index": "5",
                "parser_morph_features": "Fem|Acc|Sg"
            }
        },
        "TOK_info": {
            "TOK1": {
                "word_type": "N",
                "word_form": "Nachmittag",
                "lemma": "Nachmittag",
                "POS_STTS": "NN",
                "index": "5",
                "dep_rel": "obja",
                "head_index": "1",
                "parser_morph_features": "Fem|Acc|Sg",
                "possible_morph_features": []
            }
        },
        "relations": {}
    },
    {
        "file_ID": "1071_0242013",
        "sent_NP_ID": "6_8",
        "sentence": "Hast du am Freitag Nachmittag Zeit ?",
        "metadata": {
            "corpus": "MERLIN_DE",
            "author": {
                "author_ID": "1071_0242013",
                "L1": "not reported",
                "age": "37",
                "gender": "female"
            },
            "CEFR": {
                "overall_fairRating": "A2",
                "test_level": "A1"
            },
            "task": {
                "formality": "informal",
                "text_type": "email",
                "topic": "arrange appointment with friend to go swimming together"
            }
        },
        "NP_info": {
            "len_np": 1,
            "coordination": null
        },
        "HEAD_info": {
            "head": {
                "H_TOK1": {
                    "word_type": "N",
                    "word_form": "Nachmittag",
                    "lemma": "Nachmittag",
                    "POS_STTS": "NN",
                    "index": "5",
                    "dep_rel": "obja",
                    "head_index": "1",
                    "parser_morph_features": "Fem|Acc|Sg"
                }
            },
            "super_head": {
                "SH_TOK1": {
                    "word_type": "V",
                    "word_form": "Hast",
                    "lemma": "haben",
                    "POS_STTS": "VAFIN",
                    "index": "1",
                    "dep_rel": "root",
                    "head_index": "0",
                    "parser_morph_features": "2|Sg|Pres|Ind"
                }
            }
        },
        "POST_info": {},
        "TOK_info": {
            "TOK1": {
                "word_type": "N",
                "word_form": "Zeit",
                "lemma": "Zeit",
                "POS_STTS": "NN",
                "index": "6",
                "dep_rel": "app",
                "head_index": "5",
                "parser_morph_features": "Fem|Acc|Sg",
                "possible_morph_features": []
            }
        },
        "relations": {}
    },
    {
        "file_ID": "1071_0242013",
        "sent_NP_ID": "7_9",
        "sentence": "Sollst du Wasser und Bikini mitbringen .",
        "metadata": {
            "corpus": "MERLIN_DE",
            "author": {
                "author_ID": "1071_0242013",
                "L1": "not reported",
                "age": "37",
                "gender": "female"
            },
            "CEFR": {
                "overall_fairRating": "A2",
                "test_level": "A1"
            },
            "task": {
                "formality": "informal",
                "text_type": "email",
                "topic": "arrange appointment with friend to go swimming together"
            }
        },
        "NP_info": {
            "len_np": 1,
            "coordination": [
                "7_9",
                "7_10"
            ]
        },
        "HEAD_info": {
            "head": {
                "H_TOK1": {
                    "word_type": "V",
                    "word_form": "mitbringen",
                    "lemma": "mitbringen",
                    "POS_STTS": "VVINF",
                    "index": "6",
                    "dep_rel": "aux",
                    "head_index": "1",
                    "parser_morph_features": "_"
                }
            },
            "super_head": {
                "SH_TOK1": {
                    "word_type": "V",
                    "word_form": "Sollst",
                    "lemma": "sollen",
                    "POS_STTS": "VMFIN",
                    "index": "1",
                    "dep_rel": "root",
                    "head_index": "0",
                    "parser_morph_features": "2|Sg|Pres|Ind"
                }
            }
        },
        "POST_info": {},
        "TOK_info": {
            "TOK1": {
                "word_type": "N",
                "word_form": "Wasser",
                "lemma": "Wasser",
                "POS_STTS": "NN",
                "index": "3",
                "dep_rel": "obja",
                "head_index": "6",
                "parser_morph_features": "Neut|Acc|_",
                "possible_morph_features": []
            }
        },
        "relations": {}
    },
    {
        "file_ID": "1071_0242013",
        "sent_NP_ID": "7_10",
        "sentence": "Sollst du Wasser und Bikini mitbringen .",
        "metadata": {
            "corpus": "MERLIN_DE",
            "author": {
                "author_ID": "1071_0242013",
                "L1": "not reported",
                "age": "37",
                "gender": "female"
            },
            "CEFR": {
                "overall_fairRating": "A2",
                "test_level": "A1"
            },
            "task": {
                "formality": "informal",
                "text_type": "email",
                "topic": "arrange appointment with friend to go swimming together"
            }
        },
        "NP_info": {
            "len_np": 1,
            "coordination": [
                "7_9",
                "7_10"
            ]
        },
        "HEAD_info": {
            "head": {
                "H_TOK1": {
                    "word_type": "KON",
                    "word_form": "und",
                    "lemma": "und",
                    "POS_STTS": "KON",
                    "index": "4",
                    "dep_rel": "kon",
                    "head_index": "3",
                    "parser_morph_features": "_"
                }
            },
            "super_head": {
                "SH_TOK1": {
                    "word_type": "N",
                    "word_form": "Wasser",
                    "lemma": "Wasser",
                    "POS_STTS": "NN",
                    "index": "3",
                    "dep_rel": "obja",
                    "head_index": "6",
                    "parser_morph_features": "Neut|Acc|_"
                }
            }
        },
        "POST_info": {},
        "TOK_info": {
            "TOK1": {
                "word_type": "N",
                "word_form": "Bikini",
                "lemma": "Bikini",
                "POS_STTS": "NN",
                "index": "5",
                "dep_rel": "cj",
                "head_index": "4",
                "parser_morph_features": "Masc|Acc|Sg",
                "possible_morph_features": []
            }
        },
        "relations": {}
    },
    {
        "file_ID": "1071_0242013",
        "sent_NP_ID": "9_11",
        "sentence": "Viele , liebe Grüße Deine Freundin Katharina Meier",
        "metadata": {
            "corpus": "MERLIN_DE",
            "author": {
                "author_ID": "1071_0242013",
                "L1": "not reported",
                "age": "37",
                "gender": "female"
            },
            "CEFR": {
                "overall_fairRating": "A2",
                "test_level": "A1"
            },
            "task": {
                "formality": "informal",
                "text_type": "email",
                "topic": "arrange appointment with friend to go swimming together"
            }
        },
        "NP_info": {
            "len_np": 1,
            "coordination": null
        },
        "HEAD_info": {
            "head": {
                "H_TOK1": {
                    "word_type": "V",
                    "word_form": "liebe",
                    "lemma": "lieben",
                    "POS_STTS": "VVFIN",
                    "index": "3",
                    "dep_rel": "root",
                    "head_index": "0",
                    "parser_morph_features": "3|Sg|Pres|Subj"
                }
            },
            "super_head": {}
        },
        "POST_info": {},
        "TOK_info": {
            "TOK1": {
                "word_type": "N",
                "word_form": "Grüße",
                "lemma": "Gruß",
                "POS_STTS": "NN",
                "index": "4",
                "dep_rel": "obja",
                "head_index": "3",
                "parser_morph_features": "Masc|Acc|Pl",
                "possible_morph_features": []
            }
        },
        "relations": {}
    },
    {
        "file_ID": "1071_0242013",
        "sent_NP_ID": "9_12",
        "sentence": "Viele , liebe Grüße Deine Freundin Katharina Meier",
        "metadata": {
            "corpus": "MERLIN_DE",
            "author": {
                "author_ID": "1071_0242013",
                "L1": "not reported",
                "age": "37",
                "gender": "female"
            },
            "CEFR": {
                "overall_fairRating": "A2",
                "test_level": "A1"
            },
            "task": {
                "formality": "informal",
                "text_type": "email",
                "topic": "arrange appointment with friend to go swimming together"
            }
        },
        "NP_info": {
            "len_np": 2,
            "coordination": null
        },
        "HEAD_info": {
            "head": {
                "H_TOK1": {
                    "word_type": "V",
                    "word_form": "liebe",
                    "lemma": "lieben",
                    "POS_STTS": "VVFIN",
                    "index": "3",
                    "dep_rel": "root",
                    "head_index": "0",
                    "parser_morph_features": "3|Sg|Pres|Subj"
                }
            },
            "super_head": {}
        },
        "POST_info": {
            "P_TOK1": {
                "word_type": "N",
                "word_form": "Katharina",
                "lemma": "Katharina",
                "POS_STTS": "NE",
                "index": "7",
                "dep_rel": "app",
                "head_index": "6",
                "parser_morph_features": "_|Nom|Sg"
            }
        },
        "TOK_info": {
            "TOK1": {
                "word_type": "ART",
                "word_form": "Deine",
                "lemma": "deine",
                "POS_STTS": "PPOSAT",
                "index": "5",
                "dep_rel": "det",
                "head_index": "6",
                "parser_morph_features": "Fem|Nom|Sg",
                "possible_morph_features": []
            },
            "TOK2": {
                "word_type": "N",
                "word_form": "Freundin",
                "lemma": "Freundin",
                "POS_STTS": "NN",
                "index": "6",
                "dep_rel": "subj",
                "head_index": "3",
                "parser_morph_features": "Fem|Nom|Sg",
                "possible_morph_features": []
            }
        },
        "relations": {
            "rel_1": {
                "rel_type": "must_agree",
                "involved": [
                    "TOK2",
                    "TOK1"
                ],
                "ruler": "TOK2",
                "possible_agreement": null
            }
        }
    },
    {
        "file_ID": "1071_0242013",
        "sent_NP_ID": "9_13",
        "sentence": "Viele , liebe Grüße Deine Freundin Katharina Meier",
        "metadata": {
            "corpus": "MERLIN_DE",
            "author": {
                "author_ID": "1071_0242013",
                "L1": "not reported",
                "age": "37",
                "gender": "female"
            },
            "CEFR": {
                "overall_fairRating": "A2",
                "test_level": "A1"
            },
            "task": {
                "formality": "informal",
                "text_type": "email",
                "topic": "arrange appointment with friend to go swimming together"
            }
        },
        "NP_info": {
            "len_np": 1,
            "coordination": null
        },
        "HEAD_info": {
            "head": {
                "H_TOK1": {
                    "word_type": "N",
                    "word_form": "Freundin",
                    "lemma": "Freundin",
                    "POS_STTS": "NN",
                    "index": "6",
                    "dep_rel": "subj",
                    "head_index": "3",
                    "parser_morph_features": "Fem|Nom|Sg"
                }
            },
            "super_head": {
                "SH_TOK1": {
                    "word_type": "V",
                    "word_form": "liebe",
                    "lemma": "lieben",
                    "POS_STTS": "VVFIN",
                    "index": "3",
                    "dep_rel": "root",
                    "head_index": "0",
                    "parser_morph_features": "3|Sg|Pres|Subj"
                }
            }
        },
        "POST_info": {
            "P_TOK1": {
                "word_type": "N",
                "word_form": "Meier",
                "lemma": "Meier",
                "POS_STTS": "NE",
                "index": "8",
                "dep_rel": "app",
                "head_index": "7",
                "parser_morph_features": "_|Nom|Sg"
            }
        },
        "TOK_info": {
            "TOK1": {
                "word_type": "N",
                "word_form": "Katharina",
                "lemma": "Katharina",
                "POS_STTS": "NE",
                "index": "7",
                "dep_rel": "app",
                "head_index": "6",
                "parser_morph_features": "_|Nom|Sg",
                "possible_morph_features": []
            }
        },
        "relations": {}
    },
    {
        "file_ID": "1071_0242013",
        "sent_NP_ID": "9_14",
        "sentence": "Viele , liebe Grüße Deine Freundin Katharina Meier",
        "metadata": {
            "corpus": "MERLIN_DE",
            "author": {
                "author_ID": "1071_0242013",
                "L1": "not reported",
                "age": "37",
                "gender": "female"
            },
            "CEFR": {
                "overall_fairRating": "A2",
                "test_level": "A1"
            },
            "task": {
                "formality": "informal",
                "text_type": "email",
                "topic": "arrange appointment with friend to go swimming together"
            }
        },
        "NP_info": {
            "len_np": 1,
            "coordination": null
        },
        "HEAD_info": {
            "head": {
                "H_TOK1": {
                    "word_type": "N",
                    "word_form": "Katharina",
                    "lemma": "Katharina",
                    "POS_STTS": "NE",
                    "index": "7",
                    "dep_rel": "app",
                    "head_index": "6",
                    "parser_morph_features": "_|Nom|Sg"
                }
            },
            "super_head": {
                "SH_TOK1": {
                    "word_type": "N",
                    "word_form": "Freundin",
                    "lemma": "Freundin",
                    "POS_STTS": "NN",
                    "index": "6",
                    "dep_rel": "subj",
                    "head_index": "3",
                    "parser_morph_features": "Fem|Nom|Sg"
                }
            }
        },
        "POST_info": {},
        "TOK_info": {
            "TOK1": {
                "word_type": "N",
                "word_form": "Meier",
                "lemma": "Meier",
                "POS_STTS": "NE",
                "index": "8",
                "dep_rel": "app",
                "head_index": "7",
                "parser_morph_features": "_|Nom|Sg",
                "possible_morph_features": []
            }
        },
        "relations": {}
    }
]