[
    {
        "file_ID": "1071_0024776",
        "sent_NP_ID": "1_1",
        "sentence": "Stadt X 26.04.2012 Lieber Jens Herlisch Glük für kinder , wie ist namem baby wie Get ´ s dein frau und ihr Babys Vile Grüse Friedrich Müller",
        "metadata": {
            "corpus": "MERLIN_DE",
            "author": {
                "author_ID": "1071_0024776",
                "L1": "not reported",
                "age": "30",
                "gender": "male"
            },
            "CEFR": {
                "overall_fairRating": "A1",
                "test_level": "A1"
            },
            "task": {
                "formality": "informal",
                "text_type": "letter",
                "topic": "congratulate to birth of child"
            }
        },
        "NP_info": {
            "len_np": 1,
            "coordination": null
        },
        "HEAD_info": {
            "head": {},
            "super_head": {}
        },
        "POST_info": {
            "P_TOK1": {
                "word_type": "N",
                "word_form": "X",
                "lemma": "X",
                "POS_STTS": "NE",
                "index": "2",
                "dep_rel": "app",
                "head_index": "1",
                "parser_morph_features": "_|_|Pl"
            }
        },
        "TOK_info": {
            "TOK1": {
                "word_type": "N",
                "word_form": "Stadt",
                "lemma": "Stadt",
                "POS_STTS": "NN",
                "index": "1",
                "dep_rel": "root",
                "head_index": "0",
                "parser_morph_features": "Fem|_|Sg",
                "possible_morph_features": []
            }
        },
        "relations": {}
    },
    {
        "file_ID": "1071_0024776",
        "sent_NP_ID": "1_2",
        "sentence": "Stadt X 26.04.2012 Lieber Jens Herlisch Glük für kinder , wie ist namem baby wie Get ´ s dein frau und ihr Babys Vile Grüse Friedrich Müller",
        "metadata": {
            "corpus": "MERLIN_DE",
            "author": {
                "author_ID": "1071_0024776",
                "L1": "not reported",
                "age": "30",
                "gender": "male"
            },
            "CEFR": {
                "overall_fairRating": "A1",
                "test_level": "A1"
            },
            "task": {
                "formality": "informal",
                "text_type": "letter",
                "topic": "congratulate to birth of child"
            }
        },
        "NP_info": {
            "len_np": 1,
            "coordination": null
        },
        "HEAD_info": {
            "head": {
                "H_TOK1": {
                    "word_type": "N",
                    "word_form": "Stadt",
                    "lemma": "Stadt",
                    "POS_STTS": "NN",
                    "index": "1",
                    "dep_rel": "root",
                    "head_index": "0",
                    "parser_morph_features": "Fem|_|Sg"
                }
            },
            "super_head": {}
        },
        "POST_info": {
            "P_TOK1": {
                "word_type": "N",
                "word_form": "Lieber",
                "lemma": "Liebe",
                "POS_STTS": "NN",
                "index": "4",
                "dep_rel": "app",
                "head_index": "2",
                "parser_morph_features": "_|_|Pl"
            }
        },
        "TOK_info": {
            "TOK1": {
                "word_type": "N",
                "word_form": "X",
                "lemma": "X",
                "POS_STTS": "NE",
                "index": "2",
                "dep_rel": "app",
                "head_index": "1",
                "parser_morph_features": "_|_|Pl",
                "possible_morph_features": []
            }
        },
        "relations": {}
    },
    {
        "file_ID": "1071_0024776",
        "sent_NP_ID": "1_3",
        "sentence": "Stadt X 26.04.2012 Lieber Jens Herlisch Glük für kinder , wie ist namem baby wie Get ´ s dein frau und ihr Babys Vile Grüse Friedrich Müller",
        "metadata": {
            "corpus": "MERLIN_DE",
            "author": {
                "author_ID": "1071_0024776",
                "L1": "not reported",
                "age": "30",
                "gender": "male"
            },
            "CEFR": {
                "overall_fairRating": "A1",
                "test_level": "A1"
            },
            "task": {
                "formality": "informal",
                "text_type": "letter",
                "topic": "congratulate to birth of child"
            }
        },
        "NP_info": {
            "len_np": 2,
            "coordination": null
        },
        "HEAD_info": {
            "head": {
                "H_TOK1": {
                    "word_type": "N",
                    "word_form": "X",
                    "lemma": "X",
                    "POS_STTS": "NE",
                    "index": "2",
                    "dep_rel": "app",
                    "head_index": "1",
                    "parser_morph_features": "_|_|Pl"
                }
            },
            "super_head": {
                "SH_TOK1": {
                    "word_type": "N",
                    "word_form": "Stadt",
                    "lemma": "Stadt",
                    "POS_STTS": "NN",
                    "index": "1",
                    "dep_rel": "root",
                    "head_index": "0",
                    "parser_morph_features": "Fem|_|Sg"
                }
            }
        },
        "POST_info": {
            "P_TOK1": {
                "word_type": "N",
                "word_form": "Jens",
                "lemma": "Jens",
                "POS_STTS": "NE",
                "index": "5",
                "dep_rel": "app",
                "head_index": "4",
                "parser_morph_features": "_|_|Pl"
            },
            "P_TOK2": {
                "word_type": "PREP",
                "word_form": "für",
                "lemma": "für",
                "POS_STTS": "APPR",
                "index": "8",
                "dep_rel": "pp",
                "head_index": "4",
                "parser_morph_features": "Acc"
            }
        },
        "TOK_info": {
            "TOK1": {
                "word_type": "CARD",
                "word_form": "26.04.2012",
                "lemma": "26.04.2012",
                "POS_STTS": "CARD",
                "index": "3",
                "dep_rel": "attr",
                "head_index": "4",
                "parser_morph_features": "_",
                "possible_morph_features": []
            },
            "TOK2": {
                "word_type": "N",
                "word_form": "Lieber",
                "lemma": "Liebe",
                "POS_STTS": "NN",
                "index": "4",
                "dep_rel": "app",
                "head_index": "2",
                "parser_morph_features": "_|_|Pl",
                "possible_morph_features": []
            }
        },
        "relations": {}
    },
    {
        "file_ID": "1071_0024776",
        "sent_NP_ID": "1_4",
        "sentence": "Stadt X 26.04.2012 Lieber Jens Herlisch Glük für kinder , wie ist namem baby wie Get ´ s dein frau und ihr Babys Vile Grüse Friedrich Müller",
        "metadata": {
            "corpus": "MERLIN_DE",
            "author": {
                "author_ID": "1071_0024776",
                "L1": "not reported",
                "age": "30",
                "gender": "male"
            },
            "CEFR": {
                "overall_fairRating": "A1",
                "test_level": "A1"
            },
            "task": {
                "formality": "informal",
                "text_type": "letter",
                "topic": "congratulate to birth of child"
            }
        },
        "NP_info": {
            "len_np": 1,
            "coordination": null
        },
        "HEAD_info": {
            "head": {
                "H_TOK1": {
                    "word_type": "N",
                    "word_form": "Lieber",
                    "lemma": "Liebe",
                    "POS_STTS": "NN",
                    "index": "4",
                    "dep_rel": "app",
                    "head_index": "2",
                    "parser_morph_features": "_|_|Pl"
                }
            },
            "super_head": {
                "SH_TOK1": {
                    "word_type": "N",
                    "word_form": "X",
                    "lemma": "X",
                    "POS_STTS": "NE",
                    "index": "2",
                    "dep_rel": "app",
                    "head_index": "1",
                    "parser_morph_features": "_|_|Pl"
                }
            }
        },
        "POST_info": {
            "P_TOK1": {
                "word_type": "N",
                "word_form": "Herlisch",
                "lemma": "Herlisch",
                "POS_STTS": "NE",
                "index": "6",
                "dep_rel": "app",
                "head_index": "5",
                "parser_morph_features": "_|_|Pl"
            }
        },
        "TOK_info": {
            "TOK1": {
                "word_type": "N",
                "word_form": "Jens",
                "lemma": "Jens",
                "POS_STTS": "NE",
                "index": "5",
                "dep_rel": "app",
                "head_index": "4",
                "parser_morph_features": "_|_|Pl",
                "possible_morph_features": []
            }
        },
        "relations": {}
    },
    {
        "file_ID": "1071_0024776",
        "sent_NP_ID": "1_5",
        "sentence": "Stadt X 26.04.2012 Lieber Jens Herlisch Glük für kinder , wie ist namem baby wie Get ´ s dein frau und ihr Babys Vile Grüse Friedrich Müller",
        "metadata": {
            "corpus": "MERLIN_DE",
            "author": {
                "author_ID": "1071_0024776",
                "L1": "not reported",
                "age": "30",
                "gender": "male"
            },
            "CEFR": {
                "overall_fairRating": "A1",
                "test_level": "A1"
            },
            "task": {
                "formality": "informal",
                "text_type": "letter",
                "topic": "congratulate to birth of child"
            }
        },
        "NP_info": {
            "len_np": 1,
            "coordination": null
        },
        "HEAD_info": {
            "head": {
                "H_TOK1": {
                    "word_type": "N",
                    "word_form": "Jens",
                    "lemma": "Jens",
                    "POS_STTS": "NE",
                    "index": "5",
                    "dep_rel": "app",
                    "head_index": "4",
                    "parser_morph_features": "_|_|Pl"
                }
            },
            "super_head": {
                "SH_TOK1": {
                    "word_type": "N",
                    "word_form": "Lieber",
                    "lemma": "Liebe",
                    "POS_STTS": "NN",
                    "index": "4",
                    "dep_rel": "app",
                    "head_index": "2",
                    "parser_morph_features": "_|_|Pl"
                }
            }
        },
        "POST_info": {
            "P_TOK1": {
                "word_type": "N",
                "word_form": "Glük",
                "lemma": "Glük",
                "POS_STTS": "NE",
                "index": "7",
                "dep_rel": "app",
                "head_index": "6",
                "parser_morph_features": "_|_|Pl"
            }
        },
        "TOK_info": {
            "TOK1": {
                "word_type": "N",
                "word_form": "Herlisch",
                "lemma": "Herlisch",
                "POS_STTS": "NE",
                "index": "6",
                "dep_rel": "app",
                "head_index": "5",
                "parser_morph_features": "_|_|Pl",
                "possible_morph_features": []
            }
        },
        "relations": {}
    },
    {
        "file_ID": "1071_0024776",
        "sent_NP_ID": "1_6",
        "sentence": "Stadt X 26.04.2012 Lieber Jens Herlisch Glük für kinder , wie ist namem baby wie Get ´ s dein frau und ihr Babys Vile Grüse Friedrich Müller",
        "metadata": {
            "corpus": "MERLIN_DE",
            "author": {
                "author_ID": "1071_0024776",
                "L1": "not reported",
                "age": "30",
                "gender": "male"
            },
            "CEFR": {
                "overall_fairRating": "A1",
                "test_level": "A1"
            },
            "task": {
                "formality": "informal",
                "text_type": "letter",
                "topic": "congratulate to birth of child"
            }
        },
        "NP_info": {
            "len_np": 1,
            "coordination": null
        },
        "HEAD_info": {
            "head": {
                "H_TOK1": {
                    "word_type": "N",
                    "word_form": "Herlisch",
                    "lemma": "Herlisch",
                    "POS_STTS": "NE",
                    "index": "6",
                    "dep_rel": "app",
                    "head_index": "5",
                    "parser_morph_features": "_|_|Pl"
                }
            },
            "super_head": {
                "SH_TOK1": {
                    "word_type": "N",
                    "word_form": "Jens",
                    "lemma": "Jens",
                    "POS_STTS": "NE",
                    "index": "5",
                    "dep_rel": "app",
                    "head_index": "4",
                    "parser_morph_features": "_|_|Pl"
                }
            }
        },
        "POST_info": {},
        "TOK_info": {
            "TOK1": {
                "word_type": "N",
                "word_form": "Glük",
                "lemma": "Glük",
                "POS_STTS": "NE",
                "index": "7",
                "dep_rel": "app",
                "head_index": "6",
                "parser_morph_features": "_|_|Pl",
                "possible_morph_features": []
            }
        },
        "relations": {}
    },
    {
        "file_ID": "1071_0024776",
        "sent_NP_ID": "1_7",
        "sentence": "Stadt X 26.04.2012 Lieber Jens Herlisch Glük für kinder , wie ist namem baby wie Get ´ s dein frau und ihr Babys Vile Grüse Friedrich Müller",
        "metadata": {
            "corpus": "MERLIN_DE",
            "author": {
                "author_ID": "1071_0024776",
                "L1": "not reported",
                "age": "30",
                "gender": "male"
            },
            "CEFR": {
                "overall_fairRating": "A1",
                "test_level": "A1"
            },
            "task": {
                "formality": "informal",
                "text_type": "letter",
                "topic": "congratulate to birth of child"
            }
        },
        "NP_info": {
            "len_np": 1,
            "coordination": null
        },
        "HEAD_info": {
            "head": {
                "H_TOK1": {
                    "word_type": "PREP",
                    "word_form": "für",
                    "lemma": "für",
                    "POS_STTS": "APPR",
                    "index": "8",
                    "dep_rel": "pp",
                    "head_index": "4",
                    "parser_morph_features": "Acc"
                }
            },
            "super_head": {
                "SH_TOK1": {
                    "word_type": "N",
                    "word_form": "Lieber",
                    "lemma": "Liebe",
                    "POS_STTS": "NN",
                    "index": "4",
                    "dep_rel": "app",
                    "head_index": "2",
                    "parser_morph_features": "_|_|Pl"
                }
            }
        },
        "POST_info": {
            "P_TOK1": {
                "word_type": "V",
                "word_form": "ist",
                "lemma": "sein",
                "POS_STTS": "VAFIN",
                "index": "12",
                "dep_rel": "objc",
                "head_index": "9",
                "parser_morph_features": "3|Sg|Pres|Ind"
            }
        },
        "TOK_info": {
            "TOK1": {
                "word_type": "N",
                "word_form": "kinder",
                "lemma": "kinder",
                "POS_STTS": "NN",
                "index": "9",
                "dep_rel": "pn",
                "head_index": "8",
                "parser_morph_features": "_|Acc|_",
                "possible_morph_features": []
            }
        },
        "relations": {}
    },
    {
        "file_ID": "1071_0024776",
        "sent_NP_ID": "1_8",
        "sentence": "Stadt X 26.04.2012 Lieber Jens Herlisch Glük für kinder , wie ist namem baby wie Get ´ s dein frau und ihr Babys Vile Grüse Friedrich Müller",
        "metadata": {
            "corpus": "MERLIN_DE",
            "author": {
                "author_ID": "1071_0024776",
                "L1": "not reported",
                "age": "30",
                "gender": "male"
            },
            "CEFR": {
                "overall_fairRating": "A1",
                "test_level": "A1"
            },
            "task": {
                "formality": "informal",
                "text_type": "letter",
                "topic": "congratulate to birth of child"
            }
        },
        "NP_info": {
            "len_np": 2,
            "coordination": [
                "1_8",
                "1_9"
            ]
        },
        "HEAD_info": {
            "head": {
                "H_TOK1": {
                    "word_type": "V",
                    "word_form": "ist",
                    "lemma": "sein",
                    "POS_STTS": "VAFIN",
                    "index": "12",
                    "dep_rel": "objc",
                    "head_index": "9",
                    "parser_morph_features": "3|Sg|Pres|Ind"
                }
            },
            "super_head": {
                "SH_TOK1": {
                    "word_type": "N",
                    "word_form": "kinder",
                    "lemma": "kinder",
                    "POS_STTS": "NN",
                    "index": "9",
                    "dep_rel": "pn",
                    "head_index": "8",
                    "parser_morph_features": "_|Acc|_"
                }
            }
        },
        "POST_info": {},
        "TOK_info": {
            "TOK1": {
                "word_type": "ART",
                "word_form": "dein",
                "lemma": "deine",
                "POS_STTS": "PPOSAT",
                "index": "19",
                "dep_rel": "det",
                "head_index": "20",
                "parser_morph_features": "_|Nom|Sg",
                "possible_morph_features": []
            },
            "TOK2": {
                "word_type": "N",
                "word_form": "frau",
                "lemma": "frau",
                "POS_STTS": "NN",
                "index": "20",
                "dep_rel": "pred",
                "head_index": "12",
                "parser_morph_features": "_|Nom|Sg",
                "possible_morph_features": []
            }
        },
        "relations": {
            "rel_1": {
                "rel_type": "must_agree",
                "involved": [
                    "TOK2",
                    "TOK1"
                ],
                "ruler": "TOK2",
                "possible_agreement": null
            }
        }
    },
    {
        "file_ID": "1071_0024776",
        "sent_NP_ID": "1_9",
        "sentence": "Stadt X 26.04.2012 Lieber Jens Herlisch Glük für kinder , wie ist namem baby wie Get ´ s dein frau und ihr Babys Vile Grüse Friedrich Müller",
        "metadata": {
            "corpus": "MERLIN_DE",
            "author": {
                "author_ID": "1071_0024776",
                "L1": "not reported",
                "age": "30",
                "gender": "male"
            },
            "CEFR": {
                "overall_fairRating": "A1",
                "test_level": "A1"
            },
            "task": {
                "formality": "informal",
                "text_type": "letter",
                "topic": "congratulate to birth of child"
            }
        },
        "NP_info": {
            "len_np": 2,
            "coordination": [
                "1_8",
                "1_9"
            ]
        },
        "HEAD_info": {
            "head": {
                "H_TOK1": {
                    "word_type": "KON",
                    "word_form": "und",
                    "lemma": "und",
                    "POS_STTS": "KON",
                    "index": "21",
                    "dep_rel": "kon",
                    "head_index": "20",
                    "parser_morph_features": "_"
                }
            },
            "super_head": {
                "SH_TOK1": {
                    "word_type": "N",
                    "word_form": "frau",
                    "lemma": "frau",
                    "POS_STTS": "NN",
                    "index": "20",
                    "dep_rel": "pred",
                    "head_index": "12",
                    "parser_morph_features": "_|Nom|Sg"
                }
            }
        },
        "POST_info": {
            "P_TOK1": {
                "word_type": "N",
                "word_form": "Vile",
                "lemma": "Vile",
                "POS_STTS": "NE",
                "index": "24",
                "dep_rel": "app",
                "head_index": "23",
                "parser_morph_features": "_|Nom|Sg"
            }
        },
        "TOK_info": {
            "TOK1": {
                "word_type": "ART",
                "word_form": "ihr",
                "lemma": "ihre",
                "POS_STTS": "PPOSAT",
                "index": "22",
                "dep_rel": "det",
                "head_index": "23",
                "parser_morph_features": "_|_|Sg",
                "possible_morph_features": []
            },
            "TOK2": {
                "word_type": "N",
                "word_form": "Babys",
                "lemma": "Baby",
                "POS_STTS": "NN",
                "index": "23",
                "dep_rel": "cj",
                "head_index": "21",
                "parser_morph_features": "_|Nom|Sg",
                "possible_morph_features": []
            }
        },
        "relations": {
            "rel_1": {
                "rel_type": "must_agree",
                "involved": [
                    "TOK2",
                    "TOK1"
                ],
                "ruler": "TOK2",
                "possible_agreement": null
            }
        }
    },
    {
        "file_ID": "1071_0024776",
        "sent_NP_ID": "1_10",
        "sentence": "Stadt X 26.04.2012 Lieber Jens Herlisch Glük für kinder , wie ist namem baby wie Get ´ s dein frau und ihr Babys Vile Grüse Friedrich Müller",
        "metadata": {
            "corpus": "MERLIN_DE",
            "author": {
                "author_ID": "1071_0024776",
                "L1": "not reported",
                "age": "30",
                "gender": "male"
            },
            "CEFR": {
                "overall_fairRating": "A1",
                "test_level": "A1"
            },
            "task": {
                "formality": "informal",
                "text_type": "letter",
                "topic": "congratulate to birth of child"
            }
        },
        "NP_info": {
            "len_np": 1,
            "coordination": null
        },
        "HEAD_info": {
            "head": {
                "H_TOK1": {
                    "word_type": "N",
                    "word_form": "Babys",
                    "lemma": "Baby",
                    "POS_STTS": "NN",
                    "index": "23",
                    "dep_rel": "cj",
                    "head_index": "21",
                    "parser_morph_features": "_|Nom|Sg"
                }
            },
            "super_head": {
                "SH_TOK1": {
                    "word_type": "KON",
                    "word_form": "und",
                    "lemma": "und",
                    "POS_STTS": "KON",
                    "index": "21",
                    "dep_rel": "kon",
                    "head_index": "20",
                    "parser_morph_features": "_"
                }
            }
        },
        "POST_info": {
            "P_TOK1": {
                "word_type": "N",
                "word_form": "Grüse",
                "lemma": "Grüse",
                "POS_STTS": "NE",
                "index": "25",
                "dep_rel": "app",
                "head_index": "24",
                "parser_morph_features": "_|Nom|Sg"
            }
        },
        "TOK_info": {
            "TOK1": {
                "word_type": "N",
                "word_form": "Vile",
                "lemma": "Vile",
                "POS_STTS": "NE",
                "index": "24",
                "dep_rel": "app",
                "head_index": "23",
                "parser_morph_features": "_|Nom|Sg",
                "possible_morph_features": []
            }
        },
        "relations": {}
    },
    {
        "file_ID": "1071_0024776",
        "sent_NP_ID": "1_11",
        "sentence": "Stadt X 26.04.2012 Lieber Jens Herlisch Glük für kinder , wie ist namem baby wie Get ´ s dein frau und ihr Babys Vile Grüse Friedrich Müller",
        "metadata": {
            "corpus": "MERLIN_DE",
            "author": {
                "author_ID": "1071_0024776",
                "L1": "not reported",
                "age": "30",
                "gender": "male"
            },
            "CEFR": {
                "overall_fairRating": "A1",
                "test_level": "A1"
            },
            "task": {
                "formality": "informal",
                "text_type": "letter",
                "topic": "congratulate to birth of child"
            }
        },
        "NP_info": {
            "len_np": 1,
            "coordination": null
        },
        "HEAD_info": {
            "head": {
                "H_TOK1": {
                    "word_type": "N",
                    "word_form": "Vile",
                    "lemma": "Vile",
                    "POS_STTS": "NE",
                    "index": "24",
                    "dep_rel": "app",
                    "head_index": "23",
                    "parser_morph_features": "_|Nom|Sg"
                }
            },
            "super_head": {
                "SH_TOK1": {
                    "word_type": "N",
                    "word_form": "Babys",
                    "lemma": "Baby",
                    "POS_STTS": "NN",
                    "index": "23",
                    "dep_rel": "cj",
                    "head_index": "21",
                    "parser_morph_features": "_|Nom|Sg"
                }
            }
        },
        "POST_info": {
            "P_TOK1": {
                "word_type": "N",
                "word_form": "Friedrich",
                "lemma": "Friedrich",
                "POS_STTS": "NE",
                "index": "26",
                "dep_rel": "app",
                "head_index": "25",
                "parser_morph_features": "_|Nom|Sg"
            }
        },
        "TOK_info": {
            "TOK1": {
                "word_type": "N",
                "word_form": "Grüse",
                "lemma": "Grüse",
                "POS_STTS": "NE",
                "index": "25",
                "dep_rel": "app",
                "head_index": "24",
                "parser_morph_features": "_|Nom|Sg",
                "possible_morph_features": []
            }
        },
        "relations": {}
    },
    {
        "file_ID": "1071_0024776",
        "sent_NP_ID": "1_12",
        "sentence": "Stadt X 26.04.2012 Lieber Jens Herlisch Glük für kinder , wie ist namem baby wie Get ´ s dein frau und ihr Babys Vile Grüse Friedrich Müller",
        "metadata": {
            "corpus": "MERLIN_DE",
            "author": {
                "author_ID": "1071_0024776",
                "L1": "not reported",
                "age": "30",
                "gender": "male"
            },
            "CEFR": {
                "overall_fairRating": "A1",
                "test_level": "A1"
            },
            "task": {
                "formality": "informal",
                "text_type": "letter",
                "topic": "congratulate to birth of child"
            }
        },
        "NP_info": {
            "len_np": 1,
            "coordination": null
        },
        "HEAD_info": {
            "head": {
                "H_TOK1": {
                    "word_type": "N",
                    "word_form": "Grüse",
                    "lemma": "Grüse",
                    "POS_STTS": "NE",
                    "index": "25",
                    "dep_rel": "app",
                    "head_index": "24",
                    "parser_morph_features": "_|Nom|Sg"
                }
            },
            "super_head": {
                "SH_TOK1": {
                    "word_type": "N",
                    "word_form": "Vile",
                    "lemma": "Vile",
                    "POS_STTS": "NE",
                    "index": "24",
                    "dep_rel": "app",
                    "head_index": "23",
                    "parser_morph_features": "_|Nom|Sg"
                }
            }
        },
        "POST_info": {
            "P_TOK1": {
                "word_type": "N",
                "word_form": "Müller",
                "lemma": "Müller",
                "POS_STTS": "NE",
                "index": "27",
                "dep_rel": "app",
                "head_index": "26",
                "parser_morph_features": "_|Nom|Sg"
            }
        },
        "TOK_info": {
            "TOK1": {
                "word_type": "N",
                "word_form": "Friedrich",
                "lemma": "Friedrich",
                "POS_STTS": "NE",
                "index": "26",
                "dep_rel": "app",
                "head_index": "25",
                "parser_morph_features": "_|Nom|Sg",
                "possible_morph_features": []
            }
        },
        "relations": {}
    },
    {
        "file_ID": "1071_0024776",
        "sent_NP_ID": "1_13",
        "sentence": "Stadt X 26.04.2012 Lieber Jens Herlisch Glük für kinder , wie ist namem baby wie Get ´ s dein frau und ihr Babys Vile Grüse Friedrich Müller",
        "metadata": {
            "corpus": "MERLIN_DE",
            "author": {
                "author_ID": "1071_0024776",
                "L1": "not reported",
                "age": "30",
                "gender": "male"
            },
            "CEFR": {
                "overall_fairRating": "A1",
                "test_level": "A1"
            },
            "task": {
                "formality": "informal",
                "text_type": "letter",
                "topic": "congratulate to birth of child"
            }
        },
        "NP_info": {
            "len_np": 1,
            "coordination": null
        },
        "HEAD_info": {
            "head": {
                "H_TOK1": {
                    "word_type": "N",
                    "word_form": "Friedrich",
                    "lemma": "Friedrich",
                    "POS_STTS": "NE",
                    "index": "26",
                    "dep_rel": "app",
                    "head_index": "25",
                    "parser_morph_features": "_|Nom|Sg"
                }
            },
            "super_head": {
                "SH_TOK1": {
                    "word_type": "N",
                    "word_form": "Grüse",
                    "lemma": "Grüse",
                    "POS_STTS": "NE",
                    "index": "25",
                    "dep_rel": "app",
                    "head_index": "24",
                    "parser_morph_features": "_|Nom|Sg"
                }
            }
        },
        "POST_info": {},
        "TOK_info": {
            "TOK1": {
                "word_type": "N",
                "word_form": "Müller",
                "lemma": "Müller",
                "POS_STTS": "NE",
                "index": "27",
                "dep_rel": "app",
                "head_index": "26",
                "parser_morph_features": "_|Nom|Sg",
                "possible_morph_features": []
            }
        },
        "relations": {}
    }
]