[
    {
        "file_ID": "1071_0248350",
        "sent_NP_ID": "1_1",
        "sentence": "Liebe daniela wie gehetdir .",
        "metadata": {
            "corpus": "MERLIN_DE",
            "author": {
                "author_ID": "1071_0248350",
                "L1": "Turkish",
                "age": "51",
                "gender": "male"
            },
            "CEFR": {
                "overall_fairRating": "A2+",
                "test_level": "A1"
            },
            "task": {
                "formality": "informal",
                "text_type": "email",
                "topic": "arrange appointment with friend to go swimming together"
            }
        },
        "NP_info": {
            "len_np": 2,
            "coordination": [
                "1_1",
                "1_2"
            ]
        },
        "HEAD_info": {
            "head": {},
            "super_head": {}
        },
        "POST_info": {
            "P_TOK1": {
                "word_type": "KOKOM",
                "word_form": "wie",
                "lemma": "wie",
                "POS_STTS": "KOKOM",
                "index": "3",
                "dep_rel": "kom",
                "head_index": "2",
                "parser_morph_features": "_"
            }
        },
        "TOK_info": {
            "TOK1": {
                "word_type": "ADJA",
                "word_form": "Liebe",
                "lemma": "lieb",
                "POS_STTS": "ADJA",
                "index": "1",
                "dep_rel": "attr",
                "head_index": "2",
                "parser_morph_features": "Pos|_|_|_|_|",
                "possible_morph_features": []
            },
            "TOK2": {
                "word_type": "N",
                "word_form": "daniela",
                "lemma": "daniela",
                "POS_STTS": "NN",
                "index": "2",
                "dep_rel": "root",
                "head_index": "0",
                "parser_morph_features": "_|_|_",
                "possible_morph_features": []
            }
        },
        "relations": {
            "rel_1": {
                "rel_type": "must_agree",
                "involved": [
                    "TOK2",
                    "TOK1"
                ],
                "ruler": "TOK2",
                "possible_agreement": null
            }
        }
    },
    {
        "file_ID": "1071_0248350",
        "sent_NP_ID": "1_2",
        "sentence": "Liebe daniela wie gehetdir .",
        "metadata": {
            "corpus": "MERLIN_DE",
            "author": {
                "author_ID": "1071_0248350",
                "L1": "Turkish",
                "age": "51",
                "gender": "male"
            },
            "CEFR": {
                "overall_fairRating": "A2+",
                "test_level": "A1"
            },
            "task": {
                "formality": "informal",
                "text_type": "email",
                "topic": "arrange appointment with friend to go swimming together"
            }
        },
        "NP_info": {
            "len_np": 1,
            "coordination": [
                "1_1",
                "1_2"
            ]
        },
        "HEAD_info": {
            "head": {
                "H_TOK1": {
                    "word_type": "KOKOM",
                    "word_form": "wie",
                    "lemma": "wie",
                    "POS_STTS": "KOKOM",
                    "index": "3",
                    "dep_rel": "kom",
                    "head_index": "2",
                    "parser_morph_features": "_"
                }
            },
            "super_head": {
                "SH_TOK1": {
                    "word_type": "N",
                    "word_form": "daniela",
                    "lemma": "daniela",
                    "POS_STTS": "NN",
                    "index": "2",
                    "dep_rel": "root",
                    "head_index": "0",
                    "parser_morph_features": "_|_|_"
                }
            }
        },
        "POST_info": {},
        "TOK_info": {
            "TOK1": {
                "word_type": "N",
                "word_form": "gehetdir",
                "lemma": "gehetdir",
                "POS_STTS": "NE",
                "index": "4",
                "dep_rel": "cj",
                "head_index": "3",
                "parser_morph_features": "_",
                "possible_morph_features": []
            }
        },
        "relations": {}
    },
    {
        "file_ID": "1071_0248350",
        "sent_NP_ID": "3_3",
        "sentence": "ich möchte mit dir Schwimen gehen Has du Zeit wann können wir uns Trefen wier können uns morgen Trefen Daniela wen du morgen kommen kannst Birings du bitte 6 Kaser Börcen mitt bitte Bis morgen , Friedrich",
        "metadata": {
            "corpus": "MERLIN_DE",
            "author": {
                "author_ID": "1071_0248350",
                "L1": "Turkish",
                "age": "51",
                "gender": "male"
            },
            "CEFR": {
                "overall_fairRating": "A2+",
                "test_level": "A1"
            },
            "task": {
                "formality": "informal",
                "text_type": "email",
                "topic": "arrange appointment with friend to go swimming together"
            }
        },
        "NP_info": {
            "len_np": 1,
            "coordination": null
        },
        "HEAD_info": {
            "head": {
                "H_TOK1": {
                    "word_type": "V",
                    "word_form": "gehen",
                    "lemma": "gehen",
                    "POS_STTS": "VVINF",
                    "index": "6",
                    "dep_rel": "aux",
                    "head_index": "2",
                    "parser_morph_features": "_"
                }
            },
            "super_head": {
                "SH_TOK1": {
                    "word_type": "V",
                    "word_form": "möchte",
                    "lemma": "mögen",
                    "POS_STTS": "VMFIN",
                    "index": "2",
                    "dep_rel": "root",
                    "head_index": "0",
                    "parser_morph_features": "1|Sg|Past|Subj"
                }
            }
        },
        "POST_info": {},
        "TOK_info": {
            "TOK1": {
                "word_type": "N",
                "word_form": "Schwimen",
                "lemma": "Schwimen",
                "POS_STTS": "NE",
                "index": "5",
                "dep_rel": "objd",
                "head_index": "6",
                "parser_morph_features": "_|Dat|_",
                "possible_morph_features": []
            }
        },
        "relations": {}
    },
    {
        "file_ID": "1071_0248350",
        "sent_NP_ID": "3_4",
        "sentence": "ich möchte mit dir Schwimen gehen Has du Zeit wann können wir uns Trefen wier können uns morgen Trefen Daniela wen du morgen kommen kannst Birings du bitte 6 Kaser Börcen mitt bitte Bis morgen , Friedrich",
        "metadata": {
            "corpus": "MERLIN_DE",
            "author": {
                "author_ID": "1071_0248350",
                "L1": "Turkish",
                "age": "51",
                "gender": "male"
            },
            "CEFR": {
                "overall_fairRating": "A2+",
                "test_level": "A1"
            },
            "task": {
                "formality": "informal",
                "text_type": "email",
                "topic": "arrange appointment with friend to go swimming together"
            }
        },
        "NP_info": {
            "len_np": 1,
            "coordination": null
        },
        "HEAD_info": {
            "head": {},
            "super_head": {}
        },
        "POST_info": {},
        "TOK_info": {
            "TOK1": {
                "word_type": "N",
                "word_form": "Has",
                "lemma": "Has",
                "POS_STTS": "NE",
                "index": "7",
                "dep_rel": "root",
                "head_index": "0",
                "parser_morph_features": "_",
                "possible_morph_features": []
            }
        },
        "relations": {}
    },
    {
        "file_ID": "1071_0248350",
        "sent_NP_ID": "3_5",
        "sentence": "ich möchte mit dir Schwimen gehen Has du Zeit wann können wir uns Trefen wier können uns morgen Trefen Daniela wen du morgen kommen kannst Birings du bitte 6 Kaser Börcen mitt bitte Bis morgen , Friedrich",
        "metadata": {
            "corpus": "MERLIN_DE",
            "author": {
                "author_ID": "1071_0248350",
                "L1": "Turkish",
                "age": "51",
                "gender": "male"
            },
            "CEFR": {
                "overall_fairRating": "A2+",
                "test_level": "A1"
            },
            "task": {
                "formality": "informal",
                "text_type": "email",
                "topic": "arrange appointment with friend to go swimming together"
            }
        },
        "NP_info": {
            "len_np": 1,
            "coordination": null
        },
        "HEAD_info": {
            "head": {
                "H_TOK1": {
                    "word_type": "PRO",
                    "word_form": "du",
                    "lemma": "du",
                    "POS_STTS": "PPER",
                    "index": "8",
                    "dep_rel": "root",
                    "head_index": "0",
                    "parser_morph_features": "Fem|Nom|Sg"
                }
            },
            "super_head": {}
        },
        "POST_info": {
            "P_TOK1": {
                "word_type": "V",
                "word_form": "können",
                "lemma": "können",
                "POS_STTS": "VMFIN",
                "index": "11",
                "dep_rel": "objc",
                "head_index": "9",
                "parser_morph_features": "1|Pl|Pres|_"
            }
        },
        "TOK_info": {
            "TOK1": {
                "word_type": "N",
                "word_form": "Zeit",
                "lemma": "Zeit",
                "POS_STTS": "NN",
                "index": "9",
                "dep_rel": "app",
                "head_index": "8",
                "parser_morph_features": "Fem|_|Sg",
                "possible_morph_features": []
            }
        },
        "relations": {}
    },
    {
        "file_ID": "1071_0248350",
        "sent_NP_ID": "3_6",
        "sentence": "ich möchte mit dir Schwimen gehen Has du Zeit wann können wir uns Trefen wier können uns morgen Trefen Daniela wen du morgen kommen kannst Birings du bitte 6 Kaser Börcen mitt bitte Bis morgen , Friedrich",
        "metadata": {
            "corpus": "MERLIN_DE",
            "author": {
                "author_ID": "1071_0248350",
                "L1": "Turkish",
                "age": "51",
                "gender": "male"
            },
            "CEFR": {
                "overall_fairRating": "A2+",
                "test_level": "A1"
            },
            "task": {
                "formality": "informal",
                "text_type": "email",
                "topic": "arrange appointment with friend to go swimming together"
            }
        },
        "NP_info": {
            "len_np": 1,
            "coordination": null
        },
        "HEAD_info": {
            "head": {
                "H_TOK1": {
                    "word_type": "V",
                    "word_form": "wier",
                    "lemma": "wier",
                    "POS_STTS": "VVINF",
                    "index": "15",
                    "dep_rel": "aux",
                    "head_index": "16",
                    "parser_morph_features": "_"
                }
            },
            "super_head": {
                "SH_TOK1": {
                    "word_type": "V",
                    "word_form": "können",
                    "lemma": "können",
                    "POS_STTS": "VMINF",
                    "index": "16",
                    "dep_rel": "aux",
                    "head_index": "11",
                    "parser_morph_features": "_"
                }
            }
        },
        "POST_info": {},
        "TOK_info": {
            "TOK1": {
                "word_type": "N",
                "word_form": "Trefen",
                "lemma": "Trefen",
                "POS_STTS": "NN",
                "index": "14",
                "dep_rel": "obja",
                "head_index": "15",
                "parser_morph_features": "_|_|_",
                "possible_morph_features": []
            }
        },
        "relations": {}
    },
    {
        "file_ID": "1071_0248350",
        "sent_NP_ID": "3_7",
        "sentence": "ich möchte mit dir Schwimen gehen Has du Zeit wann können wir uns Trefen wier können uns morgen Trefen Daniela wen du morgen kommen kannst Birings du bitte 6 Kaser Börcen mitt bitte Bis morgen , Friedrich",
        "metadata": {
            "corpus": "MERLIN_DE",
            "author": {
                "author_ID": "1071_0248350",
                "L1": "Turkish",
                "age": "51",
                "gender": "male"
            },
            "CEFR": {
                "overall_fairRating": "A2+",
                "test_level": "A1"
            },
            "task": {
                "formality": "informal",
                "text_type": "email",
                "topic": "arrange appointment with friend to go swimming together"
            }
        },
        "NP_info": {
            "len_np": 2,
            "coordination": null
        },
        "HEAD_info": {
            "head": {},
            "super_head": {}
        },
        "POST_info": {
            "P_TOK1": {
                "word_type": "N",
                "word_form": "Daniela",
                "lemma": "Daniela",
                "POS_STTS": "NE",
                "index": "20",
                "dep_rel": "app",
                "head_index": "19",
                "parser_morph_features": "Fem|_|Sg"
            }
        },
        "TOK_info": {
            "TOK1": {
                "word_type": "ADV",
                "word_form": "morgen",
                "lemma": "morgen",
                "POS_STTS": "ADV",
                "index": "18",
                "dep_rel": "adv",
                "head_index": "19",
                "parser_morph_features": "_",
                "possible_morph_features": []
            },
            "TOK2": {
                "word_type": "N",
                "word_form": "Trefen",
                "lemma": "Trefen",
                "POS_STTS": "NE",
                "index": "19",
                "dep_rel": "root",
                "head_index": "0",
                "parser_morph_features": "Fem|_|Sg",
                "possible_morph_features": []
            }
        },
        "relations": {}
    },
    {
        "file_ID": "1071_0248350",
        "sent_NP_ID": "3_8",
        "sentence": "ich möchte mit dir Schwimen gehen Has du Zeit wann können wir uns Trefen wier können uns morgen Trefen Daniela wen du morgen kommen kannst Birings du bitte 6 Kaser Börcen mitt bitte Bis morgen , Friedrich",
        "metadata": {
            "corpus": "MERLIN_DE",
            "author": {
                "author_ID": "1071_0248350",
                "L1": "Turkish",
                "age": "51",
                "gender": "male"
            },
            "CEFR": {
                "overall_fairRating": "A2+",
                "test_level": "A1"
            },
            "task": {
                "formality": "informal",
                "text_type": "email",
                "topic": "arrange appointment with friend to go swimming together"
            }
        },
        "NP_info": {
            "len_np": 1,
            "coordination": null
        },
        "HEAD_info": {
            "head": {
                "H_TOK1": {
                    "word_type": "N",
                    "word_form": "Trefen",
                    "lemma": "Trefen",
                    "POS_STTS": "NE",
                    "index": "19",
                    "dep_rel": "root",
                    "head_index": "0",
                    "parser_morph_features": "Fem|_|Sg"
                }
            },
            "super_head": {}
        },
        "POST_info": {},
        "TOK_info": {
            "TOK1": {
                "word_type": "N",
                "word_form": "Daniela",
                "lemma": "Daniela",
                "POS_STTS": "NE",
                "index": "20",
                "dep_rel": "app",
                "head_index": "19",
                "parser_morph_features": "Fem|_|Sg",
                "possible_morph_features": []
            }
        },
        "relations": {}
    },
    {
        "file_ID": "1071_0248350",
        "sent_NP_ID": "3_9",
        "sentence": "ich möchte mit dir Schwimen gehen Has du Zeit wann können wir uns Trefen wier können uns morgen Trefen Daniela wen du morgen kommen kannst Birings du bitte 6 Kaser Börcen mitt bitte Bis morgen , Friedrich",
        "metadata": {
            "corpus": "MERLIN_DE",
            "author": {
                "author_ID": "1071_0248350",
                "L1": "Turkish",
                "age": "51",
                "gender": "male"
            },
            "CEFR": {
                "overall_fairRating": "A2+",
                "test_level": "A1"
            },
            "task": {
                "formality": "informal",
                "text_type": "email",
                "topic": "arrange appointment with friend to go swimming together"
            }
        },
        "NP_info": {
            "len_np": 1,
            "coordination": null
        },
        "HEAD_info": {
            "head": {},
            "super_head": {}
        },
        "POST_info": {},
        "TOK_info": {
            "TOK1": {
                "word_type": "N",
                "word_form": "Birings",
                "lemma": "Biring",
                "POS_STTS": "NN",
                "index": "26",
                "dep_rel": "root",
                "head_index": "0",
                "parser_morph_features": "Masc|Gen|Sg",
                "possible_morph_features": []
            }
        },
        "relations": {}
    },
    {
        "file_ID": "1071_0248350",
        "sent_NP_ID": "3_10",
        "sentence": "ich möchte mit dir Schwimen gehen Has du Zeit wann können wir uns Trefen wier können uns morgen Trefen Daniela wen du morgen kommen kannst Birings du bitte 6 Kaser Börcen mitt bitte Bis morgen , Friedrich",
        "metadata": {
            "corpus": "MERLIN_DE",
            "author": {
                "author_ID": "1071_0248350",
                "L1": "Turkish",
                "age": "51",
                "gender": "male"
            },
            "CEFR": {
                "overall_fairRating": "A2+",
                "test_level": "A1"
            },
            "task": {
                "formality": "informal",
                "text_type": "email",
                "topic": "arrange appointment with friend to go swimming together"
            }
        },
        "NP_info": {
            "len_np": 1,
            "coordination": null
        },
        "HEAD_info": {
            "head": {
                "H_TOK1": {
                    "word_type": "V",
                    "word_form": "bitte",
                    "lemma": "bitten",
                    "POS_STTS": "VVFIN",
                    "index": "33",
                    "dep_rel": "root",
                    "head_index": "0",
                    "parser_morph_features": "_|Sg|Pres|_"
                }
            },
            "super_head": {}
        },
        "POST_info": {},
        "TOK_info": {
            "TOK1": {
                "word_type": "N",
                "word_form": "Friedrich",
                "lemma": "Friedrich",
                "POS_STTS": "NE",
                "index": "37",
                "dep_rel": "vok",
                "head_index": "33",
                "parser_morph_features": "_|_|Sg",
                "possible_morph_features": []
            }
        },
        "relations": {}
    }
]