[
    {
        "file_ID": "1071_0024678",
        "sent_NP_ID": "1_1",
        "sentence": "Liebe Freund Ingo : Kann mir bitte helfen Ich arbeite in Neuburg .",
        "metadata": {
            "corpus": "MERLIN_DE",
            "author": {
                "author_ID": "1071_0024678",
                "L1": "not reported",
                "age": "29",
                "gender": "female"
            },
            "CEFR": {
                "overall_fairRating": "A2",
                "test_level": "A1"
            },
            "task": {
                "formality": "informal",
                "text_type": "email",
                "topic": "ask friend for help for finding apartment"
            }
        },
        "NP_info": {
            "len_np": 2,
            "coordination": null
        },
        "HEAD_info": {
            "head": {},
            "super_head": {}
        },
        "POST_info": {
            "P_TOK1": {
                "word_type": "N",
                "word_form": "Ingo",
                "lemma": "Ingo",
                "POS_STTS": "NE",
                "index": "3",
                "dep_rel": "app",
                "head_index": "2",
                "parser_morph_features": "Masc|Nom|Sg"
            }
        },
        "TOK_info": {
            "TOK1": {
                "word_type": "ADJA",
                "word_form": "Liebe",
                "lemma": "lieb",
                "POS_STTS": "ADJA",
                "index": "1",
                "dep_rel": "attr",
                "head_index": "2",
                "parser_morph_features": "Pos|Masc|Nom|Sg|Wk|",
                "possible_morph_features": []
            },
            "TOK2": {
                "word_type": "N",
                "word_form": "Freund",
                "lemma": "Freund",
                "POS_STTS": "NN",
                "index": "2",
                "dep_rel": "root",
                "head_index": "0",
                "parser_morph_features": "Masc|Nom|Sg",
                "possible_morph_features": []
            }
        },
        "relations": {
            "rel_1": {
                "rel_type": "must_agree",
                "involved": [
                    "TOK2",
                    "TOK1"
                ],
                "ruler": "TOK2",
                "possible_agreement": null
            }
        }
    },
    {
        "file_ID": "1071_0024678",
        "sent_NP_ID": "1_2",
        "sentence": "Liebe Freund Ingo : Kann mir bitte helfen Ich arbeite in Neuburg .",
        "metadata": {
            "corpus": "MERLIN_DE",
            "author": {
                "author_ID": "1071_0024678",
                "L1": "not reported",
                "age": "29",
                "gender": "female"
            },
            "CEFR": {
                "overall_fairRating": "A2",
                "test_level": "A1"
            },
            "task": {
                "formality": "informal",
                "text_type": "email",
                "topic": "ask friend for help for finding apartment"
            }
        },
        "NP_info": {
            "len_np": 1,
            "coordination": null
        },
        "HEAD_info": {
            "head": {
                "H_TOK1": {
                    "word_type": "N",
                    "word_form": "Freund",
                    "lemma": "Freund",
                    "POS_STTS": "NN",
                    "index": "2",
                    "dep_rel": "root",
                    "head_index": "0",
                    "parser_morph_features": "Masc|Nom|Sg"
                }
            },
            "super_head": {}
        },
        "POST_info": {},
        "TOK_info": {
            "TOK1": {
                "word_type": "N",
                "word_form": "Ingo",
                "lemma": "Ingo",
                "POS_STTS": "NE",
                "index": "3",
                "dep_rel": "app",
                "head_index": "2",
                "parser_morph_features": "Masc|Nom|Sg",
                "possible_morph_features": []
            }
        },
        "relations": {}
    },
    {
        "file_ID": "1071_0024678",
        "sent_NP_ID": "1_3",
        "sentence": "Liebe Freund Ingo : Kann mir bitte helfen Ich arbeite in Neuburg .",
        "metadata": {
            "corpus": "MERLIN_DE",
            "author": {
                "author_ID": "1071_0024678",
                "L1": "not reported",
                "age": "29",
                "gender": "female"
            },
            "CEFR": {
                "overall_fairRating": "A2",
                "test_level": "A1"
            },
            "task": {
                "formality": "informal",
                "text_type": "email",
                "topic": "ask friend for help for finding apartment"
            }
        },
        "NP_info": {
            "len_np": 1,
            "coordination": null
        },
        "HEAD_info": {
            "head": {
                "H_TOK1": {
                    "word_type": "PREP",
                    "word_form": "in",
                    "lemma": "in",
                    "POS_STTS": "APPR",
                    "index": "11",
                    "dep_rel": "pp",
                    "head_index": "10",
                    "parser_morph_features": "_"
                }
            },
            "super_head": {
                "SH_TOK1": {
                    "word_type": "V",
                    "word_form": "arbeite",
                    "lemma": "arbeiten",
                    "POS_STTS": "VVFIN",
                    "index": "10",
                    "dep_rel": "root",
                    "head_index": "0",
                    "parser_morph_features": "1|Sg|Pres|_"
                }
            }
        },
        "POST_info": {},
        "TOK_info": {
            "TOK1": {
                "word_type": "N",
                "word_form": "Neuburg",
                "lemma": "Neuburg",
                "POS_STTS": "NN",
                "index": "12",
                "dep_rel": "pn",
                "head_index": "11",
                "parser_morph_features": "Fem|_|Sg",
                "possible_morph_features": []
            }
        },
        "relations": {}
    },
    {
        "file_ID": "1071_0024678",
        "sent_NP_ID": "2_4",
        "sentence": "und ich suche eine Wohnung in dise Stad .",
        "metadata": {
            "corpus": "MERLIN_DE",
            "author": {
                "author_ID": "1071_0024678",
                "L1": "not reported",
                "age": "29",
                "gender": "female"
            },
            "CEFR": {
                "overall_fairRating": "A2",
                "test_level": "A1"
            },
            "task": {
                "formality": "informal",
                "text_type": "email",
                "topic": "ask friend for help for finding apartment"
            }
        },
        "NP_info": {
            "len_np": 2,
            "coordination": null
        },
        "HEAD_info": {
            "head": {
                "H_TOK1": {
                    "word_type": "V",
                    "word_form": "suche",
                    "lemma": "suchen",
                    "POS_STTS": "VVFIN",
                    "index": "3",
                    "dep_rel": "cj",
                    "head_index": "1",
                    "parser_morph_features": "1|Sg|Pres|_"
                }
            },
            "super_head": {
                "SH_TOK1": {
                    "word_type": "KON",
                    "word_form": "und",
                    "lemma": "und",
                    "POS_STTS": "KON",
                    "index": "1",
                    "dep_rel": "root",
                    "head_index": "0",
                    "parser_morph_features": "_"
                }
            }
        },
        "POST_info": {},
        "TOK_info": {
            "TOK1": {
                "word_type": "ART",
                "word_form": "eine",
                "lemma": "eine",
                "POS_STTS": "ART",
                "index": "4",
                "dep_rel": "det",
                "head_index": "5",
                "parser_morph_features": "Indef|Fem|Acc|Sg",
                "possible_morph_features": []
            },
            "TOK2": {
                "word_type": "N",
                "word_form": "Wohnung",
                "lemma": "Wohnung",
                "POS_STTS": "NN",
                "index": "5",
                "dep_rel": "obja",
                "head_index": "3",
                "parser_morph_features": "Fem|Acc|Sg",
                "possible_morph_features": []
            }
        },
        "relations": {
            "rel_1": {
                "rel_type": "must_agree",
                "involved": [
                    "TOK2",
                    "TOK1"
                ],
                "ruler": "TOK2",
                "possible_agreement": null
            }
        }
    },
    {
        "file_ID": "1071_0024678",
        "sent_NP_ID": "2_5",
        "sentence": "und ich suche eine Wohnung in dise Stad .",
        "metadata": {
            "corpus": "MERLIN_DE",
            "author": {
                "author_ID": "1071_0024678",
                "L1": "not reported",
                "age": "29",
                "gender": "female"
            },
            "CEFR": {
                "overall_fairRating": "A2",
                "test_level": "A1"
            },
            "task": {
                "formality": "informal",
                "text_type": "email",
                "topic": "ask friend for help for finding apartment"
            }
        },
        "NP_info": {
            "len_np": 1,
            "coordination": null
        },
        "HEAD_info": {
            "head": {
                "H_TOK1": {
                    "word_type": "PREP",
                    "word_form": "in",
                    "lemma": "in",
                    "POS_STTS": "APPR",
                    "index": "6",
                    "dep_rel": "pp",
                    "head_index": "3",
                    "parser_morph_features": "_"
                }
            },
            "super_head": {
                "SH_TOK1": {
                    "word_type": "V",
                    "word_form": "suche",
                    "lemma": "suchen",
                    "POS_STTS": "VVFIN",
                    "index": "3",
                    "dep_rel": "cj",
                    "head_index": "1",
                    "parser_morph_features": "1|Sg|Pres|_"
                }
            }
        },
        "POST_info": {
            "P_TOK1": {
                "word_type": "N",
                "word_form": "Stad",
                "lemma": "Stad",
                "POS_STTS": "NE",
                "index": "8",
                "dep_rel": "app",
                "head_index": "7",
                "parser_morph_features": "_|_|_"
            }
        },
        "TOK_info": {
            "TOK1": {
                "word_type": "N",
                "word_form": "dise",
                "lemma": "dise",
                "POS_STTS": "NE",
                "index": "7",
                "dep_rel": "pn",
                "head_index": "6",
                "parser_morph_features": "_|_|_",
                "possible_morph_features": []
            }
        },
        "relations": {}
    },
    {
        "file_ID": "1071_0024678",
        "sent_NP_ID": "2_6",
        "sentence": "und ich suche eine Wohnung in dise Stad .",
        "metadata": {
            "corpus": "MERLIN_DE",
            "author": {
                "author_ID": "1071_0024678",
                "L1": "not reported",
                "age": "29",
                "gender": "female"
            },
            "CEFR": {
                "overall_fairRating": "A2",
                "test_level": "A1"
            },
            "task": {
                "formality": "informal",
                "text_type": "email",
                "topic": "ask friend for help for finding apartment"
            }
        },
        "NP_info": {
            "len_np": 1,
            "coordination": null
        },
        "HEAD_info": {
            "head": {
                "H_TOK1": {
                    "word_type": "N",
                    "word_form": "dise",
                    "lemma": "dise",
                    "POS_STTS": "NE",
                    "index": "7",
                    "dep_rel": "pn",
                    "head_index": "6",
                    "parser_morph_features": "_|_|_"
                }
            },
            "super_head": {
                "SH_TOK1": {
                    "word_type": "PREP",
                    "word_form": "in",
                    "lemma": "in",
                    "POS_STTS": "APPR",
                    "index": "6",
                    "dep_rel": "pp",
                    "head_index": "3",
                    "parser_morph_features": "_"
                }
            }
        },
        "POST_info": {},
        "TOK_info": {
            "TOK1": {
                "word_type": "N",
                "word_form": "Stad",
                "lemma": "Stad",
                "POS_STTS": "NE",
                "index": "8",
                "dep_rel": "app",
                "head_index": "7",
                "parser_morph_features": "_|_|_",
                "possible_morph_features": []
            }
        },
        "relations": {}
    },
    {
        "file_ID": "1071_0024678",
        "sent_NP_ID": "3_7",
        "sentence": "Ich möchte eine Wohnung mit drei zimmer mit garden und mit garage .",
        "metadata": {
            "corpus": "MERLIN_DE",
            "author": {
                "author_ID": "1071_0024678",
                "L1": "not reported",
                "age": "29",
                "gender": "female"
            },
            "CEFR": {
                "overall_fairRating": "A2",
                "test_level": "A1"
            },
            "task": {
                "formality": "informal",
                "text_type": "email",
                "topic": "ask friend for help for finding apartment"
            }
        },
        "NP_info": {
            "len_np": 2,
            "coordination": null
        },
        "HEAD_info": {
            "head": {
                "H_TOK1": {
                    "word_type": "V",
                    "word_form": "möchte",
                    "lemma": "mögen",
                    "POS_STTS": "VMFIN",
                    "index": "2",
                    "dep_rel": "root",
                    "head_index": "0",
                    "parser_morph_features": "1|Sg|Past|Subj"
                }
            },
            "super_head": {}
        },
        "POST_info": {},
        "TOK_info": {
            "TOK1": {
                "word_type": "ART",
                "word_form": "eine",
                "lemma": "eine",
                "POS_STTS": "ART",
                "index": "3",
                "dep_rel": "det",
                "head_index": "4",
                "parser_morph_features": "Indef|Fem|Acc|Sg",
                "possible_morph_features": []
            },
            "TOK2": {
                "word_type": "N",
                "word_form": "Wohnung",
                "lemma": "Wohnung",
                "POS_STTS": "NN",
                "index": "4",
                "dep_rel": "obja",
                "head_index": "2",
                "parser_morph_features": "Fem|Acc|Sg",
                "possible_morph_features": []
            }
        },
        "relations": {
            "rel_1": {
                "rel_type": "must_agree",
                "involved": [
                    "TOK2",
                    "TOK1"
                ],
                "ruler": "TOK2",
                "possible_agreement": null
            }
        }
    },
    {
        "file_ID": "1071_0024678",
        "sent_NP_ID": "3_8",
        "sentence": "Ich möchte eine Wohnung mit drei zimmer mit garden und mit garage .",
        "metadata": {
            "corpus": "MERLIN_DE",
            "author": {
                "author_ID": "1071_0024678",
                "L1": "not reported",
                "age": "29",
                "gender": "female"
            },
            "CEFR": {
                "overall_fairRating": "A2",
                "test_level": "A1"
            },
            "task": {
                "formality": "informal",
                "text_type": "email",
                "topic": "ask friend for help for finding apartment"
            }
        },
        "NP_info": {
            "len_np": 2,
            "coordination": null
        },
        "HEAD_info": {
            "head": {
                "H_TOK1": {
                    "word_type": "PREP",
                    "word_form": "mit",
                    "lemma": "mit",
                    "POS_STTS": "APPR",
                    "index": "5",
                    "dep_rel": "objp",
                    "head_index": "2",
                    "parser_morph_features": "Dat"
                }
            },
            "super_head": {
                "SH_TOK1": {
                    "word_type": "V",
                    "word_form": "möchte",
                    "lemma": "mögen",
                    "POS_STTS": "VMFIN",
                    "index": "2",
                    "dep_rel": "root",
                    "head_index": "0",
                    "parser_morph_features": "1|Sg|Past|Subj"
                }
            }
        },
        "POST_info": {
            "P_TOK1": {
                "word_type": "PREP",
                "word_form": "mit",
                "lemma": "mit",
                "POS_STTS": "APPR",
                "index": "8",
                "dep_rel": "pp",
                "head_index": "7",
                "parser_morph_features": "Dat"
            }
        },
        "TOK_info": {
            "TOK1": {
                "word_type": "CARD",
                "word_form": "drei",
                "lemma": "drei",
                "POS_STTS": "CARD",
                "index": "6",
                "dep_rel": "attr",
                "head_index": "7",
                "parser_morph_features": "_",
                "possible_morph_features": []
            },
            "TOK2": {
                "word_type": "N",
                "word_form": "zimmer",
                "lemma": "zimmer",
                "POS_STTS": "NN",
                "index": "7",
                "dep_rel": "pn",
                "head_index": "5",
                "parser_morph_features": "_|Dat|Pl",
                "possible_morph_features": []
            }
        },
        "relations": {}
    },
    {
        "file_ID": "1071_0024678",
        "sent_NP_ID": "3_9",
        "sentence": "Ich möchte eine Wohnung mit drei zimmer mit garden und mit garage .",
        "metadata": {
            "corpus": "MERLIN_DE",
            "author": {
                "author_ID": "1071_0024678",
                "L1": "not reported",
                "age": "29",
                "gender": "female"
            },
            "CEFR": {
                "overall_fairRating": "A2",
                "test_level": "A1"
            },
            "task": {
                "formality": "informal",
                "text_type": "email",
                "topic": "ask friend for help for finding apartment"
            }
        },
        "NP_info": {
            "len_np": 1,
            "coordination": null
        },
        "HEAD_info": {
            "head": {
                "H_TOK1": {
                    "word_type": "PREP",
                    "word_form": "mit",
                    "lemma": "mit",
                    "POS_STTS": "APPR",
                    "index": "8",
                    "dep_rel": "pp",
                    "head_index": "7",
                    "parser_morph_features": "Dat"
                }
            },
            "super_head": {
                "SH_TOK1": {
                    "word_type": "N",
                    "word_form": "zimmer",
                    "lemma": "zimmer",
                    "POS_STTS": "NN",
                    "index": "7",
                    "dep_rel": "pn",
                    "head_index": "5",
                    "parser_morph_features": "_|Dat|Pl"
                }
            }
        },
        "POST_info": {},
        "TOK_info": {
            "TOK1": {
                "word_type": "N",
                "word_form": "garden",
                "lemma": "garden",
                "POS_STTS": "NE",
                "index": "9",
                "dep_rel": "pn",
                "head_index": "8",
                "parser_morph_features": "_|Dat|_",
                "possible_morph_features": []
            }
        },
        "relations": {}
    },
    {
        "file_ID": "1071_0024678",
        "sent_NP_ID": "3_10",
        "sentence": "Ich möchte eine Wohnung mit drei zimmer mit garden und mit garage .",
        "metadata": {
            "corpus": "MERLIN_DE",
            "author": {
                "author_ID": "1071_0024678",
                "L1": "not reported",
                "age": "29",
                "gender": "female"
            },
            "CEFR": {
                "overall_fairRating": "A2",
                "test_level": "A1"
            },
            "task": {
                "formality": "informal",
                "text_type": "email",
                "topic": "ask friend for help for finding apartment"
            }
        },
        "NP_info": {
            "len_np": 1,
            "coordination": null
        },
        "HEAD_info": {
            "head": {
                "H_TOK1": {
                    "word_type": "PREP",
                    "word_form": "mit",
                    "lemma": "mit",
                    "POS_STTS": "APPR",
                    "index": "11",
                    "dep_rel": "cj",
                    "head_index": "10",
                    "parser_morph_features": "Dat"
                }
            },
            "super_head": {
                "SH_TOK1": {
                    "word_type": "KON",
                    "word_form": "und",
                    "lemma": "und",
                    "POS_STTS": "KON",
                    "index": "10",
                    "dep_rel": "kon",
                    "head_index": "8",
                    "parser_morph_features": "_"
                }
            }
        },
        "POST_info": {},
        "TOK_info": {
            "TOK1": {
                "word_type": "N",
                "word_form": "garage",
                "lemma": "garage",
                "POS_STTS": "NE",
                "index": "12",
                "dep_rel": "pn",
                "head_index": "11",
                "parser_morph_features": "_|Dat|_",
                "possible_morph_features": []
            }
        },
        "relations": {}
    },
    {
        "file_ID": "1071_0024678",
        "sent_NP_ID": "4_11",
        "sentence": "Ich muss in drei Wohe aufziehen Ich warte Antwort .",
        "metadata": {
            "corpus": "MERLIN_DE",
            "author": {
                "author_ID": "1071_0024678",
                "L1": "not reported",
                "age": "29",
                "gender": "female"
            },
            "CEFR": {
                "overall_fairRating": "A2",
                "test_level": "A1"
            },
            "task": {
                "formality": "informal",
                "text_type": "email",
                "topic": "ask friend for help for finding apartment"
            }
        },
        "NP_info": {
            "len_np": 2,
            "coordination": null
        },
        "HEAD_info": {
            "head": {
                "H_TOK1": {
                    "word_type": "PREP",
                    "word_form": "in",
                    "lemma": "in",
                    "POS_STTS": "APPR",
                    "index": "3",
                    "dep_rel": "pp",
                    "head_index": "6",
                    "parser_morph_features": "_"
                }
            },
            "super_head": {
                "SH_TOK1": {
                    "word_type": "V",
                    "word_form": "aufziehen",
                    "lemma": "aufziehen",
                    "POS_STTS": "VVINF",
                    "index": "6",
                    "dep_rel": "aux",
                    "head_index": "2",
                    "parser_morph_features": "_"
                }
            }
        },
        "POST_info": {},
        "TOK_info": {
            "TOK1": {
                "word_type": "CARD",
                "word_form": "drei",
                "lemma": "drei",
                "POS_STTS": "CARD",
                "index": "4",
                "dep_rel": "attr",
                "head_index": "5",
                "parser_morph_features": "_",
                "possible_morph_features": []
            },
            "TOK2": {
                "word_type": "N",
                "word_form": "Wohe",
                "lemma": "Wohe",
                "POS_STTS": "NN",
                "index": "5",
                "dep_rel": "pn",
                "head_index": "3",
                "parser_morph_features": "_|_|Pl",
                "possible_morph_features": []
            }
        },
        "relations": {}
    },
    {
        "file_ID": "1071_0024678",
        "sent_NP_ID": "4_12",
        "sentence": "Ich muss in drei Wohe aufziehen Ich warte Antwort .",
        "metadata": {
            "corpus": "MERLIN_DE",
            "author": {
                "author_ID": "1071_0024678",
                "L1": "not reported",
                "age": "29",
                "gender": "female"
            },
            "CEFR": {
                "overall_fairRating": "A2",
                "test_level": "A1"
            },
            "task": {
                "formality": "informal",
                "text_type": "email",
                "topic": "ask friend for help for finding apartment"
            }
        },
        "NP_info": {
            "len_np": 1,
            "coordination": null
        },
        "HEAD_info": {
            "head": {},
            "super_head": {}
        },
        "POST_info": {},
        "TOK_info": {
            "TOK1": {
                "word_type": "N",
                "word_form": "Antwort",
                "lemma": "Antwort",
                "POS_STTS": "NN",
                "index": "9",
                "dep_rel": "root",
                "head_index": "0",
                "parser_morph_features": "Fem|_|Sg",
                "possible_morph_features": []
            }
        },
        "relations": {}
    },
    {
        "file_ID": "1071_0024678",
        "sent_NP_ID": "5_13",
        "sentence": "Gröse liebe Maria",
        "metadata": {
            "corpus": "MERLIN_DE",
            "author": {
                "author_ID": "1071_0024678",
                "L1": "not reported",
                "age": "29",
                "gender": "female"
            },
            "CEFR": {
                "overall_fairRating": "A2",
                "test_level": "A1"
            },
            "task": {
                "formality": "informal",
                "text_type": "email",
                "topic": "ask friend for help for finding apartment"
            }
        },
        "NP_info": {
            "len_np": 1,
            "coordination": null
        },
        "HEAD_info": {
            "head": {
                "H_TOK1": {
                    "word_type": "V",
                    "word_form": "liebe",
                    "lemma": "lieben",
                    "POS_STTS": "VVFIN",
                    "index": "2",
                    "dep_rel": "root",
                    "head_index": "0",
                    "parser_morph_features": "3|Sg|Pres|Subj"
                }
            },
            "super_head": {}
        },
        "POST_info": {},
        "TOK_info": {
            "TOK1": {
                "word_type": "N",
                "word_form": "Gröse",
                "lemma": "Gröse",
                "POS_STTS": "NE",
                "index": "1",
                "dep_rel": "subj",
                "head_index": "2",
                "parser_morph_features": "_|Nom|Sg",
                "possible_morph_features": []
            }
        },
        "relations": {}
    },
    {
        "file_ID": "1071_0024678",
        "sent_NP_ID": "5_14",
        "sentence": "Gröse liebe Maria",
        "metadata": {
            "corpus": "MERLIN_DE",
            "author": {
                "author_ID": "1071_0024678",
                "L1": "not reported",
                "age": "29",
                "gender": "female"
            },
            "CEFR": {
                "overall_fairRating": "A2",
                "test_level": "A1"
            },
            "task": {
                "formality": "informal",
                "text_type": "email",
                "topic": "ask friend for help for finding apartment"
            }
        },
        "NP_info": {
            "len_np": 1,
            "coordination": null
        },
        "HEAD_info": {
            "head": {
                "H_TOK1": {
                    "word_type": "V",
                    "word_form": "liebe",
                    "lemma": "lieben",
                    "POS_STTS": "VVFIN",
                    "index": "2",
                    "dep_rel": "root",
                    "head_index": "0",
                    "parser_morph_features": "3|Sg|Pres|Subj"
                }
            },
            "super_head": {}
        },
        "POST_info": {},
        "TOK_info": {
            "TOK1": {
                "word_type": "N",
                "word_form": "Maria",
                "lemma": "Maria",
                "POS_STTS": "NE",
                "index": "3",
                "dep_rel": "obja",
                "head_index": "2",
                "parser_morph_features": "_|Acc|Sg",
                "possible_morph_features": []
            }
        },
        "relations": {}
    }
]