[
    {
        "file_ID": "1071_0024686",
        "sent_NP_ID": "1_1",
        "sentence": "Stadt X , 08 Marz 2011 Lieber Ingo , Wie geht ´ s dir ?",
        "metadata": {
            "corpus": "MERLIN_DE",
            "author": {
                "author_ID": "1071_0024686",
                "L1": "not reported",
                "age": "24",
                "gender": "female"
            },
            "CEFR": {
                "overall_fairRating": "B1",
                "test_level": "A1"
            },
            "task": {
                "formality": "informal",
                "text_type": "email",
                "topic": "ask friend for help for finding apartment"
            }
        },
        "NP_info": {
            "len_np": 1,
            "coordination": null
        },
        "HEAD_info": {
            "head": {},
            "super_head": {}
        },
        "POST_info": {
            "P_TOK1": {
                "word_type": "N",
                "word_form": "X",
                "lemma": "X",
                "POS_STTS": "NE",
                "index": "2",
                "dep_rel": "app",
                "head_index": "1",
                "parser_morph_features": "_|_|_"
            },
            "P_TOK2": {
                "word_type": "V",
                "word_form": "geht",
                "lemma": "gehen",
                "POS_STTS": "VVFIN",
                "index": "11",
                "dep_rel": "objc",
                "head_index": "1",
                "parser_morph_features": "3|Sg|Pres|Ind"
            }
        },
        "TOK_info": {
            "TOK1": {
                "word_type": "N",
                "word_form": "Stadt",
                "lemma": "Stadt",
                "POS_STTS": "NN",
                "index": "1",
                "dep_rel": "root",
                "head_index": "0",
                "parser_morph_features": "Fem|_|Sg",
                "possible_morph_features": []
            }
        },
        "relations": {}
    },
    {
        "file_ID": "1071_0024686",
        "sent_NP_ID": "1_2",
        "sentence": "Stadt X , 08 Marz 2011 Lieber Ingo , Wie geht ´ s dir ?",
        "metadata": {
            "corpus": "MERLIN_DE",
            "author": {
                "author_ID": "1071_0024686",
                "L1": "not reported",
                "age": "24",
                "gender": "female"
            },
            "CEFR": {
                "overall_fairRating": "B1",
                "test_level": "A1"
            },
            "task": {
                "formality": "informal",
                "text_type": "email",
                "topic": "ask friend for help for finding apartment"
            }
        },
        "NP_info": {
            "len_np": 1,
            "coordination": null
        },
        "HEAD_info": {
            "head": {
                "H_TOK1": {
                    "word_type": "N",
                    "word_form": "Stadt",
                    "lemma": "Stadt",
                    "POS_STTS": "NN",
                    "index": "1",
                    "dep_rel": "root",
                    "head_index": "0",
                    "parser_morph_features": "Fem|_|Sg"
                }
            },
            "super_head": {}
        },
        "POST_info": {
            "P_TOK1": {
                "word_type": "N",
                "word_form": "Lieber",
                "lemma": "Liebe",
                "POS_STTS": "NN",
                "index": "7",
                "dep_rel": "app",
                "head_index": "2",
                "parser_morph_features": "_|_|_"
            }
        },
        "TOK_info": {
            "TOK1": {
                "word_type": "N",
                "word_form": "X",
                "lemma": "X",
                "POS_STTS": "NE",
                "index": "2",
                "dep_rel": "app",
                "head_index": "1",
                "parser_morph_features": "_|_|_",
                "possible_morph_features": []
            }
        },
        "relations": {}
    },
    {
        "file_ID": "1071_0024686",
        "sent_NP_ID": "1_3",
        "sentence": "Stadt X , 08 Marz 2011 Lieber Ingo , Wie geht ´ s dir ?",
        "metadata": {
            "corpus": "MERLIN_DE",
            "author": {
                "author_ID": "1071_0024686",
                "L1": "not reported",
                "age": "24",
                "gender": "female"
            },
            "CEFR": {
                "overall_fairRating": "B1",
                "test_level": "A1"
            },
            "task": {
                "formality": "informal",
                "text_type": "email",
                "topic": "ask friend for help for finding apartment"
            }
        },
        "NP_info": {
            "len_np": 2,
            "coordination": null
        },
        "HEAD_info": {
            "head": {
                "H_TOK1": {
                    "word_type": "N",
                    "word_form": "Lieber",
                    "lemma": "Liebe",
                    "POS_STTS": "NN",
                    "index": "7",
                    "dep_rel": "app",
                    "head_index": "2",
                    "parser_morph_features": "_|_|_"
                }
            },
            "super_head": {
                "SH_TOK1": {
                    "word_type": "N",
                    "word_form": "X",
                    "lemma": "X",
                    "POS_STTS": "NE",
                    "index": "2",
                    "dep_rel": "app",
                    "head_index": "1",
                    "parser_morph_features": "_|_|_"
                }
            }
        },
        "POST_info": {
            "P_TOK1": {
                "word_type": "CARD",
                "word_form": "2011",
                "lemma": "2011",
                "POS_STTS": "CARD",
                "index": "6",
                "dep_rel": "app",
                "head_index": "5",
                "parser_morph_features": "_"
            }
        },
        "TOK_info": {
            "TOK1": {
                "word_type": "CARD",
                "word_form": "08",
                "lemma": "08",
                "POS_STTS": "CARD",
                "index": "4",
                "dep_rel": "attr",
                "head_index": "5",
                "parser_morph_features": "_",
                "possible_morph_features": []
            },
            "TOK2": {
                "word_type": "N",
                "word_form": "Marz",
                "lemma": "Marz",
                "POS_STTS": "NN",
                "index": "5",
                "dep_rel": "gmod",
                "head_index": "7",
                "parser_morph_features": "_|Gen|Pl",
                "possible_morph_features": []
            }
        },
        "relations": {}
    },
    {
        "file_ID": "1071_0024686",
        "sent_NP_ID": "1_4",
        "sentence": "Stadt X , 08 Marz 2011 Lieber Ingo , Wie geht ´ s dir ?",
        "metadata": {
            "corpus": "MERLIN_DE",
            "author": {
                "author_ID": "1071_0024686",
                "L1": "not reported",
                "age": "24",
                "gender": "female"
            },
            "CEFR": {
                "overall_fairRating": "B1",
                "test_level": "A1"
            },
            "task": {
                "formality": "informal",
                "text_type": "email",
                "topic": "ask friend for help for finding apartment"
            }
        },
        "NP_info": {
            "len_np": 1,
            "coordination": null
        },
        "HEAD_info": {
            "head": {
                "H_TOK1": {
                    "word_type": "N",
                    "word_form": "X",
                    "lemma": "X",
                    "POS_STTS": "NE",
                    "index": "2",
                    "dep_rel": "app",
                    "head_index": "1",
                    "parser_morph_features": "_|_|_"
                }
            },
            "super_head": {
                "SH_TOK1": {
                    "word_type": "N",
                    "word_form": "Stadt",
                    "lemma": "Stadt",
                    "POS_STTS": "NN",
                    "index": "1",
                    "dep_rel": "root",
                    "head_index": "0",
                    "parser_morph_features": "Fem|_|Sg"
                }
            }
        },
        "POST_info": {
            "P_TOK1": {
                "word_type": "N",
                "word_form": "Lieber",
                "lemma": "Liebe",
                "POS_STTS": "NN",
                "index": "7",
                "dep_rel": "app",
                "head_index": "2",
                "parser_morph_features": "_|_|_"
            },
            "P_TOK2": {
                "word_type": "N",
                "word_form": "Ingo",
                "lemma": "Ingo",
                "POS_STTS": "NE",
                "index": "8",
                "dep_rel": "app",
                "head_index": "7",
                "parser_morph_features": "Masc|_|Sg"
            }
        },
        "TOK_info": {
            "TOK1": {
                "word_type": "N",
                "word_form": "Marz",
                "lemma": "Marz",
                "POS_STTS": "NN",
                "index": "5",
                "dep_rel": "gmod",
                "head_index": "7",
                "parser_morph_features": "_|Gen|Pl",
                "possible_morph_features": []
            }
        },
        "relations": {}
    },
    {
        "file_ID": "1071_0024686",
        "sent_NP_ID": "1_5",
        "sentence": "Stadt X , 08 Marz 2011 Lieber Ingo , Wie geht ´ s dir ?",
        "metadata": {
            "corpus": "MERLIN_DE",
            "author": {
                "author_ID": "1071_0024686",
                "L1": "not reported",
                "age": "24",
                "gender": "female"
            },
            "CEFR": {
                "overall_fairRating": "B1",
                "test_level": "A1"
            },
            "task": {
                "formality": "informal",
                "text_type": "email",
                "topic": "ask friend for help for finding apartment"
            }
        },
        "NP_info": {
            "len_np": 1,
            "coordination": null
        },
        "HEAD_info": {
            "head": {
                "H_TOK1": {
                    "word_type": "N",
                    "word_form": "Lieber",
                    "lemma": "Liebe",
                    "POS_STTS": "NN",
                    "index": "7",
                    "dep_rel": "app",
                    "head_index": "2",
                    "parser_morph_features": "_|_|_"
                }
            },
            "super_head": {
                "SH_TOK1": {
                    "word_type": "N",
                    "word_form": "X",
                    "lemma": "X",
                    "POS_STTS": "NE",
                    "index": "2",
                    "dep_rel": "app",
                    "head_index": "1",
                    "parser_morph_features": "_|_|_"
                }
            }
        },
        "POST_info": {},
        "TOK_info": {
            "TOK1": {
                "word_type": "N",
                "word_form": "Ingo",
                "lemma": "Ingo",
                "POS_STTS": "NE",
                "index": "8",
                "dep_rel": "app",
                "head_index": "7",
                "parser_morph_features": "Masc|_|Sg",
                "possible_morph_features": []
            }
        },
        "relations": {}
    },
    {
        "file_ID": "1071_0024686",
        "sent_NP_ID": "1_6",
        "sentence": "Stadt X , 08 Marz 2011 Lieber Ingo , Wie geht ´ s dir ?",
        "metadata": {
            "corpus": "MERLIN_DE",
            "author": {
                "author_ID": "1071_0024686",
                "L1": "not reported",
                "age": "24",
                "gender": "female"
            },
            "CEFR": {
                "overall_fairRating": "B1",
                "test_level": "A1"
            },
            "task": {
                "formality": "informal",
                "text_type": "email",
                "topic": "ask friend for help for finding apartment"
            }
        },
        "NP_info": {
            "len_np": 1,
            "coordination": null
        },
        "HEAD_info": {
            "head": {
                "H_TOK1": {
                    "word_type": "V",
                    "word_form": "geht",
                    "lemma": "gehen",
                    "POS_STTS": "VVFIN",
                    "index": "11",
                    "dep_rel": "objc",
                    "head_index": "1",
                    "parser_morph_features": "3|Sg|Pres|Ind"
                }
            },
            "super_head": {
                "SH_TOK1": {
                    "word_type": "N",
                    "word_form": "Stadt",
                    "lemma": "Stadt",
                    "POS_STTS": "NN",
                    "index": "1",
                    "dep_rel": "root",
                    "head_index": "0",
                    "parser_morph_features": "Fem|_|Sg"
                }
            }
        },
        "POST_info": {},
        "TOK_info": {
            "TOK1": {
                "word_type": "N",
                "word_form": "´",
                "lemma": "´",
                "POS_STTS": "NE",
                "index": "12",
                "dep_rel": "subj",
                "head_index": "11",
                "parser_morph_features": "_|Nom|Sg",
                "possible_morph_features": []
            }
        },
        "relations": {}
    },
    {
        "file_ID": "1071_0024686",
        "sent_NP_ID": "2_7",
        "sentence": "Ich habe eine große Nachricht \" Ich habe eine Arbeit in Neuber gefunden \" .",
        "metadata": {
            "corpus": "MERLIN_DE",
            "author": {
                "author_ID": "1071_0024686",
                "L1": "not reported",
                "age": "24",
                "gender": "female"
            },
            "CEFR": {
                "overall_fairRating": "B1",
                "test_level": "A1"
            },
            "task": {
                "formality": "informal",
                "text_type": "email",
                "topic": "ask friend for help for finding apartment"
            }
        },
        "NP_info": {
            "len_np": 3,
            "coordination": null
        },
        "HEAD_info": {
            "head": {
                "H_TOK1": {
                    "word_type": "V",
                    "word_form": "habe",
                    "lemma": "haben",
                    "POS_STTS": "VAFIN",
                    "index": "2",
                    "dep_rel": "root",
                    "head_index": "0",
                    "parser_morph_features": "1|Sg|Pres|_"
                }
            },
            "super_head": {}
        },
        "POST_info": {},
        "TOK_info": {
            "TOK1": {
                "word_type": "ART",
                "word_form": "eine",
                "lemma": "eine",
                "POS_STTS": "ART",
                "index": "3",
                "dep_rel": "det",
                "head_index": "5",
                "parser_morph_features": "Indef|Fem|Acc|Sg",
                "possible_morph_features": []
            },
            "TOK2": {
                "word_type": "ADJA",
                "word_form": "große",
                "lemma": "groß",
                "POS_STTS": "ADJA",
                "index": "4",
                "dep_rel": "attr",
                "head_index": "5",
                "parser_morph_features": "Pos|Fem|Acc|Sg|_|",
                "possible_morph_features": []
            },
            "TOK3": {
                "word_type": "N",
                "word_form": "Nachricht",
                "lemma": "Nachricht",
                "POS_STTS": "NN",
                "index": "5",
                "dep_rel": "obja",
                "head_index": "2",
                "parser_morph_features": "Fem|Acc|Sg",
                "possible_morph_features": []
            }
        },
        "relations": {
            "rel_1": {
                "rel_type": "must_agree",
                "involved": [
                    "TOK1",
                    "TOK2"
                ],
                "ruler": null,
                "possible_agreement": null
            },
            "rel_2": {
                "rel_type": "must_agree",
                "involved": [
                    "TOK3",
                    "TOK1"
                ],
                "ruler": "TOK3",
                "possible_agreement": null
            },
            "rel_3": {
                "rel_type": "must_agree",
                "involved": [
                    "TOK3",
                    "TOK2"
                ],
                "ruler": "TOK3",
                "possible_agreement": null
            }
        }
    },
    {
        "file_ID": "1071_0024686",
        "sent_NP_ID": "2_8",
        "sentence": "Ich habe eine große Nachricht \" Ich habe eine Arbeit in Neuber gefunden \" .",
        "metadata": {
            "corpus": "MERLIN_DE",
            "author": {
                "author_ID": "1071_0024686",
                "L1": "not reported",
                "age": "24",
                "gender": "female"
            },
            "CEFR": {
                "overall_fairRating": "B1",
                "test_level": "A1"
            },
            "task": {
                "formality": "informal",
                "text_type": "email",
                "topic": "ask friend for help for finding apartment"
            }
        },
        "NP_info": {
            "len_np": 2,
            "coordination": null
        },
        "HEAD_info": {
            "head": {
                "H_TOK1": {
                    "word_type": "V",
                    "word_form": "gefunden",
                    "lemma": "finden",
                    "POS_STTS": "VVPP",
                    "index": "13",
                    "dep_rel": "aux",
                    "head_index": "8",
                    "parser_morph_features": "_"
                }
            },
            "super_head": {
                "SH_TOK1": {
                    "word_type": "V",
                    "word_form": "habe",
                    "lemma": "haben",
                    "POS_STTS": "VAFIN",
                    "index": "8",
                    "dep_rel": "root",
                    "head_index": "0",
                    "parser_morph_features": "1|Sg|Pres|_"
                }
            }
        },
        "POST_info": {},
        "TOK_info": {
            "TOK1": {
                "word_type": "ART",
                "word_form": "eine",
                "lemma": "eine",
                "POS_STTS": "ART",
                "index": "9",
                "dep_rel": "det",
                "head_index": "10",
                "parser_morph_features": "Indef|Fem|Acc|Sg",
                "possible_morph_features": []
            },
            "TOK2": {
                "word_type": "N",
                "word_form": "Arbeit",
                "lemma": "Arbeit",
                "POS_STTS": "NN",
                "index": "10",
                "dep_rel": "obja",
                "head_index": "13",
                "parser_morph_features": "Fem|Acc|Sg",
                "possible_morph_features": []
            }
        },
        "relations": {
            "rel_1": {
                "rel_type": "must_agree",
                "involved": [
                    "TOK2",
                    "TOK1"
                ],
                "ruler": "TOK2",
                "possible_agreement": null
            }
        }
    },
    {
        "file_ID": "1071_0024686",
        "sent_NP_ID": "2_9",
        "sentence": "Ich habe eine große Nachricht \" Ich habe eine Arbeit in Neuber gefunden \" .",
        "metadata": {
            "corpus": "MERLIN_DE",
            "author": {
                "author_ID": "1071_0024686",
                "L1": "not reported",
                "age": "24",
                "gender": "female"
            },
            "CEFR": {
                "overall_fairRating": "B1",
                "test_level": "A1"
            },
            "task": {
                "formality": "informal",
                "text_type": "email",
                "topic": "ask friend for help for finding apartment"
            }
        },
        "NP_info": {
            "len_np": 1,
            "coordination": null
        },
        "HEAD_info": {
            "head": {
                "H_TOK1": {
                    "word_type": "PREP",
                    "word_form": "in",
                    "lemma": "in",
                    "POS_STTS": "APPR",
                    "index": "11",
                    "dep_rel": "pp",
                    "head_index": "13",
                    "parser_morph_features": "_"
                }
            },
            "super_head": {
                "SH_TOK1": {
                    "word_type": "V",
                    "word_form": "gefunden",
                    "lemma": "finden",
                    "POS_STTS": "VVPP",
                    "index": "13",
                    "dep_rel": "aux",
                    "head_index": "8",
                    "parser_morph_features": "_"
                }
            }
        },
        "POST_info": {},
        "TOK_info": {
            "TOK1": {
                "word_type": "N",
                "word_form": "Neuber",
                "lemma": "Neuber",
                "POS_STTS": "NE",
                "index": "12",
                "dep_rel": "pn",
                "head_index": "11",
                "parser_morph_features": "_|_|_",
                "possible_morph_features": []
            }
        },
        "relations": {}
    },
    {
        "file_ID": "1071_0024686",
        "sent_NP_ID": "3_10",
        "sentence": "Deshalb muss ich eine Wohnung suchen .",
        "metadata": {
            "corpus": "MERLIN_DE",
            "author": {
                "author_ID": "1071_0024686",
                "L1": "not reported",
                "age": "24",
                "gender": "female"
            },
            "CEFR": {
                "overall_fairRating": "B1",
                "test_level": "A1"
            },
            "task": {
                "formality": "informal",
                "text_type": "email",
                "topic": "ask friend for help for finding apartment"
            }
        },
        "NP_info": {
            "len_np": 2,
            "coordination": null
        },
        "HEAD_info": {
            "head": {
                "H_TOK1": {
                    "word_type": "V",
                    "word_form": "suchen",
                    "lemma": "suchen",
                    "POS_STTS": "VVINF",
                    "index": "6",
                    "dep_rel": "aux",
                    "head_index": "2",
                    "parser_morph_features": "_"
                }
            },
            "super_head": {
                "SH_TOK1": {
                    "word_type": "V",
                    "word_form": "muss",
                    "lemma": "müssen",
                    "POS_STTS": "VMFIN",
                    "index": "2",
                    "dep_rel": "root",
                    "head_index": "0",
                    "parser_morph_features": "1|Sg|Pres|Ind"
                }
            }
        },
        "POST_info": {},
        "TOK_info": {
            "TOK1": {
                "word_type": "ART",
                "word_form": "eine",
                "lemma": "eine",
                "POS_STTS": "ART",
                "index": "4",
                "dep_rel": "det",
                "head_index": "5",
                "parser_morph_features": "Indef|Fem|Acc|Sg",
                "possible_morph_features": []
            },
            "TOK2": {
                "word_type": "N",
                "word_form": "Wohnung",
                "lemma": "Wohnung",
                "POS_STTS": "NN",
                "index": "5",
                "dep_rel": "obja",
                "head_index": "6",
                "parser_morph_features": "Fem|Acc|Sg",
                "possible_morph_features": []
            }
        },
        "relations": {
            "rel_1": {
                "rel_type": "must_agree",
                "involved": [
                    "TOK2",
                    "TOK1"
                ],
                "ruler": "TOK2",
                "possible_agreement": null
            }
        }
    },
    {
        "file_ID": "1071_0024686",
        "sent_NP_ID": "4_11",
        "sentence": "Meine Arbeit beginnt ab 01 . Juni , abere will ich von 15. Mai unziehen .",
        "metadata": {
            "corpus": "MERLIN_DE",
            "author": {
                "author_ID": "1071_0024686",
                "L1": "not reported",
                "age": "24",
                "gender": "female"
            },
            "CEFR": {
                "overall_fairRating": "B1",
                "test_level": "A1"
            },
            "task": {
                "formality": "informal",
                "text_type": "email",
                "topic": "ask friend for help for finding apartment"
            }
        },
        "NP_info": {
            "len_np": 2,
            "coordination": null
        },
        "HEAD_info": {
            "head": {
                "H_TOK1": {
                    "word_type": "V",
                    "word_form": "beginnt",
                    "lemma": "beginnen",
                    "POS_STTS": "VVFIN",
                    "index": "3",
                    "dep_rel": "root",
                    "head_index": "0",
                    "parser_morph_features": "3|Sg|Pres|Ind"
                }
            },
            "super_head": {}
        },
        "POST_info": {},
        "TOK_info": {
            "TOK1": {
                "word_type": "ART",
                "word_form": "Meine",
                "lemma": "meine",
                "POS_STTS": "PPOSAT",
                "index": "1",
                "dep_rel": "det",
                "head_index": "2",
                "parser_morph_features": "Fem|Nom|Sg",
                "possible_morph_features": []
            },
            "TOK2": {
                "word_type": "N",
                "word_form": "Arbeit",
                "lemma": "Arbeit",
                "POS_STTS": "NN",
                "index": "2",
                "dep_rel": "subj",
                "head_index": "3",
                "parser_morph_features": "Fem|Nom|Sg",
                "possible_morph_features": []
            }
        },
        "relations": {
            "rel_1": {
                "rel_type": "must_agree",
                "involved": [
                    "TOK2",
                    "TOK1"
                ],
                "ruler": "TOK2",
                "possible_agreement": null
            }
        }
    },
    {
        "file_ID": "1071_0024686",
        "sent_NP_ID": "4_12",
        "sentence": "Meine Arbeit beginnt ab 01 . Juni , abere will ich von 15. Mai unziehen .",
        "metadata": {
            "corpus": "MERLIN_DE",
            "author": {
                "author_ID": "1071_0024686",
                "L1": "not reported",
                "age": "24",
                "gender": "female"
            },
            "CEFR": {
                "overall_fairRating": "B1",
                "test_level": "A1"
            },
            "task": {
                "formality": "informal",
                "text_type": "email",
                "topic": "ask friend for help for finding apartment"
            }
        },
        "NP_info": {
            "len_np": 1,
            "coordination": null
        },
        "HEAD_info": {
            "head": {
                "H_TOK1": {
                    "word_type": "V",
                    "word_form": "will",
                    "lemma": "wollen",
                    "POS_STTS": "VMFIN",
                    "index": "10",
                    "dep_rel": "root",
                    "head_index": "0",
                    "parser_morph_features": "1|Sg|Pres|Ind"
                }
            },
            "super_head": {}
        },
        "POST_info": {},
        "TOK_info": {
            "TOK1": {
                "word_type": "N",
                "word_form": "Juni",
                "lemma": "Juni",
                "POS_STTS": "NN",
                "index": "7",
                "dep_rel": "vok",
                "head_index": "10",
                "parser_morph_features": "Masc|_|Sg",
                "possible_morph_features": []
            }
        },
        "relations": {}
    },
    {
        "file_ID": "1071_0024686",
        "sent_NP_ID": "4_13",
        "sentence": "Meine Arbeit beginnt ab 01 . Juni , abere will ich von 15. Mai unziehen .",
        "metadata": {
            "corpus": "MERLIN_DE",
            "author": {
                "author_ID": "1071_0024686",
                "L1": "not reported",
                "age": "24",
                "gender": "female"
            },
            "CEFR": {
                "overall_fairRating": "B1",
                "test_level": "A1"
            },
            "task": {
                "formality": "informal",
                "text_type": "email",
                "topic": "ask friend for help for finding apartment"
            }
        },
        "NP_info": {
            "len_np": 2,
            "coordination": null
        },
        "HEAD_info": {
            "head": {
                "H_TOK1": {
                    "word_type": "PREP",
                    "word_form": "von",
                    "lemma": "von",
                    "POS_STTS": "APPR",
                    "index": "12",
                    "dep_rel": "pp",
                    "head_index": "9",
                    "parser_morph_features": "Dat"
                }
            },
            "super_head": {
                "SH_TOK1": {
                    "word_type": "V",
                    "word_form": "abere",
                    "lemma": "abere",
                    "POS_STTS": "VVINF",
                    "index": "9",
                    "dep_rel": "aux",
                    "head_index": "10",
                    "parser_morph_features": "_"
                }
            }
        },
        "POST_info": {},
        "TOK_info": {
            "TOK1": {
                "word_type": "ADJA",
                "word_form": "15.",
                "lemma": "15.",
                "POS_STTS": "ADJA",
                "index": "13",
                "dep_rel": "attr",
                "head_index": "14",
                "parser_morph_features": "_|Masc|Dat|Sg|_|",
                "possible_morph_features": []
            },
            "TOK2": {
                "word_type": "N",
                "word_form": "Mai",
                "lemma": "Mai",
                "POS_STTS": "NN",
                "index": "14",
                "dep_rel": "pn",
                "head_index": "12",
                "parser_morph_features": "Masc|Dat|Sg",
                "possible_morph_features": []
            }
        },
        "relations": {
            "rel_1": {
                "rel_type": "must_agree",
                "involved": [
                    "TOK2",
                    "TOK1"
                ],
                "ruler": "TOK2",
                "possible_agreement": null
            }
        }
    },
    {
        "file_ID": "1071_0024686",
        "sent_NP_ID": "5_14",
        "sentence": "Die Wohnung muss aus einem Schlafzimmer , einem Babezimmer und einer Kleinen Küche bestehen .",
        "metadata": {
            "corpus": "MERLIN_DE",
            "author": {
                "author_ID": "1071_0024686",
                "L1": "not reported",
                "age": "24",
                "gender": "female"
            },
            "CEFR": {
                "overall_fairRating": "B1",
                "test_level": "A1"
            },
            "task": {
                "formality": "informal",
                "text_type": "email",
                "topic": "ask friend for help for finding apartment"
            }
        },
        "NP_info": {
            "len_np": 2,
            "coordination": null
        },
        "HEAD_info": {
            "head": {
                "H_TOK1": {
                    "word_type": "V",
                    "word_form": "muss",
                    "lemma": "müssen",
                    "POS_STTS": "VMFIN",
                    "index": "3",
                    "dep_rel": "root",
                    "head_index": "0",
                    "parser_morph_features": "3|Sg|Pres|Ind"
                }
            },
            "super_head": {}
        },
        "POST_info": {},
        "TOK_info": {
            "TOK1": {
                "word_type": "ART",
                "word_form": "Die",
                "lemma": "die",
                "POS_STTS": "ART",
                "index": "1",
                "dep_rel": "det",
                "head_index": "2",
                "parser_morph_features": "Def|Fem|Nom|Sg",
                "possible_morph_features": []
            },
            "TOK2": {
                "word_type": "N",
                "word_form": "Wohnung",
                "lemma": "Wohnung",
                "POS_STTS": "NN",
                "index": "2",
                "dep_rel": "subj",
                "head_index": "3",
                "parser_morph_features": "Fem|Nom|Sg",
                "possible_morph_features": []
            }
        },
        "relations": {
            "rel_1": {
                "rel_type": "must_agree",
                "involved": [
                    "TOK2",
                    "TOK1"
                ],
                "ruler": "TOK2",
                "possible_agreement": null
            }
        }
    },
    {
        "file_ID": "1071_0024686",
        "sent_NP_ID": "5_15",
        "sentence": "Die Wohnung muss aus einem Schlafzimmer , einem Babezimmer und einer Kleinen Küche bestehen .",
        "metadata": {
            "corpus": "MERLIN_DE",
            "author": {
                "author_ID": "1071_0024686",
                "L1": "not reported",
                "age": "24",
                "gender": "female"
            },
            "CEFR": {
                "overall_fairRating": "B1",
                "test_level": "A1"
            },
            "task": {
                "formality": "informal",
                "text_type": "email",
                "topic": "ask friend for help for finding apartment"
            }
        },
        "NP_info": {
            "len_np": 2,
            "coordination": [
                "5_15",
                "5_16",
                "5_17"
            ]
        },
        "HEAD_info": {
            "head": {
                "H_TOK1": {
                    "word_type": "PREP",
                    "word_form": "aus",
                    "lemma": "aus",
                    "POS_STTS": "APPR",
                    "index": "4",
                    "dep_rel": "objp",
                    "head_index": "14",
                    "parser_morph_features": "Dat"
                }
            },
            "super_head": {
                "SH_TOK1": {
                    "word_type": "V",
                    "word_form": "bestehen",
                    "lemma": "bestehen",
                    "POS_STTS": "VVINF",
                    "index": "14",
                    "dep_rel": "aux",
                    "head_index": "3",
                    "parser_morph_features": "_"
                }
            }
        },
        "POST_info": {},
        "TOK_info": {
            "TOK1": {
                "word_type": "ART",
                "word_form": "einem",
                "lemma": "eine",
                "POS_STTS": "ART",
                "index": "5",
                "dep_rel": "det",
                "head_index": "6",
                "parser_morph_features": "Indef|Neut|Dat|Sg",
                "possible_morph_features": []
            },
            "TOK2": {
                "word_type": "N",
                "word_form": "Schlafzimmer",
                "lemma": "Schlafzimmer",
                "POS_STTS": "NN",
                "index": "6",
                "dep_rel": "pn",
                "head_index": "4",
                "parser_morph_features": "Neut|Dat|Sg",
                "possible_morph_features": []
            }
        },
        "relations": {
            "rel_1": {
                "rel_type": "must_agree",
                "involved": [
                    "TOK2",
                    "TOK1"
                ],
                "ruler": "TOK2",
                "possible_agreement": null
            }
        }
    },
    {
        "file_ID": "1071_0024686",
        "sent_NP_ID": "5_16",
        "sentence": "Die Wohnung muss aus einem Schlafzimmer , einem Babezimmer und einer Kleinen Küche bestehen .",
        "metadata": {
            "corpus": "MERLIN_DE",
            "author": {
                "author_ID": "1071_0024686",
                "L1": "not reported",
                "age": "24",
                "gender": "female"
            },
            "CEFR": {
                "overall_fairRating": "B1",
                "test_level": "A1"
            },
            "task": {
                "formality": "informal",
                "text_type": "email",
                "topic": "ask friend for help for finding apartment"
            }
        },
        "NP_info": {
            "len_np": 2,
            "coordination": [
                "5_15",
                "5_16",
                "5_17"
            ]
        },
        "HEAD_info": {
            "head": {
                "H_TOK1": {
                    "word_type": "N",
                    "word_form": "Schlafzimmer",
                    "lemma": "Schlafzimmer",
                    "POS_STTS": "NN",
                    "index": "6",
                    "dep_rel": "pn",
                    "head_index": "4",
                    "parser_morph_features": "Neut|Dat|Sg"
                }
            },
            "super_head": {
                "SH_TOK1": {
                    "word_type": "PREP",
                    "word_form": "aus",
                    "lemma": "aus",
                    "POS_STTS": "APPR",
                    "index": "4",
                    "dep_rel": "objp",
                    "head_index": "14",
                    "parser_morph_features": "Dat"
                }
            }
        },
        "POST_info": {},
        "TOK_info": {
            "TOK1": {
                "word_type": "ART",
                "word_form": "einem",
                "lemma": "eine",
                "POS_STTS": "ART",
                "index": "8",
                "dep_rel": "det",
                "head_index": "9",
                "parser_morph_features": "Indef|_|Dat|Sg",
                "possible_morph_features": []
            },
            "TOK2": {
                "word_type": "N",
                "word_form": "Babezimmer",
                "lemma": "Babezimmer",
                "POS_STTS": "NN",
                "index": "9",
                "dep_rel": "kon",
                "head_index": "6",
                "parser_morph_features": "_|Dat|Sg",
                "possible_morph_features": []
            }
        },
        "relations": {
            "rel_1": {
                "rel_type": "must_agree",
                "involved": [
                    "TOK2",
                    "TOK1"
                ],
                "ruler": "TOK2",
                "possible_agreement": null
            }
        }
    },
    {
        "file_ID": "1071_0024686",
        "sent_NP_ID": "5_17",
        "sentence": "Die Wohnung muss aus einem Schlafzimmer , einem Babezimmer und einer Kleinen Küche bestehen .",
        "metadata": {
            "corpus": "MERLIN_DE",
            "author": {
                "author_ID": "1071_0024686",
                "L1": "not reported",
                "age": "24",
                "gender": "female"
            },
            "CEFR": {
                "overall_fairRating": "B1",
                "test_level": "A1"
            },
            "task": {
                "formality": "informal",
                "text_type": "email",
                "topic": "ask friend for help for finding apartment"
            }
        },
        "NP_info": {
            "len_np": 3,
            "coordination": [
                "5_15",
                "5_16",
                "5_17"
            ]
        },
        "HEAD_info": {
            "head": {
                "H_TOK1": {
                    "word_type": "KON",
                    "word_form": "und",
                    "lemma": "und",
                    "POS_STTS": "KON",
                    "index": "10",
                    "dep_rel": "kon",
                    "head_index": "9",
                    "parser_morph_features": "_"
                }
            },
            "super_head": {
                "SH_TOK1": {
                    "word_type": "N",
                    "word_form": "Babezimmer",
                    "lemma": "Babezimmer",
                    "POS_STTS": "NN",
                    "index": "9",
                    "dep_rel": "kon",
                    "head_index": "6",
                    "parser_morph_features": "_|Dat|Sg"
                }
            }
        },
        "POST_info": {},
        "TOK_info": {
            "TOK1": {
                "word_type": "ART",
                "word_form": "einer",
                "lemma": "eine",
                "POS_STTS": "ART",
                "index": "11",
                "dep_rel": "det",
                "head_index": "13",
                "parser_morph_features": "Indef|Fem|Dat|Sg",
                "possible_morph_features": []
            },
            "TOK2": {
                "word_type": "ADJA",
                "word_form": "Kleinen",
                "lemma": "klein",
                "POS_STTS": "ADJA",
                "index": "12",
                "dep_rel": "attr",
                "head_index": "13",
                "parser_morph_features": "Pos|Fem|Dat|Sg|Wk|",
                "possible_morph_features": []
            },
            "TOK3": {
                "word_type": "N",
                "word_form": "Küche",
                "lemma": "Küche",
                "POS_STTS": "NN",
                "index": "13",
                "dep_rel": "cj",
                "head_index": "10",
                "parser_morph_features": "Fem|Dat|Sg",
                "possible_morph_features": []
            }
        },
        "relations": {
            "rel_1": {
                "rel_type": "must_agree",
                "involved": [
                    "TOK1",
                    "TOK2"
                ],
                "ruler": null,
                "possible_agreement": null
            },
            "rel_2": {
                "rel_type": "must_agree",
                "involved": [
                    "TOK3",
                    "TOK1"
                ],
                "ruler": "TOK3",
                "possible_agreement": null
            },
            "rel_3": {
                "rel_type": "must_agree",
                "involved": [
                    "TOK3",
                    "TOK2"
                ],
                "ruler": "TOK3",
                "possible_agreement": null
            }
        }
    },
    {
        "file_ID": "1071_0024686",
        "sent_NP_ID": "6_18",
        "sentence": "Könntest du mir bitte bei der Wohnungssuche helfen .",
        "metadata": {
            "corpus": "MERLIN_DE",
            "author": {
                "author_ID": "1071_0024686",
                "L1": "not reported",
                "age": "24",
                "gender": "female"
            },
            "CEFR": {
                "overall_fairRating": "B1",
                "test_level": "A1"
            },
            "task": {
                "formality": "informal",
                "text_type": "email",
                "topic": "ask friend for help for finding apartment"
            }
        },
        "NP_info": {
            "len_np": 2,
            "coordination": null
        },
        "HEAD_info": {
            "head": {
                "H_TOK1": {
                    "word_type": "PREP",
                    "word_form": "bei",
                    "lemma": "bei",
                    "POS_STTS": "APPR",
                    "index": "5",
                    "dep_rel": "pp",
                    "head_index": "4",
                    "parser_morph_features": "Dat"
                }
            },
            "super_head": {
                "SH_TOK1": {
                    "word_type": "V",
                    "word_form": "bitte",
                    "lemma": "bitten",
                    "POS_STTS": "VVFIN",
                    "index": "4",
                    "dep_rel": "root",
                    "head_index": "0",
                    "parser_morph_features": "_|Sg|Pres|_"
                }
            }
        },
        "POST_info": {},
        "TOK_info": {
            "TOK1": {
                "word_type": "ART",
                "word_form": "der",
                "lemma": "die",
                "POS_STTS": "ART",
                "index": "6",
                "dep_rel": "det",
                "head_index": "7",
                "parser_morph_features": "Def|Fem|Dat|Sg",
                "possible_morph_features": []
            },
            "TOK2": {
                "word_type": "N",
                "word_form": "Wohnungssuche",
                "lemma": "Wohnungssuche",
                "POS_STTS": "NN",
                "index": "7",
                "dep_rel": "pn",
                "head_index": "5",
                "parser_morph_features": "Fem|Dat|Sg",
                "possible_morph_features": []
            }
        },
        "relations": {
            "rel_1": {
                "rel_type": "must_agree",
                "involved": [
                    "TOK2",
                    "TOK1"
                ],
                "ruler": "TOK2",
                "possible_agreement": null
            }
        }
    },
    {
        "file_ID": "1071_0024686",
        "sent_NP_ID": "7_19",
        "sentence": "Das wird nett von dir sein Vielen Dank im Voraus Julia",
        "metadata": {
            "corpus": "MERLIN_DE",
            "author": {
                "author_ID": "1071_0024686",
                "L1": "not reported",
                "age": "24",
                "gender": "female"
            },
            "CEFR": {
                "overall_fairRating": "B1",
                "test_level": "A1"
            },
            "task": {
                "formality": "informal",
                "text_type": "email",
                "topic": "ask friend for help for finding apartment"
            }
        },
        "NP_info": {
            "len_np": 3,
            "coordination": null
        },
        "HEAD_info": {
            "head": {
                "H_TOK1": {
                    "word_type": "V",
                    "word_form": "wird",
                    "lemma": "werden",
                    "POS_STTS": "VAFIN",
                    "index": "2",
                    "dep_rel": "root",
                    "head_index": "0",
                    "parser_morph_features": "3|Sg|Pres|Ind"
                }
            },
            "super_head": {}
        },
        "POST_info": {
            "P_TOK1": {
                "word_type": "PREP",
                "word_form": "im",
                "lemma": "in",
                "POS_STTS": "APPRART",
                "index": "9",
                "dep_rel": "pp",
                "head_index": "8",
                "parser_morph_features": "Dat"
            }
        },
        "TOK_info": {
            "TOK1": {
                "word_type": "ART",
                "word_form": "sein",
                "lemma": "seine",
                "POS_STTS": "PPOSAT",
                "index": "6",
                "dep_rel": "det",
                "head_index": "8",
                "parser_morph_features": "_|_|Sg",
                "possible_morph_features": []
            },
            "TOK2": {
                "word_type": "ART",
                "word_form": "Vielen",
                "lemma": "viele",
                "POS_STTS": "PIDAT",
                "index": "7",
                "dep_rel": "attr",
                "head_index": "8",
                "parser_morph_features": "_|_|_",
                "possible_morph_features": []
            },
            "TOK3": {
                "word_type": "N",
                "word_form": "Dank",
                "lemma": "Dank",
                "POS_STTS": "NN",
                "index": "8",
                "dep_rel": "pred",
                "head_index": "2",
                "parser_morph_features": "_|Nom|Sg",
                "possible_morph_features": []
            }
        },
        "relations": {
            "rel_1": {
                "rel_type": "must_agree",
                "involved": [
                    "TOK1",
                    "TOK2"
                ],
                "ruler": null,
                "possible_agreement": null
            },
            "rel_2": {
                "rel_type": "must_agree",
                "involved": [
                    "TOK3",
                    "TOK1"
                ],
                "ruler": "TOK3",
                "possible_agreement": null
            },
            "rel_3": {
                "rel_type": "must_agree",
                "involved": [
                    "TOK3",
                    "TOK2"
                ],
                "ruler": "TOK3",
                "possible_agreement": null
            }
        }
    },
    {
        "file_ID": "1071_0024686",
        "sent_NP_ID": "7_20",
        "sentence": "Das wird nett von dir sein Vielen Dank im Voraus Julia",
        "metadata": {
            "corpus": "MERLIN_DE",
            "author": {
                "author_ID": "1071_0024686",
                "L1": "not reported",
                "age": "24",
                "gender": "female"
            },
            "CEFR": {
                "overall_fairRating": "B1",
                "test_level": "A1"
            },
            "task": {
                "formality": "informal",
                "text_type": "email",
                "topic": "ask friend for help for finding apartment"
            }
        },
        "NP_info": {
            "len_np": 1,
            "coordination": null
        },
        "HEAD_info": {
            "head": {
                "H_TOK1": {
                    "word_type": "PREP",
                    "word_form": "im",
                    "lemma": "in",
                    "POS_STTS": "APPRART",
                    "index": "9",
                    "dep_rel": "pp",
                    "head_index": "8",
                    "parser_morph_features": "Dat"
                }
            },
            "super_head": {
                "SH_TOK1": {
                    "word_type": "N",
                    "word_form": "Dank",
                    "lemma": "Dank",
                    "POS_STTS": "NN",
                    "index": "8",
                    "dep_rel": "pred",
                    "head_index": "2",
                    "parser_morph_features": "_|Nom|Sg"
                }
            }
        },
        "POST_info": {
            "P_TOK1": {
                "word_type": "N",
                "word_form": "Julia",
                "lemma": "Julia",
                "POS_STTS": "NE",
                "index": "11",
                "dep_rel": "app",
                "head_index": "10",
                "parser_morph_features": "Fem|Dat|Sg"
            }
        },
        "TOK_info": {
            "TOK1": {
                "word_type": "N",
                "word_form": "Voraus",
                "lemma": "Voraus",
                "POS_STTS": "NN",
                "index": "10",
                "dep_rel": "pn",
                "head_index": "9",
                "parser_morph_features": "_|Dat|Sg",
                "possible_morph_features": []
            }
        },
        "relations": {
            "rel_1": {
                "rel_type": "must_agree",
                "involved": [
                    "TOK1",
                    "H_TOK1"
                ],
                "ruler": "TOK1",
                "possible_agreement": null
            }
        }
    },
    {
        "file_ID": "1071_0024686",
        "sent_NP_ID": "7_21",
        "sentence": "Das wird nett von dir sein Vielen Dank im Voraus Julia",
        "metadata": {
            "corpus": "MERLIN_DE",
            "author": {
                "author_ID": "1071_0024686",
                "L1": "not reported",
                "age": "24",
                "gender": "female"
            },
            "CEFR": {
                "overall_fairRating": "B1",
                "test_level": "A1"
            },
            "task": {
                "formality": "informal",
                "text_type": "email",
                "topic": "ask friend for help for finding apartment"
            }
        },
        "NP_info": {
            "len_np": 1,
            "coordination": null
        },
        "HEAD_info": {
            "head": {
                "H_TOK1": {
                    "word_type": "N",
                    "word_form": "Voraus",
                    "lemma": "Voraus",
                    "POS_STTS": "NN",
                    "index": "10",
                    "dep_rel": "pn",
                    "head_index": "9",
                    "parser_morph_features": "_|Dat|Sg"
                }
            },
            "super_head": {
                "SH_TOK1": {
                    "word_type": "PREP",
                    "word_form": "im",
                    "lemma": "in",
                    "POS_STTS": "APPRART",
                    "index": "9",
                    "dep_rel": "pp",
                    "head_index": "8",
                    "parser_morph_features": "Dat"
                }
            }
        },
        "POST_info": {},
        "TOK_info": {
            "TOK1": {
                "word_type": "N",
                "word_form": "Julia",
                "lemma": "Julia",
                "POS_STTS": "NE",
                "index": "11",
                "dep_rel": "app",
                "head_index": "10",
                "parser_morph_features": "Fem|Dat|Sg",
                "possible_morph_features": []
            }
        },
        "relations": {}
    }
]