[
    {
        "file_ID": "1091_0000035",
        "sent_NP_ID": "1_1",
        "sentence": "Stadt X 04.01.2012 Sehr geehrte Damen und Herren , Ich suchen eine neue Wohnung .",
        "metadata": {
            "corpus": "MERLIN_DE",
            "author": {
                "author_ID": "1091_0000035",
                "L1": "Polish",
                "age": "23",
                "gender": "female"
            },
            "CEFR": {
                "overall_fairRating": "A2",
                "test_level": "A2"
            },
            "task": {
                "formality": "formal",
                "text_type": "letter",
                "topic": "letter to housing office"
            }
        },
        "NP_info": {
            "len_np": 1,
            "coordination": null
        },
        "HEAD_info": {
            "head": {},
            "super_head": {}
        },
        "POST_info": {
            "P_TOK1": {
                "word_type": "N",
                "word_form": "X",
                "lemma": "X",
                "POS_STTS": "NE",
                "index": "2",
                "dep_rel": "app",
                "head_index": "1",
                "parser_morph_features": "Fem|_|Sg"
            }
        },
        "TOK_info": {
            "TOK1": {
                "word_type": "N",
                "word_form": "Stadt",
                "lemma": "Stadt",
                "POS_STTS": "NN",
                "index": "1",
                "dep_rel": "root",
                "head_index": "0",
                "parser_morph_features": "Fem|_|Sg",
                "possible_morph_features": []
            }
        },
        "relations": {}
    },
    {
        "file_ID": "1091_0000035",
        "sent_NP_ID": "1_2",
        "sentence": "Stadt X 04.01.2012 Sehr geehrte Damen und Herren , Ich suchen eine neue Wohnung .",
        "metadata": {
            "corpus": "MERLIN_DE",
            "author": {
                "author_ID": "1091_0000035",
                "L1": "Polish",
                "age": "23",
                "gender": "female"
            },
            "CEFR": {
                "overall_fairRating": "A2",
                "test_level": "A2"
            },
            "task": {
                "formality": "formal",
                "text_type": "letter",
                "topic": "letter to housing office"
            }
        },
        "NP_info": {
            "len_np": 1,
            "coordination": null
        },
        "HEAD_info": {
            "head": {
                "H_TOK1": {
                    "word_type": "N",
                    "word_form": "Stadt",
                    "lemma": "Stadt",
                    "POS_STTS": "NN",
                    "index": "1",
                    "dep_rel": "root",
                    "head_index": "0",
                    "parser_morph_features": "Fem|_|Sg"
                }
            },
            "super_head": {}
        },
        "POST_info": {},
        "TOK_info": {
            "TOK1": {
                "word_type": "N",
                "word_form": "X",
                "lemma": "X",
                "POS_STTS": "NE",
                "index": "2",
                "dep_rel": "app",
                "head_index": "1",
                "parser_morph_features": "Fem|_|Sg",
                "possible_morph_features": []
            }
        },
        "relations": {}
    },
    {
        "file_ID": "1091_0000035",
        "sent_NP_ID": "1_3",
        "sentence": "Stadt X 04.01.2012 Sehr geehrte Damen und Herren , Ich suchen eine neue Wohnung .",
        "metadata": {
            "corpus": "MERLIN_DE",
            "author": {
                "author_ID": "1091_0000035",
                "L1": "Polish",
                "age": "23",
                "gender": "female"
            },
            "CEFR": {
                "overall_fairRating": "A2",
                "test_level": "A2"
            },
            "task": {
                "formality": "formal",
                "text_type": "letter",
                "topic": "letter to housing office"
            }
        },
        "NP_info": {
            "len_np": 4,
            "coordination": [
                "1_3",
                "1_4"
            ]
        },
        "HEAD_info": {
            "head": {},
            "super_head": {}
        },
        "POST_info": {},
        "TOK_info": {
            "TOK1": {
                "word_type": "CARD",
                "word_form": "04.01.2012",
                "lemma": "04.01.2012",
                "POS_STTS": "CARD",
                "index": "3",
                "dep_rel": "attr",
                "head_index": "6",
                "parser_morph_features": "_",
                "possible_morph_features": []
            },
            "TOK2": {
                "word_type": "ADV",
                "word_form": "Sehr",
                "lemma": "sehr",
                "POS_STTS": "ADV",
                "index": "4",
                "dep_rel": "adv",
                "head_index": "5",
                "parser_morph_features": "_",
                "possible_morph_features": []
            },
            "TOK3": {
                "word_type": "ADJA",
                "word_form": "geehrte",
                "lemma": "geehrt",
                "POS_STTS": "ADJA",
                "index": "5",
                "dep_rel": "attr",
                "head_index": "6",
                "parser_morph_features": "Pos|Fem|_|Pl|St|",
                "possible_morph_features": []
            },
            "TOK4": {
                "word_type": "N",
                "word_form": "Damen",
                "lemma": "Dame",
                "POS_STTS": "NN",
                "index": "6",
                "dep_rel": "root",
                "head_index": "0",
                "parser_morph_features": "Fem|_|Pl",
                "possible_morph_features": []
            }
        },
        "relations": {
            "rel_1": {
                "rel_type": "must_agree",
                "involved": [
                    "TOK4",
                    "TOK3"
                ],
                "ruler": "TOK4",
                "possible_agreement": null
            }
        }
    },
    {
        "file_ID": "1091_0000035",
        "sent_NP_ID": "1_4",
        "sentence": "Stadt X 04.01.2012 Sehr geehrte Damen und Herren , Ich suchen eine neue Wohnung .",
        "metadata": {
            "corpus": "MERLIN_DE",
            "author": {
                "author_ID": "1091_0000035",
                "L1": "Polish",
                "age": "23",
                "gender": "female"
            },
            "CEFR": {
                "overall_fairRating": "A2",
                "test_level": "A2"
            },
            "task": {
                "formality": "formal",
                "text_type": "letter",
                "topic": "letter to housing office"
            }
        },
        "NP_info": {
            "len_np": 1,
            "coordination": [
                "1_3",
                "1_4"
            ]
        },
        "HEAD_info": {
            "head": {
                "H_TOK1": {
                    "word_type": "KON",
                    "word_form": "und",
                    "lemma": "und",
                    "POS_STTS": "KON",
                    "index": "7",
                    "dep_rel": "kon",
                    "head_index": "6",
                    "parser_morph_features": "_"
                }
            },
            "super_head": {
                "SH_TOK1": {
                    "word_type": "N",
                    "word_form": "Damen",
                    "lemma": "Dame",
                    "POS_STTS": "NN",
                    "index": "6",
                    "dep_rel": "root",
                    "head_index": "0",
                    "parser_morph_features": "Fem|_|Pl"
                }
            }
        },
        "POST_info": {},
        "TOK_info": {
            "TOK1": {
                "word_type": "N",
                "word_form": "Herren",
                "lemma": "Herr",
                "POS_STTS": "NN",
                "index": "8",
                "dep_rel": "cj",
                "head_index": "7",
                "parser_morph_features": "Masc|_|_",
                "possible_morph_features": []
            }
        },
        "relations": {}
    },
    {
        "file_ID": "1091_0000035",
        "sent_NP_ID": "1_5",
        "sentence": "Stadt X 04.01.2012 Sehr geehrte Damen und Herren , Ich suchen eine neue Wohnung .",
        "metadata": {
            "corpus": "MERLIN_DE",
            "author": {
                "author_ID": "1091_0000035",
                "L1": "Polish",
                "age": "23",
                "gender": "female"
            },
            "CEFR": {
                "overall_fairRating": "A2",
                "test_level": "A2"
            },
            "task": {
                "formality": "formal",
                "text_type": "letter",
                "topic": "letter to housing office"
            }
        },
        "NP_info": {
            "len_np": 3,
            "coordination": null
        },
        "HEAD_info": {
            "head": {
                "H_TOK1": {
                    "word_type": "V",
                    "word_form": "suchen",
                    "lemma": "suchen",
                    "POS_STTS": "VVFIN",
                    "index": "11",
                    "dep_rel": "root",
                    "head_index": "0",
                    "parser_morph_features": "_|Pl|Pres|_"
                }
            },
            "super_head": {}
        },
        "POST_info": {},
        "TOK_info": {
            "TOK1": {
                "word_type": "ART",
                "word_form": "eine",
                "lemma": "eine",
                "POS_STTS": "ART",
                "index": "12",
                "dep_rel": "det",
                "head_index": "14",
                "parser_morph_features": "Indef|Fem|Acc|Sg",
                "possible_morph_features": []
            },
            "TOK2": {
                "word_type": "ADJA",
                "word_form": "neue",
                "lemma": "neu",
                "POS_STTS": "ADJA",
                "index": "13",
                "dep_rel": "attr",
                "head_index": "14",
                "parser_morph_features": "Pos|Fem|Acc|Sg|_|",
                "possible_morph_features": []
            },
            "TOK3": {
                "word_type": "N",
                "word_form": "Wohnung",
                "lemma": "Wohnung",
                "POS_STTS": "NN",
                "index": "14",
                "dep_rel": "obja",
                "head_index": "11",
                "parser_morph_features": "Fem|Acc|Sg",
                "possible_morph_features": []
            }
        },
        "relations": {
            "rel_1": {
                "rel_type": "must_agree",
                "involved": [
                    "TOK1",
                    "TOK2"
                ],
                "ruler": null,
                "possible_agreement": null
            },
            "rel_2": {
                "rel_type": "must_agree",
                "involved": [
                    "TOK3",
                    "TOK1"
                ],
                "ruler": "TOK3",
                "possible_agreement": null
            },
            "rel_3": {
                "rel_type": "must_agree",
                "involved": [
                    "TOK3",
                    "TOK2"
                ],
                "ruler": "TOK3",
                "possible_agreement": null
            }
        }
    },
    {
        "file_ID": "1091_0000035",
        "sent_NP_ID": "2_6",
        "sentence": "Ich möchte drei Zimmer brauchen Ich habe einen Tochter und Stiefsohn und Man Ich möchte ein Schlafzimmer ein Wohnzimmer und zwei Kinderzimmer und auch ein balkon haben .",
        "metadata": {
            "corpus": "MERLIN_DE",
            "author": {
                "author_ID": "1091_0000035",
                "L1": "Polish",
                "age": "23",
                "gender": "female"
            },
            "CEFR": {
                "overall_fairRating": "A2",
                "test_level": "A2"
            },
            "task": {
                "formality": "formal",
                "text_type": "letter",
                "topic": "letter to housing office"
            }
        },
        "NP_info": {
            "len_np": 2,
            "coordination": null
        },
        "HEAD_info": {
            "head": {
                "H_TOK1": {
                    "word_type": "V",
                    "word_form": "brauchen",
                    "lemma": "brauchen",
                    "POS_STTS": "VVINF",
                    "index": "5",
                    "dep_rel": "aux",
                    "head_index": "2",
                    "parser_morph_features": "_"
                }
            },
            "super_head": {
                "SH_TOK1": {
                    "word_type": "V",
                    "word_form": "möchte",
                    "lemma": "mögen",
                    "POS_STTS": "VMFIN",
                    "index": "2",
                    "dep_rel": "root",
                    "head_index": "0",
                    "parser_morph_features": "1|Sg|Past|Subj"
                }
            }
        },
        "POST_info": {},
        "TOK_info": {
            "TOK1": {
                "word_type": "CARD",
                "word_form": "drei",
                "lemma": "drei",
                "POS_STTS": "CARD",
                "index": "3",
                "dep_rel": "attr",
                "head_index": "4",
                "parser_morph_features": "_",
                "possible_morph_features": []
            },
            "TOK2": {
                "word_type": "N",
                "word_form": "Zimmer",
                "lemma": "Zimmer",
                "POS_STTS": "NN",
                "index": "4",
                "dep_rel": "obja",
                "head_index": "5",
                "parser_morph_features": "Neut|Acc|Pl",
                "possible_morph_features": []
            }
        },
        "relations": {}
    },
    {
        "file_ID": "1091_0000035",
        "sent_NP_ID": "2_7",
        "sentence": "Ich möchte drei Zimmer brauchen Ich habe einen Tochter und Stiefsohn und Man Ich möchte ein Schlafzimmer ein Wohnzimmer und zwei Kinderzimmer und auch ein balkon haben .",
        "metadata": {
            "corpus": "MERLIN_DE",
            "author": {
                "author_ID": "1091_0000035",
                "L1": "Polish",
                "age": "23",
                "gender": "female"
            },
            "CEFR": {
                "overall_fairRating": "A2",
                "test_level": "A2"
            },
            "task": {
                "formality": "formal",
                "text_type": "letter",
                "topic": "letter to housing office"
            }
        },
        "NP_info": {
            "len_np": 2,
            "coordination": [
                "2_7",
                "2_8"
            ]
        },
        "HEAD_info": {
            "head": {
                "H_TOK1": {
                    "word_type": "V",
                    "word_form": "habe",
                    "lemma": "haben",
                    "POS_STTS": "VAFIN",
                    "index": "7",
                    "dep_rel": "root",
                    "head_index": "0",
                    "parser_morph_features": "1|Sg|Pres|_"
                }
            },
            "super_head": {}
        },
        "POST_info": {},
        "TOK_info": {
            "TOK1": {
                "word_type": "ART",
                "word_form": "einen",
                "lemma": "eine",
                "POS_STTS": "ART",
                "index": "8",
                "dep_rel": "det",
                "head_index": "9",
                "parser_morph_features": "Indef|Masc|Acc|Sg",
                "possible_morph_features": []
            },
            "TOK2": {
                "word_type": "N",
                "word_form": "Tochter",
                "lemma": "Tochter",
                "POS_STTS": "NN",
                "index": "9",
                "dep_rel": "obja",
                "head_index": "7",
                "parser_morph_features": "Masc|Acc|Sg",
                "possible_morph_features": []
            }
        },
        "relations": {
            "rel_1": {
                "rel_type": "must_agree",
                "involved": [
                    "TOK2",
                    "TOK1"
                ],
                "ruler": "TOK2",
                "possible_agreement": null
            }
        }
    },
    {
        "file_ID": "1091_0000035",
        "sent_NP_ID": "2_8",
        "sentence": "Ich möchte drei Zimmer brauchen Ich habe einen Tochter und Stiefsohn und Man Ich möchte ein Schlafzimmer ein Wohnzimmer und zwei Kinderzimmer und auch ein balkon haben .",
        "metadata": {
            "corpus": "MERLIN_DE",
            "author": {
                "author_ID": "1091_0000035",
                "L1": "Polish",
                "age": "23",
                "gender": "female"
            },
            "CEFR": {
                "overall_fairRating": "A2",
                "test_level": "A2"
            },
            "task": {
                "formality": "formal",
                "text_type": "letter",
                "topic": "letter to housing office"
            }
        },
        "NP_info": {
            "len_np": 1,
            "coordination": [
                "2_7",
                "2_8"
            ]
        },
        "HEAD_info": {
            "head": {
                "H_TOK1": {
                    "word_type": "KON",
                    "word_form": "und",
                    "lemma": "und",
                    "POS_STTS": "KON",
                    "index": "10",
                    "dep_rel": "kon",
                    "head_index": "9",
                    "parser_morph_features": "_"
                }
            },
            "super_head": {
                "SH_TOK1": {
                    "word_type": "N",
                    "word_form": "Tochter",
                    "lemma": "Tochter",
                    "POS_STTS": "NN",
                    "index": "9",
                    "dep_rel": "obja",
                    "head_index": "7",
                    "parser_morph_features": "Masc|Acc|Sg"
                }
            }
        },
        "POST_info": {},
        "TOK_info": {
            "TOK1": {
                "word_type": "N",
                "word_form": "Stiefsohn",
                "lemma": "Stiefsohn",
                "POS_STTS": "NN",
                "index": "11",
                "dep_rel": "cj",
                "head_index": "10",
                "parser_morph_features": "Masc|Nom|Sg",
                "possible_morph_features": []
            }
        },
        "relations": {}
    },
    {
        "file_ID": "1091_0000035",
        "sent_NP_ID": "2_9",
        "sentence": "Ich möchte drei Zimmer brauchen Ich habe einen Tochter und Stiefsohn und Man Ich möchte ein Schlafzimmer ein Wohnzimmer und zwei Kinderzimmer und auch ein balkon haben .",
        "metadata": {
            "corpus": "MERLIN_DE",
            "author": {
                "author_ID": "1091_0000035",
                "L1": "Polish",
                "age": "23",
                "gender": "female"
            },
            "CEFR": {
                "overall_fairRating": "A2",
                "test_level": "A2"
            },
            "task": {
                "formality": "formal",
                "text_type": "letter",
                "topic": "letter to housing office"
            }
        },
        "NP_info": {
            "len_np": 2,
            "coordination": null
        },
        "HEAD_info": {
            "head": {
                "H_TOK1": {
                    "word_type": "V",
                    "word_form": "möchte",
                    "lemma": "mögen",
                    "POS_STTS": "VMFIN",
                    "index": "15",
                    "dep_rel": "root",
                    "head_index": "0",
                    "parser_morph_features": "3|Sg|Past|Subj"
                }
            },
            "super_head": {}
        },
        "POST_info": {},
        "TOK_info": {
            "TOK1": {
                "word_type": "ART",
                "word_form": "ein",
                "lemma": "eine",
                "POS_STTS": "ART",
                "index": "16",
                "dep_rel": "det",
                "head_index": "17",
                "parser_morph_features": "Indef|Neut|Nom|Sg",
                "possible_morph_features": []
            },
            "TOK2": {
                "word_type": "N",
                "word_form": "Schlafzimmer",
                "lemma": "Schlafzimmer",
                "POS_STTS": "NN",
                "index": "17",
                "dep_rel": "subj",
                "head_index": "15",
                "parser_morph_features": "Neut|Nom|Sg",
                "possible_morph_features": []
            }
        },
        "relations": {
            "rel_1": {
                "rel_type": "must_agree",
                "involved": [
                    "TOK2",
                    "TOK1"
                ],
                "ruler": "TOK2",
                "possible_agreement": null
            }
        }
    },
    {
        "file_ID": "1091_0000035",
        "sent_NP_ID": "2_10",
        "sentence": "Ich möchte drei Zimmer brauchen Ich habe einen Tochter und Stiefsohn und Man Ich möchte ein Schlafzimmer ein Wohnzimmer und zwei Kinderzimmer und auch ein balkon haben .",
        "metadata": {
            "corpus": "MERLIN_DE",
            "author": {
                "author_ID": "1091_0000035",
                "L1": "Polish",
                "age": "23",
                "gender": "female"
            },
            "CEFR": {
                "overall_fairRating": "A2",
                "test_level": "A2"
            },
            "task": {
                "formality": "formal",
                "text_type": "letter",
                "topic": "letter to housing office"
            }
        },
        "NP_info": {
            "len_np": 2,
            "coordination": [
                "2_10",
                "2_11",
                "2_12"
            ]
        },
        "HEAD_info": {
            "head": {
                "H_TOK1": {
                    "word_type": "V",
                    "word_form": "haben",
                    "lemma": "haben",
                    "POS_STTS": "VAINF",
                    "index": "27",
                    "dep_rel": "aux",
                    "head_index": "15",
                    "parser_morph_features": "_"
                }
            },
            "super_head": {
                "SH_TOK1": {
                    "word_type": "V",
                    "word_form": "möchte",
                    "lemma": "mögen",
                    "POS_STTS": "VMFIN",
                    "index": "15",
                    "dep_rel": "root",
                    "head_index": "0",
                    "parser_morph_features": "3|Sg|Past|Subj"
                }
            }
        },
        "POST_info": {},
        "TOK_info": {
            "TOK1": {
                "word_type": "ART",
                "word_form": "ein",
                "lemma": "eine",
                "POS_STTS": "ART",
                "index": "18",
                "dep_rel": "det",
                "head_index": "19",
                "parser_morph_features": "Indef|Neut|Acc|Sg",
                "possible_morph_features": []
            },
            "TOK2": {
                "word_type": "N",
                "word_form": "Wohnzimmer",
                "lemma": "Wohnzimmer",
                "POS_STTS": "NN",
                "index": "19",
                "dep_rel": "obja",
                "head_index": "27",
                "parser_morph_features": "Neut|Acc|Sg",
                "possible_morph_features": []
            }
        },
        "relations": {
            "rel_1": {
                "rel_type": "must_agree",
                "involved": [
                    "TOK2",
                    "TOK1"
                ],
                "ruler": "TOK2",
                "possible_agreement": null
            }
        }
    },
    {
        "file_ID": "1091_0000035",
        "sent_NP_ID": "2_11",
        "sentence": "Ich möchte drei Zimmer brauchen Ich habe einen Tochter und Stiefsohn und Man Ich möchte ein Schlafzimmer ein Wohnzimmer und zwei Kinderzimmer und auch ein balkon haben .",
        "metadata": {
            "corpus": "MERLIN_DE",
            "author": {
                "author_ID": "1091_0000035",
                "L1": "Polish",
                "age": "23",
                "gender": "female"
            },
            "CEFR": {
                "overall_fairRating": "A2",
                "test_level": "A2"
            },
            "task": {
                "formality": "formal",
                "text_type": "letter",
                "topic": "letter to housing office"
            }
        },
        "NP_info": {
            "len_np": 2,
            "coordination": [
                "2_10",
                "2_11",
                "2_12"
            ]
        },
        "HEAD_info": {
            "head": {
                "H_TOK1": {
                    "word_type": "KON",
                    "word_form": "und",
                    "lemma": "und",
                    "POS_STTS": "KON",
                    "index": "20",
                    "dep_rel": "kon",
                    "head_index": "19",
                    "parser_morph_features": "_"
                }
            },
            "super_head": {
                "SH_TOK1": {
                    "word_type": "N",
                    "word_form": "Wohnzimmer",
                    "lemma": "Wohnzimmer",
                    "POS_STTS": "NN",
                    "index": "19",
                    "dep_rel": "obja",
                    "head_index": "27",
                    "parser_morph_features": "Neut|Acc|Sg"
                }
            }
        },
        "POST_info": {},
        "TOK_info": {
            "TOK1": {
                "word_type": "CARD",
                "word_form": "zwei",
                "lemma": "zwei",
                "POS_STTS": "CARD",
                "index": "21",
                "dep_rel": "attr",
                "head_index": "22",
                "parser_morph_features": "_",
                "possible_morph_features": []
            },
            "TOK2": {
                "word_type": "N",
                "word_form": "Kinderzimmer",
                "lemma": "Kinderzimmer",
                "POS_STTS": "NN",
                "index": "22",
                "dep_rel": "cj",
                "head_index": "20",
                "parser_morph_features": "Neut|Acc|Pl",
                "possible_morph_features": []
            }
        },
        "relations": {}
    },
    {
        "file_ID": "1091_0000035",
        "sent_NP_ID": "2_12",
        "sentence": "Ich möchte drei Zimmer brauchen Ich habe einen Tochter und Stiefsohn und Man Ich möchte ein Schlafzimmer ein Wohnzimmer und zwei Kinderzimmer und auch ein balkon haben .",
        "metadata": {
            "corpus": "MERLIN_DE",
            "author": {
                "author_ID": "1091_0000035",
                "L1": "Polish",
                "age": "23",
                "gender": "female"
            },
            "CEFR": {
                "overall_fairRating": "A2",
                "test_level": "A2"
            },
            "task": {
                "formality": "formal",
                "text_type": "letter",
                "topic": "letter to housing office"
            }
        },
        "NP_info": {
            "len_np": 3,
            "coordination": [
                "2_10",
                "2_11",
                "2_12"
            ]
        },
        "HEAD_info": {
            "head": {
                "H_TOK1": {
                    "word_type": "KON",
                    "word_form": "und",
                    "lemma": "und",
                    "POS_STTS": "KON",
                    "index": "23",
                    "dep_rel": "kon",
                    "head_index": "22",
                    "parser_morph_features": "_"
                }
            },
            "super_head": {
                "SH_TOK1": {
                    "word_type": "N",
                    "word_form": "Kinderzimmer",
                    "lemma": "Kinderzimmer",
                    "POS_STTS": "NN",
                    "index": "22",
                    "dep_rel": "cj",
                    "head_index": "20",
                    "parser_morph_features": "Neut|Acc|Pl"
                }
            }
        },
        "POST_info": {},
        "TOK_info": {
            "TOK1": {
                "word_type": "ADV",
                "word_form": "auch",
                "lemma": "auch",
                "POS_STTS": "ADV",
                "index": "24",
                "dep_rel": "adv",
                "head_index": "26",
                "parser_morph_features": "_",
                "possible_morph_features": []
            },
            "TOK2": {
                "word_type": "ART",
                "word_form": "ein",
                "lemma": "eine",
                "POS_STTS": "ART",
                "index": "25",
                "dep_rel": "det",
                "head_index": "26",
                "parser_morph_features": "Indef|Neut|Acc|Sg",
                "possible_morph_features": []
            },
            "TOK3": {
                "word_type": "N",
                "word_form": "balkon",
                "lemma": "balkon",
                "POS_STTS": "NN",
                "index": "26",
                "dep_rel": "cj",
                "head_index": "23",
                "parser_morph_features": "Neut|Acc|Sg",
                "possible_morph_features": []
            }
        },
        "relations": {
            "rel_1": {
                "rel_type": "must_agree",
                "involved": [
                    "TOK3",
                    "TOK2"
                ],
                "ruler": "TOK3",
                "possible_agreement": null
            }
        }
    },
    {
        "file_ID": "1091_0000035",
        "sent_NP_ID": "3_13",
        "sentence": "Ich Kann Miete bezalen 600 - 700 € Mit frundlichen Grüßen Eva Müller",
        "metadata": {
            "corpus": "MERLIN_DE",
            "author": {
                "author_ID": "1091_0000035",
                "L1": "Polish",
                "age": "23",
                "gender": "female"
            },
            "CEFR": {
                "overall_fairRating": "A2",
                "test_level": "A2"
            },
            "task": {
                "formality": "formal",
                "text_type": "letter",
                "topic": "letter to housing office"
            }
        },
        "NP_info": {
            "len_np": 1,
            "coordination": null
        },
        "HEAD_info": {
            "head": {
                "H_TOK1": {
                    "word_type": "V",
                    "word_form": "Kann",
                    "lemma": "können",
                    "POS_STTS": "VMFIN",
                    "index": "2",
                    "dep_rel": "root",
                    "head_index": "0",
                    "parser_morph_features": "1|Sg|Pres|Ind"
                }
            },
            "super_head": {}
        },
        "POST_info": {
            "P_TOK1": {
                "word_type": "N",
                "word_form": "bezalen",
                "lemma": "bezalen",
                "POS_STTS": "NE",
                "index": "4",
                "dep_rel": "app",
                "head_index": "3",
                "parser_morph_features": "Fem|Acc|Sg"
            }
        },
        "TOK_info": {
            "TOK1": {
                "word_type": "N",
                "word_form": "Miete",
                "lemma": "Miete",
                "POS_STTS": "NN",
                "index": "3",
                "dep_rel": "obja",
                "head_index": "2",
                "parser_morph_features": "Fem|Acc|Sg",
                "possible_morph_features": []
            }
        },
        "relations": {}
    },
    {
        "file_ID": "1091_0000035",
        "sent_NP_ID": "3_14",
        "sentence": "Ich Kann Miete bezalen 600 - 700 € Mit frundlichen Grüßen Eva Müller",
        "metadata": {
            "corpus": "MERLIN_DE",
            "author": {
                "author_ID": "1091_0000035",
                "L1": "Polish",
                "age": "23",
                "gender": "female"
            },
            "CEFR": {
                "overall_fairRating": "A2",
                "test_level": "A2"
            },
            "task": {
                "formality": "formal",
                "text_type": "letter",
                "topic": "letter to housing office"
            }
        },
        "NP_info": {
            "len_np": 1,
            "coordination": null
        },
        "HEAD_info": {
            "head": {
                "H_TOK1": {
                    "word_type": "N",
                    "word_form": "Miete",
                    "lemma": "Miete",
                    "POS_STTS": "NN",
                    "index": "3",
                    "dep_rel": "obja",
                    "head_index": "2",
                    "parser_morph_features": "Fem|Acc|Sg"
                }
            },
            "super_head": {
                "SH_TOK1": {
                    "word_type": "V",
                    "word_form": "Kann",
                    "lemma": "können",
                    "POS_STTS": "VMFIN",
                    "index": "2",
                    "dep_rel": "root",
                    "head_index": "0",
                    "parser_morph_features": "1|Sg|Pres|Ind"
                }
            }
        },
        "POST_info": {
            "P_TOK1": {
                "word_type": "FM",
                "word_form": "€",
                "lemma": "€",
                "POS_STTS": "FM",
                "index": "8",
                "dep_rel": "gmod",
                "head_index": "4",
                "parser_morph_features": "_|Gen|Pl"
            }
        },
        "TOK_info": {
            "TOK1": {
                "word_type": "N",
                "word_form": "bezalen",
                "lemma": "bezalen",
                "POS_STTS": "NE",
                "index": "4",
                "dep_rel": "app",
                "head_index": "3",
                "parser_morph_features": "Fem|Acc|Sg",
                "possible_morph_features": []
            }
        },
        "relations": {}
    },
    {
        "file_ID": "1091_0000035",
        "sent_NP_ID": "3_15",
        "sentence": "Ich Kann Miete bezalen 600 - 700 € Mit frundlichen Grüßen Eva Müller",
        "metadata": {
            "corpus": "MERLIN_DE",
            "author": {
                "author_ID": "1091_0000035",
                "L1": "Polish",
                "age": "23",
                "gender": "female"
            },
            "CEFR": {
                "overall_fairRating": "A2",
                "test_level": "A2"
            },
            "task": {
                "formality": "formal",
                "text_type": "letter",
                "topic": "letter to housing office"
            }
        },
        "NP_info": {
            "len_np": 2,
            "coordination": null
        },
        "HEAD_info": {
            "head": {
                "H_TOK1": {
                    "word_type": "PREP",
                    "word_form": "Mit",
                    "lemma": "mit",
                    "POS_STTS": "APPR",
                    "index": "9",
                    "dep_rel": "pp",
                    "head_index": "2",
                    "parser_morph_features": "Dat"
                }
            },
            "super_head": {
                "SH_TOK1": {
                    "word_type": "V",
                    "word_form": "Kann",
                    "lemma": "können",
                    "POS_STTS": "VMFIN",
                    "index": "2",
                    "dep_rel": "root",
                    "head_index": "0",
                    "parser_morph_features": "1|Sg|Pres|Ind"
                }
            }
        },
        "POST_info": {
            "P_TOK1": {
                "word_type": "N",
                "word_form": "Eva",
                "lemma": "Eva",
                "POS_STTS": "NE",
                "index": "12",
                "dep_rel": "app",
                "head_index": "11",
                "parser_morph_features": "_|Dat|Sg"
            }
        },
        "TOK_info": {
            "TOK1": {
                "word_type": "ADJA",
                "word_form": "frundlichen",
                "lemma": "frundlichen",
                "POS_STTS": "ADJA",
                "index": "10",
                "dep_rel": "attr",
                "head_index": "11",
                "parser_morph_features": "_|_|Dat|_|_",
                "possible_morph_features": []
            },
            "TOK2": {
                "word_type": "N",
                "word_form": "Grüßen",
                "lemma": "Gruß",
                "POS_STTS": "NN",
                "index": "11",
                "dep_rel": "pn",
                "head_index": "9",
                "parser_morph_features": "_|Dat|_",
                "possible_morph_features": []
            }
        },
        "relations": {
            "rel_1": {
                "rel_type": "must_agree",
                "involved": [
                    "TOK2",
                    "TOK1"
                ],
                "ruler": "TOK2",
                "possible_agreement": null
            }
        }
    },
    {
        "file_ID": "1091_0000035",
        "sent_NP_ID": "3_16",
        "sentence": "Ich Kann Miete bezalen 600 - 700 € Mit frundlichen Grüßen Eva Müller",
        "metadata": {
            "corpus": "MERLIN_DE",
            "author": {
                "author_ID": "1091_0000035",
                "L1": "Polish",
                "age": "23",
                "gender": "female"
            },
            "CEFR": {
                "overall_fairRating": "A2",
                "test_level": "A2"
            },
            "task": {
                "formality": "formal",
                "text_type": "letter",
                "topic": "letter to housing office"
            }
        },
        "NP_info": {
            "len_np": 1,
            "coordination": null
        },
        "HEAD_info": {
            "head": {
                "H_TOK1": {
                    "word_type": "N",
                    "word_form": "Grüßen",
                    "lemma": "Gruß",
                    "POS_STTS": "NN",
                    "index": "11",
                    "dep_rel": "pn",
                    "head_index": "9",
                    "parser_morph_features": "_|Dat|_"
                }
            },
            "super_head": {
                "SH_TOK1": {
                    "word_type": "PREP",
                    "word_form": "Mit",
                    "lemma": "mit",
                    "POS_STTS": "APPR",
                    "index": "9",
                    "dep_rel": "pp",
                    "head_index": "2",
                    "parser_morph_features": "Dat"
                }
            }
        },
        "POST_info": {
            "P_TOK1": {
                "word_type": "N",
                "word_form": "Müller",
                "lemma": "Müller",
                "POS_STTS": "NE",
                "index": "13",
                "dep_rel": "app",
                "head_index": "12",
                "parser_morph_features": "_|Dat|Sg"
            }
        },
        "TOK_info": {
            "TOK1": {
                "word_type": "N",
                "word_form": "Eva",
                "lemma": "Eva",
                "POS_STTS": "NE",
                "index": "12",
                "dep_rel": "app",
                "head_index": "11",
                "parser_morph_features": "_|Dat|Sg",
                "possible_morph_features": []
            }
        },
        "relations": {}
    },
    {
        "file_ID": "1091_0000035",
        "sent_NP_ID": "3_17",
        "sentence": "Ich Kann Miete bezalen 600 - 700 € Mit frundlichen Grüßen Eva Müller",
        "metadata": {
            "corpus": "MERLIN_DE",
            "author": {
                "author_ID": "1091_0000035",
                "L1": "Polish",
                "age": "23",
                "gender": "female"
            },
            "CEFR": {
                "overall_fairRating": "A2",
                "test_level": "A2"
            },
            "task": {
                "formality": "formal",
                "text_type": "letter",
                "topic": "letter to housing office"
            }
        },
        "NP_info": {
            "len_np": 1,
            "coordination": null
        },
        "HEAD_info": {
            "head": {
                "H_TOK1": {
                    "word_type": "N",
                    "word_form": "Eva",
                    "lemma": "Eva",
                    "POS_STTS": "NE",
                    "index": "12",
                    "dep_rel": "app",
                    "head_index": "11",
                    "parser_morph_features": "_|Dat|Sg"
                }
            },
            "super_head": {
                "SH_TOK1": {
                    "word_type": "N",
                    "word_form": "Grüßen",
                    "lemma": "Gruß",
                    "POS_STTS": "NN",
                    "index": "11",
                    "dep_rel": "pn",
                    "head_index": "9",
                    "parser_morph_features": "_|Dat|_"
                }
            }
        },
        "POST_info": {},
        "TOK_info": {
            "TOK1": {
                "word_type": "N",
                "word_form": "Müller",
                "lemma": "Müller",
                "POS_STTS": "NE",
                "index": "13",
                "dep_rel": "app",
                "head_index": "12",
                "parser_morph_features": "_|Dat|Sg",
                "possible_morph_features": []
            }
        },
        "relations": {}
    }
]