[
    {
        "file_ID": "1091_0000243",
        "sent_NP_ID": "1_1",
        "sentence": "Liebe Katharina , Ich bin für ein paar Tage nicht zu Hause , weil ich in Indien fahren möchte .",
        "metadata": {
            "corpus": "MERLIN_DE",
            "author": {
                "author_ID": "1091_0000243",
                "L1": "not reported",
                "age": "28",
                "gender": "female"
            },
            "CEFR": {
                "overall_fairRating": "A2",
                "test_level": "A2"
            },
            "task": {
                "formality": "informal",
                "text_type": "email",
                "topic": "ask friend to take care of pet"
            }
        },
        "NP_info": {
            "len_np": 2,
            "coordination": null
        },
        "HEAD_info": {
            "head": {
                "H_TOK1": {
                    "word_type": "V",
                    "word_form": "bin",
                    "lemma": "sein",
                    "POS_STTS": "VAFIN",
                    "index": "5",
                    "dep_rel": "root",
                    "head_index": "0",
                    "parser_morph_features": "1|Sg|Pres|Ind"
                }
            },
            "super_head": {}
        },
        "POST_info": {},
        "TOK_info": {
            "TOK1": {
                "word_type": "ADJA",
                "word_form": "Liebe",
                "lemma": "lieb",
                "POS_STTS": "ADJA",
                "index": "1",
                "dep_rel": "attr",
                "head_index": "2",
                "parser_morph_features": "Pos|Fem|_|Sg|_|",
                "possible_morph_features": []
            },
            "TOK2": {
                "word_type": "N",
                "word_form": "Katharina",
                "lemma": "Katharina",
                "POS_STTS": "NN",
                "index": "2",
                "dep_rel": "vok",
                "head_index": "5",
                "parser_morph_features": "Fem|_|Sg",
                "possible_morph_features": []
            }
        },
        "relations": {
            "rel_1": {
                "rel_type": "must_agree",
                "involved": [
                    "TOK2",
                    "TOK1"
                ],
                "ruler": "TOK2",
                "possible_agreement": null
            }
        }
    },
    {
        "file_ID": "1091_0000243",
        "sent_NP_ID": "1_2",
        "sentence": "Liebe Katharina , Ich bin für ein paar Tage nicht zu Hause , weil ich in Indien fahren möchte .",
        "metadata": {
            "corpus": "MERLIN_DE",
            "author": {
                "author_ID": "1091_0000243",
                "L1": "not reported",
                "age": "28",
                "gender": "female"
            },
            "CEFR": {
                "overall_fairRating": "A2",
                "test_level": "A2"
            },
            "task": {
                "formality": "informal",
                "text_type": "email",
                "topic": "ask friend to take care of pet"
            }
        },
        "NP_info": {
            "len_np": 3,
            "coordination": null
        },
        "HEAD_info": {
            "head": {
                "H_TOK1": {
                    "word_type": "PREP",
                    "word_form": "für",
                    "lemma": "für",
                    "POS_STTS": "APPR",
                    "index": "6",
                    "dep_rel": "pp",
                    "head_index": "5",
                    "parser_morph_features": "Acc"
                }
            },
            "super_head": {
                "SH_TOK1": {
                    "word_type": "V",
                    "word_form": "bin",
                    "lemma": "sein",
                    "POS_STTS": "VAFIN",
                    "index": "5",
                    "dep_rel": "root",
                    "head_index": "0",
                    "parser_morph_features": "1|Sg|Pres|Ind"
                }
            }
        },
        "POST_info": {},
        "TOK_info": {
            "TOK1": {
                "word_type": "ART",
                "word_form": "ein",
                "lemma": "eine",
                "POS_STTS": "ART",
                "index": "7",
                "dep_rel": "det",
                "head_index": "9",
                "parser_morph_features": "Indef|_|_|Sg",
                "possible_morph_features": []
            },
            "TOK2": {
                "word_type": "ART",
                "word_form": "paar",
                "lemma": "paar",
                "POS_STTS": "PIDAT",
                "index": "8",
                "dep_rel": "attr",
                "head_index": "9",
                "parser_morph_features": "Masc|Acc|Pl",
                "possible_morph_features": []
            },
            "TOK3": {
                "word_type": "N",
                "word_form": "Tage",
                "lemma": "Tag",
                "POS_STTS": "NN",
                "index": "9",
                "dep_rel": "pn",
                "head_index": "6",
                "parser_morph_features": "Masc|Acc|Pl",
                "possible_morph_features": []
            }
        },
        "relations": {
            "rel_1": {
                "rel_type": "must_agree",
                "involved": [
                    "TOK1",
                    "TOK2"
                ],
                "ruler": null,
                "possible_agreement": null
            },
            "rel_2": {
                "rel_type": "must_agree",
                "involved": [
                    "TOK3",
                    "TOK1"
                ],
                "ruler": "TOK3",
                "possible_agreement": null
            },
            "rel_3": {
                "rel_type": "must_agree",
                "involved": [
                    "TOK3",
                    "TOK2"
                ],
                "ruler": "TOK3",
                "possible_agreement": null
            }
        }
    },
    {
        "file_ID": "1091_0000243",
        "sent_NP_ID": "1_3",
        "sentence": "Liebe Katharina , Ich bin für ein paar Tage nicht zu Hause , weil ich in Indien fahren möchte .",
        "metadata": {
            "corpus": "MERLIN_DE",
            "author": {
                "author_ID": "1091_0000243",
                "L1": "not reported",
                "age": "28",
                "gender": "female"
            },
            "CEFR": {
                "overall_fairRating": "A2",
                "test_level": "A2"
            },
            "task": {
                "formality": "informal",
                "text_type": "email",
                "topic": "ask friend to take care of pet"
            }
        },
        "NP_info": {
            "len_np": 1,
            "coordination": null
        },
        "HEAD_info": {
            "head": {
                "H_TOK1": {
                    "word_type": "PREP",
                    "word_form": "zu",
                    "lemma": "zu",
                    "POS_STTS": "APPR",
                    "index": "11",
                    "dep_rel": "pp",
                    "head_index": "5",
                    "parser_morph_features": "Dat"
                }
            },
            "super_head": {
                "SH_TOK1": {
                    "word_type": "V",
                    "word_form": "bin",
                    "lemma": "sein",
                    "POS_STTS": "VAFIN",
                    "index": "5",
                    "dep_rel": "root",
                    "head_index": "0",
                    "parser_morph_features": "1|Sg|Pres|Ind"
                }
            }
        },
        "POST_info": {},
        "TOK_info": {
            "TOK1": {
                "word_type": "N",
                "word_form": "Hause",
                "lemma": "Haus",
                "POS_STTS": "NN",
                "index": "12",
                "dep_rel": "pn",
                "head_index": "11",
                "parser_morph_features": "Neut|Dat|Sg",
                "possible_morph_features": []
            }
        },
        "relations": {}
    },
    {
        "file_ID": "1091_0000243",
        "sent_NP_ID": "1_4",
        "sentence": "Liebe Katharina , Ich bin für ein paar Tage nicht zu Hause , weil ich in Indien fahren möchte .",
        "metadata": {
            "corpus": "MERLIN_DE",
            "author": {
                "author_ID": "1091_0000243",
                "L1": "not reported",
                "age": "28",
                "gender": "female"
            },
            "CEFR": {
                "overall_fairRating": "A2",
                "test_level": "A2"
            },
            "task": {
                "formality": "informal",
                "text_type": "email",
                "topic": "ask friend to take care of pet"
            }
        },
        "NP_info": {
            "len_np": 1,
            "coordination": null
        },
        "HEAD_info": {
            "head": {
                "H_TOK1": {
                    "word_type": "PREP",
                    "word_form": "in",
                    "lemma": "in",
                    "POS_STTS": "APPR",
                    "index": "16",
                    "dep_rel": "pp",
                    "head_index": "18",
                    "parser_morph_features": "_"
                }
            },
            "super_head": {
                "SH_TOK1": {
                    "word_type": "V",
                    "word_form": "fahren",
                    "lemma": "fahren",
                    "POS_STTS": "VVINF",
                    "index": "18",
                    "dep_rel": "aux",
                    "head_index": "19",
                    "parser_morph_features": "_"
                }
            }
        },
        "POST_info": {},
        "TOK_info": {
            "TOK1": {
                "word_type": "N",
                "word_form": "Indien",
                "lemma": "Indien",
                "POS_STTS": "NE",
                "index": "17",
                "dep_rel": "pn",
                "head_index": "16",
                "parser_morph_features": "Neut|_|Sg",
                "possible_morph_features": []
            }
        },
        "relations": {}
    },
    {
        "file_ID": "1091_0000243",
        "sent_NP_ID": "2_5",
        "sentence": "Kanst du mir helfen Meine Haustier , nimmst du ein paar Tage deine Hause .",
        "metadata": {
            "corpus": "MERLIN_DE",
            "author": {
                "author_ID": "1091_0000243",
                "L1": "not reported",
                "age": "28",
                "gender": "female"
            },
            "CEFR": {
                "overall_fairRating": "A2",
                "test_level": "A2"
            },
            "task": {
                "formality": "informal",
                "text_type": "email",
                "topic": "ask friend to take care of pet"
            }
        },
        "NP_info": {
            "len_np": 2,
            "coordination": null
        },
        "HEAD_info": {
            "head": {},
            "super_head": {}
        },
        "POST_info": {},
        "TOK_info": {
            "TOK1": {
                "word_type": "ART",
                "word_form": "Meine",
                "lemma": "meine",
                "POS_STTS": "PPOSAT",
                "index": "5",
                "dep_rel": "det",
                "head_index": "6",
                "parser_morph_features": "_|_|Sg",
                "possible_morph_features": []
            },
            "TOK2": {
                "word_type": "N",
                "word_form": "Haustier",
                "lemma": "Haustier",
                "POS_STTS": "NN",
                "index": "6",
                "dep_rel": "root",
                "head_index": "0",
                "parser_morph_features": "_|_|Sg",
                "possible_morph_features": []
            }
        },
        "relations": {
            "rel_1": {
                "rel_type": "must_agree",
                "involved": [
                    "TOK2",
                    "TOK1"
                ],
                "ruler": "TOK2",
                "possible_agreement": null
            }
        }
    },
    {
        "file_ID": "1091_0000243",
        "sent_NP_ID": "2_6",
        "sentence": "Kanst du mir helfen Meine Haustier , nimmst du ein paar Tage deine Hause .",
        "metadata": {
            "corpus": "MERLIN_DE",
            "author": {
                "author_ID": "1091_0000243",
                "L1": "not reported",
                "age": "28",
                "gender": "female"
            },
            "CEFR": {
                "overall_fairRating": "A2",
                "test_level": "A2"
            },
            "task": {
                "formality": "informal",
                "text_type": "email",
                "topic": "ask friend to take care of pet"
            }
        },
        "NP_info": {
            "len_np": 3,
            "coordination": null
        },
        "HEAD_info": {
            "head": {
                "H_TOK1": {
                    "word_type": "V",
                    "word_form": "nimmst",
                    "lemma": "nehmen",
                    "POS_STTS": "VVFIN",
                    "index": "8",
                    "dep_rel": "root",
                    "head_index": "0",
                    "parser_morph_features": "2|Sg|Pres|Ind"
                }
            },
            "super_head": {}
        },
        "POST_info": {},
        "TOK_info": {
            "TOK1": {
                "word_type": "ART",
                "word_form": "ein",
                "lemma": "eine",
                "POS_STTS": "ART",
                "index": "10",
                "dep_rel": "det",
                "head_index": "12",
                "parser_morph_features": "Indef|_|_|Sg",
                "possible_morph_features": []
            },
            "TOK2": {
                "word_type": "ART",
                "word_form": "paar",
                "lemma": "paar",
                "POS_STTS": "PIDAT",
                "index": "11",
                "dep_rel": "attr",
                "head_index": "12",
                "parser_morph_features": "Masc|Acc|Pl",
                "possible_morph_features": []
            },
            "TOK3": {
                "word_type": "N",
                "word_form": "Tage",
                "lemma": "Tag",
                "POS_STTS": "NN",
                "index": "12",
                "dep_rel": "zeit",
                "head_index": "8",
                "parser_morph_features": "Masc|Acc|Pl",
                "possible_morph_features": []
            }
        },
        "relations": {
            "rel_1": {
                "rel_type": "must_agree",
                "involved": [
                    "TOK1",
                    "TOK2"
                ],
                "ruler": null,
                "possible_agreement": null
            },
            "rel_2": {
                "rel_type": "must_agree",
                "involved": [
                    "TOK3",
                    "TOK1"
                ],
                "ruler": "TOK3",
                "possible_agreement": null
            },
            "rel_3": {
                "rel_type": "must_agree",
                "involved": [
                    "TOK3",
                    "TOK2"
                ],
                "ruler": "TOK3",
                "possible_agreement": null
            }
        }
    },
    {
        "file_ID": "1091_0000243",
        "sent_NP_ID": "2_7",
        "sentence": "Kanst du mir helfen Meine Haustier , nimmst du ein paar Tage deine Hause .",
        "metadata": {
            "corpus": "MERLIN_DE",
            "author": {
                "author_ID": "1091_0000243",
                "L1": "not reported",
                "age": "28",
                "gender": "female"
            },
            "CEFR": {
                "overall_fairRating": "A2",
                "test_level": "A2"
            },
            "task": {
                "formality": "informal",
                "text_type": "email",
                "topic": "ask friend to take care of pet"
            }
        },
        "NP_info": {
            "len_np": 2,
            "coordination": null
        },
        "HEAD_info": {
            "head": {
                "H_TOK1": {
                    "word_type": "V",
                    "word_form": "nimmst",
                    "lemma": "nehmen",
                    "POS_STTS": "VVFIN",
                    "index": "8",
                    "dep_rel": "root",
                    "head_index": "0",
                    "parser_morph_features": "2|Sg|Pres|Ind"
                }
            },
            "super_head": {}
        },
        "POST_info": {},
        "TOK_info": {
            "TOK1": {
                "word_type": "ART",
                "word_form": "deine",
                "lemma": "deine",
                "POS_STTS": "PPOSAT",
                "index": "13",
                "dep_rel": "det",
                "head_index": "14",
                "parser_morph_features": "_|_|_",
                "possible_morph_features": []
            },
            "TOK2": {
                "word_type": "N",
                "word_form": "Hause",
                "lemma": "Haus",
                "POS_STTS": "NN",
                "index": "14",
                "dep_rel": "obja",
                "head_index": "8",
                "parser_morph_features": "_|Acc|_",
                "possible_morph_features": []
            }
        },
        "relations": {
            "rel_1": {
                "rel_type": "must_agree",
                "involved": [
                    "TOK2",
                    "TOK1"
                ],
                "ruler": "TOK2",
                "possible_agreement": null
            }
        }
    },
    {
        "file_ID": "1091_0000243",
        "sent_NP_ID": "3_8",
        "sentence": "Ich muss nächte Donnerstag mitbringe meine Haustier .",
        "metadata": {
            "corpus": "MERLIN_DE",
            "author": {
                "author_ID": "1091_0000243",
                "L1": "not reported",
                "age": "28",
                "gender": "female"
            },
            "CEFR": {
                "overall_fairRating": "A2",
                "test_level": "A2"
            },
            "task": {
                "formality": "informal",
                "text_type": "email",
                "topic": "ask friend to take care of pet"
            }
        },
        "NP_info": {
            "len_np": 2,
            "coordination": null
        },
        "HEAD_info": {
            "head": {
                "H_TOK1": {
                    "word_type": "V",
                    "word_form": "mitbringe",
                    "lemma": "mitbringen",
                    "POS_STTS": "VVFIN",
                    "index": "5",
                    "dep_rel": "root",
                    "head_index": "0",
                    "parser_morph_features": "3|Sg|Pres|Subj"
                }
            },
            "super_head": {}
        },
        "POST_info": {},
        "TOK_info": {
            "TOK1": {
                "word_type": "ADJA",
                "word_form": "nächte",
                "lemma": "nächte",
                "POS_STTS": "ADJA",
                "index": "3",
                "dep_rel": "attr",
                "head_index": "4",
                "parser_morph_features": "_|_|Nom|Sg|_",
                "possible_morph_features": []
            },
            "TOK2": {
                "word_type": "N",
                "word_form": "Donnerstag",
                "lemma": "Donnerstag",
                "POS_STTS": "NN",
                "index": "4",
                "dep_rel": "subj",
                "head_index": "5",
                "parser_morph_features": "_|Nom|Sg",
                "possible_morph_features": []
            }
        },
        "relations": {
            "rel_1": {
                "rel_type": "must_agree",
                "involved": [
                    "TOK2",
                    "TOK1"
                ],
                "ruler": "TOK2",
                "possible_agreement": null
            }
        }
    },
    {
        "file_ID": "1091_0000243",
        "sent_NP_ID": "3_9",
        "sentence": "Ich muss nächte Donnerstag mitbringe meine Haustier .",
        "metadata": {
            "corpus": "MERLIN_DE",
            "author": {
                "author_ID": "1091_0000243",
                "L1": "not reported",
                "age": "28",
                "gender": "female"
            },
            "CEFR": {
                "overall_fairRating": "A2",
                "test_level": "A2"
            },
            "task": {
                "formality": "informal",
                "text_type": "email",
                "topic": "ask friend to take care of pet"
            }
        },
        "NP_info": {
            "len_np": 2,
            "coordination": null
        },
        "HEAD_info": {
            "head": {
                "H_TOK1": {
                    "word_type": "V",
                    "word_form": "mitbringe",
                    "lemma": "mitbringen",
                    "POS_STTS": "VVFIN",
                    "index": "5",
                    "dep_rel": "root",
                    "head_index": "0",
                    "parser_morph_features": "3|Sg|Pres|Subj"
                }
            },
            "super_head": {}
        },
        "POST_info": {},
        "TOK_info": {
            "TOK1": {
                "word_type": "ART",
                "word_form": "meine",
                "lemma": "meine",
                "POS_STTS": "PPOSAT",
                "index": "6",
                "dep_rel": "det",
                "head_index": "7",
                "parser_morph_features": "Neut|Acc|Sg",
                "possible_morph_features": []
            },
            "TOK2": {
                "word_type": "N",
                "word_form": "Haustier",
                "lemma": "Haustier",
                "POS_STTS": "NN",
                "index": "7",
                "dep_rel": "obja",
                "head_index": "5",
                "parser_morph_features": "Neut|Acc|Sg",
                "possible_morph_features": []
            }
        },
        "relations": {
            "rel_1": {
                "rel_type": "must_agree",
                "involved": [
                    "TOK2",
                    "TOK1"
                ],
                "ruler": "TOK2",
                "possible_agreement": null
            }
        }
    },
    {
        "file_ID": "1091_0000243",
        "sent_NP_ID": "4_10",
        "sentence": "Meine Eltren und bin ich in montag fahren in Indien .",
        "metadata": {
            "corpus": "MERLIN_DE",
            "author": {
                "author_ID": "1091_0000243",
                "L1": "not reported",
                "age": "28",
                "gender": "female"
            },
            "CEFR": {
                "overall_fairRating": "A2",
                "test_level": "A2"
            },
            "task": {
                "formality": "informal",
                "text_type": "email",
                "topic": "ask friend to take care of pet"
            }
        },
        "NP_info": {
            "len_np": 2,
            "coordination": null
        },
        "HEAD_info": {
            "head": {},
            "super_head": {}
        },
        "POST_info": {},
        "TOK_info": {
            "TOK1": {
                "word_type": "ART",
                "word_form": "Meine",
                "lemma": "meine",
                "POS_STTS": "PPOSAT",
                "index": "1",
                "dep_rel": "det",
                "head_index": "2",
                "parser_morph_features": "_|_|_",
                "possible_morph_features": []
            },
            "TOK2": {
                "word_type": "N",
                "word_form": "Eltren",
                "lemma": "Eltren",
                "POS_STTS": "NN",
                "index": "2",
                "dep_rel": "root",
                "head_index": "0",
                "parser_morph_features": "_|_|_",
                "possible_morph_features": []
            }
        },
        "relations": {
            "rel_1": {
                "rel_type": "must_agree",
                "involved": [
                    "TOK2",
                    "TOK1"
                ],
                "ruler": "TOK2",
                "possible_agreement": null
            }
        }
    },
    {
        "file_ID": "1091_0000243",
        "sent_NP_ID": "4_11",
        "sentence": "Meine Eltren und bin ich in montag fahren in Indien .",
        "metadata": {
            "corpus": "MERLIN_DE",
            "author": {
                "author_ID": "1091_0000243",
                "L1": "not reported",
                "age": "28",
                "gender": "female"
            },
            "CEFR": {
                "overall_fairRating": "A2",
                "test_level": "A2"
            },
            "task": {
                "formality": "informal",
                "text_type": "email",
                "topic": "ask friend to take care of pet"
            }
        },
        "NP_info": {
            "len_np": 1,
            "coordination": null
        },
        "HEAD_info": {
            "head": {
                "H_TOK1": {
                    "word_type": "PREP",
                    "word_form": "in",
                    "lemma": "in",
                    "POS_STTS": "APPR",
                    "index": "6",
                    "dep_rel": "pp",
                    "head_index": "8",
                    "parser_morph_features": "_"
                }
            },
            "super_head": {
                "SH_TOK1": {
                    "word_type": "V",
                    "word_form": "fahren",
                    "lemma": "fahren",
                    "POS_STTS": "VVINF",
                    "index": "8",
                    "dep_rel": "root",
                    "head_index": "0",
                    "parser_morph_features": "_"
                }
            }
        },
        "POST_info": {},
        "TOK_info": {
            "TOK1": {
                "word_type": "N",
                "word_form": "montag",
                "lemma": "montag",
                "POS_STTS": "NN",
                "index": "7",
                "dep_rel": "pn",
                "head_index": "6",
                "parser_morph_features": "_|_|_",
                "possible_morph_features": []
            }
        },
        "relations": {}
    },
    {
        "file_ID": "1091_0000243",
        "sent_NP_ID": "4_12",
        "sentence": "Meine Eltren und bin ich in montag fahren in Indien .",
        "metadata": {
            "corpus": "MERLIN_DE",
            "author": {
                "author_ID": "1091_0000243",
                "L1": "not reported",
                "age": "28",
                "gender": "female"
            },
            "CEFR": {
                "overall_fairRating": "A2",
                "test_level": "A2"
            },
            "task": {
                "formality": "informal",
                "text_type": "email",
                "topic": "ask friend to take care of pet"
            }
        },
        "NP_info": {
            "len_np": 1,
            "coordination": null
        },
        "HEAD_info": {
            "head": {
                "H_TOK1": {
                    "word_type": "PREP",
                    "word_form": "in",
                    "lemma": "in",
                    "POS_STTS": "APPR",
                    "index": "9",
                    "dep_rel": "pp",
                    "head_index": "8",
                    "parser_morph_features": "_"
                }
            },
            "super_head": {
                "SH_TOK1": {
                    "word_type": "V",
                    "word_form": "fahren",
                    "lemma": "fahren",
                    "POS_STTS": "VVINF",
                    "index": "8",
                    "dep_rel": "root",
                    "head_index": "0",
                    "parser_morph_features": "_"
                }
            }
        },
        "POST_info": {},
        "TOK_info": {
            "TOK1": {
                "word_type": "N",
                "word_form": "Indien",
                "lemma": "Indien",
                "POS_STTS": "NE",
                "index": "10",
                "dep_rel": "pn",
                "head_index": "9",
                "parser_morph_features": "Neut|_|Sg",
                "possible_morph_features": []
            }
        },
        "relations": {}
    },
    {
        "file_ID": "1091_0000243",
        "sent_NP_ID": "5_13",
        "sentence": "ein Hund und eine Katz nimmst du ein paar Tage deine Haus .",
        "metadata": {
            "corpus": "MERLIN_DE",
            "author": {
                "author_ID": "1091_0000243",
                "L1": "not reported",
                "age": "28",
                "gender": "female"
            },
            "CEFR": {
                "overall_fairRating": "A2",
                "test_level": "A2"
            },
            "task": {
                "formality": "informal",
                "text_type": "email",
                "topic": "ask friend to take care of pet"
            }
        },
        "NP_info": {
            "len_np": 1,
            "coordination": [
                "5_13",
                "5_14"
            ]
        },
        "HEAD_info": {
            "head": {
                "H_TOK1": {
                    "word_type": "V",
                    "word_form": "nimmst",
                    "lemma": "nehmen",
                    "POS_STTS": "VVFIN",
                    "index": "6",
                    "dep_rel": "root",
                    "head_index": "0",
                    "parser_morph_features": "2|Sg|Pres|Ind"
                }
            },
            "super_head": {}
        },
        "POST_info": {},
        "TOK_info": {
            "TOK1": {
                "word_type": "N",
                "word_form": "Hund",
                "lemma": "Hund",
                "POS_STTS": "NN",
                "index": "2",
                "dep_rel": "obja",
                "head_index": "6",
                "parser_morph_features": "Masc|Acc|Sg",
                "possible_morph_features": []
            }
        },
        "relations": {}
    },
    {
        "file_ID": "1091_0000243",
        "sent_NP_ID": "5_14",
        "sentence": "ein Hund und eine Katz nimmst du ein paar Tage deine Haus .",
        "metadata": {
            "corpus": "MERLIN_DE",
            "author": {
                "author_ID": "1091_0000243",
                "L1": "not reported",
                "age": "28",
                "gender": "female"
            },
            "CEFR": {
                "overall_fairRating": "A2",
                "test_level": "A2"
            },
            "task": {
                "formality": "informal",
                "text_type": "email",
                "topic": "ask friend to take care of pet"
            }
        },
        "NP_info": {
            "len_np": 2,
            "coordination": [
                "5_13",
                "5_14"
            ]
        },
        "HEAD_info": {
            "head": {
                "H_TOK1": {
                    "word_type": "KON",
                    "word_form": "und",
                    "lemma": "und",
                    "POS_STTS": "KON",
                    "index": "3",
                    "dep_rel": "kon",
                    "head_index": "2",
                    "parser_morph_features": "_"
                }
            },
            "super_head": {
                "SH_TOK1": {
                    "word_type": "N",
                    "word_form": "Hund",
                    "lemma": "Hund",
                    "POS_STTS": "NN",
                    "index": "2",
                    "dep_rel": "obja",
                    "head_index": "6",
                    "parser_morph_features": "Masc|Acc|Sg"
                }
            }
        },
        "POST_info": {},
        "TOK_info": {
            "TOK1": {
                "word_type": "ART",
                "word_form": "eine",
                "lemma": "eine",
                "POS_STTS": "ART",
                "index": "4",
                "dep_rel": "det",
                "head_index": "5",
                "parser_morph_features": "Indef|Fem|Acc|Sg",
                "possible_morph_features": []
            },
            "TOK2": {
                "word_type": "N",
                "word_form": "Katz",
                "lemma": "Katz",
                "POS_STTS": "NN",
                "index": "5",
                "dep_rel": "cj",
                "head_index": "3",
                "parser_morph_features": "Fem|Acc|Sg",
                "possible_morph_features": []
            }
        },
        "relations": {
            "rel_1": {
                "rel_type": "must_agree",
                "involved": [
                    "TOK2",
                    "TOK1"
                ],
                "ruler": "TOK2",
                "possible_agreement": null
            }
        }
    },
    {
        "file_ID": "1091_0000243",
        "sent_NP_ID": "5_15",
        "sentence": "ein Hund und eine Katz nimmst du ein paar Tage deine Haus .",
        "metadata": {
            "corpus": "MERLIN_DE",
            "author": {
                "author_ID": "1091_0000243",
                "L1": "not reported",
                "age": "28",
                "gender": "female"
            },
            "CEFR": {
                "overall_fairRating": "A2",
                "test_level": "A2"
            },
            "task": {
                "formality": "informal",
                "text_type": "email",
                "topic": "ask friend to take care of pet"
            }
        },
        "NP_info": {
            "len_np": 3,
            "coordination": null
        },
        "HEAD_info": {
            "head": {
                "H_TOK1": {
                    "word_type": "V",
                    "word_form": "nimmst",
                    "lemma": "nehmen",
                    "POS_STTS": "VVFIN",
                    "index": "6",
                    "dep_rel": "root",
                    "head_index": "0",
                    "parser_morph_features": "2|Sg|Pres|Ind"
                }
            },
            "super_head": {}
        },
        "POST_info": {},
        "TOK_info": {
            "TOK1": {
                "word_type": "ART",
                "word_form": "ein",
                "lemma": "eine",
                "POS_STTS": "ART",
                "index": "8",
                "dep_rel": "det",
                "head_index": "10",
                "parser_morph_features": "Indef|_|_|Sg",
                "possible_morph_features": []
            },
            "TOK2": {
                "word_type": "ART",
                "word_form": "paar",
                "lemma": "paar",
                "POS_STTS": "PIDAT",
                "index": "9",
                "dep_rel": "attr",
                "head_index": "10",
                "parser_morph_features": "Masc|Acc|Pl",
                "possible_morph_features": []
            },
            "TOK3": {
                "word_type": "N",
                "word_form": "Tage",
                "lemma": "Tag",
                "POS_STTS": "NN",
                "index": "10",
                "dep_rel": "zeit",
                "head_index": "6",
                "parser_morph_features": "Masc|Acc|Pl",
                "possible_morph_features": []
            }
        },
        "relations": {
            "rel_1": {
                "rel_type": "must_agree",
                "involved": [
                    "TOK1",
                    "TOK2"
                ],
                "ruler": null,
                "possible_agreement": null
            },
            "rel_2": {
                "rel_type": "must_agree",
                "involved": [
                    "TOK3",
                    "TOK1"
                ],
                "ruler": "TOK3",
                "possible_agreement": null
            },
            "rel_3": {
                "rel_type": "must_agree",
                "involved": [
                    "TOK3",
                    "TOK2"
                ],
                "ruler": "TOK3",
                "possible_agreement": null
            }
        }
    },
    {
        "file_ID": "1091_0000243",
        "sent_NP_ID": "5_16",
        "sentence": "ein Hund und eine Katz nimmst du ein paar Tage deine Haus .",
        "metadata": {
            "corpus": "MERLIN_DE",
            "author": {
                "author_ID": "1091_0000243",
                "L1": "not reported",
                "age": "28",
                "gender": "female"
            },
            "CEFR": {
                "overall_fairRating": "A2",
                "test_level": "A2"
            },
            "task": {
                "formality": "informal",
                "text_type": "email",
                "topic": "ask friend to take care of pet"
            }
        },
        "NP_info": {
            "len_np": 2,
            "coordination": null
        },
        "HEAD_info": {
            "head": {},
            "super_head": {}
        },
        "POST_info": {},
        "TOK_info": {
            "TOK1": {
                "word_type": "ART",
                "word_form": "deine",
                "lemma": "deine",
                "POS_STTS": "PPOSAT",
                "index": "11",
                "dep_rel": "det",
                "head_index": "12",
                "parser_morph_features": "Neut|_|Sg",
                "possible_morph_features": []
            },
            "TOK2": {
                "word_type": "N",
                "word_form": "Haus",
                "lemma": "Haus",
                "POS_STTS": "NN",
                "index": "12",
                "dep_rel": "root",
                "head_index": "0",
                "parser_morph_features": "Neut|_|Sg",
                "possible_morph_features": []
            }
        },
        "relations": {
            "rel_1": {
                "rel_type": "must_agree",
                "involved": [
                    "TOK2",
                    "TOK1"
                ],
                "ruler": "TOK2",
                "possible_agreement": null
            }
        }
    },
    {
        "file_ID": "1091_0000243",
        "sent_NP_ID": "6_17",
        "sentence": "Vielen Dank Katharina .",
        "metadata": {
            "corpus": "MERLIN_DE",
            "author": {
                "author_ID": "1091_0000243",
                "L1": "not reported",
                "age": "28",
                "gender": "female"
            },
            "CEFR": {
                "overall_fairRating": "A2",
                "test_level": "A2"
            },
            "task": {
                "formality": "informal",
                "text_type": "email",
                "topic": "ask friend to take care of pet"
            }
        },
        "NP_info": {
            "len_np": 2,
            "coordination": null
        },
        "HEAD_info": {
            "head": {},
            "super_head": {}
        },
        "POST_info": {
            "P_TOK1": {
                "word_type": "N",
                "word_form": "Katharina",
                "lemma": "Katharina",
                "POS_STTS": "NE",
                "index": "3",
                "dep_rel": "app",
                "head_index": "2",
                "parser_morph_features": "Masc|_|Sg"
            }
        },
        "TOK_info": {
            "TOK1": {
                "word_type": "ART",
                "word_form": "Vielen",
                "lemma": "viele",
                "POS_STTS": "PIDAT",
                "index": "1",
                "dep_rel": "det",
                "head_index": "2",
                "parser_morph_features": "Masc|_|Sg",
                "possible_morph_features": []
            },
            "TOK2": {
                "word_type": "N",
                "word_form": "Dank",
                "lemma": "Dank",
                "POS_STTS": "NN",
                "index": "2",
                "dep_rel": "root",
                "head_index": "0",
                "parser_morph_features": "Masc|_|Sg",
                "possible_morph_features": []
            }
        },
        "relations": {
            "rel_1": {
                "rel_type": "must_agree",
                "involved": [
                    "TOK2",
                    "TOK1"
                ],
                "ruler": "TOK2",
                "possible_agreement": null
            }
        }
    },
    {
        "file_ID": "1091_0000243",
        "sent_NP_ID": "6_18",
        "sentence": "Vielen Dank Katharina .",
        "metadata": {
            "corpus": "MERLIN_DE",
            "author": {
                "author_ID": "1091_0000243",
                "L1": "not reported",
                "age": "28",
                "gender": "female"
            },
            "CEFR": {
                "overall_fairRating": "A2",
                "test_level": "A2"
            },
            "task": {
                "formality": "informal",
                "text_type": "email",
                "topic": "ask friend to take care of pet"
            }
        },
        "NP_info": {
            "len_np": 1,
            "coordination": null
        },
        "HEAD_info": {
            "head": {
                "H_TOK1": {
                    "word_type": "N",
                    "word_form": "Dank",
                    "lemma": "Dank",
                    "POS_STTS": "NN",
                    "index": "2",
                    "dep_rel": "root",
                    "head_index": "0",
                    "parser_morph_features": "Masc|_|Sg"
                }
            },
            "super_head": {}
        },
        "POST_info": {},
        "TOK_info": {
            "TOK1": {
                "word_type": "N",
                "word_form": "Katharina",
                "lemma": "Katharina",
                "POS_STTS": "NE",
                "index": "3",
                "dep_rel": "app",
                "head_index": "2",
                "parser_morph_features": "Masc|_|Sg",
                "possible_morph_features": []
            }
        },
        "relations": {}
    },
    {
        "file_ID": "1091_0000243",
        "sent_NP_ID": "7_19",
        "sentence": "Bis bald Alles Liebe deine Julia",
        "metadata": {
            "corpus": "MERLIN_DE",
            "author": {
                "author_ID": "1091_0000243",
                "L1": "not reported",
                "age": "28",
                "gender": "female"
            },
            "CEFR": {
                "overall_fairRating": "A2",
                "test_level": "A2"
            },
            "task": {
                "formality": "informal",
                "text_type": "email",
                "topic": "ask friend to take care of pet"
            }
        },
        "NP_info": {
            "len_np": 2,
            "coordination": null
        },
        "HEAD_info": {
            "head": {
                "H_TOK1": {
                    "word_type": "PREP",
                    "word_form": "Bis",
                    "lemma": "bis",
                    "POS_STTS": "APPR",
                    "index": "1",
                    "dep_rel": "pp",
                    "head_index": "6",
                    "parser_morph_features": "Acc"
                }
            },
            "super_head": {
                "SH_TOK1": {
                    "word_type": "N",
                    "word_form": "Julia",
                    "lemma": "Julia",
                    "POS_STTS": "NN",
                    "index": "6",
                    "dep_rel": "root",
                    "head_index": "0",
                    "parser_morph_features": "Fem|_|Sg"
                }
            }
        },
        "POST_info": {},
        "TOK_info": {
            "TOK1": {
                "word_type": "ART",
                "word_form": "Alles",
                "lemma": "alle",
                "POS_STTS": "PIDAT",
                "index": "3",
                "dep_rel": "det",
                "head_index": "4",
                "parser_morph_features": "Neut|Acc|Sg",
                "possible_morph_features": []
            },
            "TOK2": {
                "word_type": "N",
                "word_form": "Liebe",
                "lemma": "Liebe",
                "POS_STTS": "NN",
                "index": "4",
                "dep_rel": "pn",
                "head_index": "1",
                "parser_morph_features": "Neut|Acc|Sg",
                "possible_morph_features": []
            }
        },
        "relations": {
            "rel_1": {
                "rel_type": "must_agree",
                "involved": [
                    "TOK2",
                    "TOK1"
                ],
                "ruler": "TOK2",
                "possible_agreement": null
            }
        }
    },
    {
        "file_ID": "1091_0000243",
        "sent_NP_ID": "7_20",
        "sentence": "Bis bald Alles Liebe deine Julia",
        "metadata": {
            "corpus": "MERLIN_DE",
            "author": {
                "author_ID": "1091_0000243",
                "L1": "not reported",
                "age": "28",
                "gender": "female"
            },
            "CEFR": {
                "overall_fairRating": "A2",
                "test_level": "A2"
            },
            "task": {
                "formality": "informal",
                "text_type": "email",
                "topic": "ask friend to take care of pet"
            }
        },
        "NP_info": {
            "len_np": 3,
            "coordination": null
        },
        "HEAD_info": {
            "head": {},
            "super_head": {}
        },
        "POST_info": {},
        "TOK_info": {
            "TOK1": {
                "word_type": "PREP",
                "word_form": "Bis",
                "lemma": "bis",
                "POS_STTS": "APPR",
                "index": "1",
                "dep_rel": "pp",
                "head_index": "6",
                "parser_morph_features": "Acc",
                "possible_morph_features": []
            },
            "TOK2": {
                "word_type": "ART",
                "word_form": "deine",
                "lemma": "deine",
                "POS_STTS": "PPOSAT",
                "index": "5",
                "dep_rel": "det",
                "head_index": "6",
                "parser_morph_features": "Fem|_|Sg",
                "possible_morph_features": []
            },
            "TOK3": {
                "word_type": "N",
                "word_form": "Julia",
                "lemma": "Julia",
                "POS_STTS": "NN",
                "index": "6",
                "dep_rel": "root",
                "head_index": "0",
                "parser_morph_features": "Fem|_|Sg",
                "possible_morph_features": []
            }
        },
        "relations": {
            "rel_1": {
                "rel_type": "must_agree",
                "involved": [
                    "TOK3",
                    "TOK2"
                ],
                "ruler": "TOK3",
                "possible_agreement": null
            }
        }
    }
]