[
    {
        "file_ID": "1091_0000023",
        "sent_NP_ID": "1_1",
        "sentence": "Hallo Jula Ich wollte nach Berlin mit dir farchren , wie wir haben damals gesprochen um 3 Januar aber weil bin ich krang gewisen deschalb du muß allein fahren mit dem zug Tobias",
        "metadata": {
            "corpus": "MERLIN_DE",
            "author": {
                "author_ID": "1091_0000023",
                "L1": "Polish",
                "age": "53",
                "gender": "male"
            },
            "CEFR": {
                "overall_fairRating": "A2",
                "test_level": "A2"
            },
            "task": {
                "formality": "informal",
                "text_type": "not specified",
                "topic": "offer a ticket not used to a friend"
            }
        },
        "NP_info": {
            "len_np": 1,
            "coordination": null
        },
        "HEAD_info": {
            "head": {},
            "super_head": {}
        },
        "POST_info": {},
        "TOK_info": {
            "TOK1": {
                "word_type": "N",
                "word_form": "Jula",
                "lemma": "Jula",
                "POS_STTS": "NE",
                "index": "2",
                "dep_rel": "root",
                "head_index": "0",
                "parser_morph_features": "_",
                "possible_morph_features": []
            }
        },
        "relations": {}
    },
    {
        "file_ID": "1091_0000023",
        "sent_NP_ID": "1_2",
        "sentence": "Hallo Jula Ich wollte nach Berlin mit dir farchren , wie wir haben damals gesprochen um 3 Januar aber weil bin ich krang gewisen deschalb du muß allein fahren mit dem zug Tobias",
        "metadata": {
            "corpus": "MERLIN_DE",
            "author": {
                "author_ID": "1091_0000023",
                "L1": "Polish",
                "age": "53",
                "gender": "male"
            },
            "CEFR": {
                "overall_fairRating": "A2",
                "test_level": "A2"
            },
            "task": {
                "formality": "informal",
                "text_type": "not specified",
                "topic": "offer a ticket not used to a friend"
            }
        },
        "NP_info": {
            "len_np": 1,
            "coordination": null
        },
        "HEAD_info": {
            "head": {
                "H_TOK1": {
                    "word_type": "PREP",
                    "word_form": "nach",
                    "lemma": "nach",
                    "POS_STTS": "APPR",
                    "index": "5",
                    "dep_rel": "pp",
                    "head_index": "9",
                    "parser_morph_features": "Dat"
                }
            },
            "super_head": {
                "SH_TOK1": {
                    "word_type": "V",
                    "word_form": "farchren",
                    "lemma": "farchren",
                    "POS_STTS": "VVINF",
                    "index": "9",
                    "dep_rel": "aux",
                    "head_index": "4",
                    "parser_morph_features": "_"
                }
            }
        },
        "POST_info": {},
        "TOK_info": {
            "TOK1": {
                "word_type": "N",
                "word_form": "Berlin",
                "lemma": "Berlin",
                "POS_STTS": "NE",
                "index": "6",
                "dep_rel": "pn",
                "head_index": "5",
                "parser_morph_features": "_|Dat|Sg",
                "possible_morph_features": []
            }
        },
        "relations": {}
    },
    {
        "file_ID": "1091_0000023",
        "sent_NP_ID": "1_3",
        "sentence": "Hallo Jula Ich wollte nach Berlin mit dir farchren , wie wir haben damals gesprochen um 3 Januar aber weil bin ich krang gewisen deschalb du muß allein fahren mit dem zug Tobias",
        "metadata": {
            "corpus": "MERLIN_DE",
            "author": {
                "author_ID": "1091_0000023",
                "L1": "Polish",
                "age": "53",
                "gender": "male"
            },
            "CEFR": {
                "overall_fairRating": "A2",
                "test_level": "A2"
            },
            "task": {
                "formality": "informal",
                "text_type": "not specified",
                "topic": "offer a ticket not used to a friend"
            }
        },
        "NP_info": {
            "len_np": 1,
            "coordination": null
        },
        "HEAD_info": {
            "head": {
                "H_TOK1": {
                    "word_type": "ADV",
                    "word_form": "aber",
                    "lemma": "aber",
                    "POS_STTS": "ADV",
                    "index": "19",
                    "dep_rel": "adv",
                    "head_index": "20",
                    "parser_morph_features": "_"
                }
            },
            "super_head": {
                "SH_TOK1": {
                    "word_type": "ADV",
                    "word_form": "weil",
                    "lemma": "weil",
                    "POS_STTS": "ADV",
                    "index": "20",
                    "dep_rel": "adv",
                    "head_index": "21",
                    "parser_morph_features": "_"
                }
            }
        },
        "POST_info": {},
        "TOK_info": {
            "TOK1": {
                "word_type": "N",
                "word_form": "Januar",
                "lemma": "Januar",
                "POS_STTS": "NN",
                "index": "18",
                "dep_rel": "grad",
                "head_index": "19",
                "parser_morph_features": "Masc|Acc|Sg",
                "possible_morph_features": []
            }
        },
        "relations": {}
    },
    {
        "file_ID": "1091_0000023",
        "sent_NP_ID": "1_4",
        "sentence": "Hallo Jula Ich wollte nach Berlin mit dir farchren , wie wir haben damals gesprochen um 3 Januar aber weil bin ich krang gewisen deschalb du muß allein fahren mit dem zug Tobias",
        "metadata": {
            "corpus": "MERLIN_DE",
            "author": {
                "author_ID": "1091_0000023",
                "L1": "Polish",
                "age": "53",
                "gender": "male"
            },
            "CEFR": {
                "overall_fairRating": "A2",
                "test_level": "A2"
            },
            "task": {
                "formality": "informal",
                "text_type": "not specified",
                "topic": "offer a ticket not used to a friend"
            }
        },
        "NP_info": {
            "len_np": 2,
            "coordination": null
        },
        "HEAD_info": {
            "head": {
                "H_TOK1": {
                    "word_type": "PREP",
                    "word_form": "mit",
                    "lemma": "mit",
                    "POS_STTS": "APPR",
                    "index": "30",
                    "dep_rel": "pp",
                    "head_index": "29",
                    "parser_morph_features": "Dat"
                }
            },
            "super_head": {
                "SH_TOK1": {
                    "word_type": "V",
                    "word_form": "fahren",
                    "lemma": "fahren",
                    "POS_STTS": "VVINF",
                    "index": "29",
                    "dep_rel": "aux",
                    "head_index": "27",
                    "parser_morph_features": "_"
                }
            }
        },
        "POST_info": {
            "P_TOK1": {
                "word_type": "N",
                "word_form": "Tobias",
                "lemma": "Tobias",
                "POS_STTS": "NE",
                "index": "33",
                "dep_rel": "app",
                "head_index": "32",
                "parser_morph_features": "Masc|Dat|Sg"
            }
        },
        "TOK_info": {
            "TOK1": {
                "word_type": "ART",
                "word_form": "dem",
                "lemma": "die",
                "POS_STTS": "ART",
                "index": "31",
                "dep_rel": "det",
                "head_index": "32",
                "parser_morph_features": "Def|_|Dat|Sg",
                "possible_morph_features": []
            },
            "TOK2": {
                "word_type": "N",
                "word_form": "zug",
                "lemma": "zug",
                "POS_STTS": "NN",
                "index": "32",
                "dep_rel": "pn",
                "head_index": "30",
                "parser_morph_features": "_|Dat|Sg",
                "possible_morph_features": []
            }
        },
        "relations": {
            "rel_1": {
                "rel_type": "must_agree",
                "involved": [
                    "TOK2",
                    "TOK1"
                ],
                "ruler": "TOK2",
                "possible_agreement": null
            }
        }
    },
    {
        "file_ID": "1091_0000023",
        "sent_NP_ID": "1_5",
        "sentence": "Hallo Jula Ich wollte nach Berlin mit dir farchren , wie wir haben damals gesprochen um 3 Januar aber weil bin ich krang gewisen deschalb du muß allein fahren mit dem zug Tobias",
        "metadata": {
            "corpus": "MERLIN_DE",
            "author": {
                "author_ID": "1091_0000023",
                "L1": "Polish",
                "age": "53",
                "gender": "male"
            },
            "CEFR": {
                "overall_fairRating": "A2",
                "test_level": "A2"
            },
            "task": {
                "formality": "informal",
                "text_type": "not specified",
                "topic": "offer a ticket not used to a friend"
            }
        },
        "NP_info": {
            "len_np": 1,
            "coordination": null
        },
        "HEAD_info": {
            "head": {
                "H_TOK1": {
                    "word_type": "N",
                    "word_form": "zug",
                    "lemma": "zug",
                    "POS_STTS": "NN",
                    "index": "32",
                    "dep_rel": "pn",
                    "head_index": "30",
                    "parser_morph_features": "_|Dat|Sg"
                }
            },
            "super_head": {
                "SH_TOK1": {
                    "word_type": "PREP",
                    "word_form": "mit",
                    "lemma": "mit",
                    "POS_STTS": "APPR",
                    "index": "30",
                    "dep_rel": "pp",
                    "head_index": "29",
                    "parser_morph_features": "Dat"
                }
            }
        },
        "POST_info": {},
        "TOK_info": {
            "TOK1": {
                "word_type": "N",
                "word_form": "Tobias",
                "lemma": "Tobias",
                "POS_STTS": "NE",
                "index": "33",
                "dep_rel": "app",
                "head_index": "32",
                "parser_morph_features": "Masc|Dat|Sg",
                "possible_morph_features": []
            }
        },
        "relations": {}
    }
]