[
    {
        "file_ID": "1091_0000249",
        "sent_NP_ID": "1_1",
        "sentence": "Liebe Julia , 13.03.2012 Letzte monad habe ich ein plan gemacht nach Polen fahren , und habe ich mein ticket schon gekauft .",
        "metadata": {
            "corpus": "MERLIN_DE",
            "author": {
                "author_ID": "1091_0000249",
                "L1": "Turkish",
                "age": "43",
                "gender": "male"
            },
            "CEFR": {
                "overall_fairRating": "B1",
                "test_level": "A2"
            },
            "task": {
                "formality": "informal",
                "text_type": "not specified",
                "topic": "offer a ticket not used to a friend"
            }
        },
        "NP_info": {
            "len_np": 1,
            "coordination": null
        },
        "HEAD_info": {
            "head": {
                "H_TOK1": {
                    "word_type": "V",
                    "word_form": "habe",
                    "lemma": "haben",
                    "POS_STTS": "VAFIN",
                    "index": "7",
                    "dep_rel": "root",
                    "head_index": "0",
                    "parser_morph_features": "1|Sg|Pres|_"
                }
            },
            "super_head": {}
        },
        "POST_info": {
            "P_TOK1": {
                "word_type": "N",
                "word_form": "Julia",
                "lemma": "Julia",
                "POS_STTS": "NE",
                "index": "2",
                "dep_rel": "app",
                "head_index": "1",
                "parser_morph_features": "Fem|_|Sg"
            }
        },
        "TOK_info": {
            "TOK1": {
                "word_type": "N",
                "word_form": "Liebe",
                "lemma": "Liebe",
                "POS_STTS": "NN",
                "index": "1",
                "dep_rel": "vok",
                "head_index": "7",
                "parser_morph_features": "_|_|_",
                "possible_morph_features": []
            }
        },
        "relations": {}
    },
    {
        "file_ID": "1091_0000249",
        "sent_NP_ID": "1_2",
        "sentence": "Liebe Julia , 13.03.2012 Letzte monad habe ich ein plan gemacht nach Polen fahren , und habe ich mein ticket schon gekauft .",
        "metadata": {
            "corpus": "MERLIN_DE",
            "author": {
                "author_ID": "1091_0000249",
                "L1": "Turkish",
                "age": "43",
                "gender": "male"
            },
            "CEFR": {
                "overall_fairRating": "B1",
                "test_level": "A2"
            },
            "task": {
                "formality": "informal",
                "text_type": "not specified",
                "topic": "offer a ticket not used to a friend"
            }
        },
        "NP_info": {
            "len_np": 1,
            "coordination": null
        },
        "HEAD_info": {
            "head": {
                "H_TOK1": {
                    "word_type": "N",
                    "word_form": "Liebe",
                    "lemma": "Liebe",
                    "POS_STTS": "NN",
                    "index": "1",
                    "dep_rel": "vok",
                    "head_index": "7",
                    "parser_morph_features": "_|_|_"
                }
            },
            "super_head": {
                "SH_TOK1": {
                    "word_type": "V",
                    "word_form": "habe",
                    "lemma": "haben",
                    "POS_STTS": "VAFIN",
                    "index": "7",
                    "dep_rel": "root",
                    "head_index": "0",
                    "parser_morph_features": "1|Sg|Pres|_"
                }
            }
        },
        "POST_info": {},
        "TOK_info": {
            "TOK1": {
                "word_type": "N",
                "word_form": "Julia",
                "lemma": "Julia",
                "POS_STTS": "NE",
                "index": "2",
                "dep_rel": "app",
                "head_index": "1",
                "parser_morph_features": "Fem|_|Sg",
                "possible_morph_features": []
            }
        },
        "relations": {}
    },
    {
        "file_ID": "1091_0000249",
        "sent_NP_ID": "1_3",
        "sentence": "Liebe Julia , 13.03.2012 Letzte monad habe ich ein plan gemacht nach Polen fahren , und habe ich mein ticket schon gekauft .",
        "metadata": {
            "corpus": "MERLIN_DE",
            "author": {
                "author_ID": "1091_0000249",
                "L1": "Turkish",
                "age": "43",
                "gender": "male"
            },
            "CEFR": {
                "overall_fairRating": "B1",
                "test_level": "A2"
            },
            "task": {
                "formality": "informal",
                "text_type": "not specified",
                "topic": "offer a ticket not used to a friend"
            }
        },
        "NP_info": {
            "len_np": 2,
            "coordination": null
        },
        "HEAD_info": {
            "head": {
                "H_TOK1": {
                    "word_type": "V",
                    "word_form": "monad",
                    "lemma": "monad",
                    "POS_STTS": "VVPP",
                    "index": "6",
                    "dep_rel": "aux",
                    "head_index": "7",
                    "parser_morph_features": "_"
                }
            },
            "super_head": {
                "SH_TOK1": {
                    "word_type": "V",
                    "word_form": "habe",
                    "lemma": "haben",
                    "POS_STTS": "VAFIN",
                    "index": "7",
                    "dep_rel": "root",
                    "head_index": "0",
                    "parser_morph_features": "1|Sg|Pres|_"
                }
            }
        },
        "POST_info": {},
        "TOK_info": {
            "TOK1": {
                "word_type": "CARD",
                "word_form": "13.03.2012",
                "lemma": "13.03.2012",
                "POS_STTS": "CARD",
                "index": "4",
                "dep_rel": "attr",
                "head_index": "5",
                "parser_morph_features": "_",
                "possible_morph_features": []
            },
            "TOK2": {
                "word_type": "N",
                "word_form": "Letzte",
                "lemma": "Letzte",
                "POS_STTS": "NN",
                "index": "5",
                "dep_rel": "obja",
                "head_index": "6",
                "parser_morph_features": "_|Acc|Pl",
                "possible_morph_features": []
            }
        },
        "relations": {}
    },
    {
        "file_ID": "1091_0000249",
        "sent_NP_ID": "1_4",
        "sentence": "Liebe Julia , 13.03.2012 Letzte monad habe ich ein plan gemacht nach Polen fahren , und habe ich mein ticket schon gekauft .",
        "metadata": {
            "corpus": "MERLIN_DE",
            "author": {
                "author_ID": "1091_0000249",
                "L1": "Turkish",
                "age": "43",
                "gender": "male"
            },
            "CEFR": {
                "overall_fairRating": "B1",
                "test_level": "A2"
            },
            "task": {
                "formality": "informal",
                "text_type": "not specified",
                "topic": "offer a ticket not used to a friend"
            }
        },
        "NP_info": {
            "len_np": 1,
            "coordination": null
        },
        "HEAD_info": {
            "head": {
                "H_TOK1": {
                    "word_type": "PREP",
                    "word_form": "nach",
                    "lemma": "nach",
                    "POS_STTS": "APPR",
                    "index": "12",
                    "dep_rel": "pp",
                    "head_index": "14",
                    "parser_morph_features": "Dat"
                }
            },
            "super_head": {
                "SH_TOK1": {
                    "word_type": "V",
                    "word_form": "fahren",
                    "lemma": "fahren",
                    "POS_STTS": "VVINF",
                    "index": "14",
                    "dep_rel": "root",
                    "head_index": "0",
                    "parser_morph_features": "_"
                }
            }
        },
        "POST_info": {},
        "TOK_info": {
            "TOK1": {
                "word_type": "N",
                "word_form": "Polen",
                "lemma": "Polen",
                "POS_STTS": "NE",
                "index": "13",
                "dep_rel": "pn",
                "head_index": "12",
                "parser_morph_features": "Neut|Dat|Sg",
                "possible_morph_features": []
            }
        },
        "relations": {}
    },
    {
        "file_ID": "1091_0000249",
        "sent_NP_ID": "2_5",
        "sentence": "Das sollte am näechste wochenende , am Samstag um 10.00 aus Stadt X nach Stadt Y.",
        "metadata": {
            "corpus": "MERLIN_DE",
            "author": {
                "author_ID": "1091_0000249",
                "L1": "Turkish",
                "age": "43",
                "gender": "male"
            },
            "CEFR": {
                "overall_fairRating": "B1",
                "test_level": "A2"
            },
            "task": {
                "formality": "informal",
                "text_type": "not specified",
                "topic": "offer a ticket not used to a friend"
            }
        },
        "NP_info": {
            "len_np": 1,
            "coordination": null
        },
        "HEAD_info": {
            "head": {
                "H_TOK1": {
                    "word_type": "PREP",
                    "word_form": "am",
                    "lemma": "an",
                    "POS_STTS": "APPRART",
                    "index": "7",
                    "dep_rel": "kon",
                    "head_index": "3",
                    "parser_morph_features": "Dat"
                }
            },
            "super_head": {
                "SH_TOK1": {
                    "word_type": "PREP",
                    "word_form": "am",
                    "lemma": "an",
                    "POS_STTS": "APPRART",
                    "index": "3",
                    "dep_rel": "pp",
                    "head_index": "2",
                    "parser_morph_features": "Dat"
                }
            }
        },
        "POST_info": {
            "P_TOK1": {
                "word_type": "PREP",
                "word_form": "um",
                "lemma": "um",
                "POS_STTS": "APPR",
                "index": "9",
                "dep_rel": "pp",
                "head_index": "8",
                "parser_morph_features": "_"
            }
        },
        "TOK_info": {
            "TOK1": {
                "word_type": "N",
                "word_form": "Samstag",
                "lemma": "Samstag",
                "POS_STTS": "NN",
                "index": "8",
                "dep_rel": "pn",
                "head_index": "7",
                "parser_morph_features": "_|Dat|Sg",
                "possible_morph_features": []
            }
        },
        "relations": {
            "rel_1": {
                "rel_type": "must_agree",
                "involved": [
                    "TOK1",
                    "H_TOK1"
                ],
                "ruler": "TOK1",
                "possible_agreement": null
            }
        }
    },
    {
        "file_ID": "1091_0000249",
        "sent_NP_ID": "2_6",
        "sentence": "Das sollte am näechste wochenende , am Samstag um 10.00 aus Stadt X nach Stadt Y.",
        "metadata": {
            "corpus": "MERLIN_DE",
            "author": {
                "author_ID": "1091_0000249",
                "L1": "Turkish",
                "age": "43",
                "gender": "male"
            },
            "CEFR": {
                "overall_fairRating": "B1",
                "test_level": "A2"
            },
            "task": {
                "formality": "informal",
                "text_type": "not specified",
                "topic": "offer a ticket not used to a friend"
            }
        },
        "NP_info": {
            "len_np": 1,
            "coordination": null
        },
        "HEAD_info": {
            "head": {
                "H_TOK1": {
                    "word_type": "PREP",
                    "word_form": "aus",
                    "lemma": "aus",
                    "POS_STTS": "APPR",
                    "index": "11",
                    "dep_rel": "pp",
                    "head_index": "10",
                    "parser_morph_features": "Dat"
                }
            },
            "super_head": {
                "SH_TOK1": {
                    "word_type": "CARD",
                    "word_form": "10.00",
                    "lemma": "10.00",
                    "POS_STTS": "CARD",
                    "index": "10",
                    "dep_rel": "attr",
                    "head_index": "16",
                    "parser_morph_features": "_"
                }
            }
        },
        "POST_info": {
            "P_TOK1": {
                "word_type": "N",
                "word_form": "X",
                "lemma": "X",
                "POS_STTS": "NE",
                "index": "13",
                "dep_rel": "app",
                "head_index": "12",
                "parser_morph_features": "Fem|Dat|Sg"
            }
        },
        "TOK_info": {
            "TOK1": {
                "word_type": "N",
                "word_form": "Stadt",
                "lemma": "Stadt",
                "POS_STTS": "NN",
                "index": "12",
                "dep_rel": "pn",
                "head_index": "11",
                "parser_morph_features": "Fem|Dat|Sg",
                "possible_morph_features": []
            }
        },
        "relations": {}
    },
    {
        "file_ID": "1091_0000249",
        "sent_NP_ID": "2_7",
        "sentence": "Das sollte am näechste wochenende , am Samstag um 10.00 aus Stadt X nach Stadt Y.",
        "metadata": {
            "corpus": "MERLIN_DE",
            "author": {
                "author_ID": "1091_0000249",
                "L1": "Turkish",
                "age": "43",
                "gender": "male"
            },
            "CEFR": {
                "overall_fairRating": "B1",
                "test_level": "A2"
            },
            "task": {
                "formality": "informal",
                "text_type": "not specified",
                "topic": "offer a ticket not used to a friend"
            }
        },
        "NP_info": {
            "len_np": 1,
            "coordination": null
        },
        "HEAD_info": {
            "head": {
                "H_TOK1": {
                    "word_type": "N",
                    "word_form": "Stadt",
                    "lemma": "Stadt",
                    "POS_STTS": "NN",
                    "index": "12",
                    "dep_rel": "pn",
                    "head_index": "11",
                    "parser_morph_features": "Fem|Dat|Sg"
                }
            },
            "super_head": {
                "SH_TOK1": {
                    "word_type": "PREP",
                    "word_form": "aus",
                    "lemma": "aus",
                    "POS_STTS": "APPR",
                    "index": "11",
                    "dep_rel": "pp",
                    "head_index": "10",
                    "parser_morph_features": "Dat"
                }
            }
        },
        "POST_info": {},
        "TOK_info": {
            "TOK1": {
                "word_type": "N",
                "word_form": "X",
                "lemma": "X",
                "POS_STTS": "NE",
                "index": "13",
                "dep_rel": "app",
                "head_index": "12",
                "parser_morph_features": "Fem|Dat|Sg",
                "possible_morph_features": []
            }
        },
        "relations": {}
    },
    {
        "file_ID": "1091_0000249",
        "sent_NP_ID": "2_8",
        "sentence": "Das sollte am näechste wochenende , am Samstag um 10.00 aus Stadt X nach Stadt Y.",
        "metadata": {
            "corpus": "MERLIN_DE",
            "author": {
                "author_ID": "1091_0000249",
                "L1": "Turkish",
                "age": "43",
                "gender": "male"
            },
            "CEFR": {
                "overall_fairRating": "B1",
                "test_level": "A2"
            },
            "task": {
                "formality": "informal",
                "text_type": "not specified",
                "topic": "offer a ticket not used to a friend"
            }
        },
        "NP_info": {
            "len_np": 1,
            "coordination": null
        },
        "HEAD_info": {
            "head": {
                "H_TOK1": {
                    "word_type": "PREP",
                    "word_form": "nach",
                    "lemma": "nach",
                    "POS_STTS": "APPR",
                    "index": "14",
                    "dep_rel": "kon",
                    "head_index": "11",
                    "parser_morph_features": "Dat"
                }
            },
            "super_head": {
                "SH_TOK1": {
                    "word_type": "PREP",
                    "word_form": "aus",
                    "lemma": "aus",
                    "POS_STTS": "APPR",
                    "index": "11",
                    "dep_rel": "pp",
                    "head_index": "10",
                    "parser_morph_features": "Dat"
                }
            }
        },
        "POST_info": {},
        "TOK_info": {
            "TOK1": {
                "word_type": "N",
                "word_form": "Stadt",
                "lemma": "Stadt",
                "POS_STTS": "NN",
                "index": "15",
                "dep_rel": "pn",
                "head_index": "14",
                "parser_morph_features": "Fem|Dat|Sg",
                "possible_morph_features": []
            }
        },
        "relations": {}
    },
    {
        "file_ID": "1091_0000249",
        "sent_NP_ID": "2_9",
        "sentence": "Das sollte am näechste wochenende , am Samstag um 10.00 aus Stadt X nach Stadt Y.",
        "metadata": {
            "corpus": "MERLIN_DE",
            "author": {
                "author_ID": "1091_0000249",
                "L1": "Turkish",
                "age": "43",
                "gender": "male"
            },
            "CEFR": {
                "overall_fairRating": "B1",
                "test_level": "A2"
            },
            "task": {
                "formality": "informal",
                "text_type": "not specified",
                "topic": "offer a ticket not used to a friend"
            }
        },
        "NP_info": {
            "len_np": 2,
            "coordination": null
        },
        "HEAD_info": {
            "head": {
                "H_TOK1": {
                    "word_type": "PREP",
                    "word_form": "um",
                    "lemma": "um",
                    "POS_STTS": "APPR",
                    "index": "9",
                    "dep_rel": "pp",
                    "head_index": "8",
                    "parser_morph_features": "_"
                }
            },
            "super_head": {
                "SH_TOK1": {
                    "word_type": "N",
                    "word_form": "Samstag",
                    "lemma": "Samstag",
                    "POS_STTS": "NN",
                    "index": "8",
                    "dep_rel": "pn",
                    "head_index": "7",
                    "parser_morph_features": "_|Dat|Sg"
                }
            }
        },
        "POST_info": {},
        "TOK_info": {
            "TOK1": {
                "word_type": "CARD",
                "word_form": "10.00",
                "lemma": "10.00",
                "POS_STTS": "CARD",
                "index": "10",
                "dep_rel": "attr",
                "head_index": "16",
                "parser_morph_features": "_",
                "possible_morph_features": []
            },
            "TOK2": {
                "word_type": "N",
                "word_form": "Y.",
                "lemma": "Y.",
                "POS_STTS": "NE",
                "index": "16",
                "dep_rel": "pn",
                "head_index": "9",
                "parser_morph_features": "_|_|Pl",
                "possible_morph_features": []
            }
        },
        "relations": {}
    },
    {
        "file_ID": "1091_0000249",
        "sent_NP_ID": "3_10",
        "sentence": "Leider muss ich meine plan zu wecseln weil ich werde sehr beschäftig sein ; werde ich ein termin mit meinem Direktor haben .",
        "metadata": {
            "corpus": "MERLIN_DE",
            "author": {
                "author_ID": "1091_0000249",
                "L1": "Turkish",
                "age": "43",
                "gender": "male"
            },
            "CEFR": {
                "overall_fairRating": "B1",
                "test_level": "A2"
            },
            "task": {
                "formality": "informal",
                "text_type": "not specified",
                "topic": "offer a ticket not used to a friend"
            }
        },
        "NP_info": {
            "len_np": 2,
            "coordination": null
        },
        "HEAD_info": {
            "head": {
                "H_TOK1": {
                    "word_type": "PREP",
                    "word_form": "mit",
                    "lemma": "mit",
                    "POS_STTS": "APPR",
                    "index": "19",
                    "dep_rel": "pp",
                    "head_index": "18",
                    "parser_morph_features": "Dat"
                }
            },
            "super_head": {
                "SH_TOK1": {
                    "word_type": "ADV",
                    "word_form": "termin",
                    "lemma": "termin",
                    "POS_STTS": "ADJD",
                    "index": "18",
                    "dep_rel": "root",
                    "head_index": "0",
                    "parser_morph_features": "Pos|"
                }
            }
        },
        "POST_info": {},
        "TOK_info": {
            "TOK1": {
                "word_type": "ART",
                "word_form": "meinem",
                "lemma": "meine",
                "POS_STTS": "PPOSAT",
                "index": "20",
                "dep_rel": "det",
                "head_index": "21",
                "parser_morph_features": "Masc|Dat|Sg",
                "possible_morph_features": []
            },
            "TOK2": {
                "word_type": "N",
                "word_form": "Direktor",
                "lemma": "Direktor",
                "POS_STTS": "NN",
                "index": "21",
                "dep_rel": "pn",
                "head_index": "19",
                "parser_morph_features": "Masc|Dat|Sg",
                "possible_morph_features": []
            }
        },
        "relations": {
            "rel_1": {
                "rel_type": "must_agree",
                "involved": [
                    "TOK2",
                    "TOK1"
                ],
                "ruler": "TOK2",
                "possible_agreement": null
            }
        }
    },
    {
        "file_ID": "1091_0000249",
        "sent_NP_ID": "4_11",
        "sentence": "Wolltest du mein fahrkarte abholen ?",
        "metadata": {
            "corpus": "MERLIN_DE",
            "author": {
                "author_ID": "1091_0000249",
                "L1": "Turkish",
                "age": "43",
                "gender": "male"
            },
            "CEFR": {
                "overall_fairRating": "B1",
                "test_level": "A2"
            },
            "task": {
                "formality": "informal",
                "text_type": "not specified",
                "topic": "offer a ticket not used to a friend"
            }
        },
        "NP_info": {
            "len_np": 2,
            "coordination": null
        },
        "HEAD_info": {
            "head": {
                "H_TOK1": {
                    "word_type": "V",
                    "word_form": "abholen",
                    "lemma": "abholen",
                    "POS_STTS": "VVINF",
                    "index": "5",
                    "dep_rel": "aux",
                    "head_index": "1",
                    "parser_morph_features": "_"
                }
            },
            "super_head": {
                "SH_TOK1": {
                    "word_type": "V",
                    "word_form": "Wolltest",
                    "lemma": "wollen",
                    "POS_STTS": "VMFIN",
                    "index": "1",
                    "dep_rel": "root",
                    "head_index": "0",
                    "parser_morph_features": "2|Sg|Past|_"
                }
            }
        },
        "POST_info": {},
        "TOK_info": {
            "TOK1": {
                "word_type": "ART",
                "word_form": "mein",
                "lemma": "meine",
                "POS_STTS": "PPOSAT",
                "index": "3",
                "dep_rel": "det",
                "head_index": "4",
                "parser_morph_features": "Neut|Acc|Sg",
                "possible_morph_features": []
            },
            "TOK2": {
                "word_type": "N",
                "word_form": "fahrkarte",
                "lemma": "fahrkarte",
                "POS_STTS": "NN",
                "index": "4",
                "dep_rel": "obja",
                "head_index": "5",
                "parser_morph_features": "Neut|Acc|Sg",
                "possible_morph_features": []
            }
        },
        "relations": {
            "rel_1": {
                "rel_type": "must_agree",
                "involved": [
                    "TOK2",
                    "TOK1"
                ],
                "ruler": "TOK2",
                "possible_agreement": null
            }
        }
    },
    {
        "file_ID": "1091_0000249",
        "sent_NP_ID": "5_12",
        "sentence": "Die Angaben auf das Verkehrsmittel findest du zusätzlich mit email .",
        "metadata": {
            "corpus": "MERLIN_DE",
            "author": {
                "author_ID": "1091_0000249",
                "L1": "Turkish",
                "age": "43",
                "gender": "male"
            },
            "CEFR": {
                "overall_fairRating": "B1",
                "test_level": "A2"
            },
            "task": {
                "formality": "informal",
                "text_type": "not specified",
                "topic": "offer a ticket not used to a friend"
            }
        },
        "NP_info": {
            "len_np": 2,
            "coordination": null
        },
        "HEAD_info": {
            "head": {
                "H_TOK1": {
                    "word_type": "V",
                    "word_form": "findest",
                    "lemma": "finden",
                    "POS_STTS": "VVFIN",
                    "index": "6",
                    "dep_rel": "root",
                    "head_index": "0",
                    "parser_morph_features": "2|Sg|Pres|_"
                }
            },
            "super_head": {}
        },
        "POST_info": {
            "P_TOK1": {
                "word_type": "PREP",
                "word_form": "auf",
                "lemma": "auf",
                "POS_STTS": "APPR",
                "index": "3",
                "dep_rel": "pp",
                "head_index": "2",
                "parser_morph_features": "Acc"
            }
        },
        "TOK_info": {
            "TOK1": {
                "word_type": "ART",
                "word_form": "Die",
                "lemma": "die",
                "POS_STTS": "ART",
                "index": "1",
                "dep_rel": "det",
                "head_index": "2",
                "parser_morph_features": "Def|Fem|Acc|Pl",
                "possible_morph_features": []
            },
            "TOK2": {
                "word_type": "N",
                "word_form": "Angaben",
                "lemma": "Angabe",
                "POS_STTS": "NN",
                "index": "2",
                "dep_rel": "obja",
                "head_index": "6",
                "parser_morph_features": "Fem|Acc|Pl",
                "possible_morph_features": []
            }
        },
        "relations": {
            "rel_1": {
                "rel_type": "must_agree",
                "involved": [
                    "TOK2",
                    "TOK1"
                ],
                "ruler": "TOK2",
                "possible_agreement": null
            }
        }
    },
    {
        "file_ID": "1091_0000249",
        "sent_NP_ID": "5_13",
        "sentence": "Die Angaben auf das Verkehrsmittel findest du zusätzlich mit email .",
        "metadata": {
            "corpus": "MERLIN_DE",
            "author": {
                "author_ID": "1091_0000249",
                "L1": "Turkish",
                "age": "43",
                "gender": "male"
            },
            "CEFR": {
                "overall_fairRating": "B1",
                "test_level": "A2"
            },
            "task": {
                "formality": "informal",
                "text_type": "not specified",
                "topic": "offer a ticket not used to a friend"
            }
        },
        "NP_info": {
            "len_np": 2,
            "coordination": null
        },
        "HEAD_info": {
            "head": {
                "H_TOK1": {
                    "word_type": "PREP",
                    "word_form": "auf",
                    "lemma": "auf",
                    "POS_STTS": "APPR",
                    "index": "3",
                    "dep_rel": "pp",
                    "head_index": "2",
                    "parser_morph_features": "Acc"
                }
            },
            "super_head": {
                "SH_TOK1": {
                    "word_type": "N",
                    "word_form": "Angaben",
                    "lemma": "Angabe",
                    "POS_STTS": "NN",
                    "index": "2",
                    "dep_rel": "obja",
                    "head_index": "6",
                    "parser_morph_features": "Fem|Acc|Pl"
                }
            }
        },
        "POST_info": {},
        "TOK_info": {
            "TOK1": {
                "word_type": "ART",
                "word_form": "das",
                "lemma": "die",
                "POS_STTS": "ART",
                "index": "4",
                "dep_rel": "det",
                "head_index": "5",
                "parser_morph_features": "Def|Neut|Acc|Sg",
                "possible_morph_features": []
            },
            "TOK2": {
                "word_type": "N",
                "word_form": "Verkehrsmittel",
                "lemma": "Verkehrsmittel",
                "POS_STTS": "NN",
                "index": "5",
                "dep_rel": "pn",
                "head_index": "3",
                "parser_morph_features": "Neut|Acc|Sg",
                "possible_morph_features": []
            }
        },
        "relations": {
            "rel_1": {
                "rel_type": "must_agree",
                "involved": [
                    "TOK2",
                    "TOK1"
                ],
                "ruler": "TOK2",
                "possible_agreement": null
            }
        }
    },
    {
        "file_ID": "1091_0000249",
        "sent_NP_ID": "5_14",
        "sentence": "Die Angaben auf das Verkehrsmittel findest du zusätzlich mit email .",
        "metadata": {
            "corpus": "MERLIN_DE",
            "author": {
                "author_ID": "1091_0000249",
                "L1": "Turkish",
                "age": "43",
                "gender": "male"
            },
            "CEFR": {
                "overall_fairRating": "B1",
                "test_level": "A2"
            },
            "task": {
                "formality": "informal",
                "text_type": "not specified",
                "topic": "offer a ticket not used to a friend"
            }
        },
        "NP_info": {
            "len_np": 1,
            "coordination": null
        },
        "HEAD_info": {
            "head": {
                "H_TOK1": {
                    "word_type": "PREP",
                    "word_form": "mit",
                    "lemma": "mit",
                    "POS_STTS": "APPR",
                    "index": "9",
                    "dep_rel": "pp",
                    "head_index": "6",
                    "parser_morph_features": "Dat"
                }
            },
            "super_head": {
                "SH_TOK1": {
                    "word_type": "V",
                    "word_form": "findest",
                    "lemma": "finden",
                    "POS_STTS": "VVFIN",
                    "index": "6",
                    "dep_rel": "root",
                    "head_index": "0",
                    "parser_morph_features": "2|Sg|Pres|_"
                }
            }
        },
        "POST_info": {},
        "TOK_info": {
            "TOK1": {
                "word_type": "N",
                "word_form": "email",
                "lemma": "email",
                "POS_STTS": "NE",
                "index": "10",
                "dep_rel": "pn",
                "head_index": "9",
                "parser_morph_features": "_|Dat|_",
                "possible_morph_features": []
            }
        },
        "relations": {}
    },
    {
        "file_ID": "1091_0000249",
        "sent_NP_ID": "6_15",
        "sentence": "Viel Spaß Deine Maria",
        "metadata": {
            "corpus": "MERLIN_DE",
            "author": {
                "author_ID": "1091_0000249",
                "L1": "Turkish",
                "age": "43",
                "gender": "male"
            },
            "CEFR": {
                "overall_fairRating": "B1",
                "test_level": "A2"
            },
            "task": {
                "formality": "informal",
                "text_type": "not specified",
                "topic": "offer a ticket not used to a friend"
            }
        },
        "NP_info": {
            "len_np": 2,
            "coordination": null
        },
        "HEAD_info": {
            "head": {},
            "super_head": {}
        },
        "POST_info": {},
        "TOK_info": {
            "TOK1": {
                "word_type": "ART",
                "word_form": "Viel",
                "lemma": "viel",
                "POS_STTS": "PIDAT",
                "index": "1",
                "dep_rel": "det",
                "head_index": "2",
                "parser_morph_features": "Masc|_|Sg",
                "possible_morph_features": []
            },
            "TOK2": {
                "word_type": "N",
                "word_form": "Spaß",
                "lemma": "Spaß",
                "POS_STTS": "NN",
                "index": "2",
                "dep_rel": "root",
                "head_index": "0",
                "parser_morph_features": "Masc|_|Sg",
                "possible_morph_features": []
            }
        },
        "relations": {
            "rel_1": {
                "rel_type": "must_agree",
                "involved": [
                    "TOK2",
                    "TOK1"
                ],
                "ruler": "TOK2",
                "possible_agreement": null
            }
        }
    },
    {
        "file_ID": "1091_0000249",
        "sent_NP_ID": "6_16",
        "sentence": "Viel Spaß Deine Maria",
        "metadata": {
            "corpus": "MERLIN_DE",
            "author": {
                "author_ID": "1091_0000249",
                "L1": "Turkish",
                "age": "43",
                "gender": "male"
            },
            "CEFR": {
                "overall_fairRating": "B1",
                "test_level": "A2"
            },
            "task": {
                "formality": "informal",
                "text_type": "not specified",
                "topic": "offer a ticket not used to a friend"
            }
        },
        "NP_info": {
            "len_np": 2,
            "coordination": null
        },
        "HEAD_info": {
            "head": {},
            "super_head": {}
        },
        "POST_info": {},
        "TOK_info": {
            "TOK1": {
                "word_type": "ART",
                "word_form": "Deine",
                "lemma": "deine",
                "POS_STTS": "PPOSAT",
                "index": "3",
                "dep_rel": "det",
                "head_index": "4",
                "parser_morph_features": "Fem|_|Sg",
                "possible_morph_features": []
            },
            "TOK2": {
                "word_type": "N",
                "word_form": "Maria",
                "lemma": "Maria",
                "POS_STTS": "NN",
                "index": "4",
                "dep_rel": "root",
                "head_index": "0",
                "parser_morph_features": "Fem|_|Sg",
                "possible_morph_features": []
            }
        },
        "relations": {
            "rel_1": {
                "rel_type": "must_agree",
                "involved": [
                    "TOK2",
                    "TOK1"
                ],
                "ruler": "TOK2",
                "possible_agreement": null
            }
        }
    }
]