[
    {
        "file_ID": "1091_0000263",
        "sent_NP_ID": "1_1",
        "sentence": "Stadt X den 13 März 2012 Liebe Julia , Ich habe eine Fahrkarte für einen wochenendausflug gekauft .",
        "metadata": {
            "corpus": "MERLIN_DE",
            "author": {
                "author_ID": "1091_0000263",
                "L1": "not reported",
                "age": "33",
                "gender": "male"
            },
            "CEFR": {
                "overall_fairRating": "B1",
                "test_level": "A2"
            },
            "task": {
                "formality": "informal",
                "text_type": "not specified",
                "topic": "offer a ticket not used to a friend"
            }
        },
        "NP_info": {
            "len_np": 1,
            "coordination": null
        },
        "HEAD_info": {
            "head": {},
            "super_head": {}
        },
        "POST_info": {
            "P_TOK1": {
                "word_type": "CARD",
                "word_form": "X",
                "lemma": "X",
                "POS_STTS": "CARD",
                "index": "2",
                "dep_rel": "app",
                "head_index": "1",
                "parser_morph_features": "_"
            }
        },
        "TOK_info": {
            "TOK1": {
                "word_type": "N",
                "word_form": "Stadt",
                "lemma": "Stadt",
                "POS_STTS": "NN",
                "index": "1",
                "dep_rel": "root",
                "head_index": "0",
                "parser_morph_features": "Fem|_|Sg",
                "possible_morph_features": []
            }
        },
        "relations": {}
    },
    {
        "file_ID": "1091_0000263",
        "sent_NP_ID": "1_2",
        "sentence": "Stadt X den 13 März 2012 Liebe Julia , Ich habe eine Fahrkarte für einen wochenendausflug gekauft .",
        "metadata": {
            "corpus": "MERLIN_DE",
            "author": {
                "author_ID": "1091_0000263",
                "L1": "not reported",
                "age": "33",
                "gender": "male"
            },
            "CEFR": {
                "overall_fairRating": "B1",
                "test_level": "A2"
            },
            "task": {
                "formality": "informal",
                "text_type": "not specified",
                "topic": "offer a ticket not used to a friend"
            }
        },
        "NP_info": {
            "len_np": 1,
            "coordination": null
        },
        "HEAD_info": {
            "head": {},
            "super_head": {}
        },
        "POST_info": {
            "P_TOK1": {
                "word_type": "N",
                "word_form": "Liebe",
                "lemma": "Liebe",
                "POS_STTS": "NN",
                "index": "7",
                "dep_rel": "app",
                "head_index": "5",
                "parser_morph_features": "_|_|Pl"
            }
        },
        "TOK_info": {
            "TOK1": {
                "word_type": "N",
                "word_form": "März",
                "lemma": "März",
                "POS_STTS": "NN",
                "index": "5",
                "dep_rel": "root",
                "head_index": "0",
                "parser_morph_features": "Masc|_|Sg",
                "possible_morph_features": []
            }
        },
        "relations": {}
    },
    {
        "file_ID": "1091_0000263",
        "sent_NP_ID": "1_3",
        "sentence": "Stadt X den 13 März 2012 Liebe Julia , Ich habe eine Fahrkarte für einen wochenendausflug gekauft .",
        "metadata": {
            "corpus": "MERLIN_DE",
            "author": {
                "author_ID": "1091_0000263",
                "L1": "not reported",
                "age": "33",
                "gender": "male"
            },
            "CEFR": {
                "overall_fairRating": "B1",
                "test_level": "A2"
            },
            "task": {
                "formality": "informal",
                "text_type": "not specified",
                "topic": "offer a ticket not used to a friend"
            }
        },
        "NP_info": {
            "len_np": 2,
            "coordination": null
        },
        "HEAD_info": {
            "head": {
                "H_TOK1": {
                    "word_type": "N",
                    "word_form": "März",
                    "lemma": "März",
                    "POS_STTS": "NN",
                    "index": "5",
                    "dep_rel": "root",
                    "head_index": "0",
                    "parser_morph_features": "Masc|_|Sg"
                }
            },
            "super_head": {}
        },
        "POST_info": {
            "P_TOK1": {
                "word_type": "N",
                "word_form": "Julia",
                "lemma": "Julia",
                "POS_STTS": "NE",
                "index": "8",
                "dep_rel": "app",
                "head_index": "7",
                "parser_morph_features": "Fem|_|Sg"
            }
        },
        "TOK_info": {
            "TOK1": {
                "word_type": "CARD",
                "word_form": "2012",
                "lemma": "2012",
                "POS_STTS": "CARD",
                "index": "6",
                "dep_rel": "attr",
                "head_index": "7",
                "parser_morph_features": "_",
                "possible_morph_features": []
            },
            "TOK2": {
                "word_type": "N",
                "word_form": "Liebe",
                "lemma": "Liebe",
                "POS_STTS": "NN",
                "index": "7",
                "dep_rel": "app",
                "head_index": "5",
                "parser_morph_features": "_|_|Pl",
                "possible_morph_features": []
            }
        },
        "relations": {}
    },
    {
        "file_ID": "1091_0000263",
        "sent_NP_ID": "1_4",
        "sentence": "Stadt X den 13 März 2012 Liebe Julia , Ich habe eine Fahrkarte für einen wochenendausflug gekauft .",
        "metadata": {
            "corpus": "MERLIN_DE",
            "author": {
                "author_ID": "1091_0000263",
                "L1": "not reported",
                "age": "33",
                "gender": "male"
            },
            "CEFR": {
                "overall_fairRating": "B1",
                "test_level": "A2"
            },
            "task": {
                "formality": "informal",
                "text_type": "not specified",
                "topic": "offer a ticket not used to a friend"
            }
        },
        "NP_info": {
            "len_np": 1,
            "coordination": null
        },
        "HEAD_info": {
            "head": {
                "H_TOK1": {
                    "word_type": "N",
                    "word_form": "Liebe",
                    "lemma": "Liebe",
                    "POS_STTS": "NN",
                    "index": "7",
                    "dep_rel": "app",
                    "head_index": "5",
                    "parser_morph_features": "_|_|Pl"
                }
            },
            "super_head": {
                "SH_TOK1": {
                    "word_type": "N",
                    "word_form": "März",
                    "lemma": "März",
                    "POS_STTS": "NN",
                    "index": "5",
                    "dep_rel": "root",
                    "head_index": "0",
                    "parser_morph_features": "Masc|_|Sg"
                }
            }
        },
        "POST_info": {},
        "TOK_info": {
            "TOK1": {
                "word_type": "N",
                "word_form": "Julia",
                "lemma": "Julia",
                "POS_STTS": "NE",
                "index": "8",
                "dep_rel": "app",
                "head_index": "7",
                "parser_morph_features": "Fem|_|Sg",
                "possible_morph_features": []
            }
        },
        "relations": {}
    },
    {
        "file_ID": "1091_0000263",
        "sent_NP_ID": "1_5",
        "sentence": "Stadt X den 13 März 2012 Liebe Julia , Ich habe eine Fahrkarte für einen wochenendausflug gekauft .",
        "metadata": {
            "corpus": "MERLIN_DE",
            "author": {
                "author_ID": "1091_0000263",
                "L1": "not reported",
                "age": "33",
                "gender": "male"
            },
            "CEFR": {
                "overall_fairRating": "B1",
                "test_level": "A2"
            },
            "task": {
                "formality": "informal",
                "text_type": "not specified",
                "topic": "offer a ticket not used to a friend"
            }
        },
        "NP_info": {
            "len_np": 2,
            "coordination": null
        },
        "HEAD_info": {
            "head": {
                "H_TOK1": {
                    "word_type": "V",
                    "word_form": "gekauft",
                    "lemma": "kaufen",
                    "POS_STTS": "VVPP",
                    "index": "17",
                    "dep_rel": "aux",
                    "head_index": "11",
                    "parser_morph_features": "_"
                }
            },
            "super_head": {
                "SH_TOK1": {
                    "word_type": "V",
                    "word_form": "habe",
                    "lemma": "haben",
                    "POS_STTS": "VAFIN",
                    "index": "11",
                    "dep_rel": "root",
                    "head_index": "0",
                    "parser_morph_features": "1|Sg|Pres|_"
                }
            }
        },
        "POST_info": {
            "P_TOK1": {
                "word_type": "PREP",
                "word_form": "für",
                "lemma": "für",
                "POS_STTS": "APPR",
                "index": "14",
                "dep_rel": "pp",
                "head_index": "13",
                "parser_morph_features": "Acc"
            }
        },
        "TOK_info": {
            "TOK1": {
                "word_type": "ART",
                "word_form": "eine",
                "lemma": "eine",
                "POS_STTS": "ART",
                "index": "12",
                "dep_rel": "det",
                "head_index": "13",
                "parser_morph_features": "Indef|Fem|Acc|Sg",
                "possible_morph_features": []
            },
            "TOK2": {
                "word_type": "N",
                "word_form": "Fahrkarte",
                "lemma": "Fahrkarte",
                "POS_STTS": "NN",
                "index": "13",
                "dep_rel": "obja",
                "head_index": "17",
                "parser_morph_features": "Fem|Acc|Sg",
                "possible_morph_features": []
            }
        },
        "relations": {
            "rel_1": {
                "rel_type": "must_agree",
                "involved": [
                    "TOK2",
                    "TOK1"
                ],
                "ruler": "TOK2",
                "possible_agreement": null
            }
        }
    },
    {
        "file_ID": "1091_0000263",
        "sent_NP_ID": "1_6",
        "sentence": "Stadt X den 13 März 2012 Liebe Julia , Ich habe eine Fahrkarte für einen wochenendausflug gekauft .",
        "metadata": {
            "corpus": "MERLIN_DE",
            "author": {
                "author_ID": "1091_0000263",
                "L1": "not reported",
                "age": "33",
                "gender": "male"
            },
            "CEFR": {
                "overall_fairRating": "B1",
                "test_level": "A2"
            },
            "task": {
                "formality": "informal",
                "text_type": "not specified",
                "topic": "offer a ticket not used to a friend"
            }
        },
        "NP_info": {
            "len_np": 2,
            "coordination": null
        },
        "HEAD_info": {
            "head": {
                "H_TOK1": {
                    "word_type": "PREP",
                    "word_form": "für",
                    "lemma": "für",
                    "POS_STTS": "APPR",
                    "index": "14",
                    "dep_rel": "pp",
                    "head_index": "13",
                    "parser_morph_features": "Acc"
                }
            },
            "super_head": {
                "SH_TOK1": {
                    "word_type": "N",
                    "word_form": "Fahrkarte",
                    "lemma": "Fahrkarte",
                    "POS_STTS": "NN",
                    "index": "13",
                    "dep_rel": "obja",
                    "head_index": "17",
                    "parser_morph_features": "Fem|Acc|Sg"
                }
            }
        },
        "POST_info": {},
        "TOK_info": {
            "TOK1": {
                "word_type": "ART",
                "word_form": "einen",
                "lemma": "eine",
                "POS_STTS": "ART",
                "index": "15",
                "dep_rel": "det",
                "head_index": "16",
                "parser_morph_features": "Indef|Masc|Acc|Sg",
                "possible_morph_features": []
            },
            "TOK2": {
                "word_type": "N",
                "word_form": "wochenendausflug",
                "lemma": "wochenendausflug",
                "POS_STTS": "NN",
                "index": "16",
                "dep_rel": "pn",
                "head_index": "14",
                "parser_morph_features": "Masc|Acc|Sg",
                "possible_morph_features": []
            }
        },
        "relations": {
            "rel_1": {
                "rel_type": "must_agree",
                "involved": [
                    "TOK2",
                    "TOK1"
                ],
                "ruler": "TOK2",
                "possible_agreement": null
            }
        }
    },
    {
        "file_ID": "1091_0000263",
        "sent_NP_ID": "2_7",
        "sentence": "Ich wollte der Dom aus Stadt Y besuchen .",
        "metadata": {
            "corpus": "MERLIN_DE",
            "author": {
                "author_ID": "1091_0000263",
                "L1": "not reported",
                "age": "33",
                "gender": "male"
            },
            "CEFR": {
                "overall_fairRating": "B1",
                "test_level": "A2"
            },
            "task": {
                "formality": "informal",
                "text_type": "not specified",
                "topic": "offer a ticket not used to a friend"
            }
        },
        "NP_info": {
            "len_np": 2,
            "coordination": null
        },
        "HEAD_info": {
            "head": {
                "H_TOK1": {
                    "word_type": "V",
                    "word_form": "wollte",
                    "lemma": "wollen",
                    "POS_STTS": "VMFIN",
                    "index": "2",
                    "dep_rel": "root",
                    "head_index": "0",
                    "parser_morph_features": "3|Sg|Past|_"
                }
            },
            "super_head": {}
        },
        "POST_info": {},
        "TOK_info": {
            "TOK1": {
                "word_type": "ART",
                "word_form": "der",
                "lemma": "die",
                "POS_STTS": "ART",
                "index": "3",
                "dep_rel": "det",
                "head_index": "4",
                "parser_morph_features": "Def|Masc|Nom|Sg",
                "possible_morph_features": []
            },
            "TOK2": {
                "word_type": "N",
                "word_form": "Dom",
                "lemma": "Dom",
                "POS_STTS": "NN",
                "index": "4",
                "dep_rel": "subj",
                "head_index": "2",
                "parser_morph_features": "Masc|Nom|Sg",
                "possible_morph_features": []
            }
        },
        "relations": {
            "rel_1": {
                "rel_type": "must_agree",
                "involved": [
                    "TOK2",
                    "TOK1"
                ],
                "ruler": "TOK2",
                "possible_agreement": null
            }
        }
    },
    {
        "file_ID": "1091_0000263",
        "sent_NP_ID": "2_8",
        "sentence": "Ich wollte der Dom aus Stadt Y besuchen .",
        "metadata": {
            "corpus": "MERLIN_DE",
            "author": {
                "author_ID": "1091_0000263",
                "L1": "not reported",
                "age": "33",
                "gender": "male"
            },
            "CEFR": {
                "overall_fairRating": "B1",
                "test_level": "A2"
            },
            "task": {
                "formality": "informal",
                "text_type": "not specified",
                "topic": "offer a ticket not used to a friend"
            }
        },
        "NP_info": {
            "len_np": 1,
            "coordination": null
        },
        "HEAD_info": {
            "head": {
                "H_TOK1": {
                    "word_type": "PREP",
                    "word_form": "aus",
                    "lemma": "aus",
                    "POS_STTS": "APPR",
                    "index": "5",
                    "dep_rel": "pp",
                    "head_index": "8",
                    "parser_morph_features": "Dat"
                }
            },
            "super_head": {
                "SH_TOK1": {
                    "word_type": "V",
                    "word_form": "besuchen",
                    "lemma": "besuchen",
                    "POS_STTS": "VVINF",
                    "index": "8",
                    "dep_rel": "aux",
                    "head_index": "2",
                    "parser_morph_features": "_"
                }
            }
        },
        "POST_info": {
            "P_TOK1": {
                "word_type": "N",
                "word_form": "Y",
                "lemma": "Y",
                "POS_STTS": "NE",
                "index": "7",
                "dep_rel": "app",
                "head_index": "6",
                "parser_morph_features": "Fem|Dat|Sg"
            }
        },
        "TOK_info": {
            "TOK1": {
                "word_type": "N",
                "word_form": "Stadt",
                "lemma": "Stadt",
                "POS_STTS": "NN",
                "index": "6",
                "dep_rel": "pn",
                "head_index": "5",
                "parser_morph_features": "Fem|Dat|Sg",
                "possible_morph_features": []
            }
        },
        "relations": {}
    },
    {
        "file_ID": "1091_0000263",
        "sent_NP_ID": "2_9",
        "sentence": "Ich wollte der Dom aus Stadt Y besuchen .",
        "metadata": {
            "corpus": "MERLIN_DE",
            "author": {
                "author_ID": "1091_0000263",
                "L1": "not reported",
                "age": "33",
                "gender": "male"
            },
            "CEFR": {
                "overall_fairRating": "B1",
                "test_level": "A2"
            },
            "task": {
                "formality": "informal",
                "text_type": "not specified",
                "topic": "offer a ticket not used to a friend"
            }
        },
        "NP_info": {
            "len_np": 1,
            "coordination": null
        },
        "HEAD_info": {
            "head": {
                "H_TOK1": {
                    "word_type": "N",
                    "word_form": "Stadt",
                    "lemma": "Stadt",
                    "POS_STTS": "NN",
                    "index": "6",
                    "dep_rel": "pn",
                    "head_index": "5",
                    "parser_morph_features": "Fem|Dat|Sg"
                }
            },
            "super_head": {
                "SH_TOK1": {
                    "word_type": "PREP",
                    "word_form": "aus",
                    "lemma": "aus",
                    "POS_STTS": "APPR",
                    "index": "5",
                    "dep_rel": "pp",
                    "head_index": "8",
                    "parser_morph_features": "Dat"
                }
            }
        },
        "POST_info": {},
        "TOK_info": {
            "TOK1": {
                "word_type": "N",
                "word_form": "Y",
                "lemma": "Y",
                "POS_STTS": "NE",
                "index": "7",
                "dep_rel": "app",
                "head_index": "6",
                "parser_morph_features": "Fem|Dat|Sg",
                "possible_morph_features": []
            }
        },
        "relations": {}
    },
    {
        "file_ID": "1091_0000263",
        "sent_NP_ID": "3_10",
        "sentence": "Aber ich kann nicht fahren , weil ich mit meiner Kleinen Nichte bleiben muss .",
        "metadata": {
            "corpus": "MERLIN_DE",
            "author": {
                "author_ID": "1091_0000263",
                "L1": "not reported",
                "age": "33",
                "gender": "male"
            },
            "CEFR": {
                "overall_fairRating": "B1",
                "test_level": "A2"
            },
            "task": {
                "formality": "informal",
                "text_type": "not specified",
                "topic": "offer a ticket not used to a friend"
            }
        },
        "NP_info": {
            "len_np": 3,
            "coordination": null
        },
        "HEAD_info": {
            "head": {
                "H_TOK1": {
                    "word_type": "PREP",
                    "word_form": "mit",
                    "lemma": "mit",
                    "POS_STTS": "APPR",
                    "index": "9",
                    "dep_rel": "pp",
                    "head_index": "13",
                    "parser_morph_features": "Dat"
                }
            },
            "super_head": {
                "SH_TOK1": {
                    "word_type": "V",
                    "word_form": "bleiben",
                    "lemma": "bleiben",
                    "POS_STTS": "VVINF",
                    "index": "13",
                    "dep_rel": "aux",
                    "head_index": "14",
                    "parser_morph_features": "_"
                }
            }
        },
        "POST_info": {},
        "TOK_info": {
            "TOK1": {
                "word_type": "ART",
                "word_form": "meiner",
                "lemma": "meine",
                "POS_STTS": "PPOSAT",
                "index": "10",
                "dep_rel": "det",
                "head_index": "12",
                "parser_morph_features": "Fem|Dat|Sg",
                "possible_morph_features": []
            },
            "TOK2": {
                "word_type": "ADJA",
                "word_form": "Kleinen",
                "lemma": "klein",
                "POS_STTS": "ADJA",
                "index": "11",
                "dep_rel": "attr",
                "head_index": "12",
                "parser_morph_features": "Pos|Fem|Dat|Sg|Wk|",
                "possible_morph_features": []
            },
            "TOK3": {
                "word_type": "N",
                "word_form": "Nichte",
                "lemma": "Nichte",
                "POS_STTS": "NN",
                "index": "12",
                "dep_rel": "pn",
                "head_index": "9",
                "parser_morph_features": "Fem|Dat|Sg",
                "possible_morph_features": []
            }
        },
        "relations": {
            "rel_1": {
                "rel_type": "must_agree",
                "involved": [
                    "TOK1",
                    "TOK2"
                ],
                "ruler": null,
                "possible_agreement": null
            },
            "rel_2": {
                "rel_type": "must_agree",
                "involved": [
                    "TOK3",
                    "TOK1"
                ],
                "ruler": "TOK3",
                "possible_agreement": null
            },
            "rel_3": {
                "rel_type": "must_agree",
                "involved": [
                    "TOK3",
                    "TOK2"
                ],
                "ruler": "TOK3",
                "possible_agreement": null
            }
        }
    },
    {
        "file_ID": "1091_0000263",
        "sent_NP_ID": "4_11",
        "sentence": "Meine Schwester mit meinem Schwager machen den Urlaub und sind nicht zu Hause .",
        "metadata": {
            "corpus": "MERLIN_DE",
            "author": {
                "author_ID": "1091_0000263",
                "L1": "not reported",
                "age": "33",
                "gender": "male"
            },
            "CEFR": {
                "overall_fairRating": "B1",
                "test_level": "A2"
            },
            "task": {
                "formality": "informal",
                "text_type": "not specified",
                "topic": "offer a ticket not used to a friend"
            }
        },
        "NP_info": {
            "len_np": 2,
            "coordination": null
        },
        "HEAD_info": {
            "head": {
                "H_TOK1": {
                    "word_type": "V",
                    "word_form": "machen",
                    "lemma": "machen",
                    "POS_STTS": "VVFIN",
                    "index": "6",
                    "dep_rel": "root",
                    "head_index": "0",
                    "parser_morph_features": "_|Pl|Pres|_"
                }
            },
            "super_head": {}
        },
        "POST_info": {
            "P_TOK1": {
                "word_type": "PREP",
                "word_form": "mit",
                "lemma": "mit",
                "POS_STTS": "APPR",
                "index": "3",
                "dep_rel": "pp",
                "head_index": "2",
                "parser_morph_features": "Dat"
            }
        },
        "TOK_info": {
            "TOK1": {
                "word_type": "ART",
                "word_form": "Meine",
                "lemma": "meine",
                "POS_STTS": "PPOSAT",
                "index": "1",
                "dep_rel": "det",
                "head_index": "2",
                "parser_morph_features": "Fem|Nom|Sg",
                "possible_morph_features": []
            },
            "TOK2": {
                "word_type": "N",
                "word_form": "Schwester",
                "lemma": "Schwester",
                "POS_STTS": "NN",
                "index": "2",
                "dep_rel": "pred",
                "head_index": "6",
                "parser_morph_features": "Fem|Nom|Sg",
                "possible_morph_features": []
            }
        },
        "relations": {
            "rel_1": {
                "rel_type": "must_agree",
                "involved": [
                    "TOK2",
                    "TOK1"
                ],
                "ruler": "TOK2",
                "possible_agreement": null
            }
        }
    },
    {
        "file_ID": "1091_0000263",
        "sent_NP_ID": "4_12",
        "sentence": "Meine Schwester mit meinem Schwager machen den Urlaub und sind nicht zu Hause .",
        "metadata": {
            "corpus": "MERLIN_DE",
            "author": {
                "author_ID": "1091_0000263",
                "L1": "not reported",
                "age": "33",
                "gender": "male"
            },
            "CEFR": {
                "overall_fairRating": "B1",
                "test_level": "A2"
            },
            "task": {
                "formality": "informal",
                "text_type": "not specified",
                "topic": "offer a ticket not used to a friend"
            }
        },
        "NP_info": {
            "len_np": 2,
            "coordination": null
        },
        "HEAD_info": {
            "head": {
                "H_TOK1": {
                    "word_type": "PREP",
                    "word_form": "mit",
                    "lemma": "mit",
                    "POS_STTS": "APPR",
                    "index": "3",
                    "dep_rel": "pp",
                    "head_index": "2",
                    "parser_morph_features": "Dat"
                }
            },
            "super_head": {
                "SH_TOK1": {
                    "word_type": "N",
                    "word_form": "Schwester",
                    "lemma": "Schwester",
                    "POS_STTS": "NN",
                    "index": "2",
                    "dep_rel": "pred",
                    "head_index": "6",
                    "parser_morph_features": "Fem|Nom|Sg"
                }
            }
        },
        "POST_info": {},
        "TOK_info": {
            "TOK1": {
                "word_type": "ART",
                "word_form": "meinem",
                "lemma": "meine",
                "POS_STTS": "PPOSAT",
                "index": "4",
                "dep_rel": "det",
                "head_index": "5",
                "parser_morph_features": "Masc|Dat|Sg",
                "possible_morph_features": []
            },
            "TOK2": {
                "word_type": "N",
                "word_form": "Schwager",
                "lemma": "Schwager",
                "POS_STTS": "NN",
                "index": "5",
                "dep_rel": "pn",
                "head_index": "3",
                "parser_morph_features": "Masc|Dat|Sg",
                "possible_morph_features": []
            }
        },
        "relations": {
            "rel_1": {
                "rel_type": "must_agree",
                "involved": [
                    "TOK2",
                    "TOK1"
                ],
                "ruler": "TOK2",
                "possible_agreement": null
            }
        }
    },
    {
        "file_ID": "1091_0000263",
        "sent_NP_ID": "4_13",
        "sentence": "Meine Schwester mit meinem Schwager machen den Urlaub und sind nicht zu Hause .",
        "metadata": {
            "corpus": "MERLIN_DE",
            "author": {
                "author_ID": "1091_0000263",
                "L1": "not reported",
                "age": "33",
                "gender": "male"
            },
            "CEFR": {
                "overall_fairRating": "B1",
                "test_level": "A2"
            },
            "task": {
                "formality": "informal",
                "text_type": "not specified",
                "topic": "offer a ticket not used to a friend"
            }
        },
        "NP_info": {
            "len_np": 2,
            "coordination": null
        },
        "HEAD_info": {
            "head": {
                "H_TOK1": {
                    "word_type": "V",
                    "word_form": "machen",
                    "lemma": "machen",
                    "POS_STTS": "VVFIN",
                    "index": "6",
                    "dep_rel": "root",
                    "head_index": "0",
                    "parser_morph_features": "_|Pl|Pres|_"
                }
            },
            "super_head": {}
        },
        "POST_info": {},
        "TOK_info": {
            "TOK1": {
                "word_type": "ART",
                "word_form": "den",
                "lemma": "die",
                "POS_STTS": "ART",
                "index": "7",
                "dep_rel": "det",
                "head_index": "8",
                "parser_morph_features": "Def|Masc|Acc|Sg",
                "possible_morph_features": []
            },
            "TOK2": {
                "word_type": "N",
                "word_form": "Urlaub",
                "lemma": "Urlaub",
                "POS_STTS": "NN",
                "index": "8",
                "dep_rel": "obja",
                "head_index": "6",
                "parser_morph_features": "Masc|Acc|Sg",
                "possible_morph_features": []
            }
        },
        "relations": {
            "rel_1": {
                "rel_type": "must_agree",
                "involved": [
                    "TOK2",
                    "TOK1"
                ],
                "ruler": "TOK2",
                "possible_agreement": null
            }
        }
    },
    {
        "file_ID": "1091_0000263",
        "sent_NP_ID": "4_14",
        "sentence": "Meine Schwester mit meinem Schwager machen den Urlaub und sind nicht zu Hause .",
        "metadata": {
            "corpus": "MERLIN_DE",
            "author": {
                "author_ID": "1091_0000263",
                "L1": "not reported",
                "age": "33",
                "gender": "male"
            },
            "CEFR": {
                "overall_fairRating": "B1",
                "test_level": "A2"
            },
            "task": {
                "formality": "informal",
                "text_type": "not specified",
                "topic": "offer a ticket not used to a friend"
            }
        },
        "NP_info": {
            "len_np": 1,
            "coordination": null
        },
        "HEAD_info": {
            "head": {
                "H_TOK1": {
                    "word_type": "PREP",
                    "word_form": "zu",
                    "lemma": "zu",
                    "POS_STTS": "APPR",
                    "index": "12",
                    "dep_rel": "pp",
                    "head_index": "10",
                    "parser_morph_features": "Dat"
                }
            },
            "super_head": {
                "SH_TOK1": {
                    "word_type": "V",
                    "word_form": "sind",
                    "lemma": "sein",
                    "POS_STTS": "VAFIN",
                    "index": "10",
                    "dep_rel": "cj",
                    "head_index": "9",
                    "parser_morph_features": "_|Pl|Pres|Ind"
                }
            }
        },
        "POST_info": {},
        "TOK_info": {
            "TOK1": {
                "word_type": "N",
                "word_form": "Hause",
                "lemma": "Haus",
                "POS_STTS": "NN",
                "index": "13",
                "dep_rel": "pn",
                "head_index": "12",
                "parser_morph_features": "Neut|Dat|Sg",
                "possible_morph_features": []
            }
        },
        "relations": {}
    },
    {
        "file_ID": "1091_0000263",
        "sent_NP_ID": "5_15",
        "sentence": "Möchtest du diese Fahrkarte ?",
        "metadata": {
            "corpus": "MERLIN_DE",
            "author": {
                "author_ID": "1091_0000263",
                "L1": "not reported",
                "age": "33",
                "gender": "male"
            },
            "CEFR": {
                "overall_fairRating": "B1",
                "test_level": "A2"
            },
            "task": {
                "formality": "informal",
                "text_type": "not specified",
                "topic": "offer a ticket not used to a friend"
            }
        },
        "NP_info": {
            "len_np": 2,
            "coordination": null
        },
        "HEAD_info": {
            "head": {
                "H_TOK1": {
                    "word_type": "V",
                    "word_form": "Möchtest",
                    "lemma": "mögen",
                    "POS_STTS": "VMFIN",
                    "index": "1",
                    "dep_rel": "root",
                    "head_index": "0",
                    "parser_morph_features": "2|Sg|Past|Subj"
                }
            },
            "super_head": {}
        },
        "POST_info": {},
        "TOK_info": {
            "TOK1": {
                "word_type": "ART",
                "word_form": "diese",
                "lemma": "diese",
                "POS_STTS": "PDAT",
                "index": "3",
                "dep_rel": "det",
                "head_index": "4",
                "parser_morph_features": "Fem|Acc|Sg",
                "possible_morph_features": []
            },
            "TOK2": {
                "word_type": "N",
                "word_form": "Fahrkarte",
                "lemma": "Fahrkarte",
                "POS_STTS": "NN",
                "index": "4",
                "dep_rel": "obja",
                "head_index": "1",
                "parser_morph_features": "Fem|Acc|Sg",
                "possible_morph_features": []
            }
        },
        "relations": {
            "rel_1": {
                "rel_type": "must_agree",
                "involved": [
                    "TOK2",
                    "TOK1"
                ],
                "ruler": "TOK2",
                "possible_agreement": null
            }
        }
    },
    {
        "file_ID": "1091_0000263",
        "sent_NP_ID": "6_16",
        "sentence": "Der Ausflug ist am 12 April .",
        "metadata": {
            "corpus": "MERLIN_DE",
            "author": {
                "author_ID": "1091_0000263",
                "L1": "not reported",
                "age": "33",
                "gender": "male"
            },
            "CEFR": {
                "overall_fairRating": "B1",
                "test_level": "A2"
            },
            "task": {
                "formality": "informal",
                "text_type": "not specified",
                "topic": "offer a ticket not used to a friend"
            }
        },
        "NP_info": {
            "len_np": 2,
            "coordination": null
        },
        "HEAD_info": {
            "head": {
                "H_TOK1": {
                    "word_type": "V",
                    "word_form": "ist",
                    "lemma": "sein",
                    "POS_STTS": "VAFIN",
                    "index": "3",
                    "dep_rel": "root",
                    "head_index": "0",
                    "parser_morph_features": "3|Sg|Pres|Ind"
                }
            },
            "super_head": {}
        },
        "POST_info": {},
        "TOK_info": {
            "TOK1": {
                "word_type": "ART",
                "word_form": "Der",
                "lemma": "die",
                "POS_STTS": "ART",
                "index": "1",
                "dep_rel": "det",
                "head_index": "2",
                "parser_morph_features": "Def|Masc|Nom|Sg",
                "possible_morph_features": []
            },
            "TOK2": {
                "word_type": "N",
                "word_form": "Ausflug",
                "lemma": "Ausflug",
                "POS_STTS": "NN",
                "index": "2",
                "dep_rel": "subj",
                "head_index": "3",
                "parser_morph_features": "Masc|Nom|Sg",
                "possible_morph_features": []
            }
        },
        "relations": {
            "rel_1": {
                "rel_type": "must_agree",
                "involved": [
                    "TOK2",
                    "TOK1"
                ],
                "ruler": "TOK2",
                "possible_agreement": null
            }
        }
    },
    {
        "file_ID": "1091_0000263",
        "sent_NP_ID": "6_17",
        "sentence": "Der Ausflug ist am 12 April .",
        "metadata": {
            "corpus": "MERLIN_DE",
            "author": {
                "author_ID": "1091_0000263",
                "L1": "not reported",
                "age": "33",
                "gender": "male"
            },
            "CEFR": {
                "overall_fairRating": "B1",
                "test_level": "A2"
            },
            "task": {
                "formality": "informal",
                "text_type": "not specified",
                "topic": "offer a ticket not used to a friend"
            }
        },
        "NP_info": {
            "len_np": 1,
            "coordination": null
        },
        "HEAD_info": {
            "head": {},
            "super_head": {}
        },
        "POST_info": {},
        "TOK_info": {
            "TOK1": {
                "word_type": "N",
                "word_form": "April",
                "lemma": "April",
                "POS_STTS": "NN",
                "index": "6",
                "dep_rel": "root",
                "head_index": "0",
                "parser_morph_features": "Masc|_|Sg",
                "possible_morph_features": []
            }
        },
        "relations": {}
    },
    {
        "file_ID": "1091_0000263",
        "sent_NP_ID": "7_18",
        "sentence": "Die Fahrkarte ist für den Zug und die Bahnhof ist in der Nähe dem Dom .",
        "metadata": {
            "corpus": "MERLIN_DE",
            "author": {
                "author_ID": "1091_0000263",
                "L1": "not reported",
                "age": "33",
                "gender": "male"
            },
            "CEFR": {
                "overall_fairRating": "B1",
                "test_level": "A2"
            },
            "task": {
                "formality": "informal",
                "text_type": "not specified",
                "topic": "offer a ticket not used to a friend"
            }
        },
        "NP_info": {
            "len_np": 2,
            "coordination": null
        },
        "HEAD_info": {
            "head": {
                "H_TOK1": {
                    "word_type": "V",
                    "word_form": "ist",
                    "lemma": "sein",
                    "POS_STTS": "VAFIN",
                    "index": "3",
                    "dep_rel": "root",
                    "head_index": "0",
                    "parser_morph_features": "3|Sg|Pres|Ind"
                }
            },
            "super_head": {}
        },
        "POST_info": {},
        "TOK_info": {
            "TOK1": {
                "word_type": "ART",
                "word_form": "Die",
                "lemma": "die",
                "POS_STTS": "ART",
                "index": "1",
                "dep_rel": "det",
                "head_index": "2",
                "parser_morph_features": "Def|Fem|Nom|Sg",
                "possible_morph_features": []
            },
            "TOK2": {
                "word_type": "N",
                "word_form": "Fahrkarte",
                "lemma": "Fahrkarte",
                "POS_STTS": "NN",
                "index": "2",
                "dep_rel": "subj",
                "head_index": "3",
                "parser_morph_features": "Fem|Nom|Sg",
                "possible_morph_features": []
            }
        },
        "relations": {
            "rel_1": {
                "rel_type": "must_agree",
                "involved": [
                    "TOK2",
                    "TOK1"
                ],
                "ruler": "TOK2",
                "possible_agreement": null
            }
        }
    },
    {
        "file_ID": "1091_0000263",
        "sent_NP_ID": "7_19",
        "sentence": "Die Fahrkarte ist für den Zug und die Bahnhof ist in der Nähe dem Dom .",
        "metadata": {
            "corpus": "MERLIN_DE",
            "author": {
                "author_ID": "1091_0000263",
                "L1": "not reported",
                "age": "33",
                "gender": "male"
            },
            "CEFR": {
                "overall_fairRating": "B1",
                "test_level": "A2"
            },
            "task": {
                "formality": "informal",
                "text_type": "not specified",
                "topic": "offer a ticket not used to a friend"
            }
        },
        "NP_info": {
            "len_np": 2,
            "coordination": null
        },
        "HEAD_info": {
            "head": {
                "H_TOK1": {
                    "word_type": "PREP",
                    "word_form": "für",
                    "lemma": "für",
                    "POS_STTS": "APPR",
                    "index": "4",
                    "dep_rel": "pp",
                    "head_index": "3",
                    "parser_morph_features": "Acc"
                }
            },
            "super_head": {
                "SH_TOK1": {
                    "word_type": "V",
                    "word_form": "ist",
                    "lemma": "sein",
                    "POS_STTS": "VAFIN",
                    "index": "3",
                    "dep_rel": "root",
                    "head_index": "0",
                    "parser_morph_features": "3|Sg|Pres|Ind"
                }
            }
        },
        "POST_info": {},
        "TOK_info": {
            "TOK1": {
                "word_type": "ART",
                "word_form": "den",
                "lemma": "die",
                "POS_STTS": "ART",
                "index": "5",
                "dep_rel": "det",
                "head_index": "6",
                "parser_morph_features": "Def|Masc|Acc|Sg",
                "possible_morph_features": []
            },
            "TOK2": {
                "word_type": "N",
                "word_form": "Zug",
                "lemma": "Zug",
                "POS_STTS": "NN",
                "index": "6",
                "dep_rel": "pn",
                "head_index": "4",
                "parser_morph_features": "Masc|Acc|Sg",
                "possible_morph_features": []
            }
        },
        "relations": {
            "rel_1": {
                "rel_type": "must_agree",
                "involved": [
                    "TOK2",
                    "TOK1"
                ],
                "ruler": "TOK2",
                "possible_agreement": null
            }
        }
    },
    {
        "file_ID": "1091_0000263",
        "sent_NP_ID": "7_20",
        "sentence": "Die Fahrkarte ist für den Zug und die Bahnhof ist in der Nähe dem Dom .",
        "metadata": {
            "corpus": "MERLIN_DE",
            "author": {
                "author_ID": "1091_0000263",
                "L1": "not reported",
                "age": "33",
                "gender": "male"
            },
            "CEFR": {
                "overall_fairRating": "B1",
                "test_level": "A2"
            },
            "task": {
                "formality": "informal",
                "text_type": "not specified",
                "topic": "offer a ticket not used to a friend"
            }
        },
        "NP_info": {
            "len_np": 2,
            "coordination": null
        },
        "HEAD_info": {
            "head": {
                "H_TOK1": {
                    "word_type": "V",
                    "word_form": "ist",
                    "lemma": "sein",
                    "POS_STTS": "VAFIN",
                    "index": "10",
                    "dep_rel": "cj",
                    "head_index": "7",
                    "parser_morph_features": "3|Sg|Pres|Ind"
                }
            },
            "super_head": {
                "SH_TOK1": {
                    "word_type": "KON",
                    "word_form": "und",
                    "lemma": "und",
                    "POS_STTS": "KON",
                    "index": "7",
                    "dep_rel": "kon",
                    "head_index": "3",
                    "parser_morph_features": "_"
                }
            }
        },
        "POST_info": {},
        "TOK_info": {
            "TOK1": {
                "word_type": "ART",
                "word_form": "die",
                "lemma": "die",
                "POS_STTS": "ART",
                "index": "8",
                "dep_rel": "det",
                "head_index": "9",
                "parser_morph_features": "Def|_|_|_",
                "possible_morph_features": []
            },
            "TOK2": {
                "word_type": "N",
                "word_form": "Bahnhof",
                "lemma": "Bahnhof",
                "POS_STTS": "NN",
                "index": "9",
                "dep_rel": "subj",
                "head_index": "10",
                "parser_morph_features": "Fem|Nom|Sg",
                "possible_morph_features": []
            }
        },
        "relations": {
            "rel_1": {
                "rel_type": "must_agree",
                "involved": [
                    "TOK2",
                    "TOK1"
                ],
                "ruler": "TOK2",
                "possible_agreement": null
            }
        }
    },
    {
        "file_ID": "1091_0000263",
        "sent_NP_ID": "7_21",
        "sentence": "Die Fahrkarte ist für den Zug und die Bahnhof ist in der Nähe dem Dom .",
        "metadata": {
            "corpus": "MERLIN_DE",
            "author": {
                "author_ID": "1091_0000263",
                "L1": "not reported",
                "age": "33",
                "gender": "male"
            },
            "CEFR": {
                "overall_fairRating": "B1",
                "test_level": "A2"
            },
            "task": {
                "formality": "informal",
                "text_type": "not specified",
                "topic": "offer a ticket not used to a friend"
            }
        },
        "NP_info": {
            "len_np": 2,
            "coordination": null
        },
        "HEAD_info": {
            "head": {
                "H_TOK1": {
                    "word_type": "PREP",
                    "word_form": "in",
                    "lemma": "in",
                    "POS_STTS": "APPR",
                    "index": "11",
                    "dep_rel": "pp",
                    "head_index": "10",
                    "parser_morph_features": "Dat"
                }
            },
            "super_head": {
                "SH_TOK1": {
                    "word_type": "V",
                    "word_form": "ist",
                    "lemma": "sein",
                    "POS_STTS": "VAFIN",
                    "index": "10",
                    "dep_rel": "cj",
                    "head_index": "7",
                    "parser_morph_features": "3|Sg|Pres|Ind"
                }
            }
        },
        "POST_info": {},
        "TOK_info": {
            "TOK1": {
                "word_type": "ART",
                "word_form": "der",
                "lemma": "die",
                "POS_STTS": "ART",
                "index": "12",
                "dep_rel": "det",
                "head_index": "13",
                "parser_morph_features": "Def|Fem|Dat|Sg",
                "possible_morph_features": []
            },
            "TOK2": {
                "word_type": "N",
                "word_form": "Nähe",
                "lemma": "Nähe",
                "POS_STTS": "NN",
                "index": "13",
                "dep_rel": "pn",
                "head_index": "11",
                "parser_morph_features": "Fem|Dat|Sg",
                "possible_morph_features": []
            }
        },
        "relations": {
            "rel_1": {
                "rel_type": "must_agree",
                "involved": [
                    "TOK2",
                    "TOK1"
                ],
                "ruler": "TOK2",
                "possible_agreement": null
            }
        }
    },
    {
        "file_ID": "1091_0000263",
        "sent_NP_ID": "7_22",
        "sentence": "Die Fahrkarte ist für den Zug und die Bahnhof ist in der Nähe dem Dom .",
        "metadata": {
            "corpus": "MERLIN_DE",
            "author": {
                "author_ID": "1091_0000263",
                "L1": "not reported",
                "age": "33",
                "gender": "male"
            },
            "CEFR": {
                "overall_fairRating": "B1",
                "test_level": "A2"
            },
            "task": {
                "formality": "informal",
                "text_type": "not specified",
                "topic": "offer a ticket not used to a friend"
            }
        },
        "NP_info": {
            "len_np": 2,
            "coordination": null
        },
        "HEAD_info": {
            "head": {
                "H_TOK1": {
                    "word_type": "V",
                    "word_form": "ist",
                    "lemma": "sein",
                    "POS_STTS": "VAFIN",
                    "index": "10",
                    "dep_rel": "cj",
                    "head_index": "7",
                    "parser_morph_features": "3|Sg|Pres|Ind"
                }
            },
            "super_head": {
                "SH_TOK1": {
                    "word_type": "KON",
                    "word_form": "und",
                    "lemma": "und",
                    "POS_STTS": "KON",
                    "index": "7",
                    "dep_rel": "kon",
                    "head_index": "3",
                    "parser_morph_features": "_"
                }
            }
        },
        "POST_info": {},
        "TOK_info": {
            "TOK1": {
                "word_type": "ART",
                "word_form": "dem",
                "lemma": "die",
                "POS_STTS": "ART",
                "index": "14",
                "dep_rel": "det",
                "head_index": "15",
                "parser_morph_features": "Def|Masc|Dat|Sg",
                "possible_morph_features": []
            },
            "TOK2": {
                "word_type": "N",
                "word_form": "Dom",
                "lemma": "Dom",
                "POS_STTS": "NN",
                "index": "15",
                "dep_rel": "objd",
                "head_index": "10",
                "parser_morph_features": "Masc|Dat|Sg",
                "possible_morph_features": []
            }
        },
        "relations": {
            "rel_1": {
                "rel_type": "must_agree",
                "involved": [
                    "TOK2",
                    "TOK1"
                ],
                "ruler": "TOK2",
                "possible_agreement": null
            }
        }
    },
    {
        "file_ID": "1091_0000263",
        "sent_NP_ID": "8_23",
        "sentence": "Du kannst zu Fuß bis dort gehen .",
        "metadata": {
            "corpus": "MERLIN_DE",
            "author": {
                "author_ID": "1091_0000263",
                "L1": "not reported",
                "age": "33",
                "gender": "male"
            },
            "CEFR": {
                "overall_fairRating": "B1",
                "test_level": "A2"
            },
            "task": {
                "formality": "informal",
                "text_type": "not specified",
                "topic": "offer a ticket not used to a friend"
            }
        },
        "NP_info": {
            "len_np": 1,
            "coordination": null
        },
        "HEAD_info": {
            "head": {
                "H_TOK1": {
                    "word_type": "PREP",
                    "word_form": "zu",
                    "lemma": "zu",
                    "POS_STTS": "APPR",
                    "index": "3",
                    "dep_rel": "objp",
                    "head_index": "7",
                    "parser_morph_features": "Dat"
                }
            },
            "super_head": {
                "SH_TOK1": {
                    "word_type": "V",
                    "word_form": "gehen",
                    "lemma": "gehen",
                    "POS_STTS": "VVINF",
                    "index": "7",
                    "dep_rel": "aux",
                    "head_index": "2",
                    "parser_morph_features": "_"
                }
            }
        },
        "POST_info": {
            "P_TOK1": {
                "word_type": "PREP",
                "word_form": "bis",
                "lemma": "bis",
                "POS_STTS": "APPR",
                "index": "5",
                "dep_rel": "pp",
                "head_index": "4",
                "parser_morph_features": "Acc"
            }
        },
        "TOK_info": {
            "TOK1": {
                "word_type": "N",
                "word_form": "Fuß",
                "lemma": "Fuß",
                "POS_STTS": "NN",
                "index": "4",
                "dep_rel": "pn",
                "head_index": "3",
                "parser_morph_features": "Masc|Dat|Sg",
                "possible_morph_features": []
            }
        },
        "relations": {}
    },
    {
        "file_ID": "1091_0000263",
        "sent_NP_ID": "9_24",
        "sentence": "Ich warte auf deine baldige Antwort !",
        "metadata": {
            "corpus": "MERLIN_DE",
            "author": {
                "author_ID": "1091_0000263",
                "L1": "not reported",
                "age": "33",
                "gender": "male"
            },
            "CEFR": {
                "overall_fairRating": "B1",
                "test_level": "A2"
            },
            "task": {
                "formality": "informal",
                "text_type": "not specified",
                "topic": "offer a ticket not used to a friend"
            }
        },
        "NP_info": {
            "len_np": 3,
            "coordination": null
        },
        "HEAD_info": {
            "head": {
                "H_TOK1": {
                    "word_type": "PREP",
                    "word_form": "auf",
                    "lemma": "auf",
                    "POS_STTS": "APPR",
                    "index": "3",
                    "dep_rel": "pp",
                    "head_index": "2",
                    "parser_morph_features": "Acc"
                }
            },
            "super_head": {
                "SH_TOK1": {
                    "word_type": "V",
                    "word_form": "warte",
                    "lemma": "warten",
                    "POS_STTS": "VVFIN",
                    "index": "2",
                    "dep_rel": "root",
                    "head_index": "0",
                    "parser_morph_features": "1|Sg|Pres|_"
                }
            }
        },
        "POST_info": {},
        "TOK_info": {
            "TOK1": {
                "word_type": "ART",
                "word_form": "deine",
                "lemma": "deine",
                "POS_STTS": "PPOSAT",
                "index": "4",
                "dep_rel": "det",
                "head_index": "6",
                "parser_morph_features": "Fem|Acc|Sg",
                "possible_morph_features": []
            },
            "TOK2": {
                "word_type": "ADJA",
                "word_form": "baldige",
                "lemma": "baldig",
                "POS_STTS": "ADJA",
                "index": "5",
                "dep_rel": "attr",
                "head_index": "6",
                "parser_morph_features": "Pos|Fem|Acc|Sg|_|",
                "possible_morph_features": []
            },
            "TOK3": {
                "word_type": "N",
                "word_form": "Antwort",
                "lemma": "Antwort",
                "POS_STTS": "NN",
                "index": "6",
                "dep_rel": "pn",
                "head_index": "3",
                "parser_morph_features": "Fem|Acc|Sg",
                "possible_morph_features": []
            }
        },
        "relations": {
            "rel_1": {
                "rel_type": "must_agree",
                "involved": [
                    "TOK1",
                    "TOK2"
                ],
                "ruler": null,
                "possible_agreement": null
            },
            "rel_2": {
                "rel_type": "must_agree",
                "involved": [
                    "TOK3",
                    "TOK1"
                ],
                "ruler": "TOK3",
                "possible_agreement": null
            },
            "rel_3": {
                "rel_type": "must_agree",
                "involved": [
                    "TOK3",
                    "TOK2"
                ],
                "ruler": "TOK3",
                "possible_agreement": null
            }
        }
    },
    {
        "file_ID": "1091_0000263",
        "sent_NP_ID": "10_25",
        "sentence": "Viele Grüßen !",
        "metadata": {
            "corpus": "MERLIN_DE",
            "author": {
                "author_ID": "1091_0000263",
                "L1": "not reported",
                "age": "33",
                "gender": "male"
            },
            "CEFR": {
                "overall_fairRating": "B1",
                "test_level": "A2"
            },
            "task": {
                "formality": "informal",
                "text_type": "not specified",
                "topic": "offer a ticket not used to a friend"
            }
        },
        "NP_info": {
            "len_np": 2,
            "coordination": null
        },
        "HEAD_info": {
            "head": {},
            "super_head": {}
        },
        "POST_info": {},
        "TOK_info": {
            "TOK1": {
                "word_type": "ART",
                "word_form": "Viele",
                "lemma": "viele",
                "POS_STTS": "PIDAT",
                "index": "1",
                "dep_rel": "det",
                "head_index": "2",
                "parser_morph_features": "Neut|_|Sg",
                "possible_morph_features": []
            },
            "TOK2": {
                "word_type": "N",
                "word_form": "Grüßen",
                "lemma": "Gruß",
                "POS_STTS": "NN",
                "index": "2",
                "dep_rel": "root",
                "head_index": "0",
                "parser_morph_features": "Neut|_|Sg",
                "possible_morph_features": []
            }
        },
        "relations": {
            "rel_1": {
                "rel_type": "must_agree",
                "involved": [
                    "TOK2",
                    "TOK1"
                ],
                "ruler": "TOK2",
                "possible_agreement": null
            }
        }
    },
    {
        "file_ID": "1091_0000263",
        "sent_NP_ID": "11_26",
        "sentence": "Friedrich",
        "metadata": {
            "corpus": "MERLIN_DE",
            "author": {
                "author_ID": "1091_0000263",
                "L1": "not reported",
                "age": "33",
                "gender": "male"
            },
            "CEFR": {
                "overall_fairRating": "B1",
                "test_level": "A2"
            },
            "task": {
                "formality": "informal",
                "text_type": "not specified",
                "topic": "offer a ticket not used to a friend"
            }
        },
        "NP_info": {
            "len_np": 1,
            "coordination": null
        },
        "HEAD_info": {
            "head": {},
            "super_head": {}
        },
        "POST_info": {},
        "TOK_info": {
            "TOK1": {
                "word_type": "N",
                "word_form": "Friedrich",
                "lemma": "Friedrich",
                "POS_STTS": "NE",
                "index": "1",
                "dep_rel": "root",
                "head_index": "0",
                "parser_morph_features": "_|_|Sg",
                "possible_morph_features": []
            }
        },
        "relations": {}
    }
]