[
    {
        "file_ID": "1091_0000079",
        "sent_NP_ID": "1_1",
        "sentence": "Herren Wohnungsamt , meine Name ist Julia Müller , ich wohne in Frankfurt am Main und habe ich einem Sohn .",
        "metadata": {
            "corpus": "MERLIN_DE",
            "author": {
                "author_ID": "1091_0000079",
                "L1": "Spanish",
                "age": "35",
                "gender": "female"
            },
            "CEFR": {
                "overall_fairRating": "B1",
                "test_level": "A2"
            },
            "task": {
                "formality": "formal",
                "text_type": "letter",
                "topic": "letter to housing office"
            }
        },
        "NP_info": {
            "len_np": 1,
            "coordination": null
        },
        "HEAD_info": {
            "head": {
                "H_TOK1": {
                    "word_type": "V",
                    "word_form": "ist",
                    "lemma": "sein",
                    "POS_STTS": "VAFIN",
                    "index": "6",
                    "dep_rel": "root",
                    "head_index": "0",
                    "parser_morph_features": "3|Sg|Pres|Ind"
                }
            },
            "super_head": {}
        },
        "POST_info": {
            "P_TOK1": {
                "word_type": "N",
                "word_form": "Wohnungsamt",
                "lemma": "Wohnungsamt",
                "POS_STTS": "NN",
                "index": "2",
                "dep_rel": "app",
                "head_index": "1",
                "parser_morph_features": "_|_|Sg"
            }
        },
        "TOK_info": {
            "TOK1": {
                "word_type": "N",
                "word_form": "Herren",
                "lemma": "Herr",
                "POS_STTS": "NN",
                "index": "1",
                "dep_rel": "vok",
                "head_index": "6",
                "parser_morph_features": "_|_|Sg",
                "possible_morph_features": []
            }
        },
        "relations": {}
    },
    {
        "file_ID": "1091_0000079",
        "sent_NP_ID": "1_2",
        "sentence": "Herren Wohnungsamt , meine Name ist Julia Müller , ich wohne in Frankfurt am Main und habe ich einem Sohn .",
        "metadata": {
            "corpus": "MERLIN_DE",
            "author": {
                "author_ID": "1091_0000079",
                "L1": "Spanish",
                "age": "35",
                "gender": "female"
            },
            "CEFR": {
                "overall_fairRating": "B1",
                "test_level": "A2"
            },
            "task": {
                "formality": "formal",
                "text_type": "letter",
                "topic": "letter to housing office"
            }
        },
        "NP_info": {
            "len_np": 1,
            "coordination": null
        },
        "HEAD_info": {
            "head": {
                "H_TOK1": {
                    "word_type": "N",
                    "word_form": "Herren",
                    "lemma": "Herr",
                    "POS_STTS": "NN",
                    "index": "1",
                    "dep_rel": "vok",
                    "head_index": "6",
                    "parser_morph_features": "_|_|Sg"
                }
            },
            "super_head": {
                "SH_TOK1": {
                    "word_type": "V",
                    "word_form": "ist",
                    "lemma": "sein",
                    "POS_STTS": "VAFIN",
                    "index": "6",
                    "dep_rel": "root",
                    "head_index": "0",
                    "parser_morph_features": "3|Sg|Pres|Ind"
                }
            }
        },
        "POST_info": {},
        "TOK_info": {
            "TOK1": {
                "word_type": "N",
                "word_form": "Wohnungsamt",
                "lemma": "Wohnungsamt",
                "POS_STTS": "NN",
                "index": "2",
                "dep_rel": "app",
                "head_index": "1",
                "parser_morph_features": "_|_|Sg",
                "possible_morph_features": []
            }
        },
        "relations": {}
    },
    {
        "file_ID": "1091_0000079",
        "sent_NP_ID": "1_3",
        "sentence": "Herren Wohnungsamt , meine Name ist Julia Müller , ich wohne in Frankfurt am Main und habe ich einem Sohn .",
        "metadata": {
            "corpus": "MERLIN_DE",
            "author": {
                "author_ID": "1091_0000079",
                "L1": "Spanish",
                "age": "35",
                "gender": "female"
            },
            "CEFR": {
                "overall_fairRating": "B1",
                "test_level": "A2"
            },
            "task": {
                "formality": "formal",
                "text_type": "letter",
                "topic": "letter to housing office"
            }
        },
        "NP_info": {
            "len_np": 2,
            "coordination": null
        },
        "HEAD_info": {
            "head": {
                "H_TOK1": {
                    "word_type": "V",
                    "word_form": "ist",
                    "lemma": "sein",
                    "POS_STTS": "VAFIN",
                    "index": "6",
                    "dep_rel": "root",
                    "head_index": "0",
                    "parser_morph_features": "3|Sg|Pres|Ind"
                }
            },
            "super_head": {}
        },
        "POST_info": {},
        "TOK_info": {
            "TOK1": {
                "word_type": "ART",
                "word_form": "meine",
                "lemma": "meine",
                "POS_STTS": "PPOSAT",
                "index": "4",
                "dep_rel": "det",
                "head_index": "5",
                "parser_morph_features": "Masc|Nom|Sg",
                "possible_morph_features": []
            },
            "TOK2": {
                "word_type": "N",
                "word_form": "Name",
                "lemma": "Name",
                "POS_STTS": "NN",
                "index": "5",
                "dep_rel": "subj",
                "head_index": "6",
                "parser_morph_features": "Masc|Nom|Sg",
                "possible_morph_features": []
            }
        },
        "relations": {
            "rel_1": {
                "rel_type": "must_agree",
                "involved": [
                    "TOK2",
                    "TOK1"
                ],
                "ruler": "TOK2",
                "possible_agreement": null
            }
        }
    },
    {
        "file_ID": "1091_0000079",
        "sent_NP_ID": "1_4",
        "sentence": "Herren Wohnungsamt , meine Name ist Julia Müller , ich wohne in Frankfurt am Main und habe ich einem Sohn .",
        "metadata": {
            "corpus": "MERLIN_DE",
            "author": {
                "author_ID": "1091_0000079",
                "L1": "Spanish",
                "age": "35",
                "gender": "female"
            },
            "CEFR": {
                "overall_fairRating": "B1",
                "test_level": "A2"
            },
            "task": {
                "formality": "formal",
                "text_type": "letter",
                "topic": "letter to housing office"
            }
        },
        "NP_info": {
            "len_np": 1,
            "coordination": null
        },
        "HEAD_info": {
            "head": {
                "H_TOK1": {
                    "word_type": "V",
                    "word_form": "ist",
                    "lemma": "sein",
                    "POS_STTS": "VAFIN",
                    "index": "6",
                    "dep_rel": "root",
                    "head_index": "0",
                    "parser_morph_features": "3|Sg|Pres|Ind"
                }
            },
            "super_head": {}
        },
        "POST_info": {
            "P_TOK1": {
                "word_type": "N",
                "word_form": "Müller",
                "lemma": "Müller",
                "POS_STTS": "NE",
                "index": "8",
                "dep_rel": "app",
                "head_index": "7",
                "parser_morph_features": "_|Nom|Sg"
            }
        },
        "TOK_info": {
            "TOK1": {
                "word_type": "N",
                "word_form": "Julia",
                "lemma": "Julia",
                "POS_STTS": "NE",
                "index": "7",
                "dep_rel": "pred",
                "head_index": "6",
                "parser_morph_features": "_|Nom|Sg",
                "possible_morph_features": []
            }
        },
        "relations": {}
    },
    {
        "file_ID": "1091_0000079",
        "sent_NP_ID": "1_5",
        "sentence": "Herren Wohnungsamt , meine Name ist Julia Müller , ich wohne in Frankfurt am Main und habe ich einem Sohn .",
        "metadata": {
            "corpus": "MERLIN_DE",
            "author": {
                "author_ID": "1091_0000079",
                "L1": "Spanish",
                "age": "35",
                "gender": "female"
            },
            "CEFR": {
                "overall_fairRating": "B1",
                "test_level": "A2"
            },
            "task": {
                "formality": "formal",
                "text_type": "letter",
                "topic": "letter to housing office"
            }
        },
        "NP_info": {
            "len_np": 1,
            "coordination": null
        },
        "HEAD_info": {
            "head": {
                "H_TOK1": {
                    "word_type": "N",
                    "word_form": "Julia",
                    "lemma": "Julia",
                    "POS_STTS": "NE",
                    "index": "7",
                    "dep_rel": "pred",
                    "head_index": "6",
                    "parser_morph_features": "_|Nom|Sg"
                }
            },
            "super_head": {
                "SH_TOK1": {
                    "word_type": "V",
                    "word_form": "ist",
                    "lemma": "sein",
                    "POS_STTS": "VAFIN",
                    "index": "6",
                    "dep_rel": "root",
                    "head_index": "0",
                    "parser_morph_features": "3|Sg|Pres|Ind"
                }
            }
        },
        "POST_info": {},
        "TOK_info": {
            "TOK1": {
                "word_type": "N",
                "word_form": "Müller",
                "lemma": "Müller",
                "POS_STTS": "NE",
                "index": "8",
                "dep_rel": "app",
                "head_index": "7",
                "parser_morph_features": "_|Nom|Sg",
                "possible_morph_features": []
            }
        },
        "relations": {}
    },
    {
        "file_ID": "1091_0000079",
        "sent_NP_ID": "1_6",
        "sentence": "Herren Wohnungsamt , meine Name ist Julia Müller , ich wohne in Frankfurt am Main und habe ich einem Sohn .",
        "metadata": {
            "corpus": "MERLIN_DE",
            "author": {
                "author_ID": "1091_0000079",
                "L1": "Spanish",
                "age": "35",
                "gender": "female"
            },
            "CEFR": {
                "overall_fairRating": "B1",
                "test_level": "A2"
            },
            "task": {
                "formality": "formal",
                "text_type": "letter",
                "topic": "letter to housing office"
            }
        },
        "NP_info": {
            "len_np": 1,
            "coordination": null
        },
        "HEAD_info": {
            "head": {
                "H_TOK1": {
                    "word_type": "PREP",
                    "word_form": "in",
                    "lemma": "in",
                    "POS_STTS": "APPR",
                    "index": "12",
                    "dep_rel": "objp",
                    "head_index": "11",
                    "parser_morph_features": "_"
                }
            },
            "super_head": {
                "SH_TOK1": {
                    "word_type": "V",
                    "word_form": "wohne",
                    "lemma": "wohnen",
                    "POS_STTS": "VVFIN",
                    "index": "11",
                    "dep_rel": "kon",
                    "head_index": "6",
                    "parser_morph_features": "1|Sg|Pres|_"
                }
            }
        },
        "POST_info": {
            "P_TOK1": {
                "word_type": "PREP",
                "word_form": "am",
                "lemma": "an",
                "POS_STTS": "APPRART",
                "index": "14",
                "dep_rel": "pp",
                "head_index": "13",
                "parser_morph_features": "Dat"
            }
        },
        "TOK_info": {
            "TOK1": {
                "word_type": "N",
                "word_form": "Frankfurt",
                "lemma": "Frankfurt",
                "POS_STTS": "NE",
                "index": "13",
                "dep_rel": "pn",
                "head_index": "12",
                "parser_morph_features": "Neut|_|Sg",
                "possible_morph_features": []
            }
        },
        "relations": {}
    },
    {
        "file_ID": "1091_0000079",
        "sent_NP_ID": "1_7",
        "sentence": "Herren Wohnungsamt , meine Name ist Julia Müller , ich wohne in Frankfurt am Main und habe ich einem Sohn .",
        "metadata": {
            "corpus": "MERLIN_DE",
            "author": {
                "author_ID": "1091_0000079",
                "L1": "Spanish",
                "age": "35",
                "gender": "female"
            },
            "CEFR": {
                "overall_fairRating": "B1",
                "test_level": "A2"
            },
            "task": {
                "formality": "formal",
                "text_type": "letter",
                "topic": "letter to housing office"
            }
        },
        "NP_info": {
            "len_np": 1,
            "coordination": null
        },
        "HEAD_info": {
            "head": {
                "H_TOK1": {
                    "word_type": "PREP",
                    "word_form": "am",
                    "lemma": "an",
                    "POS_STTS": "APPRART",
                    "index": "14",
                    "dep_rel": "pp",
                    "head_index": "13",
                    "parser_morph_features": "Dat"
                }
            },
            "super_head": {
                "SH_TOK1": {
                    "word_type": "N",
                    "word_form": "Frankfurt",
                    "lemma": "Frankfurt",
                    "POS_STTS": "NE",
                    "index": "13",
                    "dep_rel": "pn",
                    "head_index": "12",
                    "parser_morph_features": "Neut|_|Sg"
                }
            }
        },
        "POST_info": {},
        "TOK_info": {
            "TOK1": {
                "word_type": "N",
                "word_form": "Main",
                "lemma": "Main",
                "POS_STTS": "NE",
                "index": "15",
                "dep_rel": "pn",
                "head_index": "14",
                "parser_morph_features": "Masc|Dat|Sg",
                "possible_morph_features": []
            }
        },
        "relations": {
            "rel_1": {
                "rel_type": "must_agree",
                "involved": [
                    "TOK1",
                    "H_TOK1"
                ],
                "ruler": "TOK1",
                "possible_agreement": null
            }
        }
    },
    {
        "file_ID": "1091_0000079",
        "sent_NP_ID": "1_8",
        "sentence": "Herren Wohnungsamt , meine Name ist Julia Müller , ich wohne in Frankfurt am Main und habe ich einem Sohn .",
        "metadata": {
            "corpus": "MERLIN_DE",
            "author": {
                "author_ID": "1091_0000079",
                "L1": "Spanish",
                "age": "35",
                "gender": "female"
            },
            "CEFR": {
                "overall_fairRating": "B1",
                "test_level": "A2"
            },
            "task": {
                "formality": "formal",
                "text_type": "letter",
                "topic": "letter to housing office"
            }
        },
        "NP_info": {
            "len_np": 2,
            "coordination": null
        },
        "HEAD_info": {
            "head": {},
            "super_head": {}
        },
        "POST_info": {},
        "TOK_info": {
            "TOK1": {
                "word_type": "ART",
                "word_form": "einem",
                "lemma": "eine",
                "POS_STTS": "ART",
                "index": "19",
                "dep_rel": "det",
                "head_index": "20",
                "parser_morph_features": "Indef|Masc|Dat|Sg",
                "possible_morph_features": []
            },
            "TOK2": {
                "word_type": "N",
                "word_form": "Sohn",
                "lemma": "Sohn",
                "POS_STTS": "NN",
                "index": "20",
                "dep_rel": "root",
                "head_index": "0",
                "parser_morph_features": "Masc|Dat|Sg",
                "possible_morph_features": []
            }
        },
        "relations": {
            "rel_1": {
                "rel_type": "must_agree",
                "involved": [
                    "TOK2",
                    "TOK1"
                ],
                "ruler": "TOK2",
                "possible_agreement": null
            }
        }
    },
    {
        "file_ID": "1091_0000079",
        "sent_NP_ID": "2_9",
        "sentence": "Meine Wohnung hat nur ein Zimmer und jetzt ist zu klein für uns .",
        "metadata": {
            "corpus": "MERLIN_DE",
            "author": {
                "author_ID": "1091_0000079",
                "L1": "Spanish",
                "age": "35",
                "gender": "female"
            },
            "CEFR": {
                "overall_fairRating": "B1",
                "test_level": "A2"
            },
            "task": {
                "formality": "formal",
                "text_type": "letter",
                "topic": "letter to housing office"
            }
        },
        "NP_info": {
            "len_np": 2,
            "coordination": null
        },
        "HEAD_info": {
            "head": {
                "H_TOK1": {
                    "word_type": "V",
                    "word_form": "hat",
                    "lemma": "haben",
                    "POS_STTS": "VAFIN",
                    "index": "3",
                    "dep_rel": "root",
                    "head_index": "0",
                    "parser_morph_features": "3|Sg|Pres|Ind"
                }
            },
            "super_head": {}
        },
        "POST_info": {},
        "TOK_info": {
            "TOK1": {
                "word_type": "ART",
                "word_form": "Meine",
                "lemma": "meine",
                "POS_STTS": "PPOSAT",
                "index": "1",
                "dep_rel": "det",
                "head_index": "2",
                "parser_morph_features": "Fem|Nom|Sg",
                "possible_morph_features": []
            },
            "TOK2": {
                "word_type": "N",
                "word_form": "Wohnung",
                "lemma": "Wohnung",
                "POS_STTS": "NN",
                "index": "2",
                "dep_rel": "subj",
                "head_index": "3",
                "parser_morph_features": "Fem|Nom|Sg",
                "possible_morph_features": []
            }
        },
        "relations": {
            "rel_1": {
                "rel_type": "must_agree",
                "involved": [
                    "TOK2",
                    "TOK1"
                ],
                "ruler": "TOK2",
                "possible_agreement": null
            }
        }
    },
    {
        "file_ID": "1091_0000079",
        "sent_NP_ID": "2_10",
        "sentence": "Meine Wohnung hat nur ein Zimmer und jetzt ist zu klein für uns .",
        "metadata": {
            "corpus": "MERLIN_DE",
            "author": {
                "author_ID": "1091_0000079",
                "L1": "Spanish",
                "age": "35",
                "gender": "female"
            },
            "CEFR": {
                "overall_fairRating": "B1",
                "test_level": "A2"
            },
            "task": {
                "formality": "formal",
                "text_type": "letter",
                "topic": "letter to housing office"
            }
        },
        "NP_info": {
            "len_np": 2,
            "coordination": null
        },
        "HEAD_info": {
            "head": {
                "H_TOK1": {
                    "word_type": "V",
                    "word_form": "hat",
                    "lemma": "haben",
                    "POS_STTS": "VAFIN",
                    "index": "3",
                    "dep_rel": "root",
                    "head_index": "0",
                    "parser_morph_features": "3|Sg|Pres|Ind"
                }
            },
            "super_head": {}
        },
        "POST_info": {},
        "TOK_info": {
            "TOK1": {
                "word_type": "ART",
                "word_form": "ein",
                "lemma": "eine",
                "POS_STTS": "ART",
                "index": "5",
                "dep_rel": "det",
                "head_index": "6",
                "parser_morph_features": "Indef|Neut|Acc|Sg",
                "possible_morph_features": []
            },
            "TOK2": {
                "word_type": "N",
                "word_form": "Zimmer",
                "lemma": "Zimmer",
                "POS_STTS": "NN",
                "index": "6",
                "dep_rel": "obja",
                "head_index": "3",
                "parser_morph_features": "Neut|Acc|Sg",
                "possible_morph_features": []
            }
        },
        "relations": {
            "rel_1": {
                "rel_type": "must_agree",
                "involved": [
                    "TOK2",
                    "TOK1"
                ],
                "ruler": "TOK2",
                "possible_agreement": null
            }
        }
    },
    {
        "file_ID": "1091_0000079",
        "sent_NP_ID": "3_11",
        "sentence": "Ich möchte eine nueuen Wohnung suchen .",
        "metadata": {
            "corpus": "MERLIN_DE",
            "author": {
                "author_ID": "1091_0000079",
                "L1": "Spanish",
                "age": "35",
                "gender": "female"
            },
            "CEFR": {
                "overall_fairRating": "B1",
                "test_level": "A2"
            },
            "task": {
                "formality": "formal",
                "text_type": "letter",
                "topic": "letter to housing office"
            }
        },
        "NP_info": {
            "len_np": 3,
            "coordination": null
        },
        "HEAD_info": {
            "head": {
                "H_TOK1": {
                    "word_type": "V",
                    "word_form": "suchen",
                    "lemma": "suchen",
                    "POS_STTS": "VVINF",
                    "index": "6",
                    "dep_rel": "aux",
                    "head_index": "2",
                    "parser_morph_features": "_"
                }
            },
            "super_head": {
                "SH_TOK1": {
                    "word_type": "V",
                    "word_form": "möchte",
                    "lemma": "mögen",
                    "POS_STTS": "VMFIN",
                    "index": "2",
                    "dep_rel": "root",
                    "head_index": "0",
                    "parser_morph_features": "1|Sg|Past|Subj"
                }
            }
        },
        "POST_info": {},
        "TOK_info": {
            "TOK1": {
                "word_type": "ART",
                "word_form": "eine",
                "lemma": "eine",
                "POS_STTS": "ART",
                "index": "3",
                "dep_rel": "det",
                "head_index": "5",
                "parser_morph_features": "Indef|Fem|Acc|Sg",
                "possible_morph_features": []
            },
            "TOK2": {
                "word_type": "ADJA",
                "word_form": "nueuen",
                "lemma": "nueuen",
                "POS_STTS": "ADJA",
                "index": "4",
                "dep_rel": "attr",
                "head_index": "5",
                "parser_morph_features": "_|Fem|Acc|Sg|_",
                "possible_morph_features": []
            },
            "TOK3": {
                "word_type": "N",
                "word_form": "Wohnung",
                "lemma": "Wohnung",
                "POS_STTS": "NN",
                "index": "5",
                "dep_rel": "obja",
                "head_index": "6",
                "parser_morph_features": "Fem|Acc|Sg",
                "possible_morph_features": []
            }
        },
        "relations": {
            "rel_1": {
                "rel_type": "must_agree",
                "involved": [
                    "TOK1",
                    "TOK2"
                ],
                "ruler": null,
                "possible_agreement": null
            },
            "rel_2": {
                "rel_type": "must_agree",
                "involved": [
                    "TOK3",
                    "TOK1"
                ],
                "ruler": "TOK3",
                "possible_agreement": null
            },
            "rel_3": {
                "rel_type": "must_agree",
                "involved": [
                    "TOK3",
                    "TOK2"
                ],
                "ruler": "TOK3",
                "possible_agreement": null
            }
        }
    },
    {
        "file_ID": "1091_0000079",
        "sent_NP_ID": "4_12",
        "sentence": "Ich möchte eine Wohnung mit drei Zimmer weil meinem Sohn erwachsen ist , einen Balkon und Garage brauchen wir nicht .",
        "metadata": {
            "corpus": "MERLIN_DE",
            "author": {
                "author_ID": "1091_0000079",
                "L1": "Spanish",
                "age": "35",
                "gender": "female"
            },
            "CEFR": {
                "overall_fairRating": "B1",
                "test_level": "A2"
            },
            "task": {
                "formality": "formal",
                "text_type": "letter",
                "topic": "letter to housing office"
            }
        },
        "NP_info": {
            "len_np": 2,
            "coordination": null
        },
        "HEAD_info": {
            "head": {
                "H_TOK1": {
                    "word_type": "V",
                    "word_form": "möchte",
                    "lemma": "mögen",
                    "POS_STTS": "VMFIN",
                    "index": "2",
                    "dep_rel": "root",
                    "head_index": "0",
                    "parser_morph_features": "1|Sg|Past|Subj"
                }
            },
            "super_head": {}
        },
        "POST_info": {},
        "TOK_info": {
            "TOK1": {
                "word_type": "ART",
                "word_form": "eine",
                "lemma": "eine",
                "POS_STTS": "ART",
                "index": "3",
                "dep_rel": "det",
                "head_index": "4",
                "parser_morph_features": "Indef|Fem|Acc|Sg",
                "possible_morph_features": []
            },
            "TOK2": {
                "word_type": "N",
                "word_form": "Wohnung",
                "lemma": "Wohnung",
                "POS_STTS": "NN",
                "index": "4",
                "dep_rel": "obja",
                "head_index": "2",
                "parser_morph_features": "Fem|Acc|Sg",
                "possible_morph_features": []
            }
        },
        "relations": {
            "rel_1": {
                "rel_type": "must_agree",
                "involved": [
                    "TOK2",
                    "TOK1"
                ],
                "ruler": "TOK2",
                "possible_agreement": null
            }
        }
    },
    {
        "file_ID": "1091_0000079",
        "sent_NP_ID": "4_13",
        "sentence": "Ich möchte eine Wohnung mit drei Zimmer weil meinem Sohn erwachsen ist , einen Balkon und Garage brauchen wir nicht .",
        "metadata": {
            "corpus": "MERLIN_DE",
            "author": {
                "author_ID": "1091_0000079",
                "L1": "Spanish",
                "age": "35",
                "gender": "female"
            },
            "CEFR": {
                "overall_fairRating": "B1",
                "test_level": "A2"
            },
            "task": {
                "formality": "formal",
                "text_type": "letter",
                "topic": "letter to housing office"
            }
        },
        "NP_info": {
            "len_np": 2,
            "coordination": null
        },
        "HEAD_info": {
            "head": {
                "H_TOK1": {
                    "word_type": "PREP",
                    "word_form": "mit",
                    "lemma": "mit",
                    "POS_STTS": "APPR",
                    "index": "5",
                    "dep_rel": "pp",
                    "head_index": "2",
                    "parser_morph_features": "Dat"
                }
            },
            "super_head": {
                "SH_TOK1": {
                    "word_type": "V",
                    "word_form": "möchte",
                    "lemma": "mögen",
                    "POS_STTS": "VMFIN",
                    "index": "2",
                    "dep_rel": "root",
                    "head_index": "0",
                    "parser_morph_features": "1|Sg|Past|Subj"
                }
            }
        },
        "POST_info": {},
        "TOK_info": {
            "TOK1": {
                "word_type": "CARD",
                "word_form": "drei",
                "lemma": "drei",
                "POS_STTS": "CARD",
                "index": "6",
                "dep_rel": "attr",
                "head_index": "7",
                "parser_morph_features": "_",
                "possible_morph_features": []
            },
            "TOK2": {
                "word_type": "N",
                "word_form": "Zimmer",
                "lemma": "Zimmer",
                "POS_STTS": "NN",
                "index": "7",
                "dep_rel": "pn",
                "head_index": "5",
                "parser_morph_features": "Neut|_|Pl",
                "possible_morph_features": []
            }
        },
        "relations": {}
    },
    {
        "file_ID": "1091_0000079",
        "sent_NP_ID": "4_14",
        "sentence": "Ich möchte eine Wohnung mit drei Zimmer weil meinem Sohn erwachsen ist , einen Balkon und Garage brauchen wir nicht .",
        "metadata": {
            "corpus": "MERLIN_DE",
            "author": {
                "author_ID": "1091_0000079",
                "L1": "Spanish",
                "age": "35",
                "gender": "female"
            },
            "CEFR": {
                "overall_fairRating": "B1",
                "test_level": "A2"
            },
            "task": {
                "formality": "formal",
                "text_type": "letter",
                "topic": "letter to housing office"
            }
        },
        "NP_info": {
            "len_np": 2,
            "coordination": null
        },
        "HEAD_info": {
            "head": {
                "H_TOK1": {
                    "word_type": "V",
                    "word_form": "erwachsen",
                    "lemma": "erwachsen",
                    "POS_STTS": "VVPP",
                    "index": "11",
                    "dep_rel": "aux",
                    "head_index": "12",
                    "parser_morph_features": "_"
                }
            },
            "super_head": {
                "SH_TOK1": {
                    "word_type": "V",
                    "word_form": "ist",
                    "lemma": "sein",
                    "POS_STTS": "VAFIN",
                    "index": "12",
                    "dep_rel": "neb",
                    "head_index": "2",
                    "parser_morph_features": "3|Sg|Pres|Ind"
                }
            }
        },
        "POST_info": {},
        "TOK_info": {
            "TOK1": {
                "word_type": "ART",
                "word_form": "meinem",
                "lemma": "meine",
                "POS_STTS": "PPOSAT",
                "index": "9",
                "dep_rel": "det",
                "head_index": "10",
                "parser_morph_features": "Masc|Dat|Sg",
                "possible_morph_features": []
            },
            "TOK2": {
                "word_type": "N",
                "word_form": "Sohn",
                "lemma": "Sohn",
                "POS_STTS": "NN",
                "index": "10",
                "dep_rel": "objd",
                "head_index": "11",
                "parser_morph_features": "Masc|Dat|Sg",
                "possible_morph_features": []
            }
        },
        "relations": {
            "rel_1": {
                "rel_type": "must_agree",
                "involved": [
                    "TOK2",
                    "TOK1"
                ],
                "ruler": "TOK2",
                "possible_agreement": null
            }
        }
    },
    {
        "file_ID": "1091_0000079",
        "sent_NP_ID": "4_15",
        "sentence": "Ich möchte eine Wohnung mit drei Zimmer weil meinem Sohn erwachsen ist , einen Balkon und Garage brauchen wir nicht .",
        "metadata": {
            "corpus": "MERLIN_DE",
            "author": {
                "author_ID": "1091_0000079",
                "L1": "Spanish",
                "age": "35",
                "gender": "female"
            },
            "CEFR": {
                "overall_fairRating": "B1",
                "test_level": "A2"
            },
            "task": {
                "formality": "formal",
                "text_type": "letter",
                "topic": "letter to housing office"
            }
        },
        "NP_info": {
            "len_np": 2,
            "coordination": [
                "4_15",
                "4_16"
            ]
        },
        "HEAD_info": {
            "head": {},
            "super_head": {}
        },
        "POST_info": {},
        "TOK_info": {
            "TOK1": {
                "word_type": "ART",
                "word_form": "einen",
                "lemma": "eine",
                "POS_STTS": "ART",
                "index": "14",
                "dep_rel": "det",
                "head_index": "15",
                "parser_morph_features": "Indef|Masc|Acc|Sg",
                "possible_morph_features": []
            },
            "TOK2": {
                "word_type": "N",
                "word_form": "Balkon",
                "lemma": "Balkon",
                "POS_STTS": "NN",
                "index": "15",
                "dep_rel": "root",
                "head_index": "0",
                "parser_morph_features": "Masc|Acc|Sg",
                "possible_morph_features": []
            }
        },
        "relations": {
            "rel_1": {
                "rel_type": "must_agree",
                "involved": [
                    "TOK2",
                    "TOK1"
                ],
                "ruler": "TOK2",
                "possible_agreement": null
            }
        }
    },
    {
        "file_ID": "1091_0000079",
        "sent_NP_ID": "4_16",
        "sentence": "Ich möchte eine Wohnung mit drei Zimmer weil meinem Sohn erwachsen ist , einen Balkon und Garage brauchen wir nicht .",
        "metadata": {
            "corpus": "MERLIN_DE",
            "author": {
                "author_ID": "1091_0000079",
                "L1": "Spanish",
                "age": "35",
                "gender": "female"
            },
            "CEFR": {
                "overall_fairRating": "B1",
                "test_level": "A2"
            },
            "task": {
                "formality": "formal",
                "text_type": "letter",
                "topic": "letter to housing office"
            }
        },
        "NP_info": {
            "len_np": 1,
            "coordination": [
                "4_15",
                "4_16"
            ]
        },
        "HEAD_info": {
            "head": {
                "H_TOK1": {
                    "word_type": "KON",
                    "word_form": "und",
                    "lemma": "und",
                    "POS_STTS": "KON",
                    "index": "16",
                    "dep_rel": "kon",
                    "head_index": "15",
                    "parser_morph_features": "_"
                }
            },
            "super_head": {
                "SH_TOK1": {
                    "word_type": "N",
                    "word_form": "Balkon",
                    "lemma": "Balkon",
                    "POS_STTS": "NN",
                    "index": "15",
                    "dep_rel": "root",
                    "head_index": "0",
                    "parser_morph_features": "Masc|Acc|Sg"
                }
            }
        },
        "POST_info": {},
        "TOK_info": {
            "TOK1": {
                "word_type": "N",
                "word_form": "Garage",
                "lemma": "Garage",
                "POS_STTS": "NN",
                "index": "17",
                "dep_rel": "cj",
                "head_index": "16",
                "parser_morph_features": "Fem|Acc|Sg",
                "possible_morph_features": []
            }
        },
        "relations": {}
    },
    {
        "file_ID": "1091_0000079",
        "sent_NP_ID": "5_17",
        "sentence": "Ich kann nur bis 600 Euro warm Miete bezahlen .",
        "metadata": {
            "corpus": "MERLIN_DE",
            "author": {
                "author_ID": "1091_0000079",
                "L1": "Spanish",
                "age": "35",
                "gender": "female"
            },
            "CEFR": {
                "overall_fairRating": "B1",
                "test_level": "A2"
            },
            "task": {
                "formality": "formal",
                "text_type": "letter",
                "topic": "letter to housing office"
            }
        },
        "NP_info": {
            "len_np": 2,
            "coordination": null
        },
        "HEAD_info": {
            "head": {
                "H_TOK1": {
                    "word_type": "PREP",
                    "word_form": "bis",
                    "lemma": "bis",
                    "POS_STTS": "APPR",
                    "index": "4",
                    "dep_rel": "pp",
                    "head_index": "9",
                    "parser_morph_features": "Acc"
                }
            },
            "super_head": {
                "SH_TOK1": {
                    "word_type": "V",
                    "word_form": "bezahlen",
                    "lemma": "bezahlen",
                    "POS_STTS": "VVINF",
                    "index": "9",
                    "dep_rel": "aux",
                    "head_index": "2",
                    "parser_morph_features": "_"
                }
            }
        },
        "POST_info": {},
        "TOK_info": {
            "TOK1": {
                "word_type": "CARD",
                "word_form": "600",
                "lemma": "600",
                "POS_STTS": "CARD",
                "index": "5",
                "dep_rel": "attr",
                "head_index": "6",
                "parser_morph_features": "_",
                "possible_morph_features": []
            },
            "TOK2": {
                "word_type": "N",
                "word_form": "Euro",
                "lemma": "Euro",
                "POS_STTS": "NN",
                "index": "6",
                "dep_rel": "pn",
                "head_index": "4",
                "parser_morph_features": "_|Acc|Pl",
                "possible_morph_features": []
            }
        },
        "relations": {}
    },
    {
        "file_ID": "1091_0000079",
        "sent_NP_ID": "5_18",
        "sentence": "Ich kann nur bis 600 Euro warm Miete bezahlen .",
        "metadata": {
            "corpus": "MERLIN_DE",
            "author": {
                "author_ID": "1091_0000079",
                "L1": "Spanish",
                "age": "35",
                "gender": "female"
            },
            "CEFR": {
                "overall_fairRating": "B1",
                "test_level": "A2"
            },
            "task": {
                "formality": "formal",
                "text_type": "letter",
                "topic": "letter to housing office"
            }
        },
        "NP_info": {
            "len_np": 1,
            "coordination": null
        },
        "HEAD_info": {
            "head": {
                "H_TOK1": {
                    "word_type": "V",
                    "word_form": "bezahlen",
                    "lemma": "bezahlen",
                    "POS_STTS": "VVINF",
                    "index": "9",
                    "dep_rel": "aux",
                    "head_index": "2",
                    "parser_morph_features": "_"
                }
            },
            "super_head": {
                "SH_TOK1": {
                    "word_type": "V",
                    "word_form": "kann",
                    "lemma": "können",
                    "POS_STTS": "VMFIN",
                    "index": "2",
                    "dep_rel": "root",
                    "head_index": "0",
                    "parser_morph_features": "1|Sg|Pres|Ind"
                }
            }
        },
        "POST_info": {},
        "TOK_info": {
            "TOK1": {
                "word_type": "N",
                "word_form": "Miete",
                "lemma": "Miete",
                "POS_STTS": "NN",
                "index": "8",
                "dep_rel": "obja",
                "head_index": "9",
                "parser_morph_features": "Fem|Acc|Sg",
                "possible_morph_features": []
            }
        },
        "relations": {}
    },
    {
        "file_ID": "1091_0000079",
        "sent_NP_ID": "7_19",
        "sentence": "Das hoffenlich von Ihnem werden Danke für Ihrem Helfen .",
        "metadata": {
            "corpus": "MERLIN_DE",
            "author": {
                "author_ID": "1091_0000079",
                "L1": "Spanish",
                "age": "35",
                "gender": "female"
            },
            "CEFR": {
                "overall_fairRating": "B1",
                "test_level": "A2"
            },
            "task": {
                "formality": "formal",
                "text_type": "letter",
                "topic": "letter to housing office"
            }
        },
        "NP_info": {
            "len_np": 2,
            "coordination": null
        },
        "HEAD_info": {
            "head": {
                "H_TOK1": {
                    "word_type": "V",
                    "word_form": "werden",
                    "lemma": "werden",
                    "POS_STTS": "VAFIN",
                    "index": "5",
                    "dep_rel": "root",
                    "head_index": "0",
                    "parser_morph_features": "_|Pl|Pres|_"
                }
            },
            "super_head": {}
        },
        "POST_info": {
            "P_TOK1": {
                "word_type": "PREP",
                "word_form": "von",
                "lemma": "von",
                "POS_STTS": "APPR",
                "index": "3",
                "dep_rel": "pp",
                "head_index": "2",
                "parser_morph_features": "_"
            }
        },
        "TOK_info": {
            "TOK1": {
                "word_type": "ART",
                "word_form": "Das",
                "lemma": "die",
                "POS_STTS": "ART",
                "index": "1",
                "dep_rel": "det",
                "head_index": "2",
                "parser_morph_features": "Def|Neut|Nom|Sg",
                "possible_morph_features": []
            },
            "TOK2": {
                "word_type": "N",
                "word_form": "hoffenlich",
                "lemma": "hoffenlich",
                "POS_STTS": "NN",
                "index": "2",
                "dep_rel": "pred",
                "head_index": "5",
                "parser_morph_features": "Neut|Nom|Sg",
                "possible_morph_features": []
            }
        },
        "relations": {
            "rel_1": {
                "rel_type": "must_agree",
                "involved": [
                    "TOK2",
                    "TOK1"
                ],
                "ruler": "TOK2",
                "possible_agreement": null
            }
        }
    },
    {
        "file_ID": "1091_0000079",
        "sent_NP_ID": "7_20",
        "sentence": "Das hoffenlich von Ihnem werden Danke für Ihrem Helfen .",
        "metadata": {
            "corpus": "MERLIN_DE",
            "author": {
                "author_ID": "1091_0000079",
                "L1": "Spanish",
                "age": "35",
                "gender": "female"
            },
            "CEFR": {
                "overall_fairRating": "B1",
                "test_level": "A2"
            },
            "task": {
                "formality": "formal",
                "text_type": "letter",
                "topic": "letter to housing office"
            }
        },
        "NP_info": {
            "len_np": 1,
            "coordination": null
        },
        "HEAD_info": {
            "head": {
                "H_TOK1": {
                    "word_type": "PREP",
                    "word_form": "von",
                    "lemma": "von",
                    "POS_STTS": "APPR",
                    "index": "3",
                    "dep_rel": "pp",
                    "head_index": "2",
                    "parser_morph_features": "_"
                }
            },
            "super_head": {
                "SH_TOK1": {
                    "word_type": "N",
                    "word_form": "hoffenlich",
                    "lemma": "hoffenlich",
                    "POS_STTS": "NN",
                    "index": "2",
                    "dep_rel": "pred",
                    "head_index": "5",
                    "parser_morph_features": "Neut|Nom|Sg"
                }
            }
        },
        "POST_info": {},
        "TOK_info": {
            "TOK1": {
                "word_type": "N",
                "word_form": "Ihnem",
                "lemma": "Ihnem",
                "POS_STTS": "NE",
                "index": "4",
                "dep_rel": "pn",
                "head_index": "3",
                "parser_morph_features": "_|_|_",
                "possible_morph_features": []
            }
        },
        "relations": {}
    },
    {
        "file_ID": "1091_0000079",
        "sent_NP_ID": "7_21",
        "sentence": "Das hoffenlich von Ihnem werden Danke für Ihrem Helfen .",
        "metadata": {
            "corpus": "MERLIN_DE",
            "author": {
                "author_ID": "1091_0000079",
                "L1": "Spanish",
                "age": "35",
                "gender": "female"
            },
            "CEFR": {
                "overall_fairRating": "B1",
                "test_level": "A2"
            },
            "task": {
                "formality": "formal",
                "text_type": "letter",
                "topic": "letter to housing office"
            }
        },
        "NP_info": {
            "len_np": 1,
            "coordination": null
        },
        "HEAD_info": {
            "head": {
                "H_TOK1": {
                    "word_type": "V",
                    "word_form": "werden",
                    "lemma": "werden",
                    "POS_STTS": "VAFIN",
                    "index": "5",
                    "dep_rel": "root",
                    "head_index": "0",
                    "parser_morph_features": "_|Pl|Pres|_"
                }
            },
            "super_head": {}
        },
        "POST_info": {
            "P_TOK1": {
                "word_type": "PREP",
                "word_form": "für",
                "lemma": "für",
                "POS_STTS": "APPR",
                "index": "7",
                "dep_rel": "pp",
                "head_index": "6",
                "parser_morph_features": "Acc"
            }
        },
        "TOK_info": {
            "TOK1": {
                "word_type": "N",
                "word_form": "Danke",
                "lemma": "Dank",
                "POS_STTS": "NN",
                "index": "6",
                "dep_rel": "objd",
                "head_index": "5",
                "parser_morph_features": "Masc|Dat|Sg",
                "possible_morph_features": []
            }
        },
        "relations": {}
    },
    {
        "file_ID": "1091_0000079",
        "sent_NP_ID": "7_22",
        "sentence": "Das hoffenlich von Ihnem werden Danke für Ihrem Helfen .",
        "metadata": {
            "corpus": "MERLIN_DE",
            "author": {
                "author_ID": "1091_0000079",
                "L1": "Spanish",
                "age": "35",
                "gender": "female"
            },
            "CEFR": {
                "overall_fairRating": "B1",
                "test_level": "A2"
            },
            "task": {
                "formality": "formal",
                "text_type": "letter",
                "topic": "letter to housing office"
            }
        },
        "NP_info": {
            "len_np": 2,
            "coordination": null
        },
        "HEAD_info": {
            "head": {
                "H_TOK1": {
                    "word_type": "PREP",
                    "word_form": "für",
                    "lemma": "für",
                    "POS_STTS": "APPR",
                    "index": "7",
                    "dep_rel": "pp",
                    "head_index": "6",
                    "parser_morph_features": "Acc"
                }
            },
            "super_head": {
                "SH_TOK1": {
                    "word_type": "N",
                    "word_form": "Danke",
                    "lemma": "Dank",
                    "POS_STTS": "NN",
                    "index": "6",
                    "dep_rel": "objd",
                    "head_index": "5",
                    "parser_morph_features": "Masc|Dat|Sg"
                }
            }
        },
        "POST_info": {},
        "TOK_info": {
            "TOK1": {
                "word_type": "ART",
                "word_form": "Ihrem",
                "lemma": "ihre",
                "POS_STTS": "PPOSAT",
                "index": "8",
                "dep_rel": "det",
                "head_index": "9",
                "parser_morph_features": "Neut|Dat|Sg",
                "possible_morph_features": []
            },
            "TOK2": {
                "word_type": "N",
                "word_form": "Helfen",
                "lemma": "Helfen",
                "POS_STTS": "NN",
                "index": "9",
                "dep_rel": "pn",
                "head_index": "7",
                "parser_morph_features": "Neut|Dat|Sg",
                "possible_morph_features": []
            }
        },
        "relations": {
            "rel_1": {
                "rel_type": "must_agree",
                "involved": [
                    "TOK2",
                    "TOK1"
                ],
                "ruler": "TOK2",
                "possible_agreement": null
            }
        }
    },
    {
        "file_ID": "1091_0000079",
        "sent_NP_ID": "8_23",
        "sentence": "Vielen Grüßen .",
        "metadata": {
            "corpus": "MERLIN_DE",
            "author": {
                "author_ID": "1091_0000079",
                "L1": "Spanish",
                "age": "35",
                "gender": "female"
            },
            "CEFR": {
                "overall_fairRating": "B1",
                "test_level": "A2"
            },
            "task": {
                "formality": "formal",
                "text_type": "letter",
                "topic": "letter to housing office"
            }
        },
        "NP_info": {
            "len_np": 2,
            "coordination": null
        },
        "HEAD_info": {
            "head": {},
            "super_head": {}
        },
        "POST_info": {},
        "TOK_info": {
            "TOK1": {
                "word_type": "ART",
                "word_form": "Vielen",
                "lemma": "viele",
                "POS_STTS": "PIDAT",
                "index": "1",
                "dep_rel": "det",
                "head_index": "2",
                "parser_morph_features": "_|Dat|_",
                "possible_morph_features": []
            },
            "TOK2": {
                "word_type": "N",
                "word_form": "Grüßen",
                "lemma": "Gruß",
                "POS_STTS": "NN",
                "index": "2",
                "dep_rel": "root",
                "head_index": "0",
                "parser_morph_features": "_|Dat|_",
                "possible_morph_features": []
            }
        },
        "relations": {
            "rel_1": {
                "rel_type": "must_agree",
                "involved": [
                    "TOK2",
                    "TOK1"
                ],
                "ruler": "TOK2",
                "possible_agreement": null
            }
        }
    },
    {
        "file_ID": "1091_0000079",
        "sent_NP_ID": "9_24",
        "sentence": "Julia Müller",
        "metadata": {
            "corpus": "MERLIN_DE",
            "author": {
                "author_ID": "1091_0000079",
                "L1": "Spanish",
                "age": "35",
                "gender": "female"
            },
            "CEFR": {
                "overall_fairRating": "B1",
                "test_level": "A2"
            },
            "task": {
                "formality": "formal",
                "text_type": "letter",
                "topic": "letter to housing office"
            }
        },
        "NP_info": {
            "len_np": 1,
            "coordination": null
        },
        "HEAD_info": {
            "head": {},
            "super_head": {}
        },
        "POST_info": {
            "P_TOK1": {
                "word_type": "N",
                "word_form": "Müller",
                "lemma": "Müller",
                "POS_STTS": "NE",
                "index": "2",
                "dep_rel": "app",
                "head_index": "1",
                "parser_morph_features": "_|_|Sg"
            }
        },
        "TOK_info": {
            "TOK1": {
                "word_type": "N",
                "word_form": "Julia",
                "lemma": "Julia",
                "POS_STTS": "NE",
                "index": "1",
                "dep_rel": "root",
                "head_index": "0",
                "parser_morph_features": "_|_|Sg",
                "possible_morph_features": []
            }
        },
        "relations": {}
    },
    {
        "file_ID": "1091_0000079",
        "sent_NP_ID": "9_25",
        "sentence": "Julia Müller",
        "metadata": {
            "corpus": "MERLIN_DE",
            "author": {
                "author_ID": "1091_0000079",
                "L1": "Spanish",
                "age": "35",
                "gender": "female"
            },
            "CEFR": {
                "overall_fairRating": "B1",
                "test_level": "A2"
            },
            "task": {
                "formality": "formal",
                "text_type": "letter",
                "topic": "letter to housing office"
            }
        },
        "NP_info": {
            "len_np": 1,
            "coordination": null
        },
        "HEAD_info": {
            "head": {
                "H_TOK1": {
                    "word_type": "N",
                    "word_form": "Julia",
                    "lemma": "Julia",
                    "POS_STTS": "NE",
                    "index": "1",
                    "dep_rel": "root",
                    "head_index": "0",
                    "parser_morph_features": "_|_|Sg"
                }
            },
            "super_head": {}
        },
        "POST_info": {},
        "TOK_info": {
            "TOK1": {
                "word_type": "N",
                "word_form": "Müller",
                "lemma": "Müller",
                "POS_STTS": "NE",
                "index": "2",
                "dep_rel": "app",
                "head_index": "1",
                "parser_morph_features": "_|_|Sg",
                "possible_morph_features": []
            }
        },
        "relations": {}
    }
]