[
    {
        "file_ID": "1091_0000259",
        "sent_NP_ID": "1_1",
        "sentence": "13.03.12 Hallo Julia !",
        "metadata": {
            "corpus": "MERLIN_DE",
            "author": {
                "author_ID": "1091_0000259",
                "L1": "not reported",
                "age": "24",
                "gender": "male"
            },
            "CEFR": {
                "overall_fairRating": "B1",
                "test_level": "A2"
            },
            "task": {
                "formality": "informal",
                "text_type": "not specified",
                "topic": "offer a ticket not used to a friend"
            }
        },
        "NP_info": {
            "len_np": 1,
            "coordination": null
        },
        "HEAD_info": {
            "head": {},
            "super_head": {}
        },
        "POST_info": {
            "P_TOK1": {
                "word_type": "N",
                "word_form": "Julia",
                "lemma": "Julia",
                "POS_STTS": "NE",
                "index": "3",
                "dep_rel": "app",
                "head_index": "2",
                "parser_morph_features": "Fem|_|Sg"
            }
        },
        "TOK_info": {
            "TOK1": {
                "word_type": "N",
                "word_form": "Hallo",
                "lemma": "Hallo",
                "POS_STTS": "NN",
                "index": "2",
                "dep_rel": "root",
                "head_index": "0",
                "parser_morph_features": "Neut|_|Sg",
                "possible_morph_features": []
            }
        },
        "relations": {}
    },
    {
        "file_ID": "1091_0000259",
        "sent_NP_ID": "1_2",
        "sentence": "13.03.12 Hallo Julia !",
        "metadata": {
            "corpus": "MERLIN_DE",
            "author": {
                "author_ID": "1091_0000259",
                "L1": "not reported",
                "age": "24",
                "gender": "male"
            },
            "CEFR": {
                "overall_fairRating": "B1",
                "test_level": "A2"
            },
            "task": {
                "formality": "informal",
                "text_type": "not specified",
                "topic": "offer a ticket not used to a friend"
            }
        },
        "NP_info": {
            "len_np": 1,
            "coordination": null
        },
        "HEAD_info": {
            "head": {
                "H_TOK1": {
                    "word_type": "N",
                    "word_form": "Hallo",
                    "lemma": "Hallo",
                    "POS_STTS": "NN",
                    "index": "2",
                    "dep_rel": "root",
                    "head_index": "0",
                    "parser_morph_features": "Neut|_|Sg"
                }
            },
            "super_head": {}
        },
        "POST_info": {},
        "TOK_info": {
            "TOK1": {
                "word_type": "N",
                "word_form": "Julia",
                "lemma": "Julia",
                "POS_STTS": "NE",
                "index": "3",
                "dep_rel": "app",
                "head_index": "2",
                "parser_morph_features": "Fem|_|Sg",
                "possible_morph_features": []
            }
        },
        "relations": {}
    },
    {
        "file_ID": "1091_0000259",
        "sent_NP_ID": "2_3",
        "sentence": "Wie geht ´ s ?",
        "metadata": {
            "corpus": "MERLIN_DE",
            "author": {
                "author_ID": "1091_0000259",
                "L1": "not reported",
                "age": "24",
                "gender": "male"
            },
            "CEFR": {
                "overall_fairRating": "B1",
                "test_level": "A2"
            },
            "task": {
                "formality": "informal",
                "text_type": "not specified",
                "topic": "offer a ticket not used to a friend"
            }
        },
        "NP_info": {
            "len_np": 1,
            "coordination": null
        },
        "HEAD_info": {
            "head": {
                "H_TOK1": {
                    "word_type": "V",
                    "word_form": "geht",
                    "lemma": "gehen",
                    "POS_STTS": "VVFIN",
                    "index": "2",
                    "dep_rel": "root",
                    "head_index": "0",
                    "parser_morph_features": "3|Sg|Pres|Ind"
                }
            },
            "super_head": {}
        },
        "POST_info": {},
        "TOK_info": {
            "TOK1": {
                "word_type": "N",
                "word_form": "´",
                "lemma": "´",
                "POS_STTS": "NE",
                "index": "3",
                "dep_rel": "subj",
                "head_index": "2",
                "parser_morph_features": "_|Nom|Sg",
                "possible_morph_features": []
            }
        },
        "relations": {}
    },
    {
        "file_ID": "1091_0000259",
        "sent_NP_ID": "3_4",
        "sentence": "Mir geht ´ s gut .",
        "metadata": {
            "corpus": "MERLIN_DE",
            "author": {
                "author_ID": "1091_0000259",
                "L1": "not reported",
                "age": "24",
                "gender": "male"
            },
            "CEFR": {
                "overall_fairRating": "B1",
                "test_level": "A2"
            },
            "task": {
                "formality": "informal",
                "text_type": "not specified",
                "topic": "offer a ticket not used to a friend"
            }
        },
        "NP_info": {
            "len_np": 1,
            "coordination": null
        },
        "HEAD_info": {
            "head": {
                "H_TOK1": {
                    "word_type": "V",
                    "word_form": "geht",
                    "lemma": "gehen",
                    "POS_STTS": "VVFIN",
                    "index": "2",
                    "dep_rel": "root",
                    "head_index": "0",
                    "parser_morph_features": "3|Sg|Pres|Ind"
                }
            },
            "super_head": {}
        },
        "POST_info": {},
        "TOK_info": {
            "TOK1": {
                "word_type": "N",
                "word_form": "´",
                "lemma": "´",
                "POS_STTS": "NE",
                "index": "3",
                "dep_rel": "subj",
                "head_index": "2",
                "parser_morph_features": "_|Nom|Sg",
                "possible_morph_features": []
            }
        },
        "relations": {}
    },
    {
        "file_ID": "1091_0000259",
        "sent_NP_ID": "4_5",
        "sentence": "ich habe eine Frage .",
        "metadata": {
            "corpus": "MERLIN_DE",
            "author": {
                "author_ID": "1091_0000259",
                "L1": "not reported",
                "age": "24",
                "gender": "male"
            },
            "CEFR": {
                "overall_fairRating": "B1",
                "test_level": "A2"
            },
            "task": {
                "formality": "informal",
                "text_type": "not specified",
                "topic": "offer a ticket not used to a friend"
            }
        },
        "NP_info": {
            "len_np": 2,
            "coordination": null
        },
        "HEAD_info": {
            "head": {
                "H_TOK1": {
                    "word_type": "V",
                    "word_form": "habe",
                    "lemma": "haben",
                    "POS_STTS": "VAFIN",
                    "index": "2",
                    "dep_rel": "root",
                    "head_index": "0",
                    "parser_morph_features": "1|Sg|Pres|_"
                }
            },
            "super_head": {}
        },
        "POST_info": {},
        "TOK_info": {
            "TOK1": {
                "word_type": "ART",
                "word_form": "eine",
                "lemma": "eine",
                "POS_STTS": "ART",
                "index": "3",
                "dep_rel": "det",
                "head_index": "4",
                "parser_morph_features": "Indef|Fem|Acc|Sg",
                "possible_morph_features": []
            },
            "TOK2": {
                "word_type": "N",
                "word_form": "Frage",
                "lemma": "Frage",
                "POS_STTS": "NN",
                "index": "4",
                "dep_rel": "obja",
                "head_index": "2",
                "parser_morph_features": "Fem|Acc|Sg",
                "possible_morph_features": []
            }
        },
        "relations": {
            "rel_1": {
                "rel_type": "must_agree",
                "involved": [
                    "TOK2",
                    "TOK1"
                ],
                "ruler": "TOK2",
                "possible_agreement": null
            }
        }
    },
    {
        "file_ID": "1091_0000259",
        "sent_NP_ID": "5_6",
        "sentence": "Ich habe eine Fahrkarte für einen Wochenendausflug gekauft .",
        "metadata": {
            "corpus": "MERLIN_DE",
            "author": {
                "author_ID": "1091_0000259",
                "L1": "not reported",
                "age": "24",
                "gender": "male"
            },
            "CEFR": {
                "overall_fairRating": "B1",
                "test_level": "A2"
            },
            "task": {
                "formality": "informal",
                "text_type": "not specified",
                "topic": "offer a ticket not used to a friend"
            }
        },
        "NP_info": {
            "len_np": 2,
            "coordination": null
        },
        "HEAD_info": {
            "head": {
                "H_TOK1": {
                    "word_type": "V",
                    "word_form": "gekauft",
                    "lemma": "kaufen",
                    "POS_STTS": "VVPP",
                    "index": "8",
                    "dep_rel": "aux",
                    "head_index": "2",
                    "parser_morph_features": "_"
                }
            },
            "super_head": {
                "SH_TOK1": {
                    "word_type": "V",
                    "word_form": "habe",
                    "lemma": "haben",
                    "POS_STTS": "VAFIN",
                    "index": "2",
                    "dep_rel": "root",
                    "head_index": "0",
                    "parser_morph_features": "1|Sg|Pres|_"
                }
            }
        },
        "POST_info": {
            "P_TOK1": {
                "word_type": "PREP",
                "word_form": "für",
                "lemma": "für",
                "POS_STTS": "APPR",
                "index": "5",
                "dep_rel": "pp",
                "head_index": "4",
                "parser_morph_features": "Acc"
            }
        },
        "TOK_info": {
            "TOK1": {
                "word_type": "ART",
                "word_form": "eine",
                "lemma": "eine",
                "POS_STTS": "ART",
                "index": "3",
                "dep_rel": "det",
                "head_index": "4",
                "parser_morph_features": "Indef|Fem|Acc|Sg",
                "possible_morph_features": []
            },
            "TOK2": {
                "word_type": "N",
                "word_form": "Fahrkarte",
                "lemma": "Fahrkarte",
                "POS_STTS": "NN",
                "index": "4",
                "dep_rel": "obja",
                "head_index": "8",
                "parser_morph_features": "Fem|Acc|Sg",
                "possible_morph_features": []
            }
        },
        "relations": {
            "rel_1": {
                "rel_type": "must_agree",
                "involved": [
                    "TOK2",
                    "TOK1"
                ],
                "ruler": "TOK2",
                "possible_agreement": null
            }
        }
    },
    {
        "file_ID": "1091_0000259",
        "sent_NP_ID": "5_7",
        "sentence": "Ich habe eine Fahrkarte für einen Wochenendausflug gekauft .",
        "metadata": {
            "corpus": "MERLIN_DE",
            "author": {
                "author_ID": "1091_0000259",
                "L1": "not reported",
                "age": "24",
                "gender": "male"
            },
            "CEFR": {
                "overall_fairRating": "B1",
                "test_level": "A2"
            },
            "task": {
                "formality": "informal",
                "text_type": "not specified",
                "topic": "offer a ticket not used to a friend"
            }
        },
        "NP_info": {
            "len_np": 2,
            "coordination": null
        },
        "HEAD_info": {
            "head": {
                "H_TOK1": {
                    "word_type": "PREP",
                    "word_form": "für",
                    "lemma": "für",
                    "POS_STTS": "APPR",
                    "index": "5",
                    "dep_rel": "pp",
                    "head_index": "4",
                    "parser_morph_features": "Acc"
                }
            },
            "super_head": {
                "SH_TOK1": {
                    "word_type": "N",
                    "word_form": "Fahrkarte",
                    "lemma": "Fahrkarte",
                    "POS_STTS": "NN",
                    "index": "4",
                    "dep_rel": "obja",
                    "head_index": "8",
                    "parser_morph_features": "Fem|Acc|Sg"
                }
            }
        },
        "POST_info": {},
        "TOK_info": {
            "TOK1": {
                "word_type": "ART",
                "word_form": "einen",
                "lemma": "eine",
                "POS_STTS": "ART",
                "index": "6",
                "dep_rel": "det",
                "head_index": "7",
                "parser_morph_features": "Indef|Masc|Acc|Sg",
                "possible_morph_features": []
            },
            "TOK2": {
                "word_type": "N",
                "word_form": "Wochenendausflug",
                "lemma": "Wochenendausflug",
                "POS_STTS": "NN",
                "index": "7",
                "dep_rel": "pn",
                "head_index": "5",
                "parser_morph_features": "Masc|Acc|Sg",
                "possible_morph_features": []
            }
        },
        "relations": {
            "rel_1": {
                "rel_type": "must_agree",
                "involved": [
                    "TOK2",
                    "TOK1"
                ],
                "ruler": "TOK2",
                "possible_agreement": null
            }
        }
    },
    {
        "file_ID": "1091_0000259",
        "sent_NP_ID": "7_8",
        "sentence": "Die Fahrkarte ist für 14.03 ~ 19.03 .",
        "metadata": {
            "corpus": "MERLIN_DE",
            "author": {
                "author_ID": "1091_0000259",
                "L1": "not reported",
                "age": "24",
                "gender": "male"
            },
            "CEFR": {
                "overall_fairRating": "B1",
                "test_level": "A2"
            },
            "task": {
                "formality": "informal",
                "text_type": "not specified",
                "topic": "offer a ticket not used to a friend"
            }
        },
        "NP_info": {
            "len_np": 2,
            "coordination": null
        },
        "HEAD_info": {
            "head": {
                "H_TOK1": {
                    "word_type": "V",
                    "word_form": "ist",
                    "lemma": "sein",
                    "POS_STTS": "VAFIN",
                    "index": "3",
                    "dep_rel": "root",
                    "head_index": "0",
                    "parser_morph_features": "3|Sg|Pres|Ind"
                }
            },
            "super_head": {}
        },
        "POST_info": {},
        "TOK_info": {
            "TOK1": {
                "word_type": "ART",
                "word_form": "Die",
                "lemma": "die",
                "POS_STTS": "ART",
                "index": "1",
                "dep_rel": "det",
                "head_index": "2",
                "parser_morph_features": "Def|Fem|Nom|Sg",
                "possible_morph_features": []
            },
            "TOK2": {
                "word_type": "N",
                "word_form": "Fahrkarte",
                "lemma": "Fahrkarte",
                "POS_STTS": "NN",
                "index": "2",
                "dep_rel": "subj",
                "head_index": "3",
                "parser_morph_features": "Fem|Nom|Sg",
                "possible_morph_features": []
            }
        },
        "relations": {
            "rel_1": {
                "rel_type": "must_agree",
                "involved": [
                    "TOK2",
                    "TOK1"
                ],
                "ruler": "TOK2",
                "possible_agreement": null
            }
        }
    },
    {
        "file_ID": "1091_0000259",
        "sent_NP_ID": "8_9",
        "sentence": "Aus Stadt X nach Stadt Y am 17.03 und aus Stadt Y nach Stadt X am 19.03 .",
        "metadata": {
            "corpus": "MERLIN_DE",
            "author": {
                "author_ID": "1091_0000259",
                "L1": "not reported",
                "age": "24",
                "gender": "male"
            },
            "CEFR": {
                "overall_fairRating": "B1",
                "test_level": "A2"
            },
            "task": {
                "formality": "informal",
                "text_type": "not specified",
                "topic": "offer a ticket not used to a friend"
            }
        },
        "NP_info": {
            "len_np": 1,
            "coordination": null
        },
        "HEAD_info": {
            "head": {
                "H_TOK1": {
                    "word_type": "PREP",
                    "word_form": "Aus",
                    "lemma": "aus",
                    "POS_STTS": "APPR",
                    "index": "1",
                    "dep_rel": "root",
                    "head_index": "0",
                    "parser_morph_features": "Dat"
                }
            },
            "super_head": {}
        },
        "POST_info": {
            "P_TOK1": {
                "word_type": "N",
                "word_form": "X",
                "lemma": "X",
                "POS_STTS": "NE",
                "index": "3",
                "dep_rel": "app",
                "head_index": "2",
                "parser_morph_features": "Fem|Dat|Sg"
            }
        },
        "TOK_info": {
            "TOK1": {
                "word_type": "N",
                "word_form": "Stadt",
                "lemma": "Stadt",
                "POS_STTS": "NN",
                "index": "2",
                "dep_rel": "pn",
                "head_index": "1",
                "parser_morph_features": "Fem|Dat|Sg",
                "possible_morph_features": []
            }
        },
        "relations": {}
    },
    {
        "file_ID": "1091_0000259",
        "sent_NP_ID": "8_10",
        "sentence": "Aus Stadt X nach Stadt Y am 17.03 und aus Stadt Y nach Stadt X am 19.03 .",
        "metadata": {
            "corpus": "MERLIN_DE",
            "author": {
                "author_ID": "1091_0000259",
                "L1": "not reported",
                "age": "24",
                "gender": "male"
            },
            "CEFR": {
                "overall_fairRating": "B1",
                "test_level": "A2"
            },
            "task": {
                "formality": "informal",
                "text_type": "not specified",
                "topic": "offer a ticket not used to a friend"
            }
        },
        "NP_info": {
            "len_np": 1,
            "coordination": null
        },
        "HEAD_info": {
            "head": {
                "H_TOK1": {
                    "word_type": "N",
                    "word_form": "Stadt",
                    "lemma": "Stadt",
                    "POS_STTS": "NN",
                    "index": "2",
                    "dep_rel": "pn",
                    "head_index": "1",
                    "parser_morph_features": "Fem|Dat|Sg"
                }
            },
            "super_head": {
                "SH_TOK1": {
                    "word_type": "PREP",
                    "word_form": "Aus",
                    "lemma": "aus",
                    "POS_STTS": "APPR",
                    "index": "1",
                    "dep_rel": "root",
                    "head_index": "0",
                    "parser_morph_features": "Dat"
                }
            }
        },
        "POST_info": {},
        "TOK_info": {
            "TOK1": {
                "word_type": "N",
                "word_form": "X",
                "lemma": "X",
                "POS_STTS": "NE",
                "index": "3",
                "dep_rel": "app",
                "head_index": "2",
                "parser_morph_features": "Fem|Dat|Sg",
                "possible_morph_features": []
            }
        },
        "relations": {}
    },
    {
        "file_ID": "1091_0000259",
        "sent_NP_ID": "8_11",
        "sentence": "Aus Stadt X nach Stadt Y am 17.03 und aus Stadt Y nach Stadt X am 19.03 .",
        "metadata": {
            "corpus": "MERLIN_DE",
            "author": {
                "author_ID": "1091_0000259",
                "L1": "not reported",
                "age": "24",
                "gender": "male"
            },
            "CEFR": {
                "overall_fairRating": "B1",
                "test_level": "A2"
            },
            "task": {
                "formality": "informal",
                "text_type": "not specified",
                "topic": "offer a ticket not used to a friend"
            }
        },
        "NP_info": {
            "len_np": 1,
            "coordination": null
        },
        "HEAD_info": {
            "head": {
                "H_TOK1": {
                    "word_type": "PREP",
                    "word_form": "nach",
                    "lemma": "nach",
                    "POS_STTS": "APPR",
                    "index": "4",
                    "dep_rel": "kon",
                    "head_index": "1",
                    "parser_morph_features": "Dat"
                }
            },
            "super_head": {
                "SH_TOK1": {
                    "word_type": "PREP",
                    "word_form": "Aus",
                    "lemma": "aus",
                    "POS_STTS": "APPR",
                    "index": "1",
                    "dep_rel": "root",
                    "head_index": "0",
                    "parser_morph_features": "Dat"
                }
            }
        },
        "POST_info": {
            "P_TOK1": {
                "word_type": "N",
                "word_form": "Y",
                "lemma": "Y",
                "POS_STTS": "NE",
                "index": "6",
                "dep_rel": "app",
                "head_index": "5",
                "parser_morph_features": "Fem|Dat|Sg"
            },
            "P_TOK2": {
                "word_type": "PREP",
                "word_form": "am",
                "lemma": "an",
                "POS_STTS": "APPRART",
                "index": "7",
                "dep_rel": "pp",
                "head_index": "5",
                "parser_morph_features": "Dat"
            }
        },
        "TOK_info": {
            "TOK1": {
                "word_type": "N",
                "word_form": "Stadt",
                "lemma": "Stadt",
                "POS_STTS": "NN",
                "index": "5",
                "dep_rel": "pn",
                "head_index": "4",
                "parser_morph_features": "Fem|Dat|Sg",
                "possible_morph_features": []
            }
        },
        "relations": {}
    },
    {
        "file_ID": "1091_0000259",
        "sent_NP_ID": "8_12",
        "sentence": "Aus Stadt X nach Stadt Y am 17.03 und aus Stadt Y nach Stadt X am 19.03 .",
        "metadata": {
            "corpus": "MERLIN_DE",
            "author": {
                "author_ID": "1091_0000259",
                "L1": "not reported",
                "age": "24",
                "gender": "male"
            },
            "CEFR": {
                "overall_fairRating": "B1",
                "test_level": "A2"
            },
            "task": {
                "formality": "informal",
                "text_type": "not specified",
                "topic": "offer a ticket not used to a friend"
            }
        },
        "NP_info": {
            "len_np": 1,
            "coordination": null
        },
        "HEAD_info": {
            "head": {
                "H_TOK1": {
                    "word_type": "N",
                    "word_form": "Stadt",
                    "lemma": "Stadt",
                    "POS_STTS": "NN",
                    "index": "5",
                    "dep_rel": "pn",
                    "head_index": "4",
                    "parser_morph_features": "Fem|Dat|Sg"
                }
            },
            "super_head": {
                "SH_TOK1": {
                    "word_type": "PREP",
                    "word_form": "nach",
                    "lemma": "nach",
                    "POS_STTS": "APPR",
                    "index": "4",
                    "dep_rel": "kon",
                    "head_index": "1",
                    "parser_morph_features": "Dat"
                }
            }
        },
        "POST_info": {},
        "TOK_info": {
            "TOK1": {
                "word_type": "N",
                "word_form": "Y",
                "lemma": "Y",
                "POS_STTS": "NE",
                "index": "6",
                "dep_rel": "app",
                "head_index": "5",
                "parser_morph_features": "Fem|Dat|Sg",
                "possible_morph_features": []
            }
        },
        "relations": {}
    },
    {
        "file_ID": "1091_0000259",
        "sent_NP_ID": "8_13",
        "sentence": "Aus Stadt X nach Stadt Y am 17.03 und aus Stadt Y nach Stadt X am 19.03 .",
        "metadata": {
            "corpus": "MERLIN_DE",
            "author": {
                "author_ID": "1091_0000259",
                "L1": "not reported",
                "age": "24",
                "gender": "male"
            },
            "CEFR": {
                "overall_fairRating": "B1",
                "test_level": "A2"
            },
            "task": {
                "formality": "informal",
                "text_type": "not specified",
                "topic": "offer a ticket not used to a friend"
            }
        },
        "NP_info": {
            "len_np": 1,
            "coordination": null
        },
        "HEAD_info": {
            "head": {
                "H_TOK1": {
                    "word_type": "PREP",
                    "word_form": "am",
                    "lemma": "an",
                    "POS_STTS": "APPRART",
                    "index": "7",
                    "dep_rel": "pp",
                    "head_index": "5",
                    "parser_morph_features": "Dat"
                }
            },
            "super_head": {
                "SH_TOK1": {
                    "word_type": "N",
                    "word_form": "Stadt",
                    "lemma": "Stadt",
                    "POS_STTS": "NN",
                    "index": "5",
                    "dep_rel": "pn",
                    "head_index": "4",
                    "parser_morph_features": "Fem|Dat|Sg"
                }
            }
        },
        "POST_info": {},
        "TOK_info": {
            "TOK1": {
                "word_type": "N",
                "word_form": "17.03",
                "lemma": "17.03",
                "POS_STTS": "NN",
                "index": "8",
                "dep_rel": "pn",
                "head_index": "7",
                "parser_morph_features": "_|Dat|_",
                "possible_morph_features": []
            }
        },
        "relations": {
            "rel_1": {
                "rel_type": "must_agree",
                "involved": [
                    "TOK1",
                    "H_TOK1"
                ],
                "ruler": "TOK1",
                "possible_agreement": null
            }
        }
    },
    {
        "file_ID": "1091_0000259",
        "sent_NP_ID": "8_14",
        "sentence": "Aus Stadt X nach Stadt Y am 17.03 und aus Stadt Y nach Stadt X am 19.03 .",
        "metadata": {
            "corpus": "MERLIN_DE",
            "author": {
                "author_ID": "1091_0000259",
                "L1": "not reported",
                "age": "24",
                "gender": "male"
            },
            "CEFR": {
                "overall_fairRating": "B1",
                "test_level": "A2"
            },
            "task": {
                "formality": "informal",
                "text_type": "not specified",
                "topic": "offer a ticket not used to a friend"
            }
        },
        "NP_info": {
            "len_np": 1,
            "coordination": null
        },
        "HEAD_info": {
            "head": {
                "H_TOK1": {
                    "word_type": "PREP",
                    "word_form": "aus",
                    "lemma": "aus",
                    "POS_STTS": "APPR",
                    "index": "10",
                    "dep_rel": "cj",
                    "head_index": "9",
                    "parser_morph_features": "Dat"
                }
            },
            "super_head": {
                "SH_TOK1": {
                    "word_type": "KON",
                    "word_form": "und",
                    "lemma": "und",
                    "POS_STTS": "KON",
                    "index": "9",
                    "dep_rel": "kon",
                    "head_index": "7",
                    "parser_morph_features": "_"
                }
            }
        },
        "POST_info": {
            "P_TOK1": {
                "word_type": "N",
                "word_form": "Y",
                "lemma": "Y",
                "POS_STTS": "NE",
                "index": "12",
                "dep_rel": "app",
                "head_index": "11",
                "parser_morph_features": "Fem|Dat|Sg"
            }
        },
        "TOK_info": {
            "TOK1": {
                "word_type": "N",
                "word_form": "Stadt",
                "lemma": "Stadt",
                "POS_STTS": "NN",
                "index": "11",
                "dep_rel": "pn",
                "head_index": "10",
                "parser_morph_features": "Fem|Dat|Sg",
                "possible_morph_features": []
            }
        },
        "relations": {}
    },
    {
        "file_ID": "1091_0000259",
        "sent_NP_ID": "8_15",
        "sentence": "Aus Stadt X nach Stadt Y am 17.03 und aus Stadt Y nach Stadt X am 19.03 .",
        "metadata": {
            "corpus": "MERLIN_DE",
            "author": {
                "author_ID": "1091_0000259",
                "L1": "not reported",
                "age": "24",
                "gender": "male"
            },
            "CEFR": {
                "overall_fairRating": "B1",
                "test_level": "A2"
            },
            "task": {
                "formality": "informal",
                "text_type": "not specified",
                "topic": "offer a ticket not used to a friend"
            }
        },
        "NP_info": {
            "len_np": 1,
            "coordination": null
        },
        "HEAD_info": {
            "head": {
                "H_TOK1": {
                    "word_type": "N",
                    "word_form": "Stadt",
                    "lemma": "Stadt",
                    "POS_STTS": "NN",
                    "index": "11",
                    "dep_rel": "pn",
                    "head_index": "10",
                    "parser_morph_features": "Fem|Dat|Sg"
                }
            },
            "super_head": {
                "SH_TOK1": {
                    "word_type": "PREP",
                    "word_form": "aus",
                    "lemma": "aus",
                    "POS_STTS": "APPR",
                    "index": "10",
                    "dep_rel": "cj",
                    "head_index": "9",
                    "parser_morph_features": "Dat"
                }
            }
        },
        "POST_info": {},
        "TOK_info": {
            "TOK1": {
                "word_type": "N",
                "word_form": "Y",
                "lemma": "Y",
                "POS_STTS": "NE",
                "index": "12",
                "dep_rel": "app",
                "head_index": "11",
                "parser_morph_features": "Fem|Dat|Sg",
                "possible_morph_features": []
            }
        },
        "relations": {}
    },
    {
        "file_ID": "1091_0000259",
        "sent_NP_ID": "8_16",
        "sentence": "Aus Stadt X nach Stadt Y am 17.03 und aus Stadt Y nach Stadt X am 19.03 .",
        "metadata": {
            "corpus": "MERLIN_DE",
            "author": {
                "author_ID": "1091_0000259",
                "L1": "not reported",
                "age": "24",
                "gender": "male"
            },
            "CEFR": {
                "overall_fairRating": "B1",
                "test_level": "A2"
            },
            "task": {
                "formality": "informal",
                "text_type": "not specified",
                "topic": "offer a ticket not used to a friend"
            }
        },
        "NP_info": {
            "len_np": 1,
            "coordination": null
        },
        "HEAD_info": {
            "head": {
                "H_TOK1": {
                    "word_type": "PREP",
                    "word_form": "nach",
                    "lemma": "nach",
                    "POS_STTS": "APPR",
                    "index": "13",
                    "dep_rel": "kon",
                    "head_index": "10",
                    "parser_morph_features": "Dat"
                }
            },
            "super_head": {
                "SH_TOK1": {
                    "word_type": "PREP",
                    "word_form": "aus",
                    "lemma": "aus",
                    "POS_STTS": "APPR",
                    "index": "10",
                    "dep_rel": "cj",
                    "head_index": "9",
                    "parser_morph_features": "Dat"
                }
            }
        },
        "POST_info": {
            "P_TOK1": {
                "word_type": "N",
                "word_form": "X",
                "lemma": "X",
                "POS_STTS": "NE",
                "index": "15",
                "dep_rel": "app",
                "head_index": "14",
                "parser_morph_features": "Fem|Dat|Sg"
            },
            "P_TOK2": {
                "word_type": "PREP",
                "word_form": "am",
                "lemma": "an",
                "POS_STTS": "APPRART",
                "index": "16",
                "dep_rel": "pp",
                "head_index": "14",
                "parser_morph_features": "Dat"
            }
        },
        "TOK_info": {
            "TOK1": {
                "word_type": "N",
                "word_form": "Stadt",
                "lemma": "Stadt",
                "POS_STTS": "NN",
                "index": "14",
                "dep_rel": "pn",
                "head_index": "13",
                "parser_morph_features": "Fem|Dat|Sg",
                "possible_morph_features": []
            }
        },
        "relations": {}
    },
    {
        "file_ID": "1091_0000259",
        "sent_NP_ID": "8_17",
        "sentence": "Aus Stadt X nach Stadt Y am 17.03 und aus Stadt Y nach Stadt X am 19.03 .",
        "metadata": {
            "corpus": "MERLIN_DE",
            "author": {
                "author_ID": "1091_0000259",
                "L1": "not reported",
                "age": "24",
                "gender": "male"
            },
            "CEFR": {
                "overall_fairRating": "B1",
                "test_level": "A2"
            },
            "task": {
                "formality": "informal",
                "text_type": "not specified",
                "topic": "offer a ticket not used to a friend"
            }
        },
        "NP_info": {
            "len_np": 1,
            "coordination": null
        },
        "HEAD_info": {
            "head": {
                "H_TOK1": {
                    "word_type": "N",
                    "word_form": "Stadt",
                    "lemma": "Stadt",
                    "POS_STTS": "NN",
                    "index": "14",
                    "dep_rel": "pn",
                    "head_index": "13",
                    "parser_morph_features": "Fem|Dat|Sg"
                }
            },
            "super_head": {
                "SH_TOK1": {
                    "word_type": "PREP",
                    "word_form": "nach",
                    "lemma": "nach",
                    "POS_STTS": "APPR",
                    "index": "13",
                    "dep_rel": "kon",
                    "head_index": "10",
                    "parser_morph_features": "Dat"
                }
            }
        },
        "POST_info": {},
        "TOK_info": {
            "TOK1": {
                "word_type": "N",
                "word_form": "X",
                "lemma": "X",
                "POS_STTS": "NE",
                "index": "15",
                "dep_rel": "app",
                "head_index": "14",
                "parser_morph_features": "Fem|Dat|Sg",
                "possible_morph_features": []
            }
        },
        "relations": {}
    },
    {
        "file_ID": "1091_0000259",
        "sent_NP_ID": "9_18",
        "sentence": "Ich wollte mein Freund besuchte , aber habe ich mein Lektion mit meinem Lehrer vergesst .",
        "metadata": {
            "corpus": "MERLIN_DE",
            "author": {
                "author_ID": "1091_0000259",
                "L1": "not reported",
                "age": "24",
                "gender": "male"
            },
            "CEFR": {
                "overall_fairRating": "B1",
                "test_level": "A2"
            },
            "task": {
                "formality": "informal",
                "text_type": "not specified",
                "topic": "offer a ticket not used to a friend"
            }
        },
        "NP_info": {
            "len_np": 2,
            "coordination": null
        },
        "HEAD_info": {
            "head": {
                "H_TOK1": {
                    "word_type": "V",
                    "word_form": "besuchte",
                    "lemma": "besuchen",
                    "POS_STTS": "VVFIN",
                    "index": "5",
                    "dep_rel": "root",
                    "head_index": "0",
                    "parser_morph_features": "3|Sg|Past|_"
                }
            },
            "super_head": {}
        },
        "POST_info": {},
        "TOK_info": {
            "TOK1": {
                "word_type": "ART",
                "word_form": "mein",
                "lemma": "meine",
                "POS_STTS": "PPOSAT",
                "index": "3",
                "dep_rel": "det",
                "head_index": "4",
                "parser_morph_features": "Masc|Nom|Sg",
                "possible_morph_features": []
            },
            "TOK2": {
                "word_type": "N",
                "word_form": "Freund",
                "lemma": "Freund",
                "POS_STTS": "NN",
                "index": "4",
                "dep_rel": "subj",
                "head_index": "5",
                "parser_morph_features": "Masc|Nom|Sg",
                "possible_morph_features": []
            }
        },
        "relations": {
            "rel_1": {
                "rel_type": "must_agree",
                "involved": [
                    "TOK2",
                    "TOK1"
                ],
                "ruler": "TOK2",
                "possible_agreement": null
            }
        }
    },
    {
        "file_ID": "1091_0000259",
        "sent_NP_ID": "9_19",
        "sentence": "Ich wollte mein Freund besuchte , aber habe ich mein Lektion mit meinem Lehrer vergesst .",
        "metadata": {
            "corpus": "MERLIN_DE",
            "author": {
                "author_ID": "1091_0000259",
                "L1": "not reported",
                "age": "24",
                "gender": "male"
            },
            "CEFR": {
                "overall_fairRating": "B1",
                "test_level": "A2"
            },
            "task": {
                "formality": "informal",
                "text_type": "not specified",
                "topic": "offer a ticket not used to a friend"
            }
        },
        "NP_info": {
            "len_np": 2,
            "coordination": null
        },
        "HEAD_info": {
            "head": {
                "H_TOK1": {
                    "word_type": "V",
                    "word_form": "habe",
                    "lemma": "haben",
                    "POS_STTS": "VAFIN",
                    "index": "8",
                    "dep_rel": "cj",
                    "head_index": "7",
                    "parser_morph_features": "1|Sg|Pres|_"
                }
            },
            "super_head": {
                "SH_TOK1": {
                    "word_type": "KON",
                    "word_form": "aber",
                    "lemma": "aber",
                    "POS_STTS": "KON",
                    "index": "7",
                    "dep_rel": "kon",
                    "head_index": "5",
                    "parser_morph_features": "_"
                }
            }
        },
        "POST_info": {},
        "TOK_info": {
            "TOK1": {
                "word_type": "ART",
                "word_form": "mein",
                "lemma": "meine",
                "POS_STTS": "PPOSAT",
                "index": "10",
                "dep_rel": "det",
                "head_index": "11",
                "parser_morph_features": "Neut|Acc|Sg",
                "possible_morph_features": []
            },
            "TOK2": {
                "word_type": "N",
                "word_form": "Lektion",
                "lemma": "Lektion",
                "POS_STTS": "NN",
                "index": "11",
                "dep_rel": "obja",
                "head_index": "8",
                "parser_morph_features": "Neut|Acc|Sg",
                "possible_morph_features": []
            }
        },
        "relations": {
            "rel_1": {
                "rel_type": "must_agree",
                "involved": [
                    "TOK2",
                    "TOK1"
                ],
                "ruler": "TOK2",
                "possible_agreement": null
            }
        }
    },
    {
        "file_ID": "1091_0000259",
        "sent_NP_ID": "9_20",
        "sentence": "Ich wollte mein Freund besuchte , aber habe ich mein Lektion mit meinem Lehrer vergesst .",
        "metadata": {
            "corpus": "MERLIN_DE",
            "author": {
                "author_ID": "1091_0000259",
                "L1": "not reported",
                "age": "24",
                "gender": "male"
            },
            "CEFR": {
                "overall_fairRating": "B1",
                "test_level": "A2"
            },
            "task": {
                "formality": "informal",
                "text_type": "not specified",
                "topic": "offer a ticket not used to a friend"
            }
        },
        "NP_info": {
            "len_np": 2,
            "coordination": null
        },
        "HEAD_info": {
            "head": {
                "H_TOK1": {
                    "word_type": "PREP",
                    "word_form": "mit",
                    "lemma": "mit",
                    "POS_STTS": "APPR",
                    "index": "12",
                    "dep_rel": "pp",
                    "head_index": "8",
                    "parser_morph_features": "Dat"
                }
            },
            "super_head": {
                "SH_TOK1": {
                    "word_type": "V",
                    "word_form": "habe",
                    "lemma": "haben",
                    "POS_STTS": "VAFIN",
                    "index": "8",
                    "dep_rel": "cj",
                    "head_index": "7",
                    "parser_morph_features": "1|Sg|Pres|_"
                }
            }
        },
        "POST_info": {},
        "TOK_info": {
            "TOK1": {
                "word_type": "ART",
                "word_form": "meinem",
                "lemma": "meine",
                "POS_STTS": "PPOSAT",
                "index": "13",
                "dep_rel": "det",
                "head_index": "14",
                "parser_morph_features": "Masc|Dat|Sg",
                "possible_morph_features": []
            },
            "TOK2": {
                "word_type": "N",
                "word_form": "Lehrer",
                "lemma": "Lehrer",
                "POS_STTS": "NN",
                "index": "14",
                "dep_rel": "pn",
                "head_index": "12",
                "parser_morph_features": "Masc|Dat|Sg",
                "possible_morph_features": []
            }
        },
        "relations": {
            "rel_1": {
                "rel_type": "must_agree",
                "involved": [
                    "TOK2",
                    "TOK1"
                ],
                "ruler": "TOK2",
                "possible_agreement": null
            }
        }
    },
    {
        "file_ID": "1091_0000259",
        "sent_NP_ID": "10_21",
        "sentence": "Ich möchte dir die Fahrkarte verkaufen , wenn du kaufen möchtest .",
        "metadata": {
            "corpus": "MERLIN_DE",
            "author": {
                "author_ID": "1091_0000259",
                "L1": "not reported",
                "age": "24",
                "gender": "male"
            },
            "CEFR": {
                "overall_fairRating": "B1",
                "test_level": "A2"
            },
            "task": {
                "formality": "informal",
                "text_type": "not specified",
                "topic": "offer a ticket not used to a friend"
            }
        },
        "NP_info": {
            "len_np": 2,
            "coordination": null
        },
        "HEAD_info": {
            "head": {
                "H_TOK1": {
                    "word_type": "V",
                    "word_form": "verkaufen",
                    "lemma": "verkaufen",
                    "POS_STTS": "VVINF",
                    "index": "6",
                    "dep_rel": "aux",
                    "head_index": "2",
                    "parser_morph_features": "_"
                }
            },
            "super_head": {
                "SH_TOK1": {
                    "word_type": "V",
                    "word_form": "möchte",
                    "lemma": "mögen",
                    "POS_STTS": "VMFIN",
                    "index": "2",
                    "dep_rel": "root",
                    "head_index": "0",
                    "parser_morph_features": "1|Sg|Past|Subj"
                }
            }
        },
        "POST_info": {},
        "TOK_info": {
            "TOK1": {
                "word_type": "ART",
                "word_form": "die",
                "lemma": "die",
                "POS_STTS": "ART",
                "index": "4",
                "dep_rel": "det",
                "head_index": "5",
                "parser_morph_features": "Def|Fem|Acc|Sg",
                "possible_morph_features": []
            },
            "TOK2": {
                "word_type": "N",
                "word_form": "Fahrkarte",
                "lemma": "Fahrkarte",
                "POS_STTS": "NN",
                "index": "5",
                "dep_rel": "obja",
                "head_index": "6",
                "parser_morph_features": "Fem|Acc|Sg",
                "possible_morph_features": []
            }
        },
        "relations": {
            "rel_1": {
                "rel_type": "must_agree",
                "involved": [
                    "TOK2",
                    "TOK1"
                ],
                "ruler": "TOK2",
                "possible_agreement": null
            }
        }
    },
    {
        "file_ID": "1091_0000259",
        "sent_NP_ID": "13_22",
        "sentence": "Schreibst du mir E-mail , oder rufst du mir an .",
        "metadata": {
            "corpus": "MERLIN_DE",
            "author": {
                "author_ID": "1091_0000259",
                "L1": "not reported",
                "age": "24",
                "gender": "male"
            },
            "CEFR": {
                "overall_fairRating": "B1",
                "test_level": "A2"
            },
            "task": {
                "formality": "informal",
                "text_type": "not specified",
                "topic": "offer a ticket not used to a friend"
            }
        },
        "NP_info": {
            "len_np": 1,
            "coordination": null
        },
        "HEAD_info": {
            "head": {
                "H_TOK1": {
                    "word_type": "V",
                    "word_form": "Schreibst",
                    "lemma": "schreiben",
                    "POS_STTS": "VVFIN",
                    "index": "1",
                    "dep_rel": "root",
                    "head_index": "0",
                    "parser_morph_features": "2|Sg|Pres|Ind"
                }
            },
            "super_head": {}
        },
        "POST_info": {},
        "TOK_info": {
            "TOK1": {
                "word_type": "N",
                "word_form": "E-mail",
                "lemma": "E-mail",
                "POS_STTS": "NN",
                "index": "4",
                "dep_rel": "obja",
                "head_index": "1",
                "parser_morph_features": "_|_|_",
                "possible_morph_features": []
            }
        },
        "relations": {}
    },
    {
        "file_ID": "1091_0000259",
        "sent_NP_ID": "14_23",
        "sentence": "Aber bevor Freitag !",
        "metadata": {
            "corpus": "MERLIN_DE",
            "author": {
                "author_ID": "1091_0000259",
                "L1": "not reported",
                "age": "24",
                "gender": "male"
            },
            "CEFR": {
                "overall_fairRating": "B1",
                "test_level": "A2"
            },
            "task": {
                "formality": "informal",
                "text_type": "not specified",
                "topic": "offer a ticket not used to a friend"
            }
        },
        "NP_info": {
            "len_np": 1,
            "coordination": null
        },
        "HEAD_info": {
            "head": {},
            "super_head": {}
        },
        "POST_info": {},
        "TOK_info": {
            "TOK1": {
                "word_type": "N",
                "word_form": "Freitag",
                "lemma": "Freitag",
                "POS_STTS": "NN",
                "index": "3",
                "dep_rel": "root",
                "head_index": "0",
                "parser_morph_features": "Masc|_|Sg",
                "possible_morph_features": []
            }
        },
        "relations": {}
    },
    {
        "file_ID": "1091_0000259",
        "sent_NP_ID": "16_24",
        "sentence": "Dein Michael",
        "metadata": {
            "corpus": "MERLIN_DE",
            "author": {
                "author_ID": "1091_0000259",
                "L1": "not reported",
                "age": "24",
                "gender": "male"
            },
            "CEFR": {
                "overall_fairRating": "B1",
                "test_level": "A2"
            },
            "task": {
                "formality": "informal",
                "text_type": "not specified",
                "topic": "offer a ticket not used to a friend"
            }
        },
        "NP_info": {
            "len_np": 2,
            "coordination": null
        },
        "HEAD_info": {
            "head": {},
            "super_head": {}
        },
        "POST_info": {},
        "TOK_info": {
            "TOK1": {
                "word_type": "ART",
                "word_form": "Dein",
                "lemma": "deine",
                "POS_STTS": "PPOSAT",
                "index": "1",
                "dep_rel": "det",
                "head_index": "2",
                "parser_morph_features": "Masc|Nom|Sg",
                "possible_morph_features": []
            },
            "TOK2": {
                "word_type": "N",
                "word_form": "Michael",
                "lemma": "Michael",
                "POS_STTS": "NE",
                "index": "2",
                "dep_rel": "root",
                "head_index": "0",
                "parser_morph_features": "Masc|Nom|Sg",
                "possible_morph_features": []
            }
        },
        "relations": {
            "rel_1": {
                "rel_type": "must_agree",
                "involved": [
                    "TOK2",
                    "TOK1"
                ],
                "ruler": "TOK2",
                "possible_agreement": null
            }
        }
    }
]